Date,Open,High,Low,Close,Volume
2019-10-14,118.63256440608193,140.95670974078553,118.44305840431126,137.91510009765625,226353035
2019-10-15,139.4785245277135,141.6389244750935,131.9076544734613,135.14825439453125,52650205
2019-10-16,135.30932999358393,136.63588624064332,132.32455675013227,132.77938842773438,17381530
2019-10-17,132.67519452145282,138.9100395168004,130.22104310081986,137.2613067626953,25164650
2019-10-18,137.39394515041653,149.69306805415545,135.69784694783345,147.65585327148438,48666150
2019-10-22,149.1340004352444,164.25681419369542,148.00642037740818,160.07814025878906,46733940
2019-10-23,164.11471201827752,172.43415195230784,164.11471201827752,170.6148681640625,45116345
2019-10-24,175.4726351656828,180.88885884071323,163.6536711820033,171.12826538085938,59356565
2019-10-25,171.68792233012346,173.7747339609318,166.18631750435176,170.55914306640625,19247675
2019-10-27,172.82615148093046,175.4820996679528,169.79078832737056,172.20010375976562,6711285
2019-10-29,172.06734195608095,172.1432278595229,166.6890533857792,167.53326416015625,10118740
2019-10-30,166.95731071144618,174.3481594947472,166.92888553776413,168.7481689453125,16381015
2019-10-31,170.55799715799208,172.0172092164341,166.1992870028245,167.08998107910156,9198590
2019-11-01,167.71535531044395,172.0645805459409,167.3552838192541,168.75765991210938,9411150
2019-11-04,169.6104407630137,170.17897316344823,166.8151877873662,167.42161560058594,4195835
2019-11-05,168.2162241330739,172.06734330189852,165.2946819596106,167.229736328125,10190335
2019-11-06,167.7153430030998,169.61043162460376,166.95730466282248,167.5826873779297,4950450
2019-11-07,168.6525644628389,169.2216870324707,166.9641429008789,167.229736328125,3875510
2019-11-08,166.7204517328729,168.85242685594898,165.30861968251122,166.18035888671875,4743845
2019-11-11,167.9048750384214,178.77321112657168,167.5258630386359,176.7928466796875,27509375
2019-11-13,180.981000716568,185.88927431953857,171.16443905224503,176.63177490234375,30872350
2019-11-14,173.40063359373733,179.46491226393647,169.98946780526228,171.94142150878906,14336980
2019-11-15,174.34818824072096,178.10047082758962,170.93702225265852,175.90216064453125,15970190
2019-11-18,177.02026034034267,177.7403889142799,173.78913030949684,174.755615234375,5720000
2019-11-19,174.86934780515546,175.10623394023196,170.55801725508653,171.041259765625,5522965
2019-11-20,172.26357459823197,173.77963696132542,168.66290299101738,169.74310302734375,6322985
2019-11-21,170.17899178615605,171.69505425591848,166.78678086468017,167.67747497558594,6485590
2019-11-22,168.47342124034057,168.47342124034057,165.3275664436379,165.9908447265625,3738365
2019-11-25,166.57831927195193,168.6629141961836,165.4602092886977,167.17526245117188,3437825
2019-11-26,168.09439733918526,169.61047440211016,165.91505644150652,166.521484375,3971740
2019-11-27,166.97629083751346,168.85242487546827,166.76782989347612,167.38372802734375,2933130
2019-11-28,167.70587359815934,168.24596633961414,166.40772805428247,167.2321014404297,2078740
2019-11-29,167.17526166611285,174.1018237942105,166.38881248990705,170.03684997558594,8998765
2019-12-02,170.93697994910568,171.09807519783604,166.41720420645598,166.96678161621094,2332100
2019-12-03,167.90484602015465,168.47337837995696,165.0622131379002,165.82025146484375,2754285
2019-12-04,165.25175308833846,167.71537454294332,163.41352892482914,165.6497344970703,3705230
2019-12-05,166.67303828013564,168.45442620891666,165.2517218156943,166.0002899169922,2634880
2019-12-06,166.19930947335445,166.51200091209304,164.52216601791451,165.31809997558594,1776855
2019-12-09,166.11401293753238,166.11401293753238,163.7641067821133,164.3800048828125,1771245
2019-12-10,164.83482033348477,164.83482033348477,162.08693306269836,163.14817810058594,1974045
2019-12-11,163.7167150702535,164.86325011948875,162.12484746888651,163.8588409423828,2205205
2019-12-12,164.09950628633533,166.56574743042998,163.16992932071756,165.02908325195312,1451385
2019-12-13,165.85432450215717,171.38436997568903,165.0670245981261,168.93711853027344,7002525
2019-12-16,169.51567292818504,169.51567292818504,167.17523730299882,168.03750610351562,1780960
2019-12-17,168.65255352579467,170.4547965900551,167.51429398659045,168.2257080078125,2816655
2019-12-18,168.0564823429195,168.18913798609444,165.4981152483283,165.88661193847656,1424660
2019-12-19,165.2896596862467,166.0097882785432,164.15260921374335,164.81588745117188,1513725
2019-12-20,165.63078352349604,165.63078352349604,164.01996074541213,164.27578735351562,1306000
2019-12-23,164.49376612516488,164.8727782227829,163.16719486673233,163.8778533935547,1641045
2019-12-24,167.8937155810112,170.70143606313496,166.03454716431693,168.37747192382812,12020790
2019-12-26,167.90488235680405,168.283908831491,165.7255271170944,166.18035888671875,1962805
2019-12-27,167.13738710425554,167.79119517473146,166.19931276943578,166.8815460205078,2102615
2019-12-30,167.76273527353237,177.6551009083449,167.39319354388155,175.51364135742188,15237855
2019-12-31,176.81008637623097,181.11652054608533,174.780185682463,177.08517456054688,19445900
2020-01-01,178.68826434917386,180.9553034810474,177.34132199005413,179.15304565429688,8593275
2020-01-02,178.89639865060542,178.89639865060542,175.68422347882006,176.31907653808594,3287655
2020-01-03,175.86423696334566,178.80161577031149,175.77894698356462,176.50856018066406,4342850
2020-01-06,175.67471891828978,175.68420361527197,168.68185135895163,169.50621032714844,3923670
2020-01-07,169.98944844923454,174.63242438033603,169.98944844923454,171.96034240722656,3486795
2020-01-08,170.3684763580432,171.05070944405608,167.96170562172583,169.828369140625,2770350
2020-01-09,172.51940710668052,174.4618614615547,172.45307206201915,173.144775390625,2997000
2020-01-10,172.83210180354726,175.75054044298088,172.19724875739496,173.8270263671875,2543885
2020-01-13,174.3481975530209,178.6689983964285,173.5996437186935,177.977294921875,3914925
2020-01-14,179.0859209301353,186.41992099229188,178.52687311258742,184.610107421875,14487235
2020-01-15,185.33968852163412,188.75083965160516,184.55322494269817,186.74205017089844,8562850
2020-01-16,186.82680154149625,191.29447319485053,186.817306758636,190.40283203125,7607070
2020-01-17,191.40399752359187,194.24663115017987,191.40399752359187,193.64967346191406,5496735
2020-01-20,194.66353730636752,194.853043307792,187.24426240646983,188.2486572265625,4438240
2020-01-21,188.0686066395133,188.44763307086504,185.33968862568045,186.23985290527344,2882445
2020-01-22,187.61377988769556,190.6459188931946,187.04524749862355,188.9119110107422,2970515
2020-01-23,189.24355501207035,189.65099213452496,187.42427163090136,188.6560821533203,1633700
2020-01-24,189.50890117616856,191.89671737933517,188.01177912187103,190.02056884765625,2432850
2020-01-27,189.86894246975712,192.8158059919588,188.56132663325715,190.9491424560547,2760640
2020-01-28,192.08619530820525,200.8604509449566,191.43238738138504,198.7379608154297,6514465
2020-01-29,203.24829425216285,214.12610101041193,201.54271126886,211.56773376464844,14390900
2020-01-30,214.90396655554363,220.82293701043395,211.72632562945603,215.7292022705078,19073065
2020-01-31,218.33316386805518,234.04345067249366,217.1866433197527,229.36257934570312,16631450
2020-02-03,226.33992559288768,239.34972057994935,224.7670128814848,237.04718017578125,14263290
2020-02-04,244.4664539412265,272.5137738201611,243.7084299918337,267.709716796875,32973625
2020-02-05,276.11445521587746,293.321866413226,273.08233023512673,285.8836364746094,54801510
2020-02-06,290.6363339673392,296.5173680871149,279.253709694878,285.38134765625,27968115
2020-02-07,284.56560694288487,289.87750406198745,281.15081387006813,287.126708984375,11897055
2020-02-10,288.7926074395261,291.4646898314859,277.82005500920417,280.5110778808594,14954080
2020-02-11,283.65499251760457,285.5141462951542,261.5347533721858,267.1122436523437,14445050
2020-02-12,264.3648498724849,274.7878367850202,255.83695148950156,268.202392578125,26712510
2020-02-13,300.0873446044567,305.0714088431062,287.1723088779813,299.4903869628906,56906935
2020-02-14,303.34694852328977,304.27653999786605,293.78555613877217,295.4550170898437,16647740
2020-02-17,296.87786730006945,296.89682792228183,286.4627540975371,288.103759765625,7844795
2020-02-18,287.1059383284558,312.3106238462529,281.42067222294185,310.5292358398437,37932555
2020-02-19,316.1144493916772,355.2706748691468,314.6157210181869,347.5304870605469,66560220
2020-02-20,354.38160957234123,374.65905417628346,352.8750174294647,365.7616271972656,60260010
2020-02-24,362.32704656964825,379.470847301138,345.5455775404519,366.8084716796875,49287130
2020-02-25,366.38072261756,379.84876596582507,365.1805892945218,371.8384399414063,28821120
2020-02-26,373.18145706507215,377.88670812792606,369.5620465862773,371.78131103515625,18443625
2020-02-27,375.1038492661232,375.67595044178086,360.1912454507553,364.11962890625,17376895
2020-02-28,351.2665513398127,355.8242432899486,330.15624731914977,332.5399780273437,25451290
2020-03-02,344.79752576063504,356.9321034154062,311.7369755592988,328.2720031738281,24522045
2020-03-03,337.1777052001478,344.607032840324,321.2808218019042,331.3294677734375,21576015
2020-03-04,333.74871012925365,336.2251618943552,298.2021789550781,298.2021789550781,22030465
2020-03-05,287.38253766152053,290.80557110103985,269.09456460539474,272.8608703613281,38036670
2020-03-06,258.9505615234375,258.9505615234375,258.9505615234375,258.9505615234375,1160040
2020-03-09,246.00634765625,246.00634765625,246.00634765625,246.00634765625,675325
2020-03-11,233.70987599803607,258.3029021629897,233.70987599803607,244.85389709472656,20419620
2020-03-12,232.614501953125,232.614501953125,232.614501953125,232.614501953125,677425
2020-03-13,220.98473805824847,241.70116479229284,220.98473805824847,233.88131713867188,15914735
2020-03-16,224.99467332962442,228.21405818497544,222.1943817138672,222.1943817138672,6725625
2020-03-17,219.45123805120238,224.55652798634588,211.08847045898438,211.08847045898438,8989995
2020-03-18,205.08785289587564,207.2499704747135,200.5349884033203,200.5349884033203,2059540
2020-03-19,190.51490783691406,196.78222318354565,190.51490783691406,190.51490783691406,3359100
2020-03-20,184.8286423145095,191.44837166174872,180.99015124935912,181.16159057617188,15339665
2020-03-23,172.103515625,172.103515625,172.103515625,172.103515625,831170
2020-03-24,164.0169417088206,167.24584613471342,163.5026092529297,163.5026092529297,1346635
2020-03-25,156.25424367672696,157.15909617219413,155.33033752441406,155.33033752441406,1476345
2020-03-26,147.56763054029705,163.09304809570312,147.56763054029705,163.09304809570312,5266130
2020-03-27,171.2462921142578,171.2462921142578,171.2462921142578,171.2462921142578,797295
2020-03-30,169.52225456720217,179.79951391793665,163.47401998848554,178.26602172851562,9125940
2020-03-31,187.17172241210938,187.17172241210938,187.17172241210938,187.17172241210938,323060
2020-04-01,196.5251007080078,196.5251007080078,196.5251007080078,196.5251007080078,280930
2020-04-03,206.3451385498047,206.3451385498047,206.3451385498047,206.3451385498047,1114130
2020-04-07,211.45045820640036,216.6605224609375,209.35500612190265,216.6605224609375,2977140
2020-04-08,227.4901580810547,227.4901580810547,227.4901580810547,227.4901580810547,481645
2020-04-09,238.86277770996094,238.86277770996094,238.86277770996094,238.86277770996094,513775
2020-04-13,239.834320168732,250.7973530290827,228.6141137962943,245.89208984375,18673095
2020-04-15,233.6050748676822,245.5110810072004,233.6050748676822,234.4146881103516,7513670
2020-04-16,233.16697259193236,246.13021850585935,226.69010941616253,246.13021850585935,6640150
2020-04-17,258.4362487792969,258.4362487792969,249.29246887444756,258.4362487792969,9751210
2020-04-20,268.31267361264133,271.640380859375,261.2568378267552,271.640380859375,5904465
2020-04-21,268.8848187422713,283.18720271792404,263.16386515201026,278.8202209472656,12942850
2020-04-22,281.9338780522364,287.458246468207,266.90375558092984,273.2568054199219,10123290
2020-04-23,274.31406368935467,276.019009932397,260.13163165252513,261.23651123046875,7430780
2020-04-24,253.3595300086788,256.7408203799687,248.17803955078125,248.17803955078125,4558270
2020-04-27,240.40581025699942,253.3404976212421,236.37682620448896,241.48211669921875,7345540
2020-04-28,243.8346950688748,253.5499953274696,235.26238157035965,253.0546875,10009745
2020-04-29,259.83633636045715,259.83633636045715,248.70185123458174,251.26402282714844,6271095
2020-04-30,255.26448360804952,256.2074289287762,250.5020865258098,252.28321838378906,3995625
2020-05-04,241.94882277131487,248.40661744734473,241.94882277131487,244.2823944091797,3829230
2020-05-05,248.5971208042712,249.51149287986172,240.0248062937791,240.40579223632812,3284695
2020-05-06,241.04284328278573,241.9772616123719,229.2672081964931,231.92745971679688,4604495
2020-05-07,232.53771220282889,238.1728407699032,226.9311726923524,231.61282348632807,5116205
2020-05-08,234.30996555004248,242.92990824632358,232.78599248095873,236.50067138671875,9340630
2020-05-11,248.3208770751953,248.3208770751953,248.3208770751953,248.3208770751953,646280
2020-05-12,260.73175048828125,260.73175048828125,260.73175048828125,260.73175048828125,860400
2020-05-13,273.7616271972656,273.7616271972656,262.1223283932755,273.7616271972656,11339175
2020-05-14,280.01940773734424,280.98142122683,263.38912565715384,264.6368713378906,19010370
2020-05-15,255.6454454875169,262.3890153986638,252.5308485532791,253.3785400390625,6426190
2020-05-18,249.6448476520674,250.49253917281237,240.7105865478516,240.7105865478516,4313685
2020-05-19,241.2335199758388,249.80540530701143,237.5435099188884,242.16793823242188,6044500
2020-05-20,253.9976806640625,253.9976806640625,253.9976806640625,253.9976806640625,2592840
2020-05-21,266.97784423828125,266.97784423828125,266.97784423828125,266.97784423828125,932825
2020-05-22,276.0284222306016,278.1238878067725,266.69413899279556,271.0184020996094,13014475
2020-05-26,276.028520000696,276.028520000696,261.55085048203904,262.4556884765625,5837790
2020-05-27,256.5980068546917,269.5326965252694,253.55008947500278,265.1227111816406,6029400
2020-05-28,264.5987246099889,267.45616236632725,259.4553424620518,263.1319274902344,3602915
2020-05-29,263.16386360513565,271.17319276476746,260.56081926148863,268.9515686035156,6210850
2020-06-01,276.2190708407687,276.2190708407687,268.86592751638176,269.694580078125,4756855
2020-06-02,270.8851356424332,271.4566290961085,267.0752180410843,268.57061767578125,3180730
2020-06-03,269.5516782640253,270.8184631142826,264.59877360890624,265.2750549316406,4156685
2020-06-04,266.21796024816143,274.2949950519621,263.18908309699657,272.685302734375,9243615
2020-06-05,277.91443245350234,283.3626156721453,273.552089680862,277.40008544921875,13630720
2020-06-08,280.0289436473979,303.8409286514284,277.9049041207872,291.8682556152344,21675725
2020-06-09,294.5065805082087,299.0784690450107,280.40987089624537,284.4864807128906,8001035
2020-06-10,284.9818472533198,287.04871126740466,273.7425729265669,277.0857849121094,5599610
2020-06-11,277.07627179800335,281.5434028342824,271.5614075320508,273.0473022460937,4297205
2020-06-12,255.45498727176553,275.0760397012568,255.45498727176553,271.5042419433594,7700555
2020-06-15,271.45663410779264,276.0285236868726,268.72302282913466,271.1232604980469,3668070
2020-06-16,275.2665686361126,276.74290019735264,263.0367356491527,268.7992248535156,4455950
2020-06-17,264.7892846568719,270.0850680246201,264.0368177594522,265.76080322265625,2552960
2020-06-18,266.69423698210267,271.97098109553934,265.04643712506896,268.52301025390625,3245460
2020-06-19,270.5040945675198,275.45699806682626,269.5516153612961,271.2565612792969,7500115
2020-06-22,272.4091660895065,274.69511132014014,268.99930190502226,269.81842041015625,3847495
2020-06-23,271.64713970264415,285.26758365593133,270.123166831243,276.3714294433594,12755875
2020-06-24,278.49548066079495,281.7434100097793,269.9898170712331,270.6946716308594,5628365
2020-06-25,268.59920848982233,272.39959224455725,265.1702766105215,269.046875,3444185
2020-06-26,256.9789163312617,267.45618915387206,255.26446513268883,263.3129272460937,8639075
2020-06-29,260.9793478262093,260.9793478262093,257.17896443496795,258.2838439941406,3582780
2020-06-30,260.97934793485524,263.8272519556537,258.33145644332023,258.8172302246094,2741800
2020-07-01,259.76965639046927,262.3127595151726,258.31236441244886,259.65533447265625,1913900
2020-07-02,274.3140852662015,279.60986875359026,265.7989165440072,269.046875,10791955
2020-07-03,269.5516298431128,271.4565883579051,266.31320618143786,267.66571044921875,2996775
2020-07-06,267.7419642217657,269.64692301513674,265.55124416897047,266.83709716796875,3074475
2020-07-07,268.5991816336338,268.78968913407823,264.79879825888446,266.1989440917969,2400385
2020-07-08,266.12271467911177,269.2373406408875,263.76058458207444,264.80828857421875,2361305
2020-07-09,266.21504240256064,266.97782454767315,263.3831693139633,264.1268920898437,1764935
2020-07-10,261.93181310725555,275.076016101693,259.0743751460855,266.87518310546875,9159430
2020-07-13,275.36860586865095,275.36860586865095,264.3748391660073,266.4725341796875,6623445
2020-07-14,264.21780245910594,264.21780245910594,258.2266983792391,259.4839782714844,3777750
2020-07-15,260.3320240952634,262.9731875200699,257.44294333949574,257.8148193359375,2770445
2020-07-16,258.121922558233,262.6938121426505,254.31200488209672,259.8744812011719,2641795
2020-07-17,262.0196656372207,266.97783710854657,260.6275750626717,261.43804931640625,4036710
2020-07-20,262.8843211000295,264.5987724367793,261.1698697632798,262.20806884765625,2525770
2020-07-21,263.17005858082325,269.0182963155537,262.20807410881133,264.827392578125,5775745
2020-07-22,265.741727529003,266.44655291695074,260.97933097830406,261.5412902832031,2290635
2020-07-23,261.56990660681487,264.0273199096825,260.0364286171046,261.2651062011719,2095710
2020-07-24,260.045933744443,261.36036006033044,258.3124432048459,258.66485595703125,1880755
2020-07-27,258.69337966293614,259.2743780745505,255.65496841788675,256.1883544921875,1604305
2020-07-28,256.2169575273673,257.93140881324405,255.26447813135476,256.32171630859375,1281805
2020-07-29,256.21699719199916,260.7888873736821,255.84551621771087,257.6933288574219,1927480
2020-07-30,257.359886158208,259.0648029625415,255.2644203344892,255.3977813720703,1308100
2020-07-31,256.3693166044501,256.5407558920709,253.76903780609567,254.4738922119141,1074270
2020-08-03,254.9638657144852,259.7313277850562,254.42991229044355,255.478759765625,1467075
2020-08-04,254.77316833300296,257.0424556903414,254.6206060647464,255.497802734375,1132335
2020-08-05,256.489362389344,256.8707533910871,254.58237828236,254.95425415039065,1106145
2020-08-06,254.78821663169683,256.6074556104963,253.3976049713721,254.22625732421875,1501335
2020-08-07,254.3120043987858,255.0739763056189,253.35952498156186,253.61668395996094,1351535
2020-08-10,253.74048459795642,254.69296391631767,251.54025969793096,252.1688995361328,1538625
2020-08-11,252.48478040665603,263.9838966289235,250.7780499308224,261.6478576660156,5547105
2020-08-12,257.4428532572697,269.6475398464553,257.4428532572697,264.4605407714844,8819995
2020-08-13,266.3132357046911,268.96112717110094,261.9508639444863,263.66534423828125,3442470
2020-08-14,263.8463116563665,268.5039205206709,257.17895626672833,260.712646484375,4930300
2020-08-17,262.50333916776106,267.38002924402883,259.13155381527685,263.5605773925781,4352715
2020-08-18,262.88431198439355,264.7702316433153,261.9318325931457,262.4366455078125,1710000
2020-08-19,264.02726150850856,267.0751776886589,254.88345483333737,259.417236328125,6399090
2020-08-20,256.2169323904424,258.5885965522778,253.7881217958419,256.6074523925781,3052855
2020-08-21,257.4619509193604,259.1401064868432,254.6777700168793,255.879150390625,2138085
2020-08-24,255.64541369889477,257.16938624567416,254.36909504783256,254.9024810791016,1747775
2020-08-25,257.06154010493395,258.5203822179186,255.5359465447131,255.8696746826172,1822090
2020-08-26,256.2265062208261,264.25590101050125,255.6835859579998,260.84600830078125,5510310
2020-08-27,261.8366087973833,263.6463140343304,260.0269035604361,260.5031433105469,1648005
2020-08-28,260.2173363663718,262.84615926630994,259.56012337454746,260.31256103515625,1618380
2020-08-31,266.50372883936166,266.50372883936166,254.50251145753,256.0740966796875,2913125
2020-09-01,254.7731401823352,260.3033835787648,254.7731401823352,257.7289428710937,1672645
2020-09-02,259.6458390729285,260.9602650366114,257.7599197684236,259.0267333984375,1232560
2020-09-03,260.21743244445435,264.4083367759182,259.3030311206888,260.73175048828125,2498060
2020-09-04,256.7884707415636,260.78886707227855,256.7884707415636,260.06500244140625,1590560
2020-09-07,264.78927794118454,276.5333363638274,260.2173883662684,269.5231018066406,16053985
2020-09-08,270.6946735011808,278.10496251927975,257.1694535750994,262.7795715332031,16003690
2020-09-09,257.1694770824616,258.8267821887683,251.6736805735077,256.9599304199219,9501855
2020-09-10,259.07437297160294,263.6367570168392,257.1979875634892,261.1412658691406,3343925
2020-09-11,260.8840634220554,262.1223039000991,257.3599076015316,261.0840759277344,2226795
2020-09-14,259.07436374024996,264.40825351308024,257.1694051833364,260.56976318359375,4307100
2020-09-15,261.9318097639544,264.4082617788314,259.2934525444004,260.94122314453125,1492300
2020-09-16,262.12242763972796,262.3129061411733,259.83645308339175,260.4841613769531,1160655
2020-09-17,259.2648891625623,261.76038039401544,258.88387417092684,261.1127014160156,1654570
2020-09-18,262.1223297511093,270.504136436274,261.1127039616306,267.71337890625,3765725
2020-09-21,271.45663259651224,272.4091120091316,262.88431788293815,266.1894226074219,4736910
2020-09-22,264.789305589509,264.789305589509,253.3785905174784,258.2553100585937,2845595
2020-09-23,260.0268175002862,262.8842550552344,257.7884856021052,261.522216796875,1373740
2020-09-24,257.71232378378863,260.21734892170105,253.740472427096,255.0453643798828,1996385
2020-09-25,259.3499116049971,259.3499116049971,255.5359423166883,257.8338623046875,1113420
2020-09-28,259.07441987190896,261.45561858396695,258.1219403870858,260.41741943359375,1182090
2020-09-29,260.97935863783533,265.7417556932703,259.836371717585,263.5224914550781,2185520
2020-09-30,263.53197788146866,270.4088799067919,260.7316862851477,263.6462707519531,3184865
2020-10-01,268.5991833510705,268.5991833510705,260.97934836238767,262.7509460449219,1485980
2020-10-05,264.78926148478814,264.9892740110768,258.36002581924026,262.1318359375,2033715
2020-10-06,259.64592556825005,261.550884627346,259.0744320370476,259.8078308105469,1014955
2020-10-07,261.2568422212676,262.4963703443232,257.2521636573999,258.7586975097656,1969740
2020-10-08,260.59839618904505,260.9698480778388,257.1694641864193,258.2362365722656,1342420
2020-10-09,260.3126486948039,260.3126486948039,256.8837455778308,257.3599853515625,756020
2020-10-12,258.12196010363607,260.9412914552035,253.3595623157461,254.245361328125,2219655
2020-10-13,254.89301410968028,256.78846799918955,253.9977101600602,254.5977478027344,819350
2020-10-14,257.1694143626147,258.6171724532947,253.5500046022337,254.89297485351562,1730030
2020-10-15,255.2644949030823,256.731321408179,252.59756404596675,253.2642822265625,1173905
2020-10-16,253.16899789942923,255.2644640822736,252.4070260515019,252.99755859375,707750
2020-10-19,253.83735860695046,254.7916343911871,252.94033703999312,253.24571228027344,597970
2020-10-20,253.0738489307573,256.2611252872333,253.0738489307573,254.25714111328125,1064730
2020-10-21,255.0874221551189,256.4902085281645,253.4556189447375,254.1713256835937,782035
2020-10-22,254.4098895783732,255.30691100315408,253.14068667808095,253.4078826904297,453130
2020-10-23,253.9162248073995,254.65181721290125,253.534114405572,253.7156219482422,422515
2020-10-26,253.64648062635354,254.02821422097884,251.54709146683695,252.0528564453125,797865
2020-10-27,253.0739288330078,253.62739592862417,247.548664342084,253.0739288330078,1070910
2020-10-28,252.6921647531805,255.55499152510706,250.02020474825432,254.4766845703125,925025
2020-10-29,250.0202320583655,255.74588622764105,250.0202320583655,253.95184326171875,828875
2020-10-30,252.4631378922508,253.73234068576048,250.0201948071159,251.0126495361328,581740
2020-11-02,251.96693783173063,252.26276093825388,248.1116562496412,248.5410919189453,619650
2020-11-03,248.68423559181247,250.3064866933485,248.1116643880193,248.388412475586,536545
2020-11-04,246.7470806419209,249.79122252752884,246.21268856690992,248.2166442871093,642490
2020-11-05,248.58572229707,251.5375667669282,248.58572229707,250.362548828125,798410
2020-11-06,251.5470824256088,251.6234116684797,249.69578522251743,250.24925231933597,540540
2020-11-09,251.81457546619305,252.6838932982904,250.4771746295632,250.83062744140625,672440
2020-11-10,252.88309070561144,270.41313274893736,252.3200714700236,262.3017883300781,9449615
2020-11-11,266.81549439945667,268.5331790289632,256.31846158713466,261.7101135253906,3059480
2020-11-12,262.4258364554324,267.1972153000766,258.62780841110884,263.6568603515625,2471185
2020-11-13,261.280643699766,267.769735155436,260.68899749621704,265.1454772949219,3098180
2020-11-14,268.1514336431712,268.1514336431712,265.1454714392227,266.93951416015625,747940
2020-11-17,266.93955204486844,268.5331761554452,261.96775467989875,263.4373474121094,2093560
2020-11-18,260.51733073450737,261.65292142902274,258.0553116314396,260.5745849609375,1559975
2020-11-19,260.603263736242,263.6602053141905,259.83904291833267,262.905517578125,1136050
2020-11-20,265.57073635820785,267.2902474503463,260.15422685761666,263.8798828125,2517915
2020-11-23,261.08984134402124,262.23495472825306,258.9904231229874,260.0115051269531,1612630
2020-11-24,261.5097250629507,263.2274097008811,258.9904231969902,260.001953125,1122295
2020-11-25,261.4715421159598,261.4715421159598,258.22701055647576,258.3987731933594,949640
2020-11-26,258.79954675458913,259.55340348843976,256.94824981528274,257.91204833984375,614630
2020-11-27,256.9482894395502,260.85127363594006,256.9482894395502,258.3128967285156,994610
2020-12-01,259.181303386671,261.08985491511163,258.32246102330976,259.20037841796875,946720
2020-12-02,261.08984951200193,261.2425371257796,256.995998414005,257.6353759765625,934200
2020-12-03,260.32645215632914,266.4433641296992,257.6544913028053,263.0079650878906,3157740
2020-12-04,263.7617724336642,304.79562360985204,263.7617724336642,299.7570495605469,52163150
2020-12-07,302.5053909787906,328.27083437446043,302.1236865306987,322.84100341796875,39043080
2020-12-08,325.7514917273172,343.53920217408813,304.7192793177391,314.6246643066406,30540895
2020-12-09,318.0791820837346,324.69230566984646,305.5590896076825,308.7558898925781,18432185
2020-12-10,268.15147947502413,290.98729064882207,268.15147947502413,277.2648010253906,85934670
2020-12-11,267.95111614842153,276.51097143456707,267.1972300950125,271.2052001953125,48864630
2020-12-14,271.94944967033047,287.9430876704749,271.40550563161406,282.2746887207031,47223000
2020-12-15,285.3093374072861,285.9009836364001,273.13277108925405,275.0222473144531,26369570
2020-12-16,277.46522075849566,277.8660002569392,271.014307500305,271.6632080078125,17800040
2020-12-17,273.113680326091,275.04130649734054,271.0619645487668,271.9399108886719,6637615
2020-12-18,272.92284751183183,277.98049702314296,269.1057447494286,271.8731384277344,16348855
2020-12-21,271.7395052091669,274.3542108034666,259.37207355593665,262.1394958496094,12783780
2020-12-22,262.234998724331,268.9054068917158,255.0684067082679,267.01593017578125,13404085
2020-12-23,268.32199094580903,271.97120752528605,263.478661282981,269.68804931640625,8163885
2020-12-24,271.4935682710471,272.9073795348541,268.092736467019,269.1913146972656,6214910
2020-12-28,271.0142728516229,274.50692507387936,269.31566343314427,270.6230163574219,6621705
2020-12-29,272.44889139814654,272.8118773383178,269.00983939972866,269.5447998046875,4642735
2020-12-30,271.01430909621433,275.40398330742084,268.7240531536409,273.8675842285156,8186020
2020-12-31,275.7856582663732,279.602760802932,273.0659668846388,274.4114990234375,13220150
2021-01-01,276.1673489414593,278.4576045248954,274.8504439723842,275.78564453125,5820940
2021-01-04,279.3269211771381,280.47328137605,276.0789394844221,277.2348327636719,5262530
2021-01-05,275.53752228775875,279.22104117861664,273.19956458465595,278.0472717285156,6194675
2021-01-06,279.02068017812354,289.1264561391627,276.549080538302,283.1240539550781,21223825
2021-01-07,285.13753018486693,288.17214864647593,282.46557022351624,284.2691650390625,8845040
2021-01-08,287.0461459047917,288.1531093155519,278.79166614798146,280.8433532714844,7844545
2021-01-11,282.91410527438705,283.2290034275246,277.12164504546183,278.7821044921875,5149790
2021-01-12,278.78211168416567,285.7101333315575,277.50335664292066,282.5514831542969,9024105
2021-01-13,284.7558453515447,285.05166847037793,275.2512681246805,278.86798095703125,5903480
2021-01-14,280.2611941527069,282.87589989232737,277.20750068343483,279.2401123046875,5618095
2021-01-15,280.26123913873533,280.5570622827962,274.2588366928273,275.0604248046875,4983220
2021-01-18,276.7380517351988,279.29822276460914,270.8630221699632,271.9425048828125,6329360
2021-01-19,274.741563497646,276.62348701635915,273.74805317908255,275.7923889160156,2887500
2021-01-20,276.7399624911309,278.3431387327898,274.2588397616012,277.2552795410156,2870575
2021-01-21,278.94483787654303,283.367837744364,277.0342567951968,277.8940124511719,6042200
2021-01-22,277.5033988975165,279.1161273752399,271.605981274817,273.3904724121094,4410035
2021-01-25,273.49546204858984,275.8715995752614,270.45131978387053,272.2071838378906,3497400
2021-01-27,273.44766648482897,275.5280094633728,271.44371098627005,274.49737548828125,4115535
2021-01-28,274.4549963118875,286.3388145132177,273.7863103384802,278.3812561035156,14139780
2021-01-29,280.17532489827863,282.2651908137878,275.8238304467972,277.9041442871094,7003680
2021-02-01,280.80764359532634,286.14771379149295,277.25396190259806,278.9257202148437,12208490
2021-02-02,280.17532801005086,282.0838792510973,278.9061251263338,280.6524658203125,5315880
2021-02-03,281.9693823537711,285.9009934113721,279.0588241189794,280.4329833984375,9312665
2021-02-04,281.7724813202663,294.22947776244206,279.75683233300447,290.1981506347656,11025600
2021-02-05,296.08276175914204,299.5791287456229,289.4530428674827,297.0953674316406,15029430
2021-02-08,299.92300684647955,311.23364323124184,298.4327559508856,309.2657470703125,24263805
2021-02-09,310.2783182005265,322.6779984050386,304.1644653146681,313.66961669921875,26576235
2021-02-10,314.94020938313423,319.8312927672371,307.81374941269485,309.2084655761719,15255270
2021-02-11,310.3304550170861,312.42032103375,307.6107635727253,308.99444580078125,5604990
2021-02-12,310.6072179654017,337.37467138246046,310.33049895392156,330.54205322265625,36497695
2021-02-15,330.9427836836533,333.04220176197106,321.01832275071285,326.95391845703125,14605000
2021-02-16,327.88912738243624,330.8950899308394,317.201228185689,319.5201110839844,8881850
2021-02-17,319.1097999807208,330.1794043318916,316.246972775531,324.19610595703125,10460450
2021-02-18,322.13348622369136,329.7662767846116,322.13348622369136,325.02801513671875,4680520
2021-02-19,325.0167040412262,327.36421372529185,316.0465197519259,319.7586364746094,4986820
2021-02-22,319.6823799876011,319.6823799876011,304.98653909022005,308.393310546875,8588995
2021-02-23,308.5492703568782,313.7365199466138,304.31734042367265,311.978759765625,4687445
2021-02-24,312.9531899946405,324.22560682280294,311.4438145999514,320.1083068847656,3235425
2021-02-25,321.932883508545,332.39332565769433,319.06701214200007,329.9477844238281,9537220
2021-02-26,323.8434745555037,345.8055934861736,320.9776030992603,336.19537353515625,25638605
2021-03-01,341.2394032864137,376.91022934890043,338.8727893492645,369.9631042480469,33081285
2021-03-02,376.08001063931897,379.4199751581013,356.90861779617035,362.17620849609375,27796385
2021-03-03,362.4338811626043,368.350401856846,358.80764533205723,359.97186279296875,9159855
2021-03-04,360.1444991991684,385.1349008382634,357.278627852756,374.68402099609375,47960940
2021-03-05,375.97509691457014,381.40492831226436,361.8613794089882,370.4212341308594,17979140
2021-03-08,374.47391545399,387.2748036720412,368.0925812384191,385.0680847167969,20916905
2021-03-09,391.253050233241,395.6427244261484,384.57312010730766,386.8061218261719,23912320
2021-03-10,390.2987381280426,390.83313015854117,383.04623741418544,385.2410888671875,8479065
2021-03-12,387.43589876674343,393.8677070774187,375.03031580130585,379.2959289550781,12514795
2021-03-15,382.94129180781266,382.94129180781266,365.48758164751035,371.6044921875,10548415
2021-03-16,368.08317106624133,370.2016639794978,360.7161625601781,363.3976745605469,11025335
2021-03-17,363.57902839992016,366.33689905068246,343.73010621488663,348.1197509765625,11818755
2021-03-18,350.79175791593985,354.9905652286158,332.0879481170922,337.1742248535156,18337275
2021-03-19,333.9964335165561,357.8533216248816,325.02624941226134,354.1221008300781,24535040
2021-03-22,354.4179825207554,358.6167896977159,344.3312815712574,350.80126953125,11250950
2021-03-23,352.79575008846564,355.1814394206241,349.4557850234438,351.58380126953125,6601325
2021-03-24,349.20769099690267,350.56274633384993,334.072861560693,336.0100402832031,10445515
2021-03-25,337.6227764758108,337.6227764758108,325.4080575198355,328.62396240234375,10838460
2021-03-26,333.9965180900998,337.8136211539867,327.9464132285014,333.50030517578125,8880665
2021-03-30,332.16424385694603,338.57697716624585,332.16424385694603,334.9984436035156,7365165
2021-03-31,335.65690872331294,338.7583045942342,331.13365144912905,335.33245849609375,5430005
2021-04-01,335.90499316697196,339.6171390303322,333.99644206943236,334.3304443359375,4724735
2021-04-05,329.4159525734797,331.6966561402871,320.14039246946385,324.95947265625,8114150
2021-04-06,324.959497031448,328.07996802956956,321.2092005881474,322.2684326171875,5058525
2021-04-07,321.4381879218094,328.5380006783103,319.3006199081292,326.17138671875,7335430
2021-04-08,324.22471823763277,331.93525301058565,320.6366323187765,329.4923095703125,9702175
2021-04-09,330.17940312912293,334.70266077774664,327.31657593436177,330.3511657714844,6254115
2021-04-12,320.6748522690892,324.0148176136972,300.3010578425431,301.932861328125,14036295
2021-04-13,301.94237894638286,309.75789929059954,301.94237894638286,307.5916748046875,6131320
2021-04-15,303.8604589917276,311.6473225068884,303.2687836383526,306.91412353515625,5790815
2021-04-16,307.4676619649915,312.63982028323875,306.5133862036131,310.6072082519531,4840415
2021-04-19,295.8255173081328,309.185379380113,295.8255173081328,307.7921447753906,5966190
2021-04-20,308.4218993788732,314.7105723697953,308.4218993788732,313.011962890625,5716145
2021-04-22,308.0401280018197,320.8274433420628,308.0401280018197,319.31011962890625,4942510
2021-04-23,318.7280483553886,327.86999573098456,317.0103639352795,326.74395751953125,8147370
2021-04-26,328.63342184620655,331.94475920261965,327.88908807467004,330.3415832519531,3958795
2021-04-27,330.17933722467046,344.03540759762905,327.2497043241345,342.24139404296875,11298835
2021-04-28,343.5392895217151,346.97468824136956,338.7679105005802,342.74725341796875,7690145
2021-04-29,343.73012943577515,346.97466109183654,336.9165867480805,342.1174011230469,6060475
2021-04-30,340.65737185996585,345.28558600597796,335.47563234161703,341.8979187011719,3783275
2021-05-03,336.09589869398707,340.094316034321,334.56905181539906,336.9642639160156,3866580
2021-05-04,340.67639326092865,341.4493541763681,336.09588197520014,337.85174560546875,2930215
2021-05-05,338.7679005158677,340.2851955052061,327.3165912026553,328.9674987792969,6078590
2021-05-06,331.22911133588264,332.8513626017524,327.5169647716983,329.2633056640625,2386180
2021-05-07,324.453742728557,326.3336670498422,320.92291093822575,323.194091796875,4155495
2021-05-10,324.45371809116494,335.42788796777785,322.7264815099247,333.73883056640625,5144555
2021-05-11,329.22509902718514,343.6155630056859,328.8529175452898,342.06964111328125,6486335
2021-05-12,343.34838593369284,349.0740401457423,330.7137849582023,333.34759521484375,8139435
2021-05-14,335.90503570162883,338.5769959276553,330.17938168398746,333.5479736328125,5857255
2021-05-17,336.5062369060861,339.9130080649931,332.6605070896231,336.30584716796875,3874060
2021-05-18,339.72220381793596,351.69835412949647,337.8613542548895,350.2287902832031,9526800
2021-05-19,351.93686523394194,359.75238551835395,351.1734563255857,354.6279296875,10493850
2021-05-20,355.3723508565046,356.9755274311531,347.8908310526213,354.1604309082031,4799150
2021-05-21,354.99057945948977,361.61325550283675,353.09158003363086,355.3722839355469,6000765
2021-05-24,356.8991102129923,363.1591564473814,356.4028973351848,359.66650390625,6355885
2021-05-25,362.91100510976406,365.2966941497236,360.7161828418736,364.14202880859375,4947580
2021-05-26,366.44185934474655,368.35996277135257,360.3345008467706,361.4891662597656,4613785
2021-05-27,362.6247964907991,370.47849664615245,358.0442843945264,368.0355529785156,11421490
2021-05-28,367.9687451382555,368.035551431916,360.4967495019602,361.9090881347656,3356385
2021-05-31,364.5047392231537,366.25105117480916,362.0808704655746,363.2355651855469,2485790
2021-06-01,364.87682821402103,366.94761921472036,360.33449586510903,361.5941467285156,2098710
2021-06-02,362.6152301638166,367.8732988254006,361.71820863586834,366.0506286621094,2883775
2021-06-03,367.96875269812415,371.9003643174115,365.67849661255923,366.7854309082031,2749735
2021-06-04,369.6864082791088,369.6864082791088,365.21085282040883,366.7663269042969,1798105
2021-06-07,370.0681382505938,403.4391636598969,367.7206279706834,399.8033752441406,30720335
2021-06-08,406.7027665506267,416.82761783954294,404.99460487813633,409.35565185546875,32451425
2021-06-09,412.2470780508591,412.81964926147714,393.16156517813414,395.29913330078125,11678705
2021-06-10,399.55525448663815,404.80377093184404,391.5679422701177,402.0077209472656,8977510
2021-06-11,403.6586382054571,406.9031698985109,397.1695748193496,399.60296630859375,4220295
2021-06-14,398.87764656683015,399.26890305537495,386.48161590899485,394.0013122558594,5011980
2021-06-15,395.2610100905924,408.40137611202033,393.54329634206476,400.404541015625,9562490
2021-06-16,402.5993224235436,404.9850112787244,396.0816041627696,398.87762451171875,4284715
2021-06-17,395.07011906454926,398.6868319319356,388.6573855322374,391.329345703125,3771420
2021-06-18,395.1178591185795,395.1178591185795,377.6355496671872,383.94329833984375,6521685
2021-06-21,381.7102304603594,399.60289751318874,378.11262202225515,396.37744140625,8466300
2021-06-22,400.7958011446509,406.2065572738646,396.02442255959556,397.55126953125,6428745
2021-06-23,401.17752422159305,402.9715673123666,395.4518696538571,396.64471435546875,4048120
2021-06-24,400.4140477528902,400.4140477528902,394.3066897347569,395.63311767578125,2707570
2021-06-25,397.8088767288729,398.60094180921936,391.8446540487145,394.8506164550781,2379110
2021-06-28,397.7420693863709,403.1719000297023,394.76473409191317,396.5492248535156,3538660
2021-06-29,399.268965705976,405.9298208870998,394.1254345862497,397.331787109375,8367385
2021-06-30,393.26654406653444,401.5115000788879,385.80413023833154,388.17071533203125,12814570
2021-07-01,390.8332042664194,392.9421456838878,387.4932388814045,388.3520812988281,3754990
2021-07-02,390.87135868084573,394.86977646098273,388.77194035159056,393.2665710449219,2610295
2021-07-05,397.742109172571,418.9270418440839,394.7170714430766,414.8427429199219,15752915
2021-07-06,419.88133616310506,424.08014370029906,412.2471300510486,413.94573974609375,19202485
2021-07-07,413.94568912475114,419.6904180375651,412.31388592206383,417.6769104003906,5026855
2021-07-08,418.9270438754695,429.0423723994051,417.0184924227339,418.7171020507813,13226030
2021-07-09,418.717095095019,424.46182438833506,413.8598352231581,421.646728515625,7415555
2021-07-12,425.4065368702896,433.60376095289774,423.1735354137509,431.88604736328125,10442855
2021-07-13,433.81376701166596,435.9036332591707,430.5978623548914,434.09051513671875,8587235
2021-07-14,435.5123682940525,435.5123682940525,428.5747650035409,432.5541076660156,3411760
2021-07-15,432.5541490878011,438.4134166901527,429.6149923313679,432.9167785644531,4459290
2021-07-16,434.0045749986846,469.00742966943386,433.00259716651135,463.13861083984375,34640095
2021-07-19,458.98749685570556,468.7401948286076,455.2753507260629,462.7282409667969,11797880
2021-07-20,464.92312219720105,473.3111844429402,452.3266715925852,454.3592834472656,12440815
2021-07-22,458.81574317103383,461.306417882123,446.98273036034806,451.4010314941406,6746515
2021-07-23,452.3075923870693,454.70280451481943,442.02050183307557,443.80499267578125,5243460
2021-07-26,445.55127674032803,451.37236378910563,439.3580373469706,441.5051574707031,6531495
2021-07-27,444.3011476583874,447.9369351563438,435.340515431214,438.117431640625,4632295
2021-07-28,439.92115228994754,441.82970392678027,431.87661413002235,435.8464050292969,3579030
2021-07-29,436.6383562397372,447.2690007683981,436.2948309905561,442.99383544921875,4462290
2021-07-30,443.5472884101393,450.79978881385347,438.9667771668357,444.9405517578125,4357415
2021-08-02,471.2212845008685,479.61892734096034,462.3179058746176,471.20220947265625,36666555
2021-08-03,473.5593441277483,476.66074033614166,466.6408448936402,471.00189208984375,8598145
2021-08-04,473.32077659434174,483.8178099462324,470.58200982480713,475.4488220214844,11512810
2021-08-05,477.32875254051095,481.3366933073934,470.5152095535327,471.9656982421875,7075850
2021-08-06,474.2750578353877,478.015831668696,472.1565644604509,474.7712707519531,3553315
2021-08-09,477.2141614703928,511.49175615162767,476.6320672937184,505.4225769042969,27172245
2021-08-10,508.6288639924823,520.0801704988796,500.0403841126843,503.7811279296875,22718380
2021-08-11,507.63181093811255,510.4785578475602,482.9948618406977,491.4491882324219,14865920
2021-08-12,495.0687341558707,520.8151355138933,490.9272096932902,513.3622436523438,30341990
2021-08-13,518.0381584581066,518.0381584581066,503.47590010355583,507.808349609375,11688585
2021-08-16,510.308534860222,510.308534860222,498.5136999801529,501.8727111816406,4956310
2021-08-17,501.9490192043778,514.3546033292008,499.0861920986494,509.5068664550781,8253620
2021-08-18,512.016650765912,524.8516714716845,510.2035617565412,518.9447021484375,13629770
2021-08-20,515.3088476180767,517.7899409940482,498.32275280842754,505.0599365234375,8280035
2021-08-23,508.62896344068037,512.4365142794206,483.9227508438721,487.463134765625,8559910
2021-08-24,490.4977052919225,498.4277339562644,484.77205114454597,489.5052795410156,6996380
2021-08-25,491.81468458379834,506.4341973677593,490.6409439447527,503.18963623046875,12582655
2021-08-26,505.3748764543422,508.4190181638965,499.0861741770574,500.36492919921875,7009955
2021-08-27,500.99474782412324,507.06392736197313,497.17764498355854,505.51800537109375,4466105
2021-08-30,509.2013826319277,517.7898621172482,507.4836983837344,514.8793334960938,6642175
2021-08-31,517.4082053520926,526.664689665887,515.4996542871601,525.2332763671875,10251115
2021-09-01,525.8058465290027,527.7907560511807,518.7441839130836,524.1358642578125,4574825
2021-09-02,524.0883246547698,545.464069408311,523.5157241804604,540.110595703125,12314090
2021-09-03,542.7920271325584,552.9646390978753,539.4520620556683,547.7351684570312,8757735
2021-09-06,551.3171841678316,580.8165560196492,550.0848805573335,574.7791137695312,25302570
2021-09-07,582.7272217463345,631.4470386464378,581.83880855256,627.9888916015625,57776555
2021-09-08,635.5476538571351,653.2304115831604,623.2470253766568,629.1349487304688,44363970
2021-09-09,620.2791344233095,640.8914639002478,607.348711808434,628.8676147460938,28326075
2021-09-13,633.3575687410477,659.2841655635677,632.4022782904578,656.4278564453125,23892315
2021-09-14,665.5118208075382,717.3862279826523,663.4124028573736,713.5023193359375,59109125
2021-09-15,724.1042805036957,751.9500342484422,697.0505917791335,702.7762451171875,42781400
2021-09-16,714.7142182225762,725.0108301700872,702.7762220848839,719.4664916992188,18011055
2021-09-17,729.0666858142077,767.1804622688771,723.4746437995697,737.3497924804688,61620795
2021-09-20,734.5632971154342,734.5632971154342,702.3850891307784,707.6718139648438,23477555
2021-09-21,712.5930394648936,735.7464051251773,678.4507412482608,692.6981811523438,26517155
2021-09-22,702.1486131034376,716.6732016549134,695.7463208373841,701.6326293945312,14540470
2021-09-23,716.2873068216591,719.1570476810286,704.0430908320207,706.7310791015625,7153935
2021-09-24,710.9399157940642,713.9977335481055,695.65088534688,705.0631713867188,7698190
2021-09-27,713.8255962620011,738.6511358246726,707.3086413378527,732.8986206054688,18612320
2021-09-28,745.1761501999163,760.4814369819428,723.5574559743181,739.5514526367188,32886570
2021-09-29,737.4853111334654,737.4853111334654,717.7337586036092,720.5240478515625,12895755
2021-09-30,730.0511758526704,741.5179482482621,721.8715472100691,725.9422607421875,14624460
2021-10-01,721.8332542990779,730.2422079939337,713.4529372036171,725.0056762695312,7999080
2021-10-04,728.6368233590916,776.844989989384,727.8341237789792,766.1522827148438,26394340
2021-10-05,780.6959667950923,804.2792847173871,765.4069392935972,796.1951904296875,36846475
2021-10-06,802.4828617814765,861.9189710030525,798.8517292223414,853.0035400390625,58581180
2021-10-07,879.6713599740023,912.3768479509706,865.7148838801975,897.4446411132812,43227600
2021-10-08,922.9087332701848,949.7312843268204,903.2222928230668,932.96240234375,61367310
2021-10-11,937.389337078153,941.8996303667286,907.785977241575,912.0955810546876,30074685
2021-10-12,911.6211544193552,933.0485795141814,903.9685109404938,921.617431640625,16397000
2021-10-13,927.0885138167096,947.9198043031222,923.3140230926329,941.9570922851562,16210660
2021-10-14,956.3286592590886,1069.08529548877,953.6530911089562,1044.154541015625,71177100
2021-10-18,1069.085368937983,1140.370441284551,1065.4637429703523,1123.3040771484375,39694580
2021-10-19,1181.3767633267862,1223.715020073123,955.8246976856224,1043.6004638671875,74305750
2021-10-20,939.2472720600798,956.5422639592804,837.4479909422469,848.362548828125,98333925
2021-10-21,848.6748191688249,907.7860077383488,843.5912105267288,874.0068359375,46361195
2021-10-22,885.4108040136294,895.3592636302011,851.3661399222843,884.3681640625,28022520
2021-10-25,895.3637419885048,895.3637419885048,757.0171157382856,768.7227783203125,38866505
2021-10-26,777.4469212199346,840.8964002006388,774.1980383038706,800.6671752929688,41011205
2021-10-27,812.3251483166948,828.4360059511486,770.9014612696506,789.3247680664062,26793965
2021-10-28,780.6959525172542,939.3196099442606,774.0070031076816,872.9078979492188,59298778
2021-10-29,785.6171409549981,866.1711924368467,611.0355475957751,808.1206665039062,82848030
2021-11-01,836.2425838709039,846.5736403472879,774.1126762158674,818.3067016601562,29989312
2021-11-02,830.6943945987258,831.0769917055445,807.5929559227883,811.3714599609375,9742650
2021-11-03,802.6740166442061,811.1785622926193,778.8804421073319,783.4193725585938,10088006
2021-11-04,792.2877000557612,792.2877000557612,784.3959119175661,786.5482177734375,2229843
2021-11-08,783.4393126511222,803.5275001549971,745.9891683077427,796.6879272460938,11974709
2021-11-09,797.8961630847966,819.8741412296473,796.9405988176293,817.9630126953125,9656004
2021-11-10,817.9629860566785,827.5186284171538,809.3629079322508,812.0862426757812,6275409
2021-11-11,811.274068097313,817.9630180109541,797.8961682700311,809.6495971679688,4924717
2021-11-12,815.9630687363784,837.9644176003136,810.2235864240475,827.2985229492188,9255302
2021-11-15,838.9375935306887,881.9857486900142,830.3852823527869,863.2567138671875,21402501
2021-11-16,875.1058456098118,887.7193070626037,870.8535724635836,880.12255859375,9298944
2021-11-17,883.8969752742767,887.432574839977,860.1034009349842,863.4478759765625,7189458
2021-11-18,863.3522802265013,865.645657703513,832.3919759019022,851.0733032226562,7714073
2021-11-22,871.4745537602199,878.8324097931923,833.5864097549272,847.3465576171875,11376478
2021-11-23,838.0297832151267,857.7143819317973,833.8252775071927,853.127685546875,6078636
2021-11-24,858.0967519010704,861.632351518941,815.1918909768101,824.4608764648438,7679846
2021-11-25,824.6518850241633,835.6408730633034,798.5172281037599,827.0885620117188,9169669
2021-11-26,811.2740147443973,816.959633461684,783.562652638876,786.4771118164062,10211011
2021-11-29,751.8721210393725,766.2208256393606,717.9613374910618,742.114990234375,13888743
2021-11-30,755.1823731822533,783.467108405677,752.6023381858955,759.81689453125,37176726
2021-12-01,773.0514960961029,780.6960102725786,760.9635847253448,775.8704223632812,6448797
2021-12-02,779.0238161966681,788.3405683682934,767.3181532118056,784.7572021484375,4869021
2021-12-03,782.6071928876141,794.5039805613153,774.0071138448932,783.4672241210938,4777395
2021-12-06,778.7848345539095,783.0848735177041,762.7313674203452,765.7891845703125,4473930
2021-12-07,773.9592439875993,792.9271702375189,771.1403179019183,786.4771118164062,4528051
2021-12-08,793.5961272499097,818.6319228205302,792.2105473920348,813.5674438476562,7190775
2021-12-09,817.9629402584155,824.6518895362296,804.1550261560402,818.775146484375,5118754
2021-12-10,813.1851718186399,831.2931259109313,812.2296075744347,819.8263549804688,4358630
2021-12-13,824.1741622557092,839.176532583981,818.2018857176244,820.5430297851562,4485978
2021-12-14,821.78529172992,821.78529172992,805.5406987538635,817.0552368164062,3374432
2021-12-15,813.3762817382812,828.8564338812596,810.3184645470861,813.3762817382812,2762485
2021-12-16,818.9664099828461,822.5497762755688,803.9640381060435,814.2841796875,2918474
2021-12-17,812.2296514411672,814.0452469324186,788.7705596435579,795.4117431640625,4227183
2021-12-20,771.1403395894434,789.009402493603,746.0090118101768,758.8135375976562,7418777
2021-12-21,769.2292081932965,782.4637495019514,764.451387024394,778.5459594726562,3613582
2021-12-22,783.5626651347127,805.1583933080012,782.6071009089386,802.43505859375,3721795
2021-12-23,809.0763546085595,809.6974364482347,797.1318001184221,803.9640502929688,2917612
2021-12-24,803.6296069349117,805.3496110758763,791.6850527295771,799.9984741210938,2502607
2021-12-27,786.4293562078647,802.6739480128874,786.4293562078647,801.7183837890625,2640676
2021-12-28,803.3428472681936,837.647567595154,803.1994893067297,825.1296997070312,8220616
2021-12-29,821.2598167595506,825.607623017085,809.363028582721,811.6085815429688,3670117
2021-12-30,809.9367693121917,810.9889845709044,795.0140775915364,796.8316040039062,3488161
2021-12-31,797.8007617170097,802.674116955027,792.3062662735675,794.7907104492188,2712460
2022-01-03,794.933808396538,812.2294955009444,793.4526373639853,808.0728149414062,3501695
2022-01-04,813.0933096960794,816.6326687211746,806.6842095779392,811.2279663085938,2496924
2022-01-05,807.4517592807058,809.4584207970511,791.207167673875,803.2472534179688,3312721
2022-01-06,788.3405534442865,810.2229994084921,788.3405534442865,805.7796020507812,2842824
2022-01-07,805.7794954984845,848.540992591348,805.0150558184093,822.6929931640625,12254034
2022-01-10,824.174253988563,839.7021747158838,824.174253988563,834.6376953125,4778546
2022-01-11,836.118823074629,843.7633380284541,820.9731511515711,824.0787353515625,3257687
2022-01-12,830.1941734088739,830.7675469282837,810.5573405715654,822.9796752929688,3419540
2022-01-13,822.9797035174219,835.1631476043272,815.1440650675155,829.5731201171875,3384510
2022-01-14,825.5120080792747,867.652369664385,818.631933571518,862.587890625,14072932
2022-01-17,869.5634974454813,877.829151821834,851.6466671409727,857.4755859375,6834869
2022-01-18,859.9122410779245,864.0211554454588,817.8674165630409,822.8363037109375,5857768
2022-01-19,825.1297030672264,838.9376176957215,812.5162437124245,837.0264892578125,4437914
2022-01-20,836.8353506859245,845.6743195627099,827.1841755658819,841.2787475585938,3262969
2022-01-21,834.2075934051434,841.8521074340565,817.0074368400889,823.4097290039062,3915909
2022-01-24,821.3074728573309,821.928612949023,769.2292212334513,773.81591796875,7654105
2022-01-25,773.0515101696084,795.9850531165437,749.9268427001789,793.0228271484375,5090144
2022-01-27,782.2248803799214,787.7671997496848,767.3181012441107,777.63818359375,4740612
2022-01-28,789.0572761228814,821.785355695644,780.6960879108618,807.0696411132812,5541007
2022-01-31,817.0074737126926,841.8043788776986,811.8474031810902,829.4298095703125,4650001
2022-02-01,854.8477222448744,859.9122592358817,810.8917684147741,818.822998046875,11012459
2022-02-02,824.6519863968671,829.429807870777,818.918600628175,822.6453247070312,2531086
2022-02-03,822.2631361566539,833.1087683711738,818.9186608788523,822.406494140625,2603770
2022-02-04,822.7408949027033,827.0409344231007,813.4241426085089,817.7241821289062,2105561
2022-02-07,820.5908186497614,829.9553368515546,793.118345827426,798.469482421875,4119747
2022-02-08,805.062819127277,810.891737277808,784.9959714101578,800.810546875,3851680
2022-02-09,820.8296682917575,829.8119953252026,807.5473022509632,812.1818237304688,6791815
2022-02-10,817.0073783341147,817.1507362910963,802.9605731472772,808.311767578125,2569073
2022-02-11,799.2229563012527,805.3929118060793,789.1788616978258,794.67919921875,2582020
2022-02-14,783.0849020188276,783.5149175954601,757.1413093304873,762.8746948242188,4917765
2022-02-15,770.0473303274728,787.2657799497019,757.1334931108008,784.8743286132812,4358562
2022-02-16,793.8828376488433,800.7629125236742,783.7538790296605,788.340576171875,2883449
2022-02-17,794.9978679318889,798.8772963470994,785.4668860966685,787.2389526367188,2350333
2022-02-18,783.5510559265524,792.4593875344799,778.8095066702338,781.9705200195312,1905006
2022-02-21,775.8881291106994,781.6354485855935,762.4777170026133,769.5661010742188,3000870
2022-02-22,748.1092465945612,765.6864379013786,747.1513602352852,756.3470458984375,4301060
2022-02-23,766.2134570491878,784.5090663460825,761.5197896766002,780.0548706054688,4772916
2022-02-24,742.3619303368095,760.8970080502891,704.0464758678128,706.968017578125,10021435
2022-02-25,737.5726089477539,769.6618068695069,735.6568359375001,766.3092041015625,7097351
2022-02-28,747.4387909667004,777.8038033572165,747.3430257068666,775.265380859375,4654745
2022-03-02,762.3295001976776,782.2747131515539,762.3295001976776,775.5623779296875,3010826
2022-03-03,787.3827399162811,787.3827399162811,763.2918699258846,765.9739990234375,2962409
2022-03-04,747.1513567324984,747.3429456964041,699.2570389932356,715.7805786132812,15395743
2022-03-07,708.8359524612639,708.8359524612639,678.5667649042224,687.762451171875,6257302
2022-03-08,687.7624811392822,698.2513496128381,679.1893855936906,687.8103637695312,4872109
2022-03-09,700.1670496440208,707.4948452517135,688.768178523507,704.0943603515625,4485413
2022-03-10,729.9094253066048,739.4882891557728,718.4147886876032,726.1736450195312,5542997
2022-03-11,722.5337200758432,732.7831165360287,716.4990472796725,725.8384399414062,2461743
2022-03-14,711.7096174416649,730.7236396899744,707.4470111355049,721.144775390625,3574348
2022-03-15,727.0358305565996,737.4768164630095,719.4206214289658,724.5453491210938,3053279
2022-03-16,735.6567686300033,741.0209091820316,732.2084009129491,735.896240234375,2456680
2022-03-17,743.5592691007477,746.7681649438201,734.8425268198918,738.0035400390625,2471381
2022-03-21,740.4940816520765,749.7377089455874,735.6567669477781,738.2909545898438,2165538
2022-03-22,741.403995754478,741.403995754478,720.4262624111878,733.54931640625,2670547
2022-03-23,740.2746699048864,753.3157546686098,731.644524789415,734.9527587890625,3000265
2022-03-24,734.1241406239642,746.5766634894323,728.28099866209,739.9672241210938,1803315
2022-03-25,746.1935174726365,746.4329890764467,735.6567669049869,737.6204223632812,1756340
2022-03-28,738.5304906549501,744.229927016379,726.6526746826402,733.9805297851562,2500762
2022-03-29,736.6146850304357,743.0804186116521,733.7410256610062,735.2736206054688,2496305
2022-03-30,740.4461861317578,761.519686901355,736.6146405372856,756.2991943359375,5002096
2022-03-31,757.7360660991012,759.3644847603167,740.4462273348784,742.0746459960938,2496423
2022-04-01,744.2778163208861,768.8476286239438,742.888869192073,764.5850219726562,4160527
2022-04-04,770.0929028271825,802.4215738586897,769.1828989126037,797.6321411132812,5650502
2022-04-05,805.4388571676226,805.5346808984998,784.9401207130913,787.7179565429688,3480544
2022-04-06,785.4668463001536,794.0399412545496,754.5750099670073,758.59814453125,5400080
2022-04-07,762.3338686673745,767.2670070172416,750.9829382041415,754.5750122070312,3337181
2022-04-08,758.5023814696054,766.1175906350584,755.8203110338754,757.0655517578125,1715933
2022-04-11,757.0653953210519,774.9299977654462,757.0653953210519,767.6500854492188,2482781
2022-04-12,767.6502179179407,768.1770437680315,743.7030568706472,750.5997924804688,2743228
2022-04-13,756.7302919526753,760.2744834940111,745.2356546065587,747.4387817382812,1501647
2022-04-18,745.235541203702,745.235541203702,725.407283105977,734.890380859375,2339997
2022-04-19,738.5782587130237,745.2355805406219,713.9126851925597,721.0489501953125,2121322
2022-04-20,723.2042274276456,729.430488988281,711.565884355329,716.1158447265625,2149320
2022-04-21,725.8863222977782,729.2389247904774,719.5164126404981,727.658447265625,1365751
2022-04-22,719.6122107730121,733.7410362091543,719.3727391554503,723.3958740234375,1361764
2022-04-25,713.6253647906705,722.6774029229107,708.8359328122096,714.2000732421875,1579619
2022-04-26,717.4569910457443,730.6758130996981,717.4569910457443,728.99951171875,1581369
2022-04-27,723.2042894382515,726.6047747353753,710.8475305109558,716.97802734375,1666186
2022-04-28,724.8327636209092,728.951664090361,712.7633580196664,725.5032958984375,1902979
2022-04-29,727.945810527722,734.3636613577108,713.6253965812294,714.535400390625,1428538
2022-05-02,708.8360003972457,711.422305605159,699.4008418859668,706.4412841796875,1299170
2022-05-04,708.8359822638176,713.3380603306053,688.8640729062033,691.2587890625,1654040
2022-05-05,699.209268807797,701.7476329773245,684.1225562938456,686.9962158203125,1245236
2022-05-06,680.0993992470295,681.0094030939018,670.5205344689024,674.87890625,2164692
2022-05-09,669.5625970200529,672.8673168098823,655.4337725478844,661.6600341796875,1879751
2022-05-10,659.7442694395287,669.3710162335009,646.5733312111533,650.1654052734375,1497882
2022-05-11,650.3092202352959,659.0259646963949,616.5437184103716,629.42724609375,2586387
2022-05-12,625.4998723537748,625.4998723537748,591.9738455047975,594.5122680664062,3756193
2022-05-13,599.6368258309626,633.1628464445148,599.6368258309626,624.3502807617188,3683558
2022-05-16,630.145572746689,632.0613456314882,612.6162625437257,626.21826171875,2251248
2022-05-17,627.8466615987364,658.0679662602421,623.1529947853628,654.380126953125,2795767
2022-05-18,657.3018002887951,663.4801805862983,640.44296095566,643.4603271484375,2385266
2022-05-19,616.8788671367544,633.5939972016549,616.8788671367544,627.2719116210938,2189389
2022-05-20,641.7838486368677,641.7838486368677,628.3734398593809,634.3602294921875,1380474
2022-05-23,636.9944224191541,647.9143501893798,624.1108393253971,625.7392578125,2459723
2022-05-24,631.8697561688098,631.8697561688098,612.089379592634,623.7277221679688,2143475
2022-05-25,627.4156865014974,630.528817770398,610.1737287045096,620.1836547851562,2333806
2022-05-26,620.7103949720931,624.5419406200691,598.9184790992304,612.4725952148438,2987486
2022-05-27,621.6682418217616,636.9944234383228,620.7103554707265,624.9729614257812,2191764
2022-05-30,635.5576550434394,682.9730339803651,634.9350054694792,665.8268432617188,7812575
2022-05-31,676.0279997723022,681.7814295575985,649.5142541009633,664.185546875,8925215
2022-06-01,663.480135384262,669.4189851610612,656.2001626006701,658.8343505859375,2016185
2022-06-02,658.7677061353437,663.6580980102991,644.000546371617,645.4389038085938,2332416
2022-06-03,652.3207536768314,656.1522999539346,636.324036276974,637.3777465820312,2642554
2022-06-06,637.6718498151133,637.6718498151133,621.5143233471069,630.8636474609375,1819887
2022-06-07,629.3312393809598,636.9943290537873,622.6260359172358,627.1281127929688,1587641
2022-06-08,627.795261716743,636.0418232305129,618.4938693406525,620.9869995117188,1797454
2022-06-09,617.3099021698486,624.4461675427619,614.436242969863,622.147216796875,1149323
2022-06-10,614.9631033902275,622.4346060375327,614.1489232903302,617.5015258789062,982264
2022-06-13,608.2577874973434,608.2577874973434,595.5179116726302,600.2594604492188,2000311
2022-06-14,597.7211314342899,608.2578821486765,593.4106425056773,596.954833984375,1952853
2022-06-15,598.6311641808758,605.8153127426158,595.9969763749044,597.0985107421875,971460
2022-06-16,606.9167684328488,607.252063734448,572.0497403453398,574.8275756835938,2867076
2022-06-17,573.7740198791723,575.7376755330536,556.9631233102206,569.31982421875,3552167
2022-06-20,565.1530582094172,572.7203852560891,544.5106149796343,550.0663452148438,2426937
2022-06-21,553.6583990829413,577.6055616730339,549.8747357007562,574.5881958007812,3366401
2022-06-22,572.5287522462381,572.5287522462381,559.5494023288535,564.96142578125,1686383
2022-06-23,564.961304380327,570.7086219395668,557.3940380061704,564.6739501953125,2026544
2022-06-24,567.1165448682756,574.6838696591763,565.7275981073208,571.379150390625,1938626
2022-06-27,579.5691783227343,589.1001600853576,577.1265795958178,587.1843872070312,2296044
2022-06-28,584.8376385435556,597.2422814224258,578.3719041416288,593.9375610351562,2017990
2022-06-29,586.8499594181968,589.6787413528039,572.4663819814763,576.4458618164062,2143251
2022-06-30,575.8334835845073,578.4676714170719,550.7847286271295,551.9342041015625,3232913
2022-07-01,551.9342018859538,561.1298887150011,551.455258645592,554.807861328125,1928361
2022-07-04,557.0109302143528,561.8003621164539,547.9110096003608,551.1678466796875,1698911
2022-07-05,554.6161841697561,559.2140268533446,545.9952072137495,546.8093872070312,1576894
2022-07-06,546.8094141528703,554.759917842546,533.5427112360408,552.98779296875,2751283
2022-07-07,559.6930263502885,563.2372178152044,553.7541188232331,558.112548828125,2197534
2022-07-08,561.3214092675615,566.1108410872506,558.8309281072208,564.195068359375,1642440
2022-07-11,562.8540026797882,569.6071483007375,559.1661635735943,567.9308471679688,1443087
2022-07-12,564.1951589426819,575.8813861519326,557.8251902138793,565.3925170898438,1990023
2022-07-13,568.0266719931716,580.096018029049,566.3982533147438,567.8350830078125,2991446
2022-07-14,569.8945065241351,572.6723419134127,556.5319799931409,561.0340576171875,1831386
2022-07-15,564.1950365643169,569.3676460239776,561.4171428795471,566.3502807617188,1140354
2022-07-18,570.7086747415635,579.5212408406845,570.1818489428388,578.5633544921875,2221750
2022-07-19,574.7318369819519,585.747530524106,573.773950586982,582.1554565429688,2129099
2022-07-20,590.0101992695392,591.3991463825497,580.9102775519036,582.5386962890625,1599889
2022-07-21,582.3950491484399,587.0887168449143,577.7493225534714,582.2513427734375,1622641
2022-07-22,584.9333491667879,590.8243154038375,581.4849230737569,584.0712280273438,1465991
2022-07-25,583.6401428208167,585.0769723494079,570.948148651594,574.061279296875,1288536
2022-07-26,572.432832196248,573.6781311639185,566.1108059723013,570.9481201171875,1549042
2022-07-27,568.026697332359,576.88714750154,564.0035623193479,575.6419067382812,1176622
2022-07-28,578.6591206530194,581.2933081155372,572.9118025529805,577.1265258789062,1600700
2022-07-29,580.4791071220203,613.047241845038,579.7128097626622,610.2693481445312,6964646
2022-08-01,619.1297958619991,620.6145664209571,606.1025653734137,614.8672485351562,3068787
2022-08-02,612.5683844301999,627.3198591377964,605.3842360592437,620.6625366210938,3211110
2022-08-03,618.1719400736109,621.3330118386908,608.2578396169332,615.1067504882812,1638012
2022-08-04,617.8367349687317,622.0514585621689,604.4742078450632,612.0894165039062,1794443
2022-08-05,613.6699796450655,619.9441242207452,610.939968174522,615.29833984375,1225071
2022-08-08,615.9210090144801,633.1629657209509,615.346300510165,630.7682495117188,3886443
2022-08-10,635.3181104127433,648.967990659078,626.6492507913526,644.8012084960938,5461816
2022-08-11,659.025890893802,662.234787180132,624.8293322460428,641.8796997070312,8853819
2022-08-12,641.9755583420066,656.1043845328057,635.749295952841,638.3834838867188,4080911
2022-08-16,641.592318349062,647.5312259008657,637.9523616123913,640.0118408203125,1596822
2022-08-17,640.7781358767924,647.5312234819908,640.0118384295265,643.3644409179688,1526304
2022-08-18,647.060527660296,694.1020200272908,646.1004972038266,685.6057739257812,10273793
2022-08-19,678.6455578717347,722.662931171043,669.2852608555704,705.7664184570312,25609355
2022-08-22,690.261988332648,697.4622176963405,675.093516858926,684.0217895507812,9845889
2022-08-23,674.9014037445423,690.2618908852432,670.3892489278398,686.373779296875,4889154
2022-08-24,686.3738959314782,699.8623142748534,679.8456995064741,695.3501586914062,4455258
2022-08-25,700.7263367411524,704.4224309987769,686.4218578046003,688.3419189453125,3528550
2022-08-26,691.2219209839141,698.6621569389492,687.4777788070079,689.9259033203125,1996839
2022-08-29,639.3802154158151,669.1411563736083,639.3802154158151,664.1489868164062,5290429
2022-08-30,671.9732970627489,685.317684601687,668.3731830259768,682.3416137695312,3375748
2022-09-01,678.7415609755508,688.1978379271353,675.0934568082415,678.78955078125,2309164
2022-09-02,685.3658096308111,697.1741732726194,681.7656951915029,684.165771484375,3497693
2022-09-05,687.6218575996365,692.6140280056953,681.6216668701459,682.4857177734375,1573079
2022-09-06,686.3259223883966,688.9660066269096,677.0136135370634,679.9896850585938,1471443
2022-09-07,678.7415670703739,683.0617043430991,673.557378904859,678.2135620117188,1244503
2022-09-08,684.693711085792,695.0620279605573,680.8055995822058,686.229736328125,2501592
2022-09-09,689.7820094372117,692.614111522153,681.6217490611278,683.3497924804688,1383138
2022-09-12,686.4217904227182,696.0220951838751,684.9817447085446,692.469970703125,2318918
2022-09-13,695.9741025564223,698.6141863550326,689.3018790553577,691.1739501953125,1479262
2022-09-14,683.5417855161946,689.9260124287151,679.7496529364125,684.3577880859375,1269173
2022-09-15,687.8138051045566,708.5024489056477,686.5177288821213,695.3980102539062,5718669
2022-09-16,695.4461039567252,701.158238442861,664.3410929304098,674.9014282226562,3745099
2022-09-19,676.7255427398196,681.0456801165498,662.2290466072016,664.3411254882812,2263251
2022-09-20,671.9254676858349,686.4219068967348,670.4854217273103,677.9256591796875,2330872
2022-09-21,679.6536897508417,684.4538428550985,667.9892942692501,672.357421875,1419089
2022-09-22,672.021325120307,676.8214774425949,665.3970914773058,672.8853759765625,1654457
2022-09-23,676.0996095013709,679.3191079882102,657.3591085983478,659.0889892578125,1804335
2022-09-26,652.8207188499341,654.1647849446338,634.5801399408919,637.9402465820312,3249490
2022-09-27,641.3003878503737,654.4528177035534,637.5082555743514,649.6046752929688,2808630
2022-09-28,645.0444238820094,655.6047578675451,640.0522542788173,652.9166259765625,2044821
2022-09-29,661.5090176077952,683.5417297449611,657.1408904640813,678.7415771484375,5846347
2022-09-30,676.8214027469625,683.5416152565067,667.413116952721,677.7814331054688,3220279
2022-10-03,677.7335192970232,681.0936259285448,672.1173059126858,677.925537109375,1735784
2022-10-04,685.4617322935676,691.2219149178833,680.3735826945435,690.5018920898438,2443139
2022-10-06,696.7901000764176,705.3343946568222,691.2699249003025,702.0222778320312,4123619
2022-10-07,703.7024189761933,708.1185362300209,695.1101335192296,705.8624877929688,3152365
2022-10-10,696.5021187011899,706.0544337712106,693.9580144709978,701.9743041992188,1952447
2022-10-11,705.6223314993064,716.7586605037748,692.2778857374723,696.5980224609375,3747651
2022-10-12,700.8223623419755,705.3345180378218,678.3096322709073,693.4301147460938,2818945
2022-10-13,693.1419795283982,698.8061825777461,683.1576394875299,695.1580200195312,1887973
2022-10-14,702.7423101273358,704.6143812791742,690.6459495387978,693.9580078125,1612489
2022-10-17,690.4538441903602,700.6301425321458,683.8776010902455,698.902099609375,1387810
2022-10-18,702.4063458212296,705.3344271565295,696.0221194938345,701.9263305664062,1675213
2022-10-19,703.7023091552325,725.2550041492993,701.0142356552071,713.110595703125,6094000
2022-10-20,709.4144895017992,715.2226618148657,696.5980482568802,712.9666137695312,2237769
2022-10-21,713.3028053844903,725.7832044019848,705.9105573242343,713.830810546875,2936578
2022-10-24,719.0627875998683,720.454843433836,710.4705035856617,714.0706176757812,649393
2022-10-25,712.5826125115141,717.1427572194019,706.1983864822275,710.8065795898438,1544325
2022-10-27,716.1828260038997,717.0468769802211,707.3505327844599,711.6226806640625,1783787
2022-10-28,712.4274029252721,715.7910828811591,706.6130535902522,710.6014404296875,1484665
2022-10-31,714.2626585157999,722.7589046042564,708.5024757858338,711.5745849609375,1993381
2022-11-01,715.222786748879,717.7668912406621,709.7985904983757,712.5827026367188,1359226
2022-11-02,712.3426437428603,730.8712210051896,708.7425293034592,725.2550659179688,3424051
2022-11-03,721.8950094967095,729.6232439802718,716.1828158016879,721.3670043945312,2828562
2022-11-04,721.9429074653922,735.8153593612094,718.150775421153,728.18310546875,4743835
2022-11-07,731.8312256397935,743.927644885737,731.0632129723393,733.3673095703125,4583239
2022-11-09,738.7433706800339,740.183416236915,729.1430669674928,730.8231201171875,1566292
2022-11-10,731.5431628697025,732.5031932671694,708.5024333304993,714.6946411132812,2557799
2022-11-11,724.8229976358874,727.4150915982104,714.7426778012161,717.9107666015625,1668424
2022-11-14,721.6548768075343,734.4232696456511,720.0708031798598,728.4710693359375,2342968
2022-11-15,720.0228310125993,720.0228310125993,702.3102576505678,711.0465698242188,4125858
2022-11-16,712.3426642559394,718.8708602415879,693.190043167671,699.0462646484375,2945626
2022-11-17,694.1020068043129,708.9344887933191,694.1020068043129,697.4141235351562,1607026
2022-11-18,701.7822431121896,703.7023039688577,685.7977130421848,689.3978271484375,1537039
2022-11-21,682.5815806463747,693.1899043226726,682.1975450671231,686.94970703125,1154333
2022-11-22,685.4616765118907,690.2618283081924,684.5016461526303,686.5657348632812,876182
2022-11-23,690.0218700857629,695.4460654418973,688.533834641569,692.949951171875,1116201
2022-11-24,693.1420303420356,698.7101955979599,692.5660354725171,694.6300659179688,1110302
2022-11-25,698.8542559246947,698.8542559246947,691.2220012748288,692.8540649414062,800689
2022-11-28,691.2219054571432,706.3903744411091,690.2618750328971,696.8861083984375,1780538
2022-11-29,693.1900100880722,700.2462694131323,691.3179388958883,694.10205078125,848626
2022-11-30,696.9821521499803,709.8465844571092,696.9821521499803,706.7744750976562,2643749
2022-12-01,710.3265284307506,710.3265284307506,700.8222038715109,702.6942749023438,1155151
2022-12-02,705.6223241211849,705.6223241211849,698.2300785303183,700.9181518554688,926912
2022-12-05,703.7023945437867,704.3744276492406,696.118129745519,699.958251953125,1114128
2022-12-06,699.7662338583579,712.822624827733,685.5577360088728,687.8138427734375,3646370
2022-12-07,688.8217785319789,693.861937887091,683.9736369666583,688.6297607421875,1847900
2022-12-08,692.7580515215444,693.6700923027685,686.9018883505137,691.8460693359375,1090422
2022-12-09,693.6219979603956,698.4221501954156,689.0618533371265,693.2860107421875,1253279
2022-12-12,692.1340237000225,696.0221356351374,682.1016929224346,694.9661254882812,1082376
2022-12-13,695.5420815399656,701.2062848002743,692.1819748658594,693.9580078125,1172294
2022-12-14,696.0221029646192,710.326580656895,694.7260852456191,705.5264282226562,1858776
2022-12-15,671.294349077165,675.1385543689454,660.242258863296,662.21240234375,14531256
2022-12-16,654.1647664495069,655.6048121121381,641.4443630962647,645.2844848632812,8857773
2022-12-19,648.7406978199681,654.3568535637356,646.1006135891063,649.7487182617188,2696707
2022-12-20,649.4126482911079,650.9006838580917,640.3403482792731,647.20458984375,4253915
2022-12-21,650.4206595252435,651.5727078368827,624.1638489590372,627.4279174804688,3812361
2022-12-22,630.7399577672342,631.1719831560586,606.979205933537,615.3314819335938,4836262
2022-12-23,609.1393465031906,612.5474430269153,580.8184470203788,582.978515625,7402977
2022-12-26,585.7145746839276,604.2432098963575,581.7784731388889,597.1869506835938,3578861
2022-12-27,603.5403114518771,610.2196307703898,598.7830950360774,608.441650390625,2032618
2022-12-28,610.2675786027703,616.0338864320878,605.8948068971212,613.8715209960938,2067777
2022-12-29,611.2286066253492,611.9974359083894,603.1077116768101,608.3934936523438,2332891
2022-12-30,613.1507469101966,620.4066727008262,610.8442002611604,614.7845458984375,1680270
2023-01-02,617.2997025349616,618.931766344769,613.5555595945575,616.6756591796875,937786
2023-01-03,623.0118514640463,628.6280068724103,616.4836552930925,618.3076782226562,2364730
2023-01-04,620.1796572480159,620.7076622649415,607.6992616687215,609.8113403320312,1377074
2023-01-05,612.883509834442,612.883509834442,606.2592757819522,611.6834716796875,861066
2023-01-06,611.8753459287767,614.3714601013655,605.7791763875246,610.8193359375,730880
2023-01-09,613.8914309926802,616.1474789209144,610.8673118929927,614.035400390625,592137
2023-01-10,613.4595059367336,617.1076102153569,609.235348185309,611.491455078125,978802
2023-01-11,610.7714600302759,618.2596867531945,610.7714600302759,615.1395874023438,922620
2023-01-12,618.6288883379688,619.2054957990838,613.3911457107715,615.6976928710938,685572
2023-01-13,617.4755167199222,618.4365681078132,612.2377749243323,616.5144653320312,697974
2023-01-16,617.9560852018566,618.2924297477387,613.1508279296804,615.1209716796875,789814
2023-01-17,614.4195620167237,617.971686828756,608.3233913630852,615.5236206054688,1093013
2023-01-18,615.907606286147,616.8196470553911,612.2115119949566,614.5635986328125,706202
2023-01-19,613.4594915961079,615.3795526026686,609.6193695829868,614.70751953125,802422
2023-01-20,613.9394524029981,625.8918428280105,612.9794219848543,615.8115234375,1759179
2023-01-23,618.9316864021133,619.2196838382644,614.2275134277326,617.1076049804688,756232
2023-01-24,617.3956610005116,621.5238394943077,613.075523261475,617.49169921875,845755
2023-01-25,614.7555424711165,617.9716799878146,600.4991121672621,602.4671630859375,1518420
2023-01-27,605.4912009595362,607.5552312165796,576.9782856088303,587.3945922851562,2034846
2023-01-30,589.4107632794095,601.6991425041284,585.6186309174605,599.8750610351562,1192737
2023-01-31,601.0271454317407,614.4195840213291,597.3310510598594,611.1554565429688,1169450
2023-02-01,615.3795502436304,626.7078984197886,592.146800434187,602.9471435546875,3338066
2023-02-02,602.8990300136646,609.0912371843581,598.0028989087998,605.0111083984375,1229577
2023-02-03,605.8752309867674,607.891330213684,593.2988547530623,602.3711547851562,1017351
2023-02-06,601.939186062006,610.8674589208357,600.0191248624462,609.4754028320312,903072
2023-02-07,609.6194185486838,612.4035306700662,605.2992809369215,611.011474609375,876421
2023-02-08,612.4514020843983,616.339513464234,609.6672905012243,615.66748046875,971390
2023-02-09,617.299535750561,630.4519637057357,611.5393534573986,625.4118041992188,3035079
2023-02-10,627.5719043840443,627.5719043840443,615.9075112106342,618.4036254882812,1367860
2023-02-13,618.40367335217,620.3237343625369,608.1793250337214,614.5155029296875,859178
2023-02-14,616.3396444665244,618.8357005853069,610.7714787122743,616.3876342773438,773609
2023-02-15,614.8996150612417,622.0998447457996,605.7793241274684,621.3798217773438,826243
2023-02-16,621.3797436796062,626.8999190773008,620.0837259375227,623.2998046875,908726
2023-02-17,622.2437139256796,625.8918176487438,619.4596023868229,623.9237670898438,769510
2023-02-20,623.9237872872849,626.8038785190854,615.0435059892335,616.1954956054688,839690
2023-02-21,616.1955206770527,621.5717263525228,613.4594573337606,616.8675537109375,810862
2023-02-22,617.2053699625635,617.2053699625635,596.3551070834776,597.8030395507812,1476831
2023-02-23,594.6177136937337,594.6177136937337,580.1383862498927,581.3932495117188,1905454
2023-02-24,583.9512482159489,588.8259430100209,581.1036355607091,586.7505493164062,1103521
2023-02-27,584.9648068741146,586.026600613709,574.3466338120433,579.0282592773438,1272125
2023-02-28,581.9241200828459,589.4534171463453,579.7522210644976,588.1019897460938,1169989
2023-03-01,582.3584686344273,593.4592850189854,582.3584686344273,590.1290283203125,838187
2023-03-02,593.1215366492715,593.1215366492715,586.8954139775515,588.0537719726562,675954
2023-03-03,589.7912422729315,596.0656171907286,589.7912422729315,592.6388549804688,922970
2023-03-06,594.1833604775316,599.395942260715,593.7007161982197,594.4246826171875,1159437
2023-03-08,593.6524242087988,597.3205087051562,590.94962820709,596.7896118164062,599416
2023-03-09,597.3204540825058,599.8302392890021,592.6870815152041,593.7006225585938,705160
2023-03-10,591.5287235317776,592.2044371994185,583.5650941806852,590.708251953125,783871
2023-03-13,586.074894476222,591.7218082312294,579.1730586276307,580.7658081054688,1063211
2023-03-14,581.1036224950902,583.999487723471,575.4083973126629,582.40673828125,1024101
2023-03-15,583.9996140268488,587.8125158521506,580.6211038630571,584.6270751953125,787957
2023-03-16,583.516836933627,585.5439190040059,575.0223108095448,582.5032958984375,921400
2023-03-17,585.6405115840302,597.5135476786684,585.1578673613495,590.418701171875,1271225
2023-03-20,584.9648132760475,588.7294618785954,579.1730824515321,583.4686279296875,694608
2023-03-21,583.2755605527094,587.6676113271436,581.2484783234422,585.6887817382812,823110
2023-03-22,587.9571598196335,588.729437697742,582.8893955563307,583.7581787109375,504390
2023-03-23,583.7099565445509,585.5439693094753,578.8352614962977,584.1443481445312,932262
2023-03-24,584.0959467398193,587.4744559053663,577.3389284087252,579.2212524414062,886735
2023-03-27,577.2907724529505,579.1248441594336,556.6818866584002,561.8944091796875,1429219
2023-03-28,563.7284299507197,563.7284299507197,539.4514029367442,540.7545776367188,2025058
2023-03-29,543.4574017858379,548.9595577790541,537.7621763177394,544.9053344726562,2017776
2023-03-31,548.5734986706142,555.5235883621895,547.801279575226,552.9172973632812,1237105
2023-04-03,556.9714731541093,559.5295112854693,546.9324490315112,550.5040283203125,1707849
2023-04-05,551.2279466363138,554.944342444888,544.9535718359854,546.980712890625,1555308
2023-04-06,549.4466243157077,553.4568547114876,547.5623574585678,550.702880859375,1559125
2023-04-10,550.3591412458152,562.7630721862272,550.3591412458152,561.1220703125,1300834
2023-04-11,562.763096574539,568.5548265564381,557.9849075561673,564.59716796875,1285557
2023-04-12,564.5972071869651,568.0722218508774,559.0467989021009,564.1145629882812,1406652
2023-04-13,561.7979610252464,573.381424139169,561.7979610252464,572.0783081054688,1102409
2023-04-17,572.0782988163877,576.8564301400642,563.8733459105865,575.939453125,974707
2023-04-18,577.1942615645944,583.9030283206914,575.5050067153308,582.599853515625,1216107
2023-04-19,586.4565804544169,593.1724223305447,580.2721410381891,586.2633056640625,1814835
2023-04-20,586.4082243296309,589.3555322135812,578.8226752984459,581.4800415039062,698282
2023-04-21,581.7216122755364,583.5092713793935,574.6675247863046,582.6879272460938,830247
2023-04-24,582.6879133199665,587.0363305835483,577.1799063235927,583.074462890625,870486
2023-04-25,582.9860485284986,589.7913212208156,579.1731468616847,586.7989501953125,977657
2023-04-26,584.9646719651444,591.721689628108,583.5649922373697,587.0883178710938,1087979
2023-04-27,587.0884202993468,588.9707444743103,583.9994856169103,585.061279296875,702044
2023-04-28,588.9223708135725,598.1409212517088,587.2814278296845,596.3551025390625,1552366
2023-05-02,598.4788553759369,609.0970286164777,596.7413479017005,605.1876220703125,2483827
2023-05-03,604.7049495195718,610.8345074911914,600.9885537094659,605.9115600585938,1461740
2023-05-04,605.911557942256,613.4890485342353,605.7667411114671,609.6761474609375,1244544
2023-05-05,608.8556142143008,611.703226571418,602.3399179860859,603.6913452148438,878399
2023-05-08,606.2011631760049,608.7108896480186,603.6914367039914,606.2976684570312,659593
2023-05-09,606.2976115121554,611.4136870897611,598.4787991543308,600.988525390625,935395
2023-05-10,601.3747753220867,604.0293188728665,596.5483325024874,602.629638671875,650253
2023-05-11,603.3535461008365,605.8633314715524,602.6295797486838,604.8497314453125,530789
2023-05-12,604.8497400380979,615.0818333104725,603.3535546723665,606.6355590820312,1240961
2023-05-15,603.305179074752,613.5372113452512,603.305179074752,610.4000244140625,927921
2023-05-16,610.1105103448256,614.5991248898334,602.6295253808306,604.4153442382812,676721
2023-05-17,604.4153660015259,607.1664144239575,596.5482418346672,601.1333618164062,671895
2023-05-18,603.3052695027111,606.0080653267772,591.721808328259,593.507568359375,723251
2023-05-19,593.5075551680931,595.5829488156669,583.1307047632821,589.1637573242188,847752
2023-05-22,589.1637938970575,603.2087882639961,586.026606370627,601.8573608398438,1083528
2023-05-23,606.5872606051331,614.2130036966612,600.4093912125404,602.6777954101562,1199438
2023-05-24,602.3400008165634,605.0910493690646,596.548270039481,597.4170532226562,659056
2023-05-25,597.996198414043,599.9267753257914,594.6176888184834,597.0791625976562,595504
2023-05-26,600.2163217471727,603.9809701139915,597.8031007213988,602.6777954101562,1185212
2023-05-29,608.131788300305,624.5416936988845,604.5119562270888,623.3350830078125,4019467
2023-05-30,614.8886617301274,631.0089885069849,605.5253532140405,621.4043579101562,10121546
2023-05-31,620.6805196267261,627.6306087682174,617.784654060816,626.9548950195312,2740993
2023-06-01,627.5340445660989,636.2216412638292,624.9760653327999,626.9548950195312,2453298
2023-06-02,630.7195265137856,632.0226424160711,621.211399483379,623.0454711914062,1537757
2023-06-05,613.9235026070683,624.8795038118221,613.9235026070683,621.3079833984375,1619948
2023-06-06,622.113555303727,624.674313522325,615.5909293672217,621.3405151367188,882889
2023-06-07,621.6940389718783,634.9667556831333,621.5975336896827,630.2368774414062,2220779
2023-06-08,632.263924734933,634.9667205688145,620.1013140242014,621.645751953125,1224083
2023-06-09,623.5763573945545,624.4933932328531,616.7228327607013,617.929443359375,745628
2023-06-12,619.6669570848851,624.5416521693608,616.433205297921,623.4798583984375,864306
2023-06-13,619.0877356466706,627.9201486992141,619.0877356466706,625.1207885742188,956702
2023-06-14,624.3967785136867,627.1961384427204,619.7634059729832,621.1630859375,785495
2023-06-15,621.163064105329,626.4721501233233,619.2324873715129,620.680419921875,765612
2023-06-16,622.6110403878348,647.3707123047539,620.8735329886632,641.9168090820312,5271115
2023-06-19,639.0209329985028,651.5696824380504,637.2834256286405,644.6678466796875,4493884
2023-06-20,645.2953625045325,647.61207847206,637.2834797346791,640.9998168945312,1519178
2023-06-21,640.9997055622173,644.3299620934207,636.1250112652648,639.3587036132812,1006572
2023-06-22,640.4206147962411,643.5578021649834,619.5220969117003,622.5145263671875,1913224
2023-06-23,622.5145866251775,623.5763804246114,603.884471160378,606.0081176757812,1975633
2023-06-26,603.3052932230374,611.7033146880086,600.071600417975,610.4967041015625,914109
2023-06-27,613.4408134633533,614.4061019188424,607.3112553376099,608.7108764648438,871962
2023-06-28,611.0276120994434,612.475544829537,604.8014895767349,606.973388671875,1192576
2023-06-30,610.303638910197,619.2325573126001,608.3730619583262,613.0546875,1309614
2023-07-03,613.7304363252391,617.8329125826492,610.0623516901562,611.1241455078125,782176
2023-07-04,611.9929093595425,614.647452736102,605.2841424972942,606.8768920898438,939181
2023-07-05,607.8420303087232,611.0274697897258,605.3322454778424,608.7107543945312,690230
2023-07-06,606.2011391749278,611.3654087525606,605.8150002330449,610.3518676757812,824834
2023-07-07,610.3519069842408,614.3578778272824,605.2358897157242,608.7592163085938,1054909
2023-07-10,609.8209775465157,610.0622996587224,593.0249349703117,594.5211791992188,1947356
2023-07-11,594.8590065704987,602.8708889121987,593.6523960095037,597.5135498046875,1079845
2023-07-12,598.3340104992054,600.843795770187,593.7488904511089,599.154541015625,957020
2023-07-13,601.3747102126858,604.8497250999505,593.1697583076974,596.3069458007812,966834
2023-07-14,598.3823047420691,602.0503888911182,595.1968058781172,601.2298583984375,757598
2023-07-17,600.4576720458944,608.0834744120419,600.4094194064188,603.836181640625,1006467
2023-07-18,604.2704790914527,606.2493083339269,598.4787492599053,601.2297973632812,763870
2023-07-19,601.3746210063199,605.7184184293191,601.1815515597709,603.787841796875,655382
2023-07-20,603.2087511396219,605.1875805973541,600.6024606486075,603.4500732421875,635393
2023-07-21,602.339974551542,608.5178440109901,598.8649598034334,601.47119140625,1112376
2023-07-24,601.5677927769999,605.2358772192646,596.8861082970745,598.7684326171875,875139
2023-07-25,599.9268277710989,603.3053376620062,594.2316018169549,597.947998046875,842704
2023-07-26,597.9478629717182,602.3399130544354,597.1273325479319,598.478759765625,781540
2023-07-27,601.2782202324288,603.2087972003717,595.6312472512758,597.9962158203125,904121
2023-07-28,598.4788702133158,610.0140795757342,596.7413626960033,608.7592163085938,1464610
2023-07-31,611.1941513812818,621.0022708409691,609.7929830328724,619.0696411132812,2235245
2023-08-01,619.7152425794924,626.3757570710269,613.5856839181013,620.439208984375,2000678
2023-08-02,620.6804964849874,621.8871070924622,608.710895692225,615.6127319335938,1033405
2023-08-03,615.8057792264224,639.6001041985865,613.0546717905831,637.283447265625,4563922
2023-08-04,643.3647550846988,645.6814709426893,628.9819335424493,630.8642578125,2364709
2023-08-07,635.1598141835137,635.6424584192155,626.6170347782057,631.1055908203125,1052162
2023-08-08,634.0014187911484,635.4493514127405,618.4120462485911,620.2943115234375,1180459
2023-08-09,623.3832311146829,630.6228940470689,618.1223976005101,626.1343383789062,1792990
2023-08-10,626.4239020873312,626.4239020873312,613.054622757585,624.0106811523438,2510995
2023-08-11,624.5416300302181,656.1065742740934,623.0454447091244,639.5036010742188,8325028
2023-08-14,641.2949500356934,641.2949500356934,617.0404090296413,627.7665405273438,2976922
2023-08-16,627.099648576533,627.2444064902979,616.9158085642903,619.0877075195312,1177223
2023-08-17,621.0665679122126,629.5610938818468,616.819275469132,626.5686645507812,1611226
2023-08-18,626.9559746244023,636.057752953378,620.7106098528214,622.986083984375,1353750
2023-08-21,622.9861333327143,631.3132476220215,620.0813177761713,629.86083984375,1495106
2023-08-22,630.4418895115572,635.6705820667157,626.7140658685175,631.0228881835938,1048022
2023-08-23,632.281528910642,638.6720995909628,627.972707284405,629.037841796875,1078844
2023-08-24,631.3616178069786,643.4166135832284,631.313216036516,638.6720581054688,2183330
2023-08-25,639.4467372637012,648.7421231499834,630.3449584636405,637.3649291992188,3014348
2023-08-28,638.0910559775481,662.3946522243486,635.3315052474402,656.5850219726562,5261237
2023-08-29,662.2979684595724,664.2345122269982,649.952501942234,651.162841796875,2900392
2023-08-30,656.488397784239,661.1360914355517,649.7104939723074,651.2113037109375,1632153
2023-08-31,655.5200089045934,657.2628863256791,647.5801683211799,650.6786499023438,1663214
2023-09-01,654.3096863288516,667.7686883478359,651.2112046663565,666.5098876953125,4146601
2023-09-04,672.259199425112,686.2656211812345,670.8052468378636,681.6614379882812,6419929
2023-09-05,686.1201416625025,689.6096630606072,674.633940902249,680.3528442382812,2678643
2023-09-06,679.6300590872218,693.1858654645815,673.9656331060781,686.0206298828125,3235426
2023-09-07,686.1685828482802,691.6451010445575,682.8244807077733,685.5385131835938,1886439
2023-09-08,688.2041657346583,734.7306445448887,685.5870394692873,703.2767944335938,13572298
2023-09-11,710.4980959482152,710.8858402654379,694.1653871206811,695.3770141601562,5096622
2023-09-12,698.0756514228322,699.3827948732821,664.2345360534449,666.36474609375,4330553
2023-09-13,667.0909619185547,672.6585255488156,658.9574540192438,665.2028198242188,2241575
2023-09-14,675.8537768087098,681.9538778742208,669.7052739685967,674.3045654296875,2678027
2023-09-15,679.6783470993846,680.549756190043,671.980575089515,673.5782470703125,1614958
2023-09-18,673.9657056256067,675.7085833847922,666.171127939644,667.478271484375,1032981
2023-09-20,666.4130611953572,666.8003935518094,654.1159976107497,657.0208129882812,1353493
2023-09-21,656.3914838999058,661.7653806278221,646.805569337639,650.0008544921875,1346593
2023-09-22,651.6470093922468,653.9708856654893,640.0277462232914,642.3031616210938,1386201
2023-09-25,645.837359731835,670.2378235234378,645.837359731835,667.3330078125,4487685
2023-09-26,667.3329006574675,669.5599138585316,658.4731905222785,659.9255981445312,1055108
2023-09-27,659.9257160110885,664.7186738402962,652.7120783791121,660.3614501953125,1155826
2023-09-28,662.0075020623638,666.5583917585559,648.742165368682,650.7755126953125,1109275
2023-09-29,654.6486331029769,661.6686046476931,652.4216194671376,659.2479248046875,846290
2023-10-03,659.0543298561025,684.9556046541564,655.3264473699148,681.2277221679688,3635424
2023-10-04,677.7419010011013,686.9404836816115,675.0307516097284,681.7117919921875,2562621
2023-10-05,684.3269558545605,704.1976394169096,683.9877239461356,697.3640747070312,5547419
2023-10-06,699.7872690769971,700.4657919974157,692.0813098867203,697.7032470703125,1644795
2023-10-09,687.234787669552,688.2040892036416,676.8147961780885,681.2735595703125,1760290
2023-10-10,682.3882474157791,689.7549150585215,681.4189459279727,684.0360717773438,1371262
2023-10-11,687.4729538712454,689.2158312303502,681.1307856235654,682.2442626953125,946589
2023-10-12,683.3576003826759,685.9747264292018,677.1055934830505,678.75341796875,1230285
2023-10-13,676.0958271639417,684.0840700197992,671.2060660840204,681.8086547851562,1018087
2023-10-16,682.6316076297115,686.553096534669,679.0005884401918,681.033935546875,799567
2023-10-17,681.4697384861767,696.574815299106,680.7435345749385,691.9270629882812,2163042
2023-10-18,695.5580694612577,695.7033338802231,676.9188360900756,681.5181274414062,1690083
2023-10-19,679.1458917344248,682.3895787566781,668.3980388588635,677.451416015625,1100204
2023-10-20,677.7902397717827,681.1791909706416,668.1075220607572,670.140869140625,1232956
2023-10-23,670.673547419203,670.673547419203,641.9642622767285,645.062744140625,1717013
2023-10-25,646.0794391749712,651.6470027197537,630.4418240140876,637.1713256835938,1305923
2023-10-26,635.5736611067945,635.5736611067945,615.3851577298964,624.583740234375,1821947
2023-10-27,629.2799315336151,640.6086654862289,627.8275236834208,638.4300537109375,1056784
2023-10-30,641.3868852338948,645.3609981583128,632.4692986165088,642.937744140625,988891
2023-10-31,643.6587455580146,647.6770975826714,641.9158679576506,644.2396850585938,603228
2023-11-01,644.9174302401144,648.7421157271855,631.3132230658581,632.13623046875,840037
2023-11-02,637.0744890181619,642.4967878535372,629.0862460864997,634.508544921875,1442254
2023-11-03,639.0594717533959,644.9659068680289,637.171329676217,642.5452270507812,763012
2023-11-06,649.9167457290843,653.454720358494,645.9426326934672,650.8860473632812,734713
2023-11-07,652.5668813693738,661.6202003076941,648.7421954125147,659.489990234375,1366389
2023-11-08,668.1076793927683,668.1076793927683,650.2430491892786,655.42333984375,2294522
2023-11-09,657.4565669159865,658.328035194941,643.319821959009,649.274658203125,1785791
2023-11-10,648.6454202345359,654.6486592056525,644.6754696745363,651.114501953125,711757
2023-11-13,656.2171767301602,656.2171767301602,648.5112172538406,650.4013671875,517232
2023-11-15,656.1978783780453,657.408218252913,652.6152605287112,655.8589477539062,736475
2023-11-16,655.5200544462491,662.2011539729651,654.2613128379385,658.0859985351562,1042850
2023-11-17,660.5155655724144,691.4688560629868,658.1345295384913,687.4356689453125,4894657
2023-11-20,690.6477510604893,692.6907759454466,675.9085907136222,682.2809448242188,1714181
2023-11-21,686.1724131218921,700.3765000825522,684.4212405869878,689.7234497070312,4324116
2023-11-22,689.0392835344587,691.760442325393,673.5383174082265,680.2926635742188,1440191
2023-11-23,684.1800502232143,686.5610864090867,679.3208169119699,680.2926635742188,1285720
2023-11-24,683.9348038272075,685.2968599054225,672.8439454185913,674.0114135742188,896138
2023-11-28,677.5715627178339,679.5152562085237,673.2954133115892,677.1828002929688,877968
2023-11-29,677.9027735228457,690.2583614243175,677.9027735228457,681.50244140625,1575534
2023-11-30,681.0161681112735,690.7449705128631,681.0161681112735,686.6102294921875,2128035
2023-12-01,690.0111696165542,690.0111696165542,680.2927024388563,681.5560913085938,1060638
2023-12-04,688.0674577995032,703.6170048684186,686.1237644158888,700.5556640625,4528427
2023-12-05,705.0949835006203,709.1810925559071,689.8207512162791,695.7066650390625,2826160
2023-12-06,699.1465246195451,728.7878483299023,696.4253064648152,719.6524658203125,10164743
2023-12-07,722.606821029181,741.5779863069582,712.1483581196371,737.2486572265625,7412553
2023-12-08,741.7725295617619,748.9718075030746,719.1530646313474,729.2223510742188,4842223
2023-12-11,729.808293003267,744.969077833412,728.8850267726585,740.6443481445312,3619579
2023-12-12,744.8233206866108,764.2602543233511,741.8591408535567,748.905029296875,7248708
2023-12-13,752.598173552245,759.546842470485,742.2965620477023,756.0482177734375,2986173
2023-12-14,777.4287559696179,777.4287559696179,763.3855597168117,768.779296875,5071262
2023-12-15,774.5618649580418,774.5618649580418,756.7285007023602,758.8665161132812,2894186
2023-12-18,762.7538023336032,864.3117749695263,757.1656842220572,854.3989868164062,36365109
2023-12-19,856.3913647293314,890.6975430114156,828.2078090857623,857.2659912109375,37499776
2023-12-20,861.7364867007662,864.9435689695373,782.5795605760898,792.2008666992188,17968498
2023-12-21,785.1142771441072,850.7836869424061,780.1526121557479,844.7031860351562,25159581
2023-12-22,850.3658564425374,861.9308558168818,829.8599149453347,836.662841796875,10046698
2023-12-26,840.6473428199099,859.0152680255898,834.8162629853209,845.3121948242188,6342848
2023-12-27,850.1714339838549,859.7927395051469,834.7676883728128,843.0769653320312,5028695
2023-12-28,850.2486919514747,851.2702043206801,838.6713934207546,840.7144775390625,3578585
2023-12-29,841.6192722546215,869.8028275610695,834.8649255850576,862.5139770507812,10705182
2024-01-01,866.8873168551752,891.0376853076527,862.9999297840758,866.7415161132812,9040913
2024-01-02,870.4830928797147,877.8691040036356,842.3966997867137,861.2505493164062,5242381
2024-01-03,861.3477395655075,884.3805187862715,861.2505786198401,873.9331665039062,6852189
2024-01-04,879.3864016635331,887.2667072191142,870.9709645152543,877.10009765625,4427039
2024-01-05,879.5213102904908,897.45189472276,868.879576495988,880.39599609375,9811302
2024-01-08,888.4622168204253,902.8455353370285,880.3472617254251,890.7460327148438,9604429
2024-01-09,898.958200682507,900.610351941719,886.3241935377799,892.9327392578125,4254653
2024-01-10,894.0989640615904,917.9092082132306,881.853719367473,915.1880493164062,8474409
2024-01-11,923.2633251275894,925.9873778568336,912.561642749925,914.7992553710938,6012001
2024-01-12,918.9781554736984,934.9164640342711,914.8478072698048,924.4205322265624,6044161
2024-01-15,933.9447079795294,948.9597518286199,924.2748211480117,940.16455078125,6618736
2024-01-16,942.691302292824,944.149072347916,908.822468406246,922.9142456054688,5464749
2024-01-17,918.29798014278,923.740297992866,905.7611338551828,908.3851318359376,3782327
2024-01-18,909.7401119926028,918.3987681989754,846.6974965600062,902.10302734375,6557942
2024-01-19,908.6767335383596,960.9620781074703,907.7534672398498,956.1028442382812,14486659
2024-01-23,1015.6283703572647,1017.4262628999743,900.5617053867607,909.0167236328125,15704924
2024-01-24,914.9936978967206,949.4942568721148,883.5058400628735,943.2744140625,8909650
2024-01-25,948.0850443392411,962.0796606643145,932.0009931815873,942.9828491210938,6428039
2024-01-29,956.2000935646746,962.031174384908,945.2668170267368,954.1591796875,3870322
2024-01-30,959.6003681000176,959.892279665936,935.0838343957728,937.9051513671876,2502690
2024-01-31,941.6223434748669,954.2563512741503,937.8321174083544,949.6886596679688,2254800
2024-02-01,960.670418167175,965.5296514406558,931.0776756683138,936.1798706054688,5130192
2024-02-02,941.6708472564354,958.5323633347255,936.7630334128628,940.2616577148438,2803549
2024-02-05,944.537785199806,945.4124115968838,914.6535006383313,919.9986572265625,3260389
2024-02-06,923.2543502685105,941.1363529899105,913.0499600813322,938.0750122070312,2521842
2024-02-07,941.719482421875,945.218106927056,921.6022432250412,927.8706665039062,1956892
2024-02-08,930.6403349028972,931.563601090297,915.2851695875337,917.7633666992188,1638646
2024-02-09,922.3797276210634,927.5305628546711,890.2116238906082,912.7098999023438,2482688
2024-02-12,915.430973600062,920.3387873715744,868.830914371898,874.7591552734375,3029950
2024-02-13,874.759221803803,888.9482197144641,852.309585968531,884.81787109375,3906213
2024-02-14,889.7256060540674,907.7047690382292,872.0379852008808,903.0399169921876,4480920
2024-02-15,912.029570313939,940.7476291546243,908.8710684598557,924.712158203125,4532823
2024-02-16,930.0573341136974,932.827073607685,910.7175601791724,914.1676635742188,2036667
2024-02-19,915.479629972074,929.814369401042,913.0985935933902,920.290283203125,2063916
2024-02-20,921.7066950052906,929.0032962660042,918.6420987238338,926.0846557617188,1723035
2024-02-21,925.8297724267084,932.5354789937916,896.1398086107054,899.6870727539062,2291737
2024-02-22,901.9709204280476,912.8070351226934,891.2806064686655,909.3084106445312,1724197
2024-02-23,920.6303213860054,943.6630988970086,917.5690400229254,937.6862182617188,7709557
2024-02-26,939.7271629838597,962.0310562456561,936.8602034026154,941.1363525390625,7397592
2024-02-27,941.6222888071982,946.5786832370522,921.456469836799,925.9269409179688,2829201
2024-02-28,926.1699482847506,932.6327528678194,894.099005689371,898.0349731445312,2972449
2024-02-29,897.0145609713817,907.6562948744383,886.7130090249817,901.2907104492188,3232361
2024-03-01,907.7047761044831,911.640743195321,900.9018495169763,903.1370849609375,1305118
2024-03-04,908.4823635780672,919.2212586986866,897.9378496779879,911.59228515625,2010812
2024-03-05,911.5921149203696,914.7506163846459,902.5053728960214,909.4540405273438,1167131
2024-03-06,909.648511469426,910.6203581697139,885.8868477840251,902.8941650390625,1888149
2024-03-07,905.372381075982,919.8043404652564,903.9632507847338,910.8147583007812,1565514
2024-03-11,910.8147431727604,933.9446828727388,904.8378622143304,912.17529296875,3587812
2024-03-12,912.5640376052639,914.8964933769872,889.725640497997,895.022216796875,1570749
2024-03-13,899.1039251216648,905.2751274381313,844.5347136271994,855.8567504882812,4244094
2024-03-14,850.4144263856973,879.86136895802,838.4607240721978,873.4472045898438,2731461
2024-03-15,873.6901890919306,890.3573838341481,852.3581420221516,886.8101196289062,3393550
2024-03-18,886.8100649620219,896.9658742816617,878.5493684664852,893.0299072265625,1605008
2024-03-19,893.0299191818013,893.0299191818013,874.6619935896927,880.8818359375,1737458
2024-03-20,880.4931538980546,890.6975447544891,857.9462974757121,876.5086059570312,1978201
2024-03-21,887.2959901779594,917.3260753466328,884.574831425223,908.4336547851562,3688075
2024-03-22,912.4669257361552,914.4106192115188,900.4160024621741,902.5540771484375,1554947
2024-03-26,902.5540196272316,910.3773735036118,894.2447424129795,902.6026000976562,1707716
2024-03-27,905.7027995965676,914.7019411040766,901.2762067310148,904.7299194335938,1511283
2024-03-28,907.1217235200256,912.95280365583,898.9581876031737,903.52587890625,1729773
2024-04-01,903.8660675261876,945.5583172685184,903.817487051538,942.837158203125,4502891
2024-04-02,943.6145335548914,983.800369524283,936.957348293258,975.5396728515624,8068586
2024-04-03,974.7622516350733,1008.7282467485655,964.1690987529906,986.0842895507812,7346168
2024-04-04,991.2835928772039,993.7132095264127,966.0641601950537,970.0487670898438,2790135
2024-04-05,969.9029701990581,982.4883963550839,965.8697828186996,974.713623046875,1970844
2024-04-08,976.7059554928122,997.1147366523636,969.9030284396284,986.2300415039062,3002278
2024-04-09,990.9435038770567,1001.8767791692562,977.7749337383335,982.0025024414062,2439829
2024-04-10,986.0842616303095,1000.5161611607348,984.8694532753304,994.1991577148438,2728295
2024-04-12,993.956302660963,1038.7098947123538,988.2223828836852,1027.873779296875,10944073
2024-04-15,1015.531158327926,1018.7382998806924,990.263203528931,1000.5161743164062,4729372
2024-04-16,996.812970740438,1008.7794440029462,978.9606438687996,988.884033203125,2760799
2024-04-18,993.6160749737588,1004.4035494559944,960.184525266108,964.9951782226562,2259164
2024-04-19,963.1512857252552,978.8633228756578,944.1801240367274,965.0970458984376,3556149
2024-04-22,976.657397480501,979.6700986608968,966.9875105120173,971.8953247070312,1465887
2024-04-23,976.705949153144,990.943527263048,970.680487653214,987.6878051757812,1744634
2024-04-24,994.1991552165105,999.0097488366874,988.2222743983073,996.4829711914062,1689611
2024-04-25,1001.0020288042216,1008.7768018434778,993.7131790799192,998.864013671875,1586884
2024-04-26,1006.250055632588,1030.2801494810624,998.7588067081537,1016.1246948242188,3367252
2024-04-29,1022.3826576420862,1037.93220376592,1008.436682188997,1015.8226928710938,3571796
2024-04-30,1020.9249357772076,1027.922184409045,1005.0837874640052,1009.5057373046876,1889199
2024-05-02,1009.505689651586,1046.1442602485483,1007.6106361713928,1026.5616455078125,3702221
2024-05-03,1031.3236043680656,1045.3182196762357,1011.6923497419872,1022.8199462890624,2504576
2024-05-06,1025.2981882613908,1027.43620338062,978.7953510323732,993.421630859375,3652645
2024-05-07,996.1428330780936,1000.1273806836808,959.4556214208272,965.5296630859376,2314924
2024-05-08,961.156391521878,987.3962525644368,961.156391521878,979.0869750976562,1871931
2024-05-09,980.5933259809724,984.9180556843904,955.0337694862588,958.3380126953124,1962409
2024-05-10,960.5247251297408,975.6855702328191,955.3253686709246,967.5220336914062,1307761
2024-05-13,971.5551721093852,971.5551721093852,946.092776332402,962.2740478515624,1422203
2024-05-14,966.2586024700375,1003.4803793422512,965.6755181640945,997.7464599609376,2536531
2024-05-15,998.1352544698184,1010.62346151098,991.5266491002826,999.690185546875,1328038
2024-05-16,1001.9739383695676,1015.2881905821324,1000.1274059300366,1011.2064819335938,1662931
2024-05-17,1011.789694764854,1069.0314958608596,1009.8946409301948,1062.9088134765625,6852207
2024-05-21,1077.778033166181,1090.7036422437202,1056.9319680755284,1084.1436767578125,4808902
2024-05-22,1089.5372441445425,1104.8924685067118,1074.9110233958406,1094.29931640625,3646850
2024-05-23,1098.3817202177968,1108.0132577254285,1086.317982266813,1091.6688232421875,2440066
2024-05-24,1092.3557212731107,1092.3557212731107,1075.8343269122183,1077.82666015625,2116118
2024-05-27,1084.6781160935236,1088.22538039936,1064.2208135229505,1070.2462158203125,2681079
2024-05-28,1073.8906450138654,1076.4174228048182,1047.4078214151073,1052.607177734375,2907482
2024-05-29,1016.648741173163,1031.4208812057198,998.2322948928839,1013.5388793945312,7214522
2024-05-30,1013.5389279059032,1024.1806016153266,991.7695385126576,996.4829711914062,2329426
2024-05-31,1006.250057984416,1008.5338739143506,969.9029690836154,991.6237182617188,4783658
2024-06-03,1054.4051064147693,1054.4051064147693,1008.9712698846624,1024.5694580078125,3598463
2024-06-04,1026.2701520916746,1026.2701520916746,821.5020331774439,886.372802734375,11464052
2024-06-05,918.3950809743679,918.3950809743679,833.844422725934,893.0299072265625,8798437
2024-06-06,916.354272524287,957.123193929736,899.638497505427,945.8983764648438,5451521
2024-06-07,950.4661062148429,954.9365774662224,937.8320986680196,950.22314453125,2476737
2024-06-10,962.1282176399149,962.9542635950012,945.2180616031544,950.368896484375,2242074
2024-06-11,957.3661013871796,1006.8331190924828,954.936484787053,991.3321533203124,8695834
2024-06-12,998.0866036577232,1004.8895308491586,986.5216037055562,998.0379638671876,4385975
2024-06-13,1007.8050800828886,1007.8050800828886,984.9666814503448,988.9026489257812,1996303
2024-06-14,995.1710620230954,998.7668475085919,986.0843187284202,989.5343627929688,1511522
2024-06-18,990.3118849706074,1009.4086982357778,990.0203427952168,1003.3346557617188,2486989
2024-06-19,1006.6873923811409,1007.8050398260928,974.6650906906495,986.0842895507812,2550530
2024-06-20,988.7082390880423,998.0865836838528,978.8440304479559,987.0075073242188,1694557
2024-06-21,990.1173572422124,1016.5515980412556,979.815806457238,983.8003540039062,5664314
2024-06-24,991.2836105697847,1008.7282109690078,979.2326880478971,981.80810546875,4131226
2024-06-25,985.452520461897,990.117372600721,959.309821389585,967.0845947265624,3163136
2024-06-26,971.8467372705388,974.519315798033,960.1845764232924,962.5656127929688,3137677
2024-06-27,963.1000559091267,974.1304919549225,955.6654051110543,963.343017578125,2402997
2024-06-28,967.6677761386486,979.135555395551,960.1845446459597,961.3993530273438,3777772
2024-07-01,962.1282099169268,971.1177916762516,961.2049437107145,964.89794921875,1815971
2024-07-02,967.1818474705682,985.9384769126906,963.1486599398129,978.2608642578125,3155918
2024-07-03,979.0384528468148,981.565230704078,972.9157707859976,975.9771118164062,1904860
2024-07-04,981.3707433266582,988.2708901881352,974.373435526112,977.726318359375,1498265
2024-07-05,976.7059784955446,1005.3268176756164,974.8108654798763,997.30908203125,4670941
2024-07-08,1001.0021779090789,1022.1398452581298,998.8641624582629,1016.1629638671875,6083179
2024-07-09,1023.2087702907007,1025.2982644141,994.3935513406209,998.9612426757812,2638133
2024-07-10,1003.383094431114,1008.0966459103868,965.7726739772272,993.08154296875,2295822
2024-07-11,1001.2451133929296,1012.4699907999764,998.0379716670202,1000.4190673828124,2328069
2024-07-12,1001.9738928356005,1029.6228824831915,993.4702346762296,1013.6846923828125,4997763
2024-07-15,1017.3776677859948,1017.9122309105849,1005.9099482035499,1008.6796875,3052646
2024-07-16,1012.6642807792759,1015.5311811456875,995.6569632038082,1000.0302734375,1242326
2024-07-18,998.9126453562128,999.7873311466406,975.831285341892,981.8081665039062,1850857
2024-07-19,984.1405146176081,986.3757500055658,957.2689315434953,961.2534790039062,3195475
2024-07-22,962.128326984666,983.4603759968318,943.66323788092,977.9208374023438,2819852
2024-07-23,987.1047326493311,987.1047326493311,913.5845040122387,945.5097045898438,5290749
2024-07-24,947.25893357478,960.4274437070981,941.3792732555692,946.7730102539062,2446557
2024-07-25,943.6145465369862,945.2180579701342,927.1417334349212,941.865234375,1573736
2024-07-26,948.522357974423,963.4401807588732,945.509656998566,956.4429321289062,1990326
2024-07-29,962.1282249841587,972.6241573933503,957.5605336688508,963.5374145507812,1761942
2024-07-30,966.5016360025031,969.9030997792842,960.621974766003,961.7395629882812,979935
2024-07-31,962.1282374154738,966.4043866418242,957.7549272454035,959.8444213867188,994897
2024-08-01,962.0310736397269,966.9874680911564,948.5223807607724,952.8956909179688,998861
2024-08-02,945.3637680220758,949.008192725322,936.5199878022548,939.1925659179688,1102487
2024-08-05,918.3951018347346,927.1417218522084,895.2165825151548,899.444091796875,2629317
2024-08-06,899.4441522524804,920.095895348499,890.1144473334765,893.27294921875,1708694
2024-08-07,901.7279534985734,907.8019954855951,895.3623693595379,904.6434936523438,1174614
2024-08-08,904.643532043867,913.4387926677832,897.5490625653117,899.7357177734375,1150268
2024-08-09,906.2956504462643,909.3084108802339,899.9300662685274,900.8533325195312,569574
2024-08-12,900.3673347910953,906.9758801039524,889.2882593277673,898.3750610351562,1267706
2024-08-13,903.574507679983,905.2266590034766,885.6439234405015,892.5926513671875,1973513
2024-08-14,901.8737834391964,902.8456301885922,880.7846971139464,884.2347412109375,1764250
2024-08-16,889.1426043531949,899.8329184715589,885.6439205061853,898.7152709960938,908032
2024-08-19,899.9300409671713,914.216199269214,899.1039950018647,911.3006591796876,1252866
2024-08-20,913.5843844366622,915.8682595366728,900.3187139371829,904.7891845703124,1191423
2024-08-21,903.8660278958051,912.2725257302858,901.6307923085516,908.4822998046875,943091
2024-08-22,908.6766098395634,915.7710784594406,906.1011925127588,912.9527587890625,841250
2024-08-23,912.5624926168481,915.5880770529492,899.8744579601433,901.1432495117188,1246894
2024-08-26,905.5352269398763,909.2928728024315,902.9000079284485,908.658447265625,765618
2024-08-27,911.0983990801692,911.0983990801692,902.9488014489896,908.0728149414062,707733
2024-08-28,908.7559199886559,917.0031531735603,903.2903297202101,904.7543334960938,1063625
2024-08-29,905.1447555660911,906.2183345036063,892.4567228805264,900.8991088867188,1360184
2024-08-30,902.8022926788892,925.25034968604,899.6790728333668,910.4151000976562,2984431
2024-09-02,917.3921181952884,917.3921181952884,906.6935136239327,915.4868774414062,1054893
2024-09-03,915.4416309821964,926.2264475671723,915.2952067671433,921.4928588867188,1573400
2024-09-04,911.6351840550903,918.4184137969085,909.8296031377687,916.66162109375,1562616
2024-09-05,918.418083685285,930.679930216234,917.2456231410504,923.5475463867188,1929930
2024-09-06,922.908027989584,925.4456704733282,903.2416114855381,914.0264282226562,2639602
2024-09-09,905.7791853294084,910.4151975991208,896.8975856514104,904.75439453125,1435727
2024-09-10,904.8519605461292,911.2936132627076,899.874371257815,907.7799682617188,1256105
2024-09-11,904.7543699386932,911.5863878346704,898.0199284701853,901.0943603515624,1272594
2024-09-12,903.3879850356878,910.5128516902352,897.9223942899376,909.0,943329
2024-09-13,913.5871101959555,934.1319505017403,912.5623195052563,914.416748046875,2599598
2024-09-16,915.0023769956523,919.3456001925517,905.4375640622178,913.2943725585938,1136823
2024-09-17,917.9783142342362,917.9783142342362,907.1820295252916,911.6763916015624,828569
2024-09-18,907.6823659115463,910.5127971173071,879.6222927718077,883.819091796875,1847560
2024-09-19,886.2103411020049,892.3103572164184,845.267021027967,862.4447021484375,3593230
2024-09-20,866.78784367273,875.4742902244374,860.5414630745022,872.790283203125,1955170
2024-09-23,876.6943014140213,890.7487621365723,873.5710813011801,888.3575439453125,1325815
2024-09-24,890.1143220528646,897.4343411486941,888.1623169606434,889.821533203125,1174611
2024-09-25,892.0663471957351,892.0663471957351,875.4743035389216,879.622314453125,1074569
2024-09-26,878.402338903536,887.1863622925714,872.448746879156,884.9903564453125,1365404
2024-09-27,880.4030791710256,905.730356994613,880.4030791710256,902.7047729492188,2305800
2024-09-30,897.922401509778,910.3176465751486,897.922401509778,906.2672119140624,1988164
2024-10-01,902.802369984928,911.5863930442408,898.1663578147351,908.8048095703124,879838
2024-10-03,890.1143657225911,900.6551818236329,859.175071578885,865.1287231445312,4255223
2024-10-04,865.1286718248211,872.2534784242379,847.2189895451556,851.8062133789062,2313592
2024-10-07,856.1006938912948,859.6142793799022,823.0629705452548,837.117431640625,3166651
2024-10-08,833.5061628700627,856.1006453287436,831.4565813797166,854.0997924804688,1054400
2024-10-09,855.9542595433746,866.2998630255172,852.0014610228612,858.4430541992188,1230532
2024-10-10,859.4190478333514,870.594289131476,859.2726831906892,861.4686889648438,914176
2024-10-11,858.882215123114,873.1806758280659,856.9789983005093,867.8614501953125,690607
2024-10-14,867.861490744205,871.3750761420503,859.9558342433497,863.7622680664062,802776
2024-10-15,863.7623095463472,877.4263460815437,862.3958820646388,873.8151245117188,1234903
2024-10-16,872.3998738186012,878.7927383117911,866.3487055378396,871.1798706054688,716022
2024-10-17,866.6901790355248,871.570191304869,842.2901176888039,850.8301391601562,1864160
2024-10-18,848.4878224372086,862.6398599029568,841.9974409969234,859.8582763671875,891309
2024-10-21,858.5407304544053,863.4695317824667,830.7734439384625,838.1910400390625,964444
2024-10-22,838.1910446518536,838.1910446518536,809.1061782640558,811.4486083984375,1690141
2024-10-23,807.1541592660667,819.6957689887473,794.1733364543586,808.7645874023438,1551853
2024-10-24,808.764572770199,822.7701861559344,807.3005688802418,810.2285766601562,739626
2024-10-25,810.2284642878284,812.8636232678988,778.9475378544523,792.611572265625,1429801
2024-10-28,792.6116886329969,810.277371457594,789.634892613331,801.346923828125,903462
2024-10-29,801.3468663578935,806.617303854759,787.1460414424912,805.0556640625,849115
2024-10-30,804.2748564902164,836.3853628989522,799.3460557285717,819.2565307617188,1597691
2024-10-31,819.2565632217253,824.8197300930411,796.5645039640416,801.5908813476562,1241687
2024-11-01,805.641356677641,813.839742761046,800.4685548207657,811.7901611328125,353630
2024-11-04,813.010174220895,813.3517513062445,783.1933063961559,796.6133422851562,1622214
2024-11-05,775.9220118501404,811.741316638322,773.0915806831292,809.2036743164062,4430786
2024-11-06,814.9621238170456,842.5829838838172,813.3029075790132,836.7757568359375,3702637
2024-11-07,830.7245755663382,836.5317429517811,820.9645502859746,823.794921875,872399
2024-11-08,820.8181777724991,824.6733999151323,810.0821492879599,812.5221557617188,899276
2024-11-11,808.2276448047878,822.5748934401762,802.4204775977784,816.13330078125,730959
2024-11-12,815.9381233703467,823.5509312676033,790.562057332513,792.1724853515625,1007697
2024-11-13,790.2691428402098,797.6867371360707,777.3858994475154,782.1683349609375,1223260
2024-11-14,784.7187993630238,792.8112119814549,775.8907128701898,784.326416015625,845850
2024-11-18,786.5826288587418,795.4107164559475,771.9672154445367,781.874267578125,1009781
2024-11-19,780.795234482263,800.0699146580923,780.795234482263,784.81689453125,774201
2024-11-21,785.9939853680727,785.9939853680727,768.0435541229658,778.686279296875,1176124
2024-11-22,777.85248777523,794.9691780740287,776.430173017924,793.1544799804688,704780
2024-11-25,804.336830197199,810.8107368339939,794.9202278401704,796.5877075195312,1214000
2024-11-26,798.94188445134,806.2986237188478,796.4896380288375,799.38330078125,746418
2024-11-27,797.470483275877,815.1266563373355,796.4895847724626,806.8870849609375,1161326
2024-11-28,806.8870904425193,811.497325413745,795.7048833492053,798.794677734375,1145818
2024-11-29,798.7946013194702,807.1813306737752,794.52771715653,800.3640747070312,1333757
2024-12-02,799.4323386608716,803.9935409825453,793.6450131203927,800.9036865234375,985235
2024-12-03,800.9036202503039,818.6578590417546,800.9036202503039,815.9603881835938,1104201
2024-12-04,817.0884687576097,822.9738598891171,809.535538164983,816.7451782226562,1153943
2024-12-05,817.0884329678104,825.4260700389106,815.5190193492025,820.8648681640625,1345367
2024-12-06,820.8649299195193,827.7803126118305,813.3610919125744,814.7343139648438,1312492
2024-12-09,814.7342641998589,824.5432491281948,813.9985903302338,817.7750854492188,970147
2024-12-10,822.6796295940876,831.5567495380334,817.1375288137062,819.05029296875,1006094
2024-12-11,821.2082815613852,840.6300609609528,817.4317862060855,839.1096801757812,2301272
2024-12-12,838.6682331314719,843.2784681412581,820.0801942361611,823.856689453125,1281101
2024-12-13,819.0993158540732,823.2191017059963,804.5329964472082,819.49169921875,1034298
2024-12-16,819.0502437059532,827.7802642632308,819.0502437059532,826.406982421875,729632
2024-12-17,823.7585779309348,826.4070159499748,809.2412915830614,811.0068969726562,762025
2024-12-18,809.1922077169828,811.0068459453068,794.5277635637684,797.470458984375,724323
2024-12-19,789.6232985564395,792.811218705891,783.0512665821732,790.1627807617188,808692
2024-12-20,787.6615628019654,797.1762910388127,766.081793958076,769.2697143554688,1390018
2024-12-23,771.7710051241145,777.4111720640145,762.3544025286967,773.144287109375,1084917
2024-12-24,772.3103513248748,777.8034184289291,764.5122567380334,773.732666015625,834321
2024-12-26,772.9971192178657,777.0678723000889,763.6295496894337,767.455078125,827630
2024-12-27,762.4033762956607,770.9862383639618,762.4033762956607,764.3651733398438,636165
2024-12-30,764.3652061276931,766.7684195837634,750.4854674970011,754.261962890625,2554813
2024-12-31,753.2320074622539,774.8117751889368,752.349174834808,771.8690795898438,1077161
2025-01-01,770.005282647154,779.4709766299592,769.2205758616263,773.830810546875,581539
2025-01-02,770.0053168573494,780.7952002782804,769.0244183645374,779.3238525390625,809623
2025-01-03,775.8907273699872,789.1328573567063,775.8907273699872,781.0894775390625,862604
2025-01-06,780.7952652531642,787.6125223193724,750.387409445566,755.6351928710938,1421671
2025-01-07,755.2918084903567,768.4358717027103,755.2918084903567,760.5886840820312,676868
2025-01-08,757.3517154471568,761.1772435829847,747.2484727703652,755.1937866210938,783013
2025-01-09,755.4390075413424,756.370813225618,747.444660778215,749.2102661132812,607785
2025-01-10,758.0383484502627,785.4544734855268,740.8726247087744,764.26708984375,6281464
2025-01-13,764.2671159209226,764.2671159209226,729.5432839056291,732.5840454101562,1644645
2025-01-14,733.7121180097328,750.0931358268574,733.7121180097328,743.27587890625,1291155
2025-01-15,745.4829202407785,755.6842894128453,740.6274602995612,745.04150390625,865946
2025-01-16,753.3300046568096,758.4306885371981,747.4446139954283,748.6217041015625,1389758
2025-01-17,749.4064323314623,766.9645389214998,744.6000058727193,764.3161010742188,1489997
2025-01-20,766.0817187549908,785.4544638835581,760.3925195012195,775.98876953125,1405314
2025-01-21,776.8226404555128,782.2666155869921,766.3270137019907,767.7493286132812,873078
2025-01-22,768.1416436548228,769.3187339087525,742.6382809199663,755.9295043945312,1097030
2025-01-23,755.8803590601631,782.1684867176158,752.1529567394072,780.010498046875,1235738
2025-01-24,783.9340432238579,787.1709960937501,769.3186325573921,772.45751953125,1303909
2025-01-27,764.26705398049,767.111623574022,730.7693478462639,733.4177856445312,2669886
2025-01-28,742.5401568694274,744.7962114223849,722.2355461542253,735.722900390625,1371367
2025-01-29,734.6929723591768,749.9459319743505,734.6929723591768,747.8370361328125,699239
2025-01-30,749.4064565323131,770.0053251019185,748.4745909803055,764.1199340820312,2153478
2025-01-31,767.8963761990103,812.9686748008849,760.1963468272518,806.5928344726562,3111982
2025-02-01,815.7642935400069,815.8623594461445,772.0652157517833,779.5200805664062,3990832
2025-02-03,772.9481275838136,772.9481275838136,744.3058753492334,757.891357421875,1830063
2025-02-04,759.3134826034733,770.9861983583971,759.3134826034733,766.9645385742188,1037714
2025-02-05,766.0817417871531,782.3156002698594,766.0817417871531,776.7735595703125,972279
2025-02-06,776.7734993283465,779.7161946511675,767.0625808153217,768.8281860351562,630878
2025-02-07,766.0817614868073,772.1633444225336,753.8695626621021,759.3135375976562,616852
2025-02-10,755.2918063400356,772.3103704962151,752.5453026544753,758.921142578125,1491971
2025-02-11,762.9428126789965,763.1390043454885,730.0827141628347,736.605712890625,1244409
2025-02-12,740.5784169274687,750.0931449863565,708.2577972214767,744.649169921875,2623575
2025-02-13,744.6491775924344,757.2537003408025,730.7694388003858,732.0936279296875,1038398
2025-02-14,736.6548196863463,738.3713921689708,712.4756461976575,718.6062622070312,937949
2025-02-17,711.151418170278,718.6062228820007,701.6857236220872,711.5928344726562,1010707
2025-02-18,711.1514801407034,714.5846252172447,695.7513602520725,705.4622802734375,1091654
2025-02-19,703.304165517491,718.0176417835473,697.9092242199371,714.3883056640625,785782
2025-02-20,710.4485531898785,725.7153669439414,705.2282998651003,724.4349365234375,811604
2025-02-21,719.3623574581165,732.7085550271006,713.600390771945,720.10107421875,1034460
2025-02-24,712.1722098071969,717.2447557299472,705.4745230428799,709.5128173828125,811313
2025-02-25,705.6714734234044,713.4525868334114,694.5907225814054,699.6632080078125,890830
2025-02-27,699.6632834856894,703.9478770102924,681.5893697648519,683.9039916992188,1401348
2025-02-28,679.5210027742984,681.540150058626,651.5974709121055,660.8560791015625,2521717
2025-03-03,662.9243789871815,670.6563168022758,646.1801331701106,666.4209594726562,1528561
2025-03-04,664.7959508643191,671.2473995408483,652.2377640057047,663.7124633789062,1320164
2025-03-05,662.924458362865,685.4799691815629,662.924458362865,684.6920166015625,1044963
2025-03-06,689.1735337663621,696.4621700713641,686.5141412817705,691.7836303710938,867497
2025-03-07,691.1926190496932,700.992939672357,686.3663123761438,690.1091918945312,1087031
2025-03-10,692.4731716895989,697.8411928890549,677.5018313219448,679.3240356445312,845259
2025-03-11,672.7247234630206,683.559235846759,664.8450780930292,680.7521362304688,814316
2025-03-12,681.5893078856424,688.6317648101312,675.7780455201955,687.696044921875,645844
2025-03-13,688.4839751820182,692.9162754514304,677.2554571194062,678.6836547851562,810061
2025-03-17,678.9299173573561,686.4648521248018,677.4524838827135,680.2596435546875,717347
2025-03-18,680.2596435546875,680.2596435546875,680.2596435546875,680.2596435546875,0
2025-03-19,700.303535863054,712.1230048227679,696.757719221911,706.853515625,1111899
2025-03-20,712.3199974879929,714.9793899880851,701.4362486715222,704.0955810546875,1079612
2025-03-21,705.9177655966926,714.7823669391786,703.2583731705616,711.3350219726562,1869067
2025-03-24,719.0176526313377,722.5142333022559,712.8124438169452,716.0135498046875,1080209
2025-03-25,721.9724847754674,724.139399208819,703.4060949913797,706.3609619140625,1418108
2025-03-26,708.183206403835,711.0888379806164,690.4540023492189,693.8521118164062,1281906
2025-03-27,693.0641103499132,713.9451233373456,691.3404378550216,707.2474365234375,7239201
2025-03-28,707.2474541241259,723.4007522393031,707.2474541241259,716.5552978515625,1761132
2025-04-01,714.2406712149418,723.4007474748964,705.277538007324,713.3541870117188,1499170
2025-04-02,714.0928889702187,719.657912772412,701.3869362783232,716.5060424804688,1594854
2025-04-03,709.1680534096681,728.6701628550499,709.1680534096681,727.1434936523438,903058
2025-04-04,726.8972758028461,726.8972758028461,698.5798006275998,703.3568115234375,1061286
2025-04-07,646.1309512994782,691.3404428228432,646.1309512994782,686.9081420898438,1327614
2025-04-08,705.1790789741506,709.1681377254708,693.8028521215234,703.2091674804688,704550
2025-04-09,702.6673994335408,710.0545669628382,696.5606622526036,704.4403076171875,899960
2025-04-11,717.3924713187928,724.3856929688145,710.6455487145655,719.7071533203125,933716
2025-04-15,734.1860356626229,745.0205488471873,723.9917076415351,743.1491088867188,1274195
2025-04-16,749.5021192289211,754.4761339371047,744.1340981585935,749.1573486328125,1008913
2025-04-17,747.5813876890492,759.1546173403618,743.6415648290279,757.824951171875,973140
2025-04-21,762.0601907630589,767.8713929694527,758.071132444068,762.9959106445312,749021
2025-04-22,764.3256552782159,767.9207677808703,757.4309650888506,763.1929321289062,610026
2025-04-23,766.8371901264966,775.2585487002243,751.5211421750163,773.1409301757812,1228461
2025-04-24,773.140976196639,773.1902119574553,760.3857880651663,765.3598022460938,1028891
2025-04-25,765.507541124373,769.5458352316368,736.9438273519481,740.5388793945312,1352726
2025-04-28,736.9438955145757,755.4610513736205,736.352886001363,752.555419921875,691102
2025-04-29,753.9836160611134,762.2079724116127,743.4938134238123,750.8809814453125,634735
2025-04-30,748.5662756518213,751.5211425293944,736.7468081415295,740.1941528320312,944632
2025-05-02,740.1941976630994,750.5362323609871,734.875412914559,736.2051391601562,580150
2025-05-05,738.7167491166866,755.4117596701084,738.6675133567968,753.934326171875,886401
2025-05-06,753.9343158978555,755.4117493759557,723.3021590484273,725.6660766601562,1029627
2025-05-07,717.8849516371196,733.7920105433191,714.7331414303402,730.3446655273438,989272
2025-05-08,733.7920807818872,738.7168598475375,712.2215244275664,716.9985961914062,766498
2025-05-09,697.299478769299,714.0929633318548,695.6250418663758,711.6798095703125,1024950
2025-05-12,729.3597311079425,753.441911160483,726.2570964561882,751.9644775390625,1196460
2025-05-13,752.5061645507812,761.1245270374558,751.07796674389,752.5061645507812,892363
2025-05-14,753.4910695973374,769.9890766767563,750.9302089631218,766.197021484375,1224784
2025-05-15,768.0964040062739,778.3508601731788,765.4341836378609,774.70263671875,1287971
2025-05-16,773.8797258171196,802.7389165608928,772.2052890598036,796.87841796875,3070129
2025-05-19,801.6554977686548,807.9099426469778,791.3134625381845,792.495361328125,1654632
2025-05-20,793.8742457507258,796.1396316990867,772.2052216731626,773.9288940429688,1297532
2025-05-21,774.8646667441438,783.6307364665585,769.2504071906859,778.31201171875,805323
2025-05-22,774.7661584240979,778.2135035024706,763.3406959254046,767.1327514648438,817185
2025-05-23,767.0834696205869,775.5541245173182,763.8331279081922,771.26953125,615580
2025-05-26,772.2053053551285,782.0548628213929,772.1068338272371,780.971435546875,711436
2025-05-27,782.0548396802762,785.5021846914614,773.5349486772913,781.2176513671875,794318
2025-05-28,783.0397348431782,784.7634072154744,762.4049021343038,764.6702880859375,2587692
2025-05-29,787.9645953555138,787.9645953555138,761.3707902622652,763.0452270507812,5124252
2025-05-30,765.3106587727865,769.8414314188773,743.0506816763608,744.6265869140625,2877095
2025-06-02,744.6265330070903,759.4008689794532,738.2735565155889,754.82080078125,1621374
2025-06-03,755.4610706460375,766.0001093394528,752.5062033553751,759.8933715820312,1639782
2025-06-04,761.764768302987,768.6594582561723,751.6196764211883,765.5568237304688,1664766
2025-06-05,766.2462404921341,772.20521,763.340609375,769.49658203125,1481683
2025-06-06,770.2353983384409,773.781215000133,766.1971038005734,767.9207763671875,954628
2025-06-09,769.2504123881764,780.5281673332577,769.1519408635783,776.046630859375,1570448
2025-06-10,780.1341294783695,785.5021499244353,775.3571185067897,777.0315551757812,1007006
2025-06-11,779.6909321488511,783.9262898831722,766.5417971945966,771.2203369140625,911690
2025-06-12,771.2202823158922,776.5883026900067,757.4309030663104,759.6962890625,1442103
2025-06-13,743.641571224576,763.0452110004435,742.4103765702306,759.05615234375,1303106
2025-06-16,758.4159327679622,760.3366085171889,747.0889415642848,758.514404296875,986884
2025-06-17,758.5144000285366,762.1587483317282,754.4761054949822,757.135498046875,884096
2025-06-18,754.9193251469078,760.0903426873847,746.202430937091,748.2708740234375,542096
2025-06-19,748.5662450898286,750.486920505219,732.1174747861817,735.5648193359375,1139746
2025-06-20,734.3336595148551,746.9903754579422,732.6592229168414,745.2174072265625,861498
2025-06-23,735.2694460422141,748.3201093510678,735.2694460422141,746.4486694335938,685543
2025-06-24,751.6196821226184,759.0561458649324,749.6497706924798,750.5362548828125,578906
2025-06-25,758.415838875773,760.976699479754,753.9835385187068,756.002685546875,820300
2025-06-26,758.4159408782067,763.0944807732346,751.5212505065866,761.4200439453125,864747
2025-06-27,762.355710791995,777.3270494355845,761.5677582564218,773.4364624023438,1772042
2025-06-30,776.6868459476887,778.0165722825859,765.3106190394075,769.742919921875,1037262
2025-07-01,772.3037246845178,773.4364477633508,759.6963040031958,763.8331298828125,886549
2025-07-02,765.1383872803837,769.9204781285453,757.7433642074418,764.6453857421875,1093414
2025-07-03,765.2121198035217,771.3680930284924,762.5034915845346,766.7880249023438,660457
2025-07-04,767.8714638827001,774.0767330818801,761.5185475109453,769.398193359375,703398
2025-07-07,770.8756111779895,774.7169023803208,763.3899117050394,772.5499877929688,876286
2025-07-08,772.8947291943882,774.1259237865428,768.4624286626314,773.38720703125,791455
2025-07-09,775.2093208698406,786.5855464360844,772.402221355532,774.224365234375,1442155
2025-07-10,776.145102403557,778.90296637856,771.1218523104058,772.4022827148438,626845
2025-07-11,769.3488778529245,771.9097987584903,758.4651293258146,762.0602416992188,512434
2025-07-14,762.0602381775402,765.9015293427492,755.7072618802838,758.7113647460938,540108
2025-07-15,759.5181302585863,766.0257864360892,758.5321272178298,763.1170654296875,405335
2025-07-16,762.3064684326031,766.1970554321704,759.8933149682948,764.9165649414062,481239
2025-07-17,766.2955273815646,770.1368786221494,761.6662236117872,763.0944213867188,435163
2025-07-18,762.4541579062682,764.0301230438872,752.1121234010274,753.7865600585938,450648
2025-07-21,754.0820596456616,760.1887970072037,747.2366656262675,758.859130859375,522909
2025-07-22,759.6661467275891,762.4762316615031,748.376398508386,749.9539794921875,485187
2025-07-23,750.0929321861025,751.471894085793,745.4143930422576,750.4869384765625,558332
2025-07-24,752.3204014688743,754.982622003035,745.4183794370497,746.5523071289062,384144
2025-07-25,746.4043428405047,746.4536309590791,731.7128726541297,735.8048095703125,878236
2025-07-28,735.2693854133245,738.7167301540434,717.1461775867767,719.1160888671875,523766
2025-07-29,717.8102861742594,728.1633191479267,716.8242830339102,725.5010986328125,456870
2025-07-30,725.6982668719108,733.8820803996492,723.7755488297619,725.84619140625,774642
2025-07-31,719.0176622404093,721.4308157329574,712.2214438519148,715.1270751953125,704978
2025-08-01,714.0929193194512,714.0929193194512,705.2283175623821,708.3801879882812,1040532
2025-08-04,706.2132368767728,721.1845755396655,701.9779393902971,718.919189453125,551240
2025-08-05,719.6836520104318,721.5077335850096,711.6477030611285,716.084716796875,560776
2025-08-06,724.9274184819114,731.8221086033427,713.4034243984196,718.6729736328125,1507424
2025-08-07,714.0928924577622,717.9342437880985,705.3267625587517,716.2105712890625,804696
2025-08-08,717.218701381654,720.6697123392876,706.9642447494867,708.886962890625,359497
2025-08-11,707.8876847865074,714.4376042247347,705.4745312600338,712.41845703125,447545
2025-08-12,713.1079481573447,717.0970068384307,709.1681252393483,709.7098388671875,275269
2025-08-13,710.2022621079292,718.8206240781795,709.1680706948837,716.407470703125,592729
2025-08-14,722.4650005730466,726.6510622668918,710.9410069454291,713.8958740234375,1074069
2025-08-18,719.0175445419658,720.7904524914259,709.5619954002348,711.0394287109375,632805
2025-08-19,711.630450710668,716.3089900059977,710.3007846419218,715.4718017578125,392467
2025-08-20,715.4718098534408,722.2679677839292,715.4718098534408,720.1995849609375,521749
2025-08-21,719.9041301895707,723.2529434296989,713.1571477148765,714.7823486328125,405628
2025-08-22,715.76867948677,717.050876717403,710.245280354989,715.0782470703125,673850
2025-08-25,716.8042800709237,717.5933198700355,711.1329699774833,711.9713134765625,881565
2025-08-26,710.1466920094109,714.5851088344698,705.2151177593456,707.434326171875,1384604
2025-08-28,707.1877335435389,707.1877335435389,687.8559869436396,690.0751953125,1668258
2025-08-29,690.4203517907747,692.3929813673197,680.3599289104194,682.4805297851562,856066
2025-09-01,683.0230282315447,696.288974899267,681.9381059850641,694.3163452148438,631745
2025-09-02,694.316342146047,703.8342442113927,691.5053087382399,702.2561645507812,885201
2025-09-03,703.2424537221043,703.7849148231486,698.6560658135307,703.094482421875,386447
2025-09-04,705.2151212523374,706.8425648428722,699.9876645613523,701.3684692382812,509597
2025-09-05,701.5657712516651,705.1165409858928,696.3383143594814,704.2781372070312,460678
2025-09-08,704.2287718589489,708.667188488312,702.058867244618,703.341064453125,382250
2025-09-09,703.3410906965202,705.9055454090986,700.4808137708003,703.4397583007812,287154
2025-09-10,704.4260463737487,711.6261324164342,704.3273787732373,708.7164916992188,978049
2025-09-11,708.8151505495927,715.0289217097267,707.8288357559244,709.8507690429688,800265
2025-09-12,709.8014985539127,714.4864940430411,708.9137911181257,712.3165893554688,653882
2025-09-15,713.0563170368385,720.305706943645,712.6617670256345,715.3248291015625,766401
2025-09-16,716.0854930716454,719.1957127003687,714.3576066698868,718.0108642578125,524148
2025-09-17,719.6646411374805,725.6318338301819,717.7906188770183,720.9468383789062,811304
2025-09-18,722.8701504677045,726.3715560135884,720.404363435409,725.3359375,689466
2025-09-19,725.3360015299236,728.8867110899208,723.1660967099767,726.51953125,1021813
2025-09-22,725.3359361899951,726.8647121072814,714.9796306730581,717.1494750976562,721501
2025-09-23,717.1988401279579,720.0098132641748,711.1329799499589,712.7110595703125,571765
2025-09-24,712.1685891455115,714.9302585449367,704.2287670472097,705.658935546875,773061
2025-09-25,704.1302012552125,711.1330126675479,703.1438863971438,705.1165161132812,835870
2025-09-26,703.3979236835822,704.4346435153576,693.1293171024316,694.2153930664062,770172
2025-09-29,693.527261420749,698.2615603232978,688.4477162253818,690.1737670898438,807138
2025-09-30,691.7518923489439,695.1546906036199,687.5107505561059,690.81494140625,1029077
2025-10-01,691.5052682552302,697.7190995298251,688.8915702078646,696.4862060546875,585121
2025-10-03,696.4862480699173,700.7766935422648,694.4642544888144,697.8177490234375,544147
2025-10-06,697.8177854168042,701.6644375718466,694.7108694300481,700.5301513671875,486868
2025-10-07,700.5301542310414,708.1740946679165,699.5931430407379,707.0891723632812,674546
2025-10-08,706.2014039430888,707.089111352019,691.8012317973851,693.5272827148438,857598
2025-10-09,695.8450403517372,701.7629287175919,692.5902137904919,700.086181640625,717552
2025-10-10,699.2972568121739,707.7302370793117,698.952070680725,705.9055786132812,677949
2025-10-13,700.2835881310357,702.2562179567568,696.3383284795932,699.8890380859375,642278
2025-10-14,699.2972136799876,702.8972868853725,690.6176552257691,694.5136108398438,646712
2025-10-15,694.5135876823913,707.1877087310228,694.5135876823913,706.349365234375,710916
2025-10-16,706.3000378466598,712.4152019379486,706.2014304419135,709.061767578125,523985
2025-10-17,708.4699229732371,712.316574850142,704.228781288367,709.4562377929688,1099068
2025-10-20,711.133056640625,717.8892897562164,709.7521916739901,711.133056640625,753202
2025-10-21,711.5768705859864,714.5851188808431,705.6096776994905,708.174072265625,190939
2025-10-23,712.2672550473388,713.3521772445657,706.201394963165,709.1603393554688,738210
2025-10-24,711.083682496919,716.8536001219026,703.9822037431766,705.017822265625,968687
2025-10-27,706.2014859839978,714.881045280137,705.2151710594392,714.1906127929688,1055350
2025-10-28,712.1193077021766,716.2618420307247,710.1466780409517,711.8234252929688,1272243
2025-10-29,711.8234103527274,725.6811213920008,710.294634437341,720.6509399414062,1217127
2025-10-30,720.650906539395,722.9687221553041,716.0645188059356,718.1851196289062,426315
2025-10-31,716.2618634034501,719.9112404255868,707.2863620571268,708.864501953125,441679
2025-11-03,708.8645039135561,715.0782755090376,706.3000491504222,713.5494995117188,354001
2025-11-04,713.5495069899863,715.0782830033272,706.3000565527127,708.667236328125,333642
2025-11-06,706.4587120388389,708.5815680533891,694.0673099251787,694.4622192382812,501782
2025-11-07,693.7245108168314,698.4588701553866,687.5600431362955,694.5136108398438,455448
2025-11-10,694.5136006267143,698.162917280023,691.4066848814608,694.7108154296875,363370
2025-11-11,695.1040722823876,702.8548535282719,692.6850190689657,701.7194213867188,333113
2025-11-12,702.7493968530977,708.667286510808,701.3685318530106,706.0535278320312,584863
2025-11-13,710.9018535118471,711.6917324074142,696.7332087314405,700.9295043945312,1565202
2025-11-14,700.9294822097643,700.9294822097643,693.4254822796398,696.3875732421875,827789
2025-11-17,698.3109310067758,706.6453037346156,696.338301258169,703.2918090820312,763522
2025-11-18,703.242504873143,703.2918085768463,692.1464625452007,694.1683959960938,896066
2025-11-19,695.8450861071864,697.4231656952318,692.3929843334441,695.3519287109375,643975
2025-11-20,698.1136326947823,701.0232735168544,692.5902936629591,693.3793334960938,805276
2025-11-21,695.3660756641418,696.2601420138684,684.190549448111,685.8296508789062,1101118
2025-11-24,687.4190636784958,690.399204127969,675.5978156431402,680.3660888671875,2005483
2025-11-25,679.4719852686808,681.5084023380741,671.3759132385474,673.0150146484375,1290958
2025-11-26,673.9588019599734,685.233642862827,673.2634237008243,683.9422607421875,606666
2025-11-27,685.3825822516565,689.8527925068408,681.508375778054,683.2964477539062,622737
2025-11-28,682.9488668143941,683.3462431348045,679.4720362197028,682.1541748046875,336126
2025-12-01,686.9223686849951,689.1078171251829,677.1872554126451,679.77001953125,603612
2025-12-02,679.4720300645378,680.9621003059074,674.5051292599725,675.4488525390625,606817
2025-12-03,673.6110564019169,678.0812670831507,666.7567697360261,670.034912109375,750515
2025-12-04,669.5381914245896,676.1938502608187,666.0613610536905,669.38916015625,1352801
2025-12-05,670.531597489423,672.5183577782806,666.0117299584946,670.7302856445312,755102
2025-12-08,670.7303110286699,674.0084535031255,655.6309201356858,656.9223022460938,978991
2025-12-09,656.9222524725407,667.0547416876897,653.9421121522681,665.5150146484375,711148
2025-12-10,665.5646855700036,669.5382060808693,661.2931631470452,663.4288940429688,511568
2025-12-11,663.428950026134,667.3031571035958,660.7965288442165,665.4157104492188,533337
2025-12-12,666.6573883620487,670.9289714731703,664.6209711992535,669.7865600585938,390768
2025-12-15,668.5448468176405,669.4885700946459,666.061396420844,668.0481567382812,286537
2025-12-16,668.0481403718574,668.4951735585516,664.0746198343296,666.6077270507812,255392
2025-12-17,665.5150406618313,667.9984910257974,659.8031048247095,661.6904907226562,386764
2025-12-18,661.5911748594541,663.726966418127,657.2699954923215,659.4553833007812,291111
2025-12-19,662.5845470937847,671.2766232363194,661.5911669632094,669.5382080078125,678900
2025-12-22,675.4488149364267,678.8759884270067,671.8229532985026,677.1375732421875,1058473
2025-12-23,682.0051133165595,684.1409048397081,673.7104135176643,676.3428344726562,1897510
2025-12-24,676.3428255014844,680.266689073,674.0084064890073,675.1508178710938,1143972
2025-12-26,675.1507999007052,707.832968361042,674.3063904486919,700.8296508789062,7180874
2025-12-29,704.3065244503322,706.3429416261171,690.9455493426472,694.5714111328125,1819431
2025-12-30,691.8892913330616,692.1872932591,673.859416918814,677.9323120117188,2182868
2025-12-31,677.9322623247244,686.0282737724456,677.9322623247244,680.0679931640625,1078861
2026-01-01,678.9753533789877,682.8495603354248,674.7534876118177,681.1111450195312,620303
2026-01-02,681.1111340962302,692.2866609477471,679.5713463362415,690.2501831054688,1547440
2026-01-05,690.2998839949091,697.0051999443431,669.2898697675713,671.0779418945312,2135762
2026-01-06,671.077954341907,672.021677619258,663.0812561875161,666.7567749023438,1414363
2026-01-07,666.7567464368619,670.0348886956593,662.7335690905601,668.3461303710938,980520
2026-01-08,668.3461728395386,669.2402392537995,649.173947495727,652.1044311523438,1877565
2026-01-09,652.0547723595568,653.7931876691049,630.9951004833785,633.4288940429688,2561891
2026-01-12,633.8261673468518,635.0678924849152,623.6936780940325,630.6473388671875,1714290
2026-01-13,634.4505014286894,637.1354921788691,622.5172631573034,626.6939086914062,1878574
2026-01-14,626.0281208262869,630.2499860468125,621.8559124821343,623.2963256835938,968707
2026-01-15,623.2963256835938,623.2963256835938,623.2963256835938,623.2963256835938,0
2026-01-16,623.2963680022548,629.9023094171586,621.9056115827431,623.4950561523438,1152976
2026-01-19,623.4950950767903,631.690481572928,621.2102721547935,627.9155883789062,1126527
2026-01-20,627.8162560659376,627.8162560659376,607.1539610304965,609.091064453125,1509221
2026-01-21,609.9353920456981,614.1572575443857,597.3691093089246,609.6373901367188,1670035
2026-01-22,612.617540509488,625.8294841599763,611.0280959170814,624.6870727539062,1326768
2026-01-23,626.8228343411182,634.6208437647092,611.7234449058869,613.710205078125,1647574
2026-01-27,615.8957067418982,618.2301258940388,597.3194853962019,603.4784545898438,2338114
2026-01-28,608.8923814913574,624.637432782492,606.4089310901618,620.9619140625,1674580
2026-01-29,620.7632568057719,621.8559506775215,608.7433210609747,611.2764282226562,1354675
2026-01-30,609.9354581986316,620.2666367919023,604.7698689019963,618.925537109375,1818270
2026-02-02,602.9817453574827,608.8427124395967,592.054563810642,606.2598876953125,1313814
2026-02-03,617.6837065240599,624.7863981749418,607.9982509807336,610.03466796875,1356592
2026-02-04,611.9221629365605,620.6638959951462,606.2102271623962,618.2301025390625,896728
2026-02-05,619.8691995250301,629.4056244960476,611.5247822020564,617.6340942382812,576830
2026-02-06,616.839414183501,616.8890710646107,607.9486497448337,615.8956909179688,731675
2026-02-09,618.8758425245098,623.0977082239145,617.2864585136499,620.6142578125,714720
2026-02-10,620.614189560686,634.7201984724403,619.8691545191965,631.9884033203125,1938170
2026-02-11,630.7963706446094,631.8394076352013,620.514910745602,624.1903686523438,914394
2026-02-12,625.7301996987197,625.7301996987197,616.094399825507,617.93212890625,1631276
2026-02-13,620.8625824345268,628.561278456715,607.9486407198887,613.4122314453125,3930956
2026-02-16,613.2632100198846,613.2632100198846,602.1374008689066,609.438720703125,2330789
2026-02-17,609.0413601638866,625.3328192628953,606.9552860518332,613.4619140625,2129421
2026-02-18,613.461908750796,622.2533595894457,611.9221816213158,619.3228759765625,1430103
2026-02-19,617.882450029465,631.740115174837,615.2003115124394,624.9354248046875,2866005
2026-02-20,625.9343542956293,650.5581936128264,623.986474507517,644.614501953125,5078998
2026-02-23,650.0088015618347,650.1086709480059,631.4785186233154,638.770751953125,2983677
2026-02-24,636.2234665463798,636.2234665463798,610.5008199212032,613.7973022460938,4217676
2026-02-25,614.3966525455476,622.1384201282351,604.3573403259331,605.2564086914062,2460682
2026-02-26,605.2563731060402,608.8025897252272,593.3689901608191,594.3179931640625,3156132
2026-02-27,593.4688542613773,593.7685843431268,557.5070976019223,568.9449462890625,32213440
2026-03-02,552.3127034800988,577.3860164860894,551.4136351216632,568.3456420898438,2790621
2026-03-04,553.3615904675565,560.4540242538868,546.8684949557276,552.8621215820312,2974290
2026-03-05,556.3583995615306,563.8504327875941,549.6655043521829,561.3530883789062,2346458
2026-03-06,560.404070188223,568.8451062558888,550.4146928230141,552.2127685546875,1843513
2026-03-09,541.4242376513201,545.4199884826952,534.6314734320463,539.2265625,2055546
2026-03-10,549.4157299941533,549.4157299941533,539.9258219306179,547.367919921875,1633157
2026-03-11,547.4178429012397,552.1627968314968,531.8344396447326,533.5825805664062,1506767
2026-03-12,530.4359256537908,540.5251721679292,519.4975455013296,536.1298828125,3154397
2026-03-13,534.4316528843971,535.9300593878113,524.4422761949692,527.0394897460938,2008646
2026-03-16,527.13948033434,528.4380872583013,517.6995060900088,525.8908081054688,1857687
2026-03-17,529.2871416776456,529.2871416776456,521.4455047397079,526.3902587890625,1317273
2026-03-18,529.4369751146027,543.322233378377,522.943880136782,539.6760864257812,2207154
2026-03-19,534.4316864692881,534.4316864692881,523.6431711607946,525.2913818359375,978842
2026-03-20,529.3371152739563,531.4348600703169,520.5464146769891,522.2945556640625,1740070
2026-03-23,519.4476120876643,522.2446254971494,506.0618527962834,509.7579040527344,2589941
2026-03-24,519.497541376235,521.3955474041733,504.3137065488449,514.602783203125,1739708
2026-03-25,517.449711925716,529.8365633946898,515.5017712794227,523.193603515625,1506234
2026-03-27,521.1957669143196,521.1957669143196,508.4593107031887,510.0576171875,1982969
2026-03-30,507.46036010371904,512.7547178083751,492.12666005473415,493.9747009277344,2653568
2026-04-01,509.458244945586,521.8450972500383,507.3604696046603,510.656982421875,1664955
2026-04-02,501.4667395956105,513.3541229502481,496.47205095422,511.2563171386719,1050731
2026-04-06,512.4550529506946,515.5517355102218,502.2159412689312,514.1532592773438,1154102
2026-04-07,513.4539971464114,516.9502792281477,507.4603707205778,515.6516723632812,881493
2026-04-08,532.4338325436495,537.2287216557942,528.1384123175683,535.9301147460938,1709944
2026-04-09,535.9301056446182,542.7728048793517,528.4380724809004,530.9853515625,1219166
2026-04-10,533.332897341023,545.1702854730135,532.683563405377,541.7239379882812,1242295
2026-04-13,531.7844602693438,539.6760924883984,525.1415611457546,537.32861328125,1066402
2026-04-15,545.2202075942495,556.7579263246173,544.5709346438983,552.9619750976562,1978086
2026-04-16,556.4582787454767,560.7037643149822,549.4157795830675,553.2117309570312,1415200
2026-04-17,553.2116817912996,569.4444192908701,551.9130749853975,564.2999267578125,1873250
2026-04-20,564.7994091122986,566.3976850700474,552.9120259017129,564.599609375,1805082
2026-04-21,564.999171387786,569.3445872161342,559.9046132114573,560.6038818359375,1221915
2026-04-22,558.4061992181862,561.1532780157712,554.7101173691893,557.9566650390625,892060
2026-04-23,556.4083046783031,557.5071117715868,549.6155404418239,550.7642822265625,822626
2026-04-24,551.413637567792,555.40938856466,538.6272465718785,540.6251220703125,944945
2026-04-27,542.6229899439438,546.2690760951591,540.4253147324832,544.5209350585938,1281855
2026-04-28,544.5209500353506,553.4115205111129,541.224467612652,543.2722778320312,1573071
2026-04-29,543.9215980582366,551.7632349093316,543.1224600623161,549.515625,1348964
2026-04-30,547.4179041213522,549.4157796838389,535.580515801748,538.9768676757812,1074426
2026-05-01,538.9768676757812,538.9768676757812,538.9768676757812,538.9768676757812,0
2026-05-04,543.921576007429,555.9587630620147,541.4741664557562,554.66015625,1779862
2026-05-05,554.4104251397503,580.68247453339,550.0650705200256,568.4954223632812,4973913
2026-05-06,573.889742641041,576.0874179052713,565.4487063820213,572.1416015625,1180667
2026-05-07,574.3892136224026,577.4359616049439,566.3977115198301,567.8961181640625,1391332
2026-05-08,565.448668521745,570.2435572506315,563.4008584466321,564.2999267578125,675440
2026-05-11,561.9523878370239,561.9523878370239,551.513476735619,556.20849609375,882533
2026-05-12,554.4104312510973,557.2573793477724,530.4359261159146,533.4327392578125,1169426
2026-05-13,529.9364904180151,541.8738090409116,529.9364904180151,535.530517578125,959485
2026-05-14,537.1787807421358,544.0214800138556,528.1883408970792,538.277587890625,895611
2026-05-15,539.426361788884,542.2733098657534,533.4327355467854,535.3806762695312,531456
2026-05-18,534.4317125764445,534.4816472714057,522.444459210244,531.2850341796875,753397
2026-05-19,531.6845921825,537.0288845030176,524.1426247223075,529.2371826171875,1146967
2026-05-20,525.4911699223165,530.1362546599189,524.6420972573145,527.2892456054688,487397
2026-05-21,529.436974879429,533.63252536499,525.441224125622,526.5900268554688,695613
2026-05-22,528.2382347081937,540.824886099326,526.5900241130228,529.6867065429688,1106967
2026-05-25,534.4316773893815,539.6261657001272,532.9832055089352,537.2786254882812,814819
2026-05-26,544.3211658205103,547.0682444384935,535.7302651966269,536.6293334960938,1238113
2026-05-27,531.8344652707625,531.8344652707625,521.0458891437696,522.6442260742188,1866537
2026-05-28,522.6442260742188,522.6442260742188,522.6442260742188,522.6442260742188,0
2026-05-29,524.8918454185094,526.4901214075038,502.4656810579427,509.3084106445313,1654816
2026-06-01,511.5560120676973,518.3987724337663,509.0586981061893,512.0554809570312,894925
2026-06-02,510.20746054087374,518.348827666953,507.9598505825439,516.3509521484375,687193
2026-06-03,515.4518736945042,518.9980904764391,509.4582472561961,510.2573852539063,802284
2026-06-04,507.95981994918174,530.4359181770217,507.6601508335409,526.9396362304688,1948929
2026-06-05,529.9364581964584,534.4316779172577,524.4423007599258,528.0384521484375,712866
2026-06-08,521.3955803390332,522.1447836652306,514.4529506555396,515.5517578125,485087
2026-06-09,516.4507930622289,519.4476061747757,514.9523865059555,517.2998657226562,323769
2026-06-10,517.9492165675404,518.7483545629728,510.45718354100893,511.80572509765625,448764
2026-06-11,509.45821091843476,531.1351705182433,506.8609668833875,520.4964599609375,1845215
2026-06-12,523.7430209706167,525.0916234402239,519.4975357694916,520.796142578125,591021
2026-06-15,528.9374982103071,529.2871020079663,516.450777289384,517.3997802734375,1350345
2026-06-16,519.447599762536,523.8429499948078,518.0490626058173,522.3445434570312,680392
2026-06-17,524.4423286164665,524.4423286164665,518.548571392457,519.397705078125,915022
2026-06-18,520.4465462488073,524.4422970837309,517.9492019769799,523.443359375,1060338
2026-06-19,523.3435158036207,523.3435158036207,517.9991622161347,519.0480346679688,756287
2026-06-22,519.1479296757021,526.1904281959844,519.1479296757021,521.1957397460938,861709
2026-06-23,522.4444305815861,523.4433683073635,510.55707774186686,517.9991455078125,985511
2026-06-24,518.0490535397602,518.5985180369169,512.255227222482,514.70263671875,574636
2026-06-25,516.151107538319,517.4497143184138,512.5548953353831,513.5538330078125,622652
2026-06-26,513.5538330078125,513.5538330078125,513.5538330078125,513.5538330078125,0
2026-06-29,513.5039355243008,513.553870217477,501.0671788925422,503.3147888183594,1245805
2026-06-30,504.4635590438683,508.0097758292214,500.4678080811446,502.3657836914063,683811
2026-07-01,502.3657848825136,506.31160116162295,501.4667470108012,502.166015625,553174
2026-07-02,503.5145519670624,506.8110647760273,503.11498297101946,505.66229248046875,777478
2026-07-03,506.4614162549681,513.3541108051455,506.4114815637996,509.4082946777344,595781
2026-07-06,509.40830050904873,510.3572730482288,507.16069064786876,508.40936279296875,499406
2026-07-07,508.4592920994765,510.05759852530826,499.46885274997686,500.1681213378906,1288328
2026-07-08,499.4688655811184,503.4646165057673,495.772783781754,497.970458984375,793969
2026-07-09,497.9704707242691,500.41788041737954,495.4731263374874,495.97259521484375,650534
2026-07-10,499.26907614627424,506.16177102169456,498.0204039565475,502.7154235839844,1046353
2026-07-13,500.31795564276035,504.2637412863869,496.37213951397433,501.51666259765625,843555
2026-07-14,499.56876690591645,500.86737376614457,495.5230507918329,496.422119140625,1122129
2026-07-15,496.97152366697964,504.2138222530814,496.37215492833917,502.7653503417969,975081
2026-07-16,504.4635459619212,509.9077687015148,498.4699196732647,499.36895751953125,833287
2026-07-17,499.3689618478336,508.4593012281188,496.2722488081549,506.46142578125,1670497
2026-07-20,506.4614159866038,506.4614159866038,499.1691829406238,504.21380615234375,519486
2026-07-21,502.4656864690624,503.56452408719986,497.6208323017023,499.2690734863281,738038
2026-07-22,499.4688687339513,500.41787177861,492.62613913526405,493.5251770019531,670020
2026-07-23,493.4253076163347,494.97364891534573,488.0310194458796,493.5251770019531,784431
2026-07-24,491.77703014119373,495.2233774887346,488.28074810143465,494.52410888671875,498071
2026-07-27,497.47100125826324,499.26907702055405,492.57621236299525,493.4752502441406,517297
2026-07-28,493.6750437352788,494.6739814761554,484.7844734533487,485.4338073730469,992713
2026-07-29,486.4327397524462,497.8705584683189,486.4327397524462,495.4731140136719,844855
2026-07-30,495.4731077415018,496.4221107669255,490.97788801400833,492.6261291503906,523108
2026-07-31,494.17451292510293,495.1734506666251,488.48055560436205,489.2796936035156,901731
2026-08-03,493.8248772100376,516.9502797632858,492.47630516579693,512.9545288085938,2801518
2026-08-04,512.4051213629621,512.4051213629621,505.8121262406552,509.7079772949219,927912
2026-08-05,510.05761159783975,512.1553869301865,506.71116410161517,509.7079772949219,703351
2026-08-06,510.4571819830368,522.4444347889007,509.2584445083863,519.8971557617188,1584430
2026-08-07,519.8971739625216,521.2457155622634,513.6538129075637,519.397705078125,994282
2026-08-10,520.4965139442922,526.4402058821879,515.751559526948,521.6952514648438,1232260
2026-08-11,522.0448363639011,522.694170280328,512.2053240539669,514.5028686523438,727042
2026-08-12,516.7504720284874,518.5485477362223,509.4582388430334,513.0044555664062,647305
2026-08-13,507.9598396969647,511.0065876033444,499.4688689252356,503.9141540527344,1284171
2026-08-14,503.9141566069245,506.7111700930188,494.7738518711348,496.9715270996094,920342
2026-08-17,496.9715052383777,502.2159281579787,494.77383010657644,499.4189147949219,629180
2026-08-18,499.4189399757505,500.4678124184914,491.4773726744466,492.5262451171875,592203
2026-08-19,491.4773543450413,494.4242327897513,487.48160349670763,487.83123779296875,711247
2026-08-20,489.47950099896553,494.4741897846693,484.6346467798007,485.38385009765625,1104983
2026-08-21,487.4816201871316,490.5783332976476,482.53686614895605,483.6856689453125,1105998
2026-08-24,483.68565215586494,489.1798095697226,480.4890392846475,482.6367492675781,947969
2026-08-25,482.6367527615403,485.28393161944,480.4890427630618,482.0373840332031,516657
2026-08-26,483.4858631779836,491.9768339156135,482.9863943110642,491.2276306152344,917802
2026-08-27,491.22762459941566,491.9768278906197,485.4837327001851,487.0320739746094,581723
2026-08-28,487.03206979601526,488.4805416739795,484.1851217019941,485.1340942382813,581576
2026-08-31,484.08521693307085,484.8843549013448,480.4890351055195,480.73876953125,596415
2026-09-01,480.938583952406,483.8354972823117,479.6399466078549,480.8386840820313,398860
2026-09-02,480.7887010935518,480.83866626946843,470.19998589961244,472.09796142578125,1151968
2026-09-03,474.445490017604,477.2924381777378,473.0969179766583,474.0958557128906,401286
2026-09-04,474.29560887793184,478.49115942183215,473.5464056011753,475.5442810058594,603706
2026-09-07,475.5442824112516,477.1925540131147,473.14683801557743,473.9959411621094,405838
2026-09-08,473.99596082148963,474.3955298231479,471.4986164546746,471.9481506347656,412334
2026-09-09,471.44866078535415,474.495408583246,468.5017823695629,469.0012512207031,687597
2026-09-10,470.8500061035156,476.3999938964844,467.0,467.75,675989
2026-09-11,466.50391490625816,466.653749467119,461.6590608706922,462.40826416015625,604286
2026-09-14,462.40826416015625,462.40826416015625,462.40826416015625,462.40826416015625,0
2026-09-15,463.5071197035812,466.0543987923704,456.51455539770814,458.0628967285156,660178
2026-09-16,456.71432676031657,457.5134647229742,446.0256812201048,452.4688415527344,1329707
2026-09-17,453.5177132838143,457.9130330423965,451.6696724520356,456.5145263671875,413859
2026-09-18,457.5134784316416,479.49010839997374,456.66437526765134,476.2435607910156,1670118
2026-09-21,474.4954323479058,479.3402865436482,469.50074358634896,470.2000122070313,528264
2026-09-22,472.0,474.6000061035156,466.3500061035156,469.6499938964844,431674
2026-09-23,469.5,472.1000061035156,461.0,463.7999877929688,920265
2026-09-24,463.7999877929688,464.5499877929688,460.0499877929688,461.2000122070313,467961
2026-09-25,461.20001220703125,461.8999938964844,457.70001220703125,458.70001220703125,362569
