Date,Open,High,Low,Close,Volume
2021-01-29,20.72109598966281,21.470050960423023,20.263401726210223,20.63787841796875,381938573
2021-02-01,21.01235684531836,21.13718241011914,20.721096135954426,20.88753128051757,72044464
2021-02-02,21.178790999018187,21.178790999018187,20.554661616971398,20.596269607543945,36735442
2021-02-03,20.6378757066178,20.72109326737895,20.013746381773597,20.1801815032959,45816269
2021-02-04,20.18018517232462,21.470052043287247,19.847316456002964,21.0955753326416,88486029
2021-02-05,21.303617526096687,21.80292137187301,21.262007946390145,21.3868350982666,56318695
2021-02-08,21.55327139654888,21.59488098154741,21.3036202355312,21.42844581604004,28324374
2021-02-09,21.428440951273952,21.470048939583105,20.970746730901222,21.05396270751953,25243532
2021-02-10,21.137182235717773,21.47005093485444,20.804313536581105,21.137182235717773,33132159
2021-02-11,21.137182235717773,21.345225371083583,21.01235667194692,21.137182235717773,13586295
2021-02-12,21.220399807312727,21.26200779948863,21.053964664122816,21.137182235717773,15658220
2021-02-15,21.80292414480993,21.80292414480993,21.34522823328636,21.42844581604004,45629832
2021-02-16,21.553268432617188,21.63648600392708,21.4700508613073,21.553268432617188,34557518
2021-02-17,21.94356918334961,22.203770608881022,21.59663560361752,21.94356918334961,28638408
2021-02-18,22.073669211522443,22.37723503905424,22.03030148308241,22.247135162353516,21022422
2021-02-19,22.247134406425445,22.2905021333919,21.85683478958513,21.986934661865234,14542153
2021-02-22,21.943566515095007,22.030300313058977,21.64000070368551,21.683366775512695,16652770
2021-02-23,21.68337119235507,21.813471088647216,21.596637376723663,21.640005111694336,13021961
2021-02-24,21.59663200378418,21.856833385943943,21.553265933912314,21.59663200378418,10958830
2021-02-25,21.640005111694336,21.85683882361789,21.596637376723663,21.640005111694336,22761296
2021-02-26,21.553266481675237,21.640000277932774,21.249699021928627,21.379798889160156,36424500
2021-03-01,21.37979990787332,23.157837025790027,21.37979990787332,22.46396827697754,93579588
2021-03-02,22.63743644676538,22.810902397596454,22.073669211522443,22.247135162353516,48494934
2021-03-03,22.37723466111621,22.507336189929287,22.073668838711452,22.11703491210937,18806435
2021-03-04,21.900202167694246,22.29050346210972,21.900202167694246,22.030302047729492,21742960
2021-03-05,22.030304800570764,22.16040469686291,21.50990356109226,21.640005111694336,25255199
2021-03-08,21.77010018919619,21.900200056690853,21.509898799897286,21.553266525268555,16353985
2021-03-09,21.640003204345703,22.11703666680784,21.50990166521077,21.640003204345703,21380757
2021-03-10,21.683368311625,21.77010211573344,21.553268432617188,21.553268432617188,11360743
2021-03-12,21.596632596330252,21.72673246382492,21.509898799897286,21.553266525268555,17086939
2021-03-15,21.596636406035103,21.64000413905656,21.249702813412785,21.379802703857425,17382950
2021-03-16,21.37979982483366,21.50989969775893,21.2496999519084,21.29306602478028,9649363
2021-03-17,21.29306814775485,21.336435879260243,20.90276849006516,20.946134567260746,14312130
2021-03-18,20.989499410487227,21.336432943241235,20.72929802018954,20.859397888183594,16168159
2021-03-19,20.816034916185767,20.90276872586517,20.38236752209857,20.772668838500977,15260549
2021-03-22,20.81603143310597,21.24969875462901,20.685931567510966,20.729297637939453,13817385
2021-03-23,20.72929857263697,20.90276617079177,20.59919870117568,20.64256477355957,13742805
2021-03-24,20.6425646074189,20.72929840579823,20.295631068211197,20.338998794555664,16788250
2021-03-25,20.339003824847605,20.425735990368132,19.861968642934603,19.905336380004883,19233029
2021-03-26,20.12216696631152,20.208899118314523,19.861965547373238,19.9920654296875,16323314
2021-03-30,20.07880236535596,20.208902267946776,19.861968642934603,19.905336380004883,14301425
2021-03-31,19.905330997438014,20.035430864848742,19.861963272094727,19.861963272094727,11770453
2021-04-01,19.948697664879433,20.122165262819625,19.688497922278767,19.8185977935791,18367745
2021-04-05,19.81859736997867,19.861963441382006,19.341562312994046,19.515029907226562,20106460
2021-04-06,19.515032984993674,19.515032984993674,18.994631774531875,19.08136558532715,25085603
2021-04-07,19.081365944087217,19.341565727055364,18.99463213166121,19.21146583557129,14507382
2021-04-08,19.16809807956499,19.384931764505072,18.994630469889035,19.03799819946289,18025782
2021-04-09,19.081364274727015,19.12473034999114,18.994630469889035,19.03799819946289,16396258
2021-04-12,18.951263773209924,18.951263773209924,18.04056133373783,18.08392906188965,25942981
2021-04-13,18.083928909594704,18.647696136343143,18.04056118180811,18.60433006286621,14831755
2021-04-15,18.474228120853507,18.517595847670684,18.12729457786421,18.300762176513672,18166238
2021-04-16,18.430863194081976,19.081364247990752,18.25739558464908,18.86453056335449,22174311
2021-04-19,18.38750111601571,18.517601024217075,18.127299645302887,18.344133377075195,10477070
2021-04-20,18.344126727279477,18.777794033618516,18.300760658369366,18.43086051940918,12199610
2021-04-22,18.344130508003584,18.47423039585697,18.2140306201502,18.257396697998047,8974995
2021-04-23,18.300762176513672,18.647695719502966,18.214028377188946,18.300762176513672,15602661
2021-04-26,18.30076119947937,18.51759485906015,18.17066133459281,18.21402740478516,12051423
2021-04-27,18.30076124597896,18.647694771327803,18.257393521366893,18.387495040893555,14181276
2021-04-28,18.474229443524774,18.517597173446884,18.30076348676556,18.34412956237793,14514238
2021-04-29,18.47423328527656,18.47423328527656,18.300767292444768,18.344133377075195,9521946
2021-04-30,18.257396121608622,18.560963619889407,18.214030045129842,18.47422981262207,11713860
2021-05-03,18.344130508003584,18.430864318009125,18.170664542302337,18.257396697998047,17512189
2021-05-04,18.344131718111075,18.344131718111075,18.127298005948273,18.170665740966797,26418223
2021-05-05,18.21402931213379,18.387496919687518,18.170663237400213,18.21402931213379,9381211
2021-05-06,18.300762176513672,18.344128249021225,18.214028377188942,18.300762176513672,7525053
2021-05-07,18.300762176513672,18.344128249021225,18.214028377188942,18.300762176513672,8322642
2021-05-10,18.344127225852322,19.688496904627502,18.300761155763574,19.558395385742188,51346170
2021-05-11,19.384933257848335,20.035434362780766,19.254833367723823,19.90533447265625,33120701
2021-05-12,19.948699738407946,20.642566893672132,19.948699738407946,20.29563331604004,34159626
2021-05-14,20.555834343565564,20.685934225879826,19.948699353686,19.9920654296875,18230175
2021-05-17,20.07879923600026,20.33900065493854,19.948699353686,19.9920654296875,13816130
2021-05-18,20.165530775895373,20.165530775895373,19.861963315073744,20.035430908203125,9997457
2021-05-19,20.035430908203125,20.425730511279873,19.992063182765992,20.035430908203125,19146895
2021-05-20,20.1221666203734,20.512466260606192,19.90533293547416,20.03543281555176,21995952
2021-05-21,20.12216605376161,20.29563200421061,20.0787983254171,20.25226593017578,14712804
2021-05-24,20.6859344333972,20.946134200636,20.555834549777803,20.8160343170166,32823856
2021-05-25,20.989500608286253,21.03286668198917,20.685933129436847,20.772666931152344,15738661
2021-05-26,20.902763899048082,20.902763899048082,20.642562530094953,20.685930252075195,10671045
2021-05-27,20.685935965223965,20.772669778829602,20.42573452440706,20.512468338012695,10133530
2021-05-28,20.512464737004713,20.59919853538404,20.20889726983187,20.338998794555664,10532654
2021-05-31,20.339001427875758,20.77266882161034,20.252267618266877,20.599201202392578,19396582
2021-06-01,20.642564990467733,20.729298790456514,20.382365244811023,20.469099044799805,11780039
2021-06-02,20.425730343843362,20.816031598030253,20.338998202299216,20.38236427307129,12961145
2021-06-03,20.469099044799805,20.555832844788586,20.425731317650595,20.469099044799805,10748652
2021-06-04,20.425732283240013,20.772667499595876,20.339000133460765,20.55583381652832,21328589
2021-06-07,20.816035071738703,21.55326997805808,20.729301261411155,21.42317008972168,42832019
2021-06-08,21.64000126128637,21.683367334230983,21.16296618734751,21.466533660888672,25856634
2021-06-09,21.553271896971093,21.640005715020653,20.98950456111394,21.076236724853516,28032813
2021-06-10,21.24970054626465,21.423168151223337,21.07623294130596,21.24970054626465,17127778
2021-06-11,21.336433028916858,21.466532897433325,21.11959936328622,21.20633316040039,15835535
2021-06-14,21.42317008972168,21.50990224573939,20.989502692393792,21.42317008972168,18111116
2021-06-15,21.683368707585142,22.20376988742914,21.509901096200565,21.856836318969727,54064001
2021-06-16,21.94356905083445,22.11703666680784,21.55326939635901,21.640003204345703,27411596
2021-06-17,21.596636056066934,21.900203565058426,21.293068547075446,21.42317008972168,24326370
2021-06-18,21.68336729786571,21.85683489797249,20.989500206057865,21.29306602478028,78058672
2021-06-21,21.249698481880685,21.63999972796557,21.076230893774177,21.59663200378418,14319848
2021-06-22,21.856836897157542,21.94356905083445,21.596635473197463,21.640003204345703,19440926
2021-06-23,21.77010211573344,21.77010211573344,21.423168553609383,21.553268432617188,13104410
2021-06-24,21.640001861731847,21.68336793587973,21.379800453915475,21.423168182373047,8410959
2021-06-25,21.42317008972168,21.55326997805808,21.336436279394135,21.42317008972168,8120462
2021-06-28,21.68336926084576,21.7701030687511,21.423169491439527,21.466535568237305,14044388
2021-06-29,21.59663560361752,22.941005499755335,21.423169640906377,21.94356918334961,100006129
2021-06-30,22.030299924185517,22.073667649556786,21.336432861340924,21.553266525268555,34846415
2021-07-01,21.640000448572707,21.68336651988865,20.989499452976048,21.032865524291992,23822346
2021-07-02,21.20633601214694,21.336435898158744,21.03286839459134,21.11960220336914,14428073
2021-07-05,21.24970208938094,21.37980197539274,21.03286839459134,21.11960220336914,20315538
2021-07-06,21.11959927848128,21.24969914647534,20.59919815219548,20.859397888183594,17324102
2021-07-07,20.68593250025308,21.119599841330466,20.51246490209828,20.64256477355957,16098633
2021-07-08,20.68593250025308,20.989499969869172,20.55583262879179,20.64256477355957,14740358
2021-07-09,20.68593369550691,20.729299770396537,20.512466087328978,20.55583381652832,8652360
2021-07-12,20.772664041726237,20.81603010939704,20.51246267277311,20.685930252075195,13596595
2021-07-13,20.77266749959588,20.859399649375128,20.55583381652832,20.55583381652832,13753544
2021-07-14,20.642565938020542,20.68593366716046,20.33900010558972,20.38236618041992,15287631
2021-07-15,20.425731501155155,20.46909922869398,20.12216567993164,20.12216567993164,13068468
2021-07-16,20.25226818483274,20.425734154593464,20.16553437279744,20.20890045166016,16212009
2021-07-19,20.165530228616355,20.338997817037942,20.078796434405564,20.25226402282715,9181862
2021-07-20,20.25226878776197,20.33900260237942,20.122168892990768,20.16553497314453,7502994
2021-07-22,20.29563367913336,20.512467375821338,20.208899869596195,20.42573356628418,9446372
2021-07-23,20.46909995585918,20.46909995585918,20.16553246954177,20.208898544311523,6701681
2021-07-26,20.165531158447266,20.295631028607588,20.122165086497027,20.165531158447266,7567068
2021-07-27,20.165530775895373,20.252264572460064,19.948697111638435,20.035430908203125,8964578
2021-07-28,19.99206793996722,20.035435675723896,19.818601959870414,19.948701858520508,8776723
2021-07-29,19.948699584748923,20.03543339206631,19.81859970092773,19.81859970092773,6718597
2021-07-30,19.9053357770738,20.12216949292728,19.818601959870414,19.948701858520508,7024120
2021-08-02,20.078800560762147,20.642567857526767,20.035434481899436,20.20890045166016,18872464
2021-08-03,20.25226571036925,20.59919926181151,20.165531908931268,20.425731658935547,11062324
2021-08-04,20.512465117639376,20.555832844788586,20.12216549915431,20.469099044799805,15813294
2021-08-05,20.469102258364828,20.6425682312662,20.122168658252182,20.512468338012695,10469724
2021-08-06,20.38236558537139,20.469099386809372,20.208897982495426,20.425731658935547,8223906
2021-08-09,20.425731658935547,20.51246546037353,20.25226571036925,20.425731658935547,7670837
2021-08-10,20.425732806941543,20.425732806941543,19.948699353686,19.9920654296875,7343285
2021-08-11,19.9920654296875,20.12216696631152,19.77523174106048,19.9920654296875,8655301
2021-08-12,20.078798171738033,20.902766806570757,19.992064370022536,20.772666931152344,13674855
2021-08-13,20.81603237171437,20.94613224317566,20.55583262879179,20.64256477355957,9734894
2021-08-16,21.03286859612716,21.03286859612716,20.512467392783698,20.599201202392578,9160653
2021-08-17,20.599199485383465,20.599199485383465,20.165532127796443,20.25226593017578,7973831
2021-08-18,20.252264996176336,20.72929840579823,20.03543132738282,20.338998794555664,7908641
2021-08-20,20.208897791366642,20.252265518830306,19.905331970669224,19.948698043823242,9048947
2021-08-23,20.078796546317918,20.208896411204478,19.55839543246215,19.731863021850586,9143940
2021-08-24,19.60176695949248,19.99206662986602,19.60176695949248,19.90533447265625,8233304
2021-08-25,19.948699353686,20.165533042313022,19.948699353686,19.9920654296875,3960870
2021-08-26,20.035430864848742,20.122164661225753,19.818597201061007,19.861963272094727,4388277
2021-08-27,19.81859970092773,19.948699584748923,19.731865893610347,19.81859970092773,6665003
2021-08-30,19.86196424320556,20.07879791759494,19.86196424320556,19.948698043823242,6514245
2021-08-31,19.948700551261137,20.252268064424907,19.81860066113662,19.90533447265625,12755814
2021-09-01,19.992063522338867,20.078797320376765,19.905331378610573,19.992063522338867,5746286
2021-09-02,20.035431844440925,20.07879791759494,19.905331970669224,19.948698043823242,4622547
2021-09-03,19.948699353686,20.07879923600026,19.948699353686,19.9920654296875,4485349
2021-09-06,20.03543315999876,20.07879923600026,19.948699353686,19.9920654296875,3775722
2021-09-07,20.035435675723896,20.07880175717061,19.9053357770738,19.948701858520508,5302631
2021-09-08,19.992064116977257,20.07879791759494,19.948698043823242,19.948698043823242,3914433
2021-09-09,19.992063522338867,20.035431248512616,19.94869745047472,19.992063522338867,3847580
2021-09-13,20.035434362780766,20.07880044138565,19.861966739741508,19.90533447265625,8635952
2021-09-14,20.03543436278077,20.03543436278077,19.861966739741508,19.90533447265625,11404677
2021-09-15,19.905331592549196,19.948697664879433,19.775230066939244,19.8185977935791,17256868
2021-09-16,19.861964208179575,19.905331935566764,19.68849826155976,19.775230407714844,22286215
2021-09-17,19.86196420817957,19.905331935566764,19.68849826155976,19.775230407714844,24880477
2021-09-20,19.731863956272285,19.861963827319848,19.60176408522472,19.645130157470703,10239638
2021-09-21,19.688498446687504,19.73186452017281,19.384930969361374,19.42829704284668,10140120
2021-09-22,19.47166728415606,19.60176717571568,19.341565738286565,19.384933471679688,9723023
2021-09-23,19.47166477064165,19.515030844126954,19.38493096936137,19.42829704284668,8459264
2021-09-24,19.471667634022587,19.558399793747487,19.29820000595298,19.34156608581543,10388205
2021-09-27,19.42830050787861,19.51503432462784,19.384934426658976,19.471668243408203,8668665
2021-09-28,19.428299550762937,19.515033363239308,19.341565738286565,19.384933471679688,11350575
2021-09-29,19.515030286423137,19.861963827319848,19.38493041537557,19.645130157470703,22206444
2021-09-30,19.86196386590934,19.992063737209673,19.688497922278767,19.8185977935791,14638191
2021-10-01,19.818598748017926,20.816033348435173,19.73186494487084,20.72929954528809,35110359
2021-10-04,20.98950155937733,21.29306739767246,20.64256633679477,20.68593406677246,28542026
2021-10-05,20.642566913980243,20.77266845324134,20.425733220958143,20.46910095214844,13352924
2021-10-06,20.469098451732336,20.9894995822774,20.425730725839653,20.51246452331543,40508684
2021-10-07,20.685933063249493,20.72929913681365,20.38236558537139,20.425731658935547,9134428
2021-10-08,20.51246702902894,20.642566913980243,20.425733220958143,20.46910095214844,7914906
2021-10-11,20.59919926181151,20.642565335375668,20.425731658935547,20.425731658935547,7353291
2021-10-12,20.425730938625385,20.512464737004713,20.295631068211197,20.338998794555664,8386488
2021-10-13,20.38236844475919,20.902769672083107,20.295634631153554,20.512468338012695,13948613
2021-10-14,20.555832844788586,20.685932717616943,20.469099044799805,20.469099044799805,12702200
2021-10-18,20.642567082246135,21.466535784170542,20.55583492777814,21.11960220336914,43875005
2021-10-19,21.206331335672008,21.336431192993853,20.51246267277311,20.685930252075195,23602125
2021-10-20,20.72929913681365,20.772666864687476,20.29563178393341,20.425731658935547,12927201
2021-10-21,20.512466840280016,21.119601836879166,20.469100763798554,20.989501953125,25331808
2021-10-22,21.16296711927161,22.680802899506595,20.946133436380897,22.377235412597656,115092468
2021-10-25,22.72417166840491,22.897637630068512,21.336435703547167,21.640003204345703,53319421
2021-10-26,21.68336771284613,22.03030126538973,21.336434160302527,21.59663391113281,24445799
2021-10-27,21.683368311625,21.94356806964061,21.50990070340811,21.553268432617188,18162921
2021-10-28,21.553269573857783,21.640003382558763,20.859400758559765,20.946134567260746,17364266
2021-10-29,20.685934454825425,21.119601836879166,20.16553326549898,20.989501953125,16105471
2021-11-01,21.336435317993164,21.943568654309416,21.249701511573768,21.336435317993164,22482750
2021-11-02,21.50989969775893,21.553267424940444,21.20633387903652,21.293066024780277,12204586
2021-11-03,21.423170212306903,21.856837612116273,21.293068668916217,21.726736068725586,19662155
2021-11-04,21.94356918334961,22.117036800370553,21.856837029148938,21.94356918334961,9910868
2021-11-08,22.1170358525229,22.24713573255815,21.726734558107427,22.030302047729492,22364054
2021-11-09,22.290501025300617,22.550700756925945,21.986933568864707,22.42060089111328,27949534
2021-11-10,22.483179435361848,22.572576117441,22.080896923655505,22.170291900634766,18408557
2021-11-11,22.12559551233095,22.170293003043145,21.946802139282227,21.946802139282227,9087058
2021-11-12,21.94680207786226,22.03619876413644,21.63391623355259,21.812707901000977,9367045
2021-11-15,22.080897203428407,22.125594692484373,21.63391549246913,21.72331047058105,7472234
2021-11-16,21.81270783920109,21.81270783920109,21.63391617225926,21.678613662719727,4493317
2021-11-17,21.58921808473072,21.67861477533976,21.410426408612693,21.455123901367188,7206748
2021-11-18,21.410427975122705,21.499822967172346,21.05284118652344,21.05284118652344,12290674
2021-11-22,21.00813947978773,21.45512117084704,20.8740453134899,21.231630325317383,15144944
2021-11-23,21.276328561996618,21.45512192675957,21.00814021995208,21.321027755737305,7176938
2021-11-24,21.4104275306022,21.45512502569901,21.186936644917832,21.23163414001465,5884980
2021-11-25,21.231632917327463,21.27633040985024,21.05283953703627,21.186935424804688,5125837
2021-11-26,21.00814049848372,21.186933865617164,20.82934713135027,20.874046325683594,7209870
2021-11-29,20.69525146484375,21.365723985552076,20.29296897547863,20.69525146484375,26736896
2021-11-30,20.695254114054183,21.09753836001572,20.695254114054183,20.784650802612305,4271236
2021-12-01,20.91874423302621,20.963443428252944,20.6505558820656,20.695253372192383,5898569
2021-12-02,20.8740436600658,20.8740436600658,20.650552832238752,20.78464698791504,4187212
2021-12-03,20.739953368381656,21.231632599164403,20.739953368381656,20.918745040893555,5631044
2021-12-06,21.008139057998957,21.05283654416754,20.73995073078782,20.829345703125,5983533
2021-12-07,21.00814236416842,21.097539055674257,20.65055730324514,20.739953994750977,6328241
2021-12-08,20.87404564576742,21.008139814199787,20.784648965112556,20.918743133544922,4939244
2021-12-09,21.05284070163791,21.276331586814955,20.874049016556352,21.0975399017334,5503212
2021-12-10,21.097536835358373,21.27632849445385,21.052837641759584,21.18693351745605,5319317
2021-12-13,21.365728281905803,21.365728281905803,21.05284070163791,21.0975399017334,4212726
2021-12-14,20.91874456017772,21.142235424506758,20.91874456017772,20.963443756103516,4350221
2021-12-15,20.963443491458193,21.05283847198129,20.739952629950537,20.829347610473633,4861713
2021-12-16,20.87404598813581,20.963442670256928,20.382365089019615,20.60585594177246,9157304
2021-12-17,20.65055817358928,20.65055817358928,20.29297309759512,20.382368087768555,10293500
2021-12-20,20.33766663869222,20.33766663869222,20.069478310112025,20.11417579650879,7969017
2021-12-21,20.15887328290556,20.33766663869222,20.069478310112025,20.11417579650879,7246168
2021-12-22,20.20357322692871,20.29296990815182,20.02477986448249,20.20357322692871,7072820
2021-12-23,20.29296626355837,20.60585203399552,20.2482670784248,20.471757888793945,8518409
2021-12-24,20.42706649447032,20.42706649447032,20.06948143236648,20.158876419067383,6593200
2021-12-27,20.20357322692871,20.29296990815182,20.06947905764398,20.20357322692871,4025184
2021-12-28,20.203572621086348,20.47176095161367,20.158873429265245,20.38236427307129,4058607
2021-12-29,20.427066802978516,20.605858484180676,20.382367603852902,20.427066802978516,3573893
2021-12-30,20.47176095161367,20.516460143434774,20.33766678635001,20.38236427307129,2701320
2021-12-31,20.47176429700403,20.56116099015516,20.382367603852902,20.427066802978516,3542826
2022-01-03,20.516460964751232,20.650555135382962,20.47176177114073,20.60585594177246,6385594
2022-01-04,20.650555135382962,20.73995181750408,20.516460964751232,20.60585594177246,6402243
2022-01-05,20.605854636094563,20.65055382687273,20.29296882614632,20.42706298828125,7127303
2022-01-06,20.382367603852902,20.516463496129646,20.292972615801872,20.427066802978516,7417986
2022-01-07,20.56116172903018,20.60585922466192,20.471765032666536,20.51646423339844,5352715
2022-01-10,20.60585922466192,20.60585922466192,20.471765032666536,20.51646423339844,8226337
2022-01-11,20.51646423339844,20.73995512175746,20.427067537034794,20.51646423339844,11344815
2022-01-12,20.695254539517077,20.695254539517077,20.51646286382516,20.605857849121094,7981078
2022-01-13,20.65055581899161,20.65055581899161,20.51646164392087,20.561159133911133,6196111
2022-01-14,20.561158447872163,21.231631005954952,20.47176176577448,21.18693351745605,16831189
2022-01-17,21.410425726567272,21.678614084751,21.27632984237541,21.49982070922852,16579585
2022-01-18,21.67861466295541,21.76801135310101,21.14223622718187,21.186935424804688,7441045
2022-01-19,21.142237883673253,21.23163458082307,21.008143690498617,21.05284118652344,5504174
2022-01-20,21.05284118652344,21.23163458082307,21.008143690498617,21.05284118652344,5622661
2022-01-21,21.008139057998957,21.32102657647847,20.78464821695641,20.829345703125,8028725
2022-01-24,20.874046614549137,21.008140789204923,20.33766821082604,20.427064895629883,12317944
2022-01-25,20.382361982224328,20.650551987708635,20.114173681839652,20.561155319213867,6995265
2022-01-27,20.561159817526164,20.695253997055246,20.382366441420718,20.516462326049805,7169492
2022-01-28,20.60585594177246,20.829346794525307,20.561158453261847,20.60585594177246,5703163
2022-01-31,20.918743814916997,20.918743814916997,20.695252958550146,20.874046325683594,6102682
2022-02-01,20.963441496186956,21.09753565930866,20.605854787729346,20.69525146484375,10345830
2022-02-02,20.784648895263672,20.9187430632454,20.69525221490923,20.784648895263672,5780813
2022-02-03,20.784649576494626,20.8740462597791,20.69525289321015,20.739952087402344,4151889
2022-02-04,20.73995181750408,20.829346794525307,20.561158453261847,20.60585594177246,5329628
2022-02-07,20.650557046869107,20.695254539517077,20.561160356473128,20.605857849121094,5132340
2022-02-08,20.65055773463309,20.6952552287697,20.47176434788644,20.56116104125977,5051898
2022-02-09,20.605857849121094,20.69525453951708,20.561160356473128,20.605857849121094,3686570
2022-02-10,20.695255279541016,21.0081428545652,20.605858585948376,20.695255279541016,9814830
2022-02-11,20.695253997055246,20.73995319363161,20.47176312947344,20.516462326049805,7856571
2022-02-14,20.38236516381952,20.427064357594062,19.66719511442581,19.756591796875,11887542
2022-02-15,19.9800835268517,20.158875194492676,19.75659266347551,20.114177703857425,6329315
2022-02-16,20.20357561751791,20.29297230931889,20.06948143236648,20.158876419067383,5154180
2022-02-17,20.248270645379144,20.248270645379144,20.02477979563964,20.06947898864746,2990546
2022-02-18,20.06947940065829,20.06947940065829,19.84598854633069,19.89068603515625,3970610
2022-02-21,19.756594188198573,19.845990881468268,19.667197494928875,19.711894989013672,5325454
2022-02-22,19.48840209456856,19.577798778600503,19.35430792107059,19.44370460510254,7967669
2022-02-23,19.443703521381725,19.756591045504383,19.443703521381725,19.66719436645508,13657093
2022-02-24,19.3543073786194,19.3543073786194,18.683834824821265,18.773231506347656,15562873
2022-02-25,18.907327284343367,19.35430902489569,18.907327284343367,19.22021484375,6627144
2022-02-28,19.130815109669303,19.354305944373618,18.952023464965706,19.309608459472656,3719485
2022-03-02,19.53310005491768,19.53310005491768,19.26491001976765,19.39900588989257,4596433
2022-03-03,19.488404006301828,19.533103205252576,19.354309819649767,19.44370651245117,4153853
2022-03-04,19.399007533094903,19.399007533094903,19.17551667075556,19.264911651611328,4796578
2022-03-07,19.175515306275177,19.175515306275177,18.862627780244377,18.952024459838867,5512286
2022-03-08,18.90732661288837,19.48840251395067,18.81792992693264,19.264911651611328,8292033
2022-03-09,19.35430908203125,19.443705771425627,19.26491239263688,19.35430908203125,4997588
2022-03-10,19.577801926065124,19.62250112781722,19.399010234357345,19.488405227661133,5835297
2022-03-11,19.443705771425627,19.66719664236156,19.309611589884074,19.35430908203125,10641873
2022-03-14,19.53310282907427,19.80129119721348,19.354309446914755,19.756593704223633,7375394
2022-03-15,19.9353827712497,20.069478642862908,19.711891925360803,19.801288604736328,6846313
2022-03-16,19.890687942504883,19.98008463382829,19.75659375806981,19.890687942504883,4423308
2022-03-17,20.0694817354741,20.73995437645742,19.756594161995196,20.427066802978516,15192734
2022-03-21,20.605855042570255,20.650554234230164,20.203572548229943,20.24827003479004,6083898
2022-03-22,20.24827181876513,20.337668504861433,19.845989288981695,19.980083465576172,7366442
2022-03-23,19.98008155822754,20.20357239958333,19.890684880665265,19.98008155822754,6972424
2022-03-24,19.980083947041475,20.069480635291995,19.89068725879095,19.93538475036621,4405621
2022-03-25,19.98008265044802,20.024780139122665,19.71189260310046,19.756591796875,5570071
2022-03-28,19.756591455679803,19.890685624487837,19.443703925061143,19.488401412963867,7159635
2022-03-29,19.533101709478515,19.5777991999064,19.264911651611328,19.264911651611328,6497792
2022-03-30,19.35430902489569,19.44370571402616,19.175517351734776,19.22021484375,6814486
2022-03-31,19.26491110686803,19.399006984559854,19.130816934276126,19.17551612854004,8040582
2022-04-01,19.13082005309674,19.309613449100524,19.08612255664589,19.220216751098633,10607411
2022-04-04,19.309611589884074,19.533102460820004,19.264912392636877,19.35430908203125,13261803
2022-04-05,19.35430691295853,19.9353827712497,19.35430691295853,19.801288604736328,8377562
2022-04-06,19.71189260310046,19.93538345667348,19.66719511442581,19.756591796875,6691801
2022-04-07,19.845989767215695,19.980083947041475,19.80129057054043,19.93538475036621,6164467
2022-04-08,20.024779118615456,20.203572474402122,19.980081632218692,20.11417579650879,5812243
2022-04-11,20.203572474402122,20.248269960798886,20.024779118615456,20.11417579650879,5636321
2022-04-12,20.02478212693996,20.069481325151695,19.75659375806981,19.890687942504883,5415858
2022-04-13,19.890687942504883,20.02478212693996,19.80129125118148,19.890687942504883,4063739
2022-04-18,19.89068521152843,19.93538269850317,19.57779768740577,19.66719436645508,4439796
2022-04-19,19.756591045504383,20.02477937755248,19.57779768740577,19.66719436645508,8634544
2022-04-20,19.71189185342981,19.84598772455369,19.622496879480337,19.66719436645508,4610776
2022-04-21,19.756594188198573,19.890688375553065,19.711894989013672,19.711894989013672,5046345
2022-04-22,19.6671933730533,20.248269199873565,19.62249588833626,20.024778366088867,13593912
2022-04-25,20.02478143861673,20.069480635291995,19.80129057054043,19.93538475036621,6980246
2022-04-26,19.93538475036621,20.02478143861673,19.89068725879095,19.93538475036621,4007088
2022-04-27,19.845989288981695,20.02478095607434,19.801290093383557,19.980083465576172,6440370
2022-04-28,20.069481379118063,20.114178872349925,19.845990502758617,20.024782180786133,5196942
2022-04-29,20.02478143861673,20.248272306693035,19.845989767215695,19.93538475036621,5980303
2022-05-02,19.89068603515625,19.93538352398181,19.80128935240523,19.89068603515625,5574697
2022-05-04,19.89068906957453,19.980085765963437,19.667198181152344,19.667198181152344,5020823
2022-05-05,19.75659227652479,19.845988961144343,19.66719559190523,19.71189308166504,4973251
2022-05-06,19.53310389598375,19.66719808737766,19.35431050405844,19.399009704589844,4008872
2022-05-09,19.399009704589844,19.44370720002109,19.17551881723328,19.399009704589844,4374681
2022-05-10,19.48840196288785,19.53310115715176,19.17551612854004,19.17551612854004,6627695
2022-05-11,19.220214098996564,19.26491158927983,18.95202574709706,19.130817413330078,5823704
2022-05-12,19.13081659670513,19.13081659670513,18.86262825625361,18.907325744628903,6472563
2022-05-13,18.99672249437511,19.08611917654509,18.99672249437511,19.041419982910156,3492615
2022-05-16,19.08611869812012,19.57779788008041,18.99672201819101,19.08611869812012,6334547
2022-05-17,19.17551925464778,19.354310945551376,19.13082005309674,19.22021675109864,3964019
2022-05-18,19.35430833756706,19.48840251395067,19.22021416118345,19.264911651611328,3198002
2022-05-19,19.086119923046812,19.354308274946316,18.996723237380326,19.130817413330078,4268661
2022-05-20,19.30961153288047,19.622499092287104,19.175517351734776,19.22021484375,6539615
2022-05-23,19.39900940441681,19.443706899156428,19.08612182593909,19.13081932067871,4715492
2022-05-24,19.22021416118345,19.399007533094903,19.041420789271985,19.264911651611328,3822900
2022-05-25,19.3990086547576,19.3990086547576,18.99672439724647,19.04142189025879,3077016
2022-05-26,19.04142066518543,19.1308173505586,18.862628999539066,18.996723175048828,3482555
2022-05-27,19.041419434333516,19.175515306275177,18.773231100649884,18.952024459838867,4756468
2022-05-30,18.996723175048828,19.086119860421988,18.952025684912226,18.996723175048828,3085932
2022-05-31,18.9967219470862,19.04141943433352,18.952024459838867,18.952024459838867,2753514
2022-06-01,19.04142257702188,19.086121776746413,18.95202758777305,18.99672508239746,4618347
2022-06-02,18.99672276168422,19.220213617704037,18.952025272520224,19.17551612854004,2687254
2022-06-03,19.22021601525808,19.264913509997697,19.08612182593909,19.13081932067871,2376146
2022-06-06,19.13081927137083,19.13081927137083,18.95202758777305,18.99672508239746,3058575
2022-06-07,18.996723175048828,19.04142066518543,18.907326489675665,18.996723175048828,5467984
2022-06-08,18.99672508239746,19.04142257702188,18.95202758777305,18.99672508239746,1632520
2022-06-09,18.952024459838867,18.996721947086197,18.9073252674917,18.952024459838867,1638001
2022-06-10,18.907325744628903,18.95202493810408,18.86262825625361,18.907325744628903,1628912
2022-06-13,18.862628603342785,18.862628603342785,18.54974106365868,18.594438552856445,6978917
2022-06-14,18.549745559692383,18.68383976488696,18.505048059660965,18.549745559692383,4484916
2022-06-15,18.549745559692383,18.594443059723798,18.505048059660965,18.549745559692383,3060444
2022-06-16,18.594440246714083,18.594440246714083,17.87927012380203,18.05806350708008,7871297
2022-06-17,17.968665751790656,17.968665751790656,17.655778202125404,17.700475692749023,6562891
2022-06-20,17.700475568241718,17.745174763650887,17.253493844749755,17.432287216186523,4780572
2022-06-21,17.566381775373962,17.879269329663067,17.43228759642149,17.834571838378906,3006661
2022-06-22,17.83457232076211,17.923967305748352,17.745175630675824,17.789873123168945,2309521
2022-06-23,17.70047521344578,17.87926858129874,17.655777724032504,17.745174407958984,2903295
2022-06-24,17.745175574691945,17.789873067044052,17.61108139253559,17.655778884887695,3141275
2022-06-27,17.745175574691945,17.789873067044052,17.61108139253559,17.655778884887695,3435302
2022-06-28,17.700475630970587,17.700475630970587,17.476984768432576,17.566381454467773,3878945
2022-06-29,17.476984768432576,17.65577814050297,17.38758978749734,17.566381454467773,2911052
2022-06-30,17.566381454467773,17.611080650035355,17.476984768432576,17.566381454467773,2829852
2022-07-01,17.611080971758117,17.923966820947225,17.521684284089805,17.834571838378906,2510750
2022-07-04,17.96866644665255,17.96866644665255,17.566382195083445,17.655778884887695,4764980
2022-07-05,17.745175630675824,17.87926981325523,17.70047643308266,17.789873123168945,2172288
2022-07-06,17.834571838378906,17.879269329663067,17.74517515071059,17.834571838378906,3057654
2022-07-07,17.879269329663067,17.96866601733138,17.78987264199475,17.834571838378906,2256307
2022-07-08,17.8792655054053,17.968662173952254,17.83456802368164,17.83456802368164,2821482
2022-07-11,17.83457688573102,18.102765319535806,17.78987767669657,18.013368606567383,2136231
2022-07-12,18.013362406083164,18.236853259024894,17.923965723886496,18.058061599731445,2131019
2022-07-13,18.14745774748712,18.14745774748712,17.923966880128415,17.968666076660156,1711397
2022-07-14,17.923966135815864,17.968665330491422,17.834571156664605,17.879268646240234,2438490
2022-07-15,17.923966880128415,18.05806276462364,17.834571897264933,17.968666076660156,3888758
2022-07-18,17.96866424188983,18.14745589446048,17.96866424188983,18.102758407592773,1920084
2022-07-19,18.102758007366376,18.32624884696349,18.05806052148687,18.281551361083984,1733146
2022-07-20,18.236855343437824,18.54974291433825,18.236855343437824,18.460346221923828,2638431
2022-07-21,18.460341647066706,18.460341647066706,18.37094497680664,18.37094497680664,1861097
2022-07-22,18.415651354497804,18.728538970018707,18.370952149366058,18.549745559692383,2691375
2022-07-25,18.549738317326764,18.59443579990696,18.28155001164624,18.37094497680664,2621417
2022-07-26,18.32625124176345,18.37094873348385,18.236854553222656,18.236854553222656,1044496
2022-07-27,18.23685380768894,18.23685380768894,18.1027596329096,18.147457122802734,1357707
2022-07-28,18.236854553222656,18.32625124176345,18.19215706150226,18.236854553222656,1509341
2022-07-29,18.28155332953706,18.505044193198398,18.28155332953706,18.415647506713867,2688899
2022-08-01,18.50504383910153,19.08611973248202,18.37094795939069,18.728534698486328,5196431
2022-08-02,18.7732323141659,19.130817350558594,18.728534824029296,18.996723175048828,3465913
2022-08-03,19.041418075561523,19.220211421992037,18.99672059150376,19.041418075561523,3404410
2022-08-04,19.175513937934262,19.35430557926506,18.9073239182885,19.041418075561523,5179908
2022-08-05,19.04142066518543,19.17551654579515,18.952025684912222,18.996723175048828,2668174
2022-08-08,18.99672391660589,19.175517294331605,18.95202642472448,19.08612060546875,2242450
2022-08-10,19.13081809735017,19.30961147507588,18.996723916605895,19.08612060546875,3695871
2022-08-11,19.2202127935225,19.309609473116996,18.9073252674917,18.952024459838867,3384528
2022-08-12,18.95202642472448,19.175517294331605,18.862629735861624,19.08612060546875,3140348
2022-08-16,19.13081809735017,19.175517294331605,18.99672391660589,19.08612060546875,3285567
2022-08-17,19.08612060546875,19.175517294331605,19.041421408487313,19.08612060546875,2817475
2022-08-18,19.041420727663592,19.26491158927983,18.996723237380326,19.13081741333008,3367337
2022-08-19,19.13081927137083,19.2649134603442,18.99672508239746,18.99672508239746,3208472
2022-08-22,19.041420537545097,19.041420537545097,18.683835503549403,18.728534698486328,2995773
2022-08-23,18.63913801371242,18.907326362934207,18.59443881877549,18.728534698486328,2215625
2022-08-24,18.72853523930223,18.8626294177853,18.683836043074542,18.817930221557617,5540331
2022-08-25,18.817929741679773,19.086119796906768,18.817929741679773,18.862628936767575,2519955
2022-08-26,18.99672508239746,19.220215965719785,18.95202758777305,18.99672508239746,4050990
2022-08-29,18.862629735861624,19.220214786213024,18.72853555511735,19.08612060546875,3976760
2022-08-30,19.220214098996564,19.220214098996564,19.08611992304681,19.13081741333008,2987602
2022-09-01,19.086122121270623,19.62250059194641,19.04142292073922,19.399009704589844,7092597
2022-09-02,19.48840168282896,19.66719504711542,19.309610023642392,19.62249755859375,7214311
2022-09-05,19.756593704223633,19.84599039530339,19.577800322064117,19.756593704223633,5413152
2022-09-06,19.801287532304173,20.11417504062269,19.756590047587128,20.024778366088867,7029366
2022-09-07,19.89068576267788,20.38236495342322,19.89068576267788,20.33766746520996,11453837
2022-09-08,20.42706414673636,20.561158316476007,20.292969976996705,20.33766746520996,8544734
2022-09-09,20.382365700677997,20.51646158043372,20.158874841218367,20.427064895629883,7536327
2022-09-12,20.42706373895937,20.60585539334313,20.20357289215477,20.51646041870117,11931156
2022-09-13,20.561159876024,20.695254055934583,20.47176318771693,20.65055656433105,11480792
2022-09-14,20.42706298828125,20.5164596647378,20.38236379750308,20.42706298828125,4983940
2022-09-15,20.684473035477883,20.73043782973448,20.45464555730591,20.5006103515625,5293333
2022-09-16,20.316752446344914,20.45464860309254,20.0409583794049,20.224821090698242,7621644
2022-09-19,20.13288800822393,20.13288800822393,19.811129167780688,19.85709571838379,4090063
2022-09-20,19.857094212065615,20.040955140196857,19.811127664949442,19.903059005737305,2769912
2022-09-21,19.903061480585755,20.08692418502391,19.673233976760415,19.765165328979492,5095250
2022-09-22,19.765161109153865,19.811125898727656,19.581298443970056,19.719196319580078,3121582
2022-09-23,19.765163422173995,19.765163422173995,19.53533594052081,19.581300735473633,3349284
2022-09-26,19.535336098106715,19.535336098106715,19.12164592641605,19.21357727050781,6258183
2022-09-27,19.35147190706628,19.58129937272476,19.21357577836008,19.443403244018555,4591378
2022-09-28,20.040953331969007,20.040953331969007,19.351470968436434,19.53533363342285,6152889
2022-09-29,19.67323263377383,19.71919918346783,19.535336491581,19.627267837524414,2861215
2022-09-30,19.627266882240484,19.719198223709487,19.443404199302485,19.535335540771484,3226644
2022-10-03,19.48937074675923,19.627266882240484,19.443404199302485,19.535335540771484,3531770
2022-10-04,19.581301287830414,19.71919918346783,19.581301287830414,19.627267837524414,2654820
2022-10-06,19.719195759241234,19.719195759241234,19.62726442926164,19.673229217529297,2409652
2022-10-07,19.627267837524414,19.67323263377383,19.535336491581,19.627267837524414,1793061
2022-10-10,19.581299785985458,19.811127256494416,19.48937020053743,19.67323112487793,5286105
2022-10-11,19.765163979717244,19.81112877596666,19.581301287830414,19.627267837524414,2507254
2022-10-12,19.719197267185443,19.76516205896807,19.62726593017578,19.62726593017578,2250705
2022-10-13,19.62726442926164,19.719195759241234,19.581297887549702,19.673229217529297,2494125
2022-10-14,19.67323112487793,19.811127256494416,19.627266332153916,19.67323112487793,2736083
2022-10-17,19.673232078823812,19.673232078823812,19.489371145567983,19.581300735473633,2903656
2022-10-18,19.62726442926164,19.719195759241234,19.535333099282045,19.673229217529297,2954018
2022-10-19,19.765161109153865,19.765161109153865,19.62726498698817,19.719196319580078,3812012
2022-10-20,19.719198627221168,19.719198627221168,19.53533594052081,19.581300735473633,2138398
2022-10-21,19.581299384948743,19.673230721958408,19.581299384948743,19.62726593017578,1874409
2022-10-24,19.94902514996639,19.94902514996639,19.765162472103924,19.85709381103516,2874558
2022-10-25,19.7191990162723,20.316750129671096,19.7191990162723,20.17885398864746,7281948
2022-10-27,20.45464555730591,20.63850824122129,20.270782873390523,20.5006103515625,6706879
2022-10-28,20.500607098508926,20.77640108061878,20.500607098508926,20.546573638916016,6390289
2022-10-31,20.684472489253373,21.052196093928988,20.59254114972336,20.82236862182617,8254434
2022-11-01,20.914297071378147,21.052193184896193,20.638504844342055,20.73043441772461,7735529
2022-11-02,20.822370529174805,20.91430187712582,20.684474383970592,20.822370529174805,5131538
2022-11-03,20.822364287367506,21.190087815496458,20.730432966974245,20.96026039123535,11765692
2022-11-04,21.098162914694047,22.15536894942187,21.05219636760924,21.78764533996582,34154707
2022-11-07,22.01747438884789,23.212576643366127,22.01747438884789,22.70695686340332,52076818
2022-11-09,22.982747082003605,23.396437230857448,22.706954818397342,23.074678421020508,38875439
2022-11-10,23.02871159572364,23.1206429336265,22.43116052952167,22.477127075195312,14954605
2022-11-11,22.936782421130502,23.0746785537267,22.339229590806227,22.52309226989746,18761662
2022-11-14,22.660985416336818,22.982744185624405,22.431157974480573,22.79888153076172,22046223
2022-11-15,22.84485001377694,23.488365853628288,22.84485001377694,23.166608810424805,35052725
2022-11-16,23.16660798899216,25.14312373625453,23.16660798899216,24.775400161743164,191610244
2022-11-17,25.817575124071663,27.19135507369187,25.722831367703574,26.433406829833984,215982024
2022-11-18,26.62290040525179,26.954502724510597,25.391234906160125,26.054439544677734,108880653
2022-11-21,26.054437290416498,26.7650128528824,25.485976479026352,26.62289810180664,77988304
2022-11-22,26.717641384686765,28.612509516733002,26.62289761666704,27.4282169342041,174086537
2022-11-23,27.475585807083,27.901931826924233,26.812381288904845,27.712444305419922,87003661
2022-11-24,27.949303783790857,30.033659365077856,27.85456001971654,29.275711059570312,239985161
2022-11-25,29.559943713502378,30.460006803040226,29.41782715730066,30.128402709960938,151615074
2022-11-28,30.317889247795122,32.97070383414239,30.128401717161594,31.78641128540039,321464637
2022-11-29,32.118018077534046,34.39185779447116,32.023272497136034,33.44442367553711,347649114
2022-11-30,34.20236992953914,35.14980403965573,30.791608578789145,31.075838088989258,356366103
2022-12-01,31.4548179436273,32.828598334237846,30.83898423309245,32.402252197265625,198522937
2022-12-02,32.875961374177216,32.92333235256914,32.11801487738452,32.68647384643555,100345607
2022-12-05,32.87596587520852,32.87596587520852,31.691673182399672,31.881160736083984,71585440
2022-12-06,31.502180229533803,31.881155271949616,30.365258716460215,31.265321731567383,107014786
2022-12-07,31.407440122822617,31.881157146610747,30.981094078578487,31.312694549560547,70789132
2022-12-08,31.50218463975457,31.549555623144894,30.270521000734377,30.50737953186035,55312942
2022-12-09,30.50737824924256,30.791607751809032,28.991483352351466,29.417827606201172,65342359
2022-12-12,29.370455399452467,32.165386555460984,28.659879865594746,31.644298553466797,142467203
2022-12-13,32.165382372582975,32.87595781403544,31.833778331401003,32.02326583862305,105835589
2022-12-14,32.21275717884997,32.30749913664757,31.0758356144087,32.16538619995117,64653991
2022-12-15,31.928526384151358,32.07063931502975,31.028463365226056,31.17057991027832,46565124
2022-12-16,30.60211952403433,31.02846557538591,29.89154397650641,30.41263198852539,43591915
2022-12-19,30.602120963110448,31.502184088473108,30.507378997987765,31.12320899963379,38418582
2022-12-20,31.217951317745623,34.01288236698365,30.88634724610868,33.776023864746094,181272162
2022-12-21,34.29711800446504,34.581347535345294,29.275715771244723,30.602123260498047,192467386
2022-12-22,31.26532470703125,31.644299785513432,29.37045654296875,29.60731506347656,99443583
2022-12-23,29.3230836508594,29.3230836508594,26.10180653619842,26.38603782653809,122876842
2022-12-26,26.76500979660751,29.180965710280685,26.38603656798443,28.754621505737305,136601051
2022-12-27,29.654685460663767,30.696865098875865,29.41782694482113,30.41263198852539,89075438
2022-12-28,30.46000454144311,31.454809518470295,29.89154197301765,30.79160499572754,104597559
2022-12-29,30.317891664700017,31.454813324961133,30.03366215317832,30.981096267700195,87697856
2022-12-30,31.360065821918308,31.50218237605134,30.649490279601363,30.838977813720703,42178363
2023-01-02,30.981092388266593,31.596922317087365,30.791604866254865,31.17057991027832,40172355
2023-01-03,31.265319362863263,32.35486981663248,31.17057741652402,32.07063674926758,84881999
2023-01-04,32.260128520255826,32.78121652234612,31.265323495506344,31.502182006835938,75920751
2023-01-05,31.691669831684266,31.881157365334328,30.507377264088998,31.028465270996094,45698294
2023-01-06,31.217954796330663,31.36006774500435,30.649492159112945,30.981096267700195,27818130
2023-01-09,31.31269676211312,31.596926273634818,30.838979704852182,30.981096267700195,28648565
2023-01-10,31.12320961861294,31.17058421629077,30.365263040034534,30.46000862121582,22376324
2023-01-11,30.50737960471928,30.88635108692129,30.03366254133598,30.46000862121582,25187049
2023-01-12,30.602117342686235,31.170579908692496,30.31788786677004,31.02846336364746,41148274
2023-01-13,31.0758356144087,32.44961568751798,30.9810936566111,32.16538619995117,75271636
2023-01-16,32.21275181316062,32.21275181316062,31.26531793630296,31.407434463500977,43209016
2023-01-17,31.31269676211312,31.407442342069903,30.744237739069728,30.981096267700195,23809717
2023-01-18,31.17058161092855,31.64429863471668,31.075836037666484,31.312694549560547,26275227
2023-01-19,31.075830438096745,31.83377681674819,30.744230026865928,31.407434463500977,43947894
2023-01-20,31.407438143589065,32.35487213145994,31.21795062318012,31.360063552856445,37966558
2023-01-23,31.64429871104832,31.88115722351373,30.93372317365209,31.123207092285156,47560769
2023-01-24,31.170581831993175,31.596924265086898,30.696864804845404,30.886348724365234,34050557
2023-01-25,30.886351179683643,31.123209712086663,30.08103361518314,30.27052116394043,29120299
2023-01-27,30.460007110434315,30.60212005389604,28.849368451982063,29.654685974121094,34619490
2023-01-30,28.470395347268973,30.03366313289454,28.470395347268973,29.559946060180664,37227440
2023-01-31,29.89154347819616,31.502182081910615,29.749428732477128,31.312694549560547,35809352
2023-02-01,32.07064206711671,32.35487518161221,29.180968854530615,29.844173431396484,78444937
2023-02-02,29.84417336112803,30.74423645517149,29.607314842388917,29.891544342041016,24517707
2023-02-03,30.223144944077095,30.412630664248066,29.228339943690287,29.512569427490234,28559269
2023-02-06,29.891545276665695,29.891545276665695,28.47039411979562,28.612510681152344,30328389
2023-02-07,28.8019965496984,29.03885507692797,28.13879375770789,28.32827949523925,25692419
2023-02-08,28.517763011962018,29.180965710280685,27.996673241404245,28.754621505737305,29213321
2023-02-09,28.659883623853364,28.754627402209174,28.23353752479585,28.51776885986328,12967212
2023-02-10,28.375650300186003,28.80199453512604,28.280906534503654,28.517765045166016,12718144
2023-02-13,28.61250891742844,28.849367428973085,28.186162873813256,28.37565040588379,16476556
2023-02-14,28.23353426163648,28.2809070488828,27.475587736566037,27.61770248413086,23057839
2023-02-15,27.47558920112941,28.517767083968987,27.28610165621779,28.23353576660156,108461456
2023-02-16,28.04404871570172,28.375651000227226,27.28610037863098,27.4282169342041,37728708
2023-02-17,27.38084614312569,27.66507746790961,27.143987609349374,27.238731384277344,17614414
2023-02-20,27.428217165143764,27.475588146008946,26.717641609643533,27.00187110900879,13475222
2023-02-21,26.81238372222056,27.096615030271987,26.670268971738388,26.765012741088867,11287304
2023-02-22,26.717640026796097,26.717640026796097,26.338664973978126,26.433408737182617,14410318
2023-02-23,26.33866507614289,26.907125850487866,26.1965503343284,26.29129409790039,17475738
2023-02-24,26.48078158998464,26.765011073237325,26.33866504127132,26.38603782653809,10402222
2023-02-27,26.62289873598339,26.670269718441354,25.58072085812388,25.675464630126953,14416765
2023-02-28,25.817581429629595,26.054439974855555,25.391235325387957,25.53335189819336,16207572
2023-03-01,25.533349691071,26.717642314829632,25.485976901868376,25.86495018005371,27761685
2023-03-02,26.0070660541433,27.9493051830091,25.912322285325853,27.00187110900879,74972504
2023-03-03,27.28610083387273,27.475588373073595,26.338666752042606,26.717641830444336,31886865
2023-03-06,26.954500350901867,27.66507591227446,26.622898060843905,26.717641830444336,24034894
2023-03-08,26.71764375936664,26.812385728720013,26.43341243004481,26.57552719116211,16951705
2023-03-09,26.622896331610985,27.23872808338312,26.29129406309153,26.38603782653809,29457034
2023-03-10,26.243922983664174,26.71763999198239,26.101806435499125,26.528152465820312,18602384
2023-03-13,26.670267522221245,26.71764030786534,25.81757725858448,25.959692001342773,16451332
2023-03-14,26.149181683055172,26.196552665513135,25.438606103662842,25.675464630126953,17256430
2023-03-15,25.95969224745123,26.14917977765004,25.438604250035024,25.580718994140625,10378460
2023-03-16,25.58072082972841,25.8175793559296,25.012260005428125,25.62809181213379,16145407
2023-03-17,25.817577503345632,26.054436012550635,25.438604250035024,25.580718994140625,14474482
2023-03-20,25.533352077159567,25.533352077159567,25.107005969929613,25.296493530273438,12817483
2023-03-21,25.485975302236746,25.533348088466006,25.34386055772299,25.391231536865234,8231139
2023-03-22,25.53335189819336,25.817581429629595,25.43860811868552,25.53335189819336,9524521
2023-03-23,25.485975302236746,25.628090046750494,25.296489578580744,25.391231536865234,9750086
2023-03-24,25.485975446073567,25.533348232570194,25.059631210126124,25.154373168945312,9405435
2023-03-27,25.2017463586916,25.485975853871143,24.396427046233462,24.53854179382324,14682995
2023-03-28,24.63328582165288,24.63328582165288,24.06482501819732,24.159568786621094,10179329
2023-03-29,24.159570159628792,25.107004283535804,24.159570159628792,24.964889526367188,15458843
2023-03-31,25.10700412109197,25.864950692478747,25.059633138037984,25.20174789428711,17209537
2023-04-03,25.43860561680798,26.528154456273207,25.296490865066797,26.338666915893555,27498143
2023-04-05,26.528154728578368,26.670269481778327,25.817579155491448,25.959693908691406,16069321
2023-04-06,25.912321055016896,26.243923326590046,25.77020631208183,26.007064819335938,12059313
2023-04-10,26.14917751527097,26.480779760885763,25.959690001466274,26.101804733276367,13598478
2023-04-11,26.1491813659668,26.433410871442263,26.10180857699613,26.1491813659668,10351890
2023-04-12,26.19655443350003,26.291298211897296,25.817581126998245,25.912324905395508,10628633
2023-04-13,25.9596919659086,26.52815274325284,25.912320987416155,26.05443572998047,12152354
2023-04-17,26.054437566142767,26.196552318722485,25.817579042814195,26.101808547973633,10152996
2023-04-18,26.101808162722623,27.14398601140368,26.05443718159093,26.765012741088867,29141937
2023-04-19,26.765013007980524,27.049242511779102,26.291295963591487,26.38603973388672,12802470
2023-04-20,26.480783309986805,26.859756581301436,26.338666752042606,26.717641830444336,21180929
2023-04-21,26.81238380437184,27.0492423249302,26.43341053289588,26.57552528381348,15543321
2023-04-24,26.62289720128597,28.42302153722622,26.480782455017245,27.996675491333008,114914226
2023-04-25,28.28090793736922,29.559944319809592,27.80719089254591,29.18096923828125,165437101
2023-04-26,29.41782423514682,29.938914006255317,28.470390259044354,28.65987777709961,124814428
2023-04-27,28.65988090260708,30.791607581313393,28.3282786133909,29.796802520751953,235048732
2023-04-28,30.03366081853027,30.649490797098387,29.84417328121156,30.081031799316406,94569856
2023-05-02,30.602122409228336,32.16539020684563,30.50738043962858,31.786415100097656,204453588
2023-05-03,31.928526888483034,34.15499536831119,31.78641034118595,33.5865364074707,343151755
2023-05-04,34.15500009977891,35.43403836011515,32.21276083131398,32.40224838256836,275121738
2023-05-05,32.63910259747672,33.49179104398476,32.307498523134186,33.01807403564453,207483533
2023-05-08,33.3970490879863,34.15499557849588,32.87596110164684,33.01807403564453,158914127
2023-05-09,33.3970503985257,33.68127989184854,30.98109428402036,31.17058181762696,126905423
2023-05-10,31.17058359636943,31.73904261545411,30.223147681358277,31.12320899963379,94417242
2023-05-11,31.64429834321149,32.54435778877839,31.45481081260697,31.92852783203125,137743556
2023-05-12,31.97590275072285,32.16539030467314,31.31269811898407,31.596927642822266,54099932
2023-05-15,31.833780486168383,32.165384549795995,31.312692516666516,31.691667556762695,48801180
2023-05-16,31.881160683871887,32.16539020684563,31.64430214569802,31.786415100097656,50104989
2023-05-17,31.8811604202612,32.828594565122756,31.833785821678568,32.21276092529297,87773958
2023-05-18,32.59173230764937,32.828590816820736,31.928527759134745,32.11801528930664,43139793
2023-05-19,32.307499353708735,32.449615905533975,31.31269433345418,31.73904037475586,38623945
2023-05-22,31.786411359198457,31.928527911047063,31.407439911225588,31.596923828125,39038713
2023-05-23,31.6442984215239,31.975898890271917,31.502181869675294,31.596923828125,26334035
2023-05-24,31.502177842884954,32.49698273614134,31.40743589654571,32.07063674926758,49417869
2023-05-25,32.11801836218319,32.35487689401589,29.98628976860175,30.31789207458496,78918846
2023-05-26,30.31789020691265,30.554748724154155,29.559943674574665,30.223146438598633,52280306
2023-05-29,30.554746561864572,30.886347016866413,30.317888061385002,30.744234085083008,38342982
2023-05-30,30.223148300434445,30.554750606417656,30.12840452628393,30.31789207458496,30754089
2023-05-31,30.3178919841247,30.602121498640997,30.128404436389047,30.50737953186035,25341934
2023-06-01,30.55475058822273,30.744238136410925,30.317892056531083,30.46000862121582,20794791
2023-06-02,30.60212158994932,30.696867171187023,30.223148300434445,30.31789207458496,18155919
2023-06-05,30.365261227514363,30.460006803040223,30.081031729285083,30.128402709960938,23679377
2023-06-06,30.175775202626205,30.7916069808253,30.128402415326544,30.60211944580078,31526798
2023-06-07,30.74423508657595,32.30749907216008,30.60211853598921,32.070640563964844,99888253
2023-06-08,32.35487408732452,32.402245066746886,31.36006544858446,31.6442985534668,46914299
2023-06-09,31.786405845739992,31.83377681674819,31.21794696529476,31.407434463500977,24830925
2023-06-12,31.502187838583247,31.549558826783763,31.170587307004894,31.312700271606445,18481171
2023-06-13,31.312692708325894,31.502180229533803,31.075834210359474,31.265321731567383,16812036
2023-06-14,31.502182081910615,31.739040593804678,31.265323570016548,31.312694549560547,19489115
2023-06-15,31.3126984630146,31.454815033582367,31.0284689360536,31.123210906982425,14736948
2023-06-16,31.26532561826748,31.502184145678598,31.075838073503725,31.217954635620117,18034381
2023-06-19,31.360065598212795,31.64429870445129,31.17058167961924,31.265323638916016,23821237
2023-06-20,31.12321073471676,31.45481485948128,30.933726793907883,31.360069274902344,17410144
2023-06-21,31.549553061454613,31.786411573348676,31.17058161092855,31.312694549560547,23054775
2023-06-22,31.312696616518405,31.40744219603465,30.933725140976357,31.075838088989258,14109469
2023-06-23,31.0758346071525,31.123205584515873,30.460004673080878,30.554746627807617,24307838
2023-06-26,30.60212318514161,31.075840273500383,30.2705226689603,30.64949417114257,11033301
2023-06-27,30.64948838524604,31.26532192952749,30.41262988577992,30.98109245300293,23652368
2023-06-28,30.933719635009766,31.123203531966947,30.791603098118216,30.933719635009766,9648453
2023-06-30,31.028467250591422,31.36006774500435,30.744237739069728,30.981096267700195,14373970
2023-07-03,31.12320531756157,31.265321862606605,30.98109238669041,31.02846336364746,16288496
2023-07-04,31.07583596939148,31.549552992138832,30.886348437457727,31.36006546020508,29446900
2023-07-05,31.454809060246042,32.354872069844085,31.40743808377748,31.691667556762695,41585187
2023-07-06,31.739038464046104,31.88115500731584,31.50217996804576,31.596921920776367,18663493
2023-07-07,31.549552992138832,31.739040524072585,31.170581542445387,31.36006546020508,14912804
2023-07-10,31.5021841456786,31.5021841456786,31.075838073503725,31.21795463562012,13203680
2023-07-11,31.21795470773237,31.36006765600273,31.075838145287698,31.170583724975582,13406298
2023-07-12,31.075838073503725,31.40744218038387,31.028467090856363,31.21795463562012,18276560
2023-07-13,31.312696778579383,31.360067761495525,30.69686677232092,30.838979721069336,12769558
2023-07-14,30.791610642572,31.075840171822367,30.74423965672603,30.83898162841797,10988416
2023-07-17,30.83897597288619,31.075834472853323,30.649488450077705,30.79160499572754,17532573
2023-07-18,30.886348724365234,31.45481132544702,30.744235784725362,30.886348724365234,24480880
2023-07-19,30.981096051949766,31.21795457893077,30.838979490091447,31.12320899963379,14117155
2023-07-20,31.170581536644132,31.881157070632913,31.075835963607858,31.502182006835938,42035133
2023-07-21,31.549552095331418,33.349678176271745,31.454810139144644,33.11281967163086,172775659
2023-07-24,33.633911312523274,34.20237033974125,32.87596473817452,33.25493621826172,89931586
2023-07-25,33.30231136938579,33.34968235341252,32.49699018423367,32.63910675048828,33446144
2023-07-26,32.82858998820199,34.34448296296681,32.78121539622426,33.39704895019531,85247455
2023-07-27,33.49179104398476,33.49179104398476,32.73384455347518,33.01807403564453,37679849
2023-07-28,33.25493629095985,33.58654040270721,32.92333579338685,33.20756530761719,30923854
2023-07-31,33.6339095523313,36.52358274878127,33.30230907283714,36.19198226928711,216012818
2023-08-01,36.9499274359809,39.50800005822977,36.76043990578209,38.37107849121094,381693749
2023-08-02,38.60793750565118,38.939537977208005,36.807811366466524,37.61313247680664,159610570
2023-08-03,37.80261743187928,42.918758780305616,37.66050088851723,42.35029983520508,454943778
2023-08-04,44.33990948740375,45.76106045568063,42.16081205888064,42.68190002441406,274350314
2023-08-07,43.53459340978026,47.9875339721938,43.297734907675,47.13484191894531,306863736
2023-08-08,48.55599647667578,49.26657203487103,46.80324487879715,47.65593338012695,303287703
2023-08-09,47.27696283321886,47.46644676106803,45.52420758722,46.37689971923828,170874267
2023-08-10,46.37689563413671,47.655930105326334,46.28215006438352,46.85061264038086,108926518
2023-08-11,47.08747536367994,47.51382143034539,45.95055372396352,46.32952880859375,69084615
2023-08-14,46.09266896339769,48.60336708105927,42.49241660510325,48.17702102661133,240638055
2023-08-16,48.22439925197693,49.92977998398199,47.75068218118806,48.555999755859375,207500648
2023-08-17,47.371705690791615,47.371705690791615,44.24517383803423,45.14523696899414,155217100
2023-08-18,45.14523714713484,46.424271760163485,43.96094450019189,44.76626205444336,127976241
2023-08-21,45.666324862974136,45.80843781108824,44.955749279880685,45.2399787902832,74415020
2023-08-22,45.57157913851711,45.66632471779962,45.09786208462743,45.334720611572266,40881273
2023-08-23,45.47682964864202,45.61894618696351,45.09785462256718,45.23997116088867,29610934
2023-08-24,45.476836702223935,47.608563422640685,45.382094738097344,46.04529571533203,119824410
2023-08-25,46.14003774273664,46.6137547552613,45.52420418078499,45.85580825805664,36732928
2023-08-28,46.32952506361928,46.70849650344169,45.95055000962291,46.14003753662109,42444304
2023-08-29,46.47164130319942,48.17702193911813,46.37689934004947,46.897987365722656,107331968
2023-08-30,47.371700353839984,48.177017814185696,46.9927253053397,47.182212829589844,57580129
2023-08-31,47.65593352120806,47.8454210601226,47.18221648100883,47.56119155883789,37388795
2023-09-01,47.84542141901538,53.53002594404691,47.46644633834359,52.81945037841797,236065708
2023-09-04,54.66694159971417,63.3833349753616,54.14585363134818,63.193843841552734,504243805
2023-09-05,66.08352515936723,71.72075488018903,65.84666664625122,68.45211029052734,573870002
2023-09-06,69.63640502929688,70.1101220703125,63.71494201660156,65.13609313964844,203998733
2023-09-07,65.46770557557356,70.58385199830161,64.61501330039394,69.30481719970703,202538874
2023-09-08,70.77332910874628,73.85249013953985,70.72596173758964,73.04717254638672,179288780
2023-09-11,77.40536690608855,80.34241854399443,77.21588296805864,80.2950439453125,169943821
2023-09-12,86.21650479389486,87.49553940835433,73.2840276291409,78.44754791259766,395003025
2023-09-13,75.69997454456026,79.86868539742774,71.43652174174414,74.7525405883789,238578975
2023-09-14,76.74216825045072,77.68960242638221,74.61044135460487,76.9790267944336,129797195
2023-09-15,78.12582566443758,78.50809415956083,75.25882288776097,75.83222198486328,77020431
2023-09-18,76.16669999480555,76.16669999480555,72.91743619287756,73.20413208007812,73958819
2023-09-20,72.63073630182676,75.92778654643051,70.71940113598922,73.77753448486328,76414678
2023-09-21,73.77753028344274,74.78098410482963,70.71939710872067,71.14944458007812,52360179
2023-09-22,71.67505696902538,72.72628967967164,68.1868694049667,71.77062225341797,94866289
2023-09-25,72.77407836610291,75.21102600867393,71.48392875636955,73.395263671875,85506777
2023-09-26,73.77753120285082,74.01644808795224,72.20068559411325,72.58294677734375,33138244
2023-09-27,71.53170725594205,73.29969058222792,71.53170725594205,72.05732727050781,31966561
2023-09-28,72.63072679846034,72.91742995228832,71.19722561164862,71.53170776367188,25011662
2023-09-29,71.96176482116118,74.11201667090307,71.29279320432067,73.1563491821289,39254526
2023-10-03,73.44304131069964,74.35092975345898,72.9174285933627,73.2041244506836,32681918
2023-10-04,73.06078338994553,73.20413498481635,70.52827014227594,71.72285461425781,34505676
2023-10-05,72.39180699981314,72.48737228349432,70.71938901631911,71.05387115478516,20716740
2023-10-06,71.48392876547659,72.63072679846034,70.52826130760212,71.53170776367188,27407523
2023-10-09,69.42924402075288,69.71593989063457,67.2312058958385,67.99574279785156,49805228
2023-10-10,68.2346552264325,72.86964075385477,68.18686893898085,72.2962417602539,75097719
2023-10-11,73.20413405717451,74.20758791738953,72.0095496003304,72.24846649169922,45128089
2023-10-12,72.67851068305725,72.72628967967164,71.48392640024016,71.77062225341797,21587597
2023-10-13,71.67505800481369,74.87654247079591,71.1972242847816,73.2041244506836,78755411
2023-10-16,73.77752962745019,73.82531591991597,72.82186210745128,72.91743469238281,23187941
2023-10-17,73.53861734298353,77.21794335783731,73.20413514831455,75.6410903930664,153256370
2023-10-18,76.35783535007072,77.12236498179846,73.72974970297993,74.0642318725586,60210098
2023-10-19,72.72629639667824,74.9243345965382,72.43960051702118,74.15979766845703,36281928
2023-10-20,74.1597985555901,75.73665143164271,73.25191732240218,73.63418579101562,34571282
2023-10-23,74.06422381263052,74.49427122798032,68.80805309044383,68.99918365478516,59336442
2023-10-25,70.14600156111587,71.5795029256162,64.98539519068167,67.18343353271484,67364514
2023-10-26,65.8454966483451,68.23466555945222,62.83514236211717,67.08786010742188,109965024
2023-10-27,68.23465644946879,69.90707446395987,67.326768009761,68.76026916503906,71117911
2023-10-30,69.23810002593247,69.85928529248208,66.8011525372336,69.5248031616211,44719772
2023-10-31,70.43268719023771,71.1016587708342,68.90362074927478,69.38145446777344,44614720
2023-11-01,69.7159423828125,70.14599713975488,69.28589491703464,69.7159423828125,17172572
2023-11-02,70.71939704286561,71.24501709951491,69.5725989262039,69.81151580810547,22236579
2023-11-03,69.47702111216125,70.09820641659225,67.90017564320482,68.95140838623047,35993734
2023-11-06,69.85929721180013,70.91053007007929,69.42924972605657,69.57260131835938,28925365
2023-11-07,70.00263109659618,71.00608469772249,69.57258371963519,69.8115005493164,32735491
2023-11-08,70.24156606243409,73.10856875885996,70.14600076411953,72.24846649169922,61639026
2023-11-09,72.63072921774875,73.49083141671812,70.81495952907217,71.29279327392578,35223000
2023-11-10,71.87241451979042,71.87241451979042,70.7614819301236,71.58260345458984,20115569
2023-11-13,72.06561086177375,72.11391515860466,71.05128696013284,71.14788818359375,21466105
2023-11-15,71.87241657289239,72.25882888079754,70.66488271706491,71.00299072265625,19871941
2023-11-16,71.24450391348287,71.38940946327959,70.5199835347017,70.61658477783203,15227424
2023-11-17,70.90639574983187,74.96370691562454,70.2301723087315,74.28749084472656,116818430
2023-11-20,74.77050968295848,75.83313817054334,73.22486757645295,73.5146713256836,46928842
2023-11-21,73.90107350596647,75.54331663579607,73.75616796622812,74.23918151855469,49893620
2023-11-22,74.67389859069168,75.44671585698045,72.93504684368853,74.09427642822266,35591880
2023-11-23,74.19088070543356,74.77049546387256,73.75616410895314,73.90106964111328,22783082
2023-11-24,74.23918404947891,74.86710316295054,73.32146121685264,73.51466369628906,21604709
2023-11-28,73.85276828320771,74.14257935907635,72.69353872013674,73.03164672851562,25080614
2023-11-29,73.41805250441705,73.75616048269978,72.45202549777999,72.74183654785156,14635478
2023-11-30,72.8867393516222,72.8867393516222,71.63090858501403,72.11392211914062,19003196
2023-12-01,72.40373093722668,74.6255962993997,72.25883276290413,72.83844757080078,34411168
2023-12-04,75.35010801484856,75.49501354276353,73.56295949110074,73.8044662475586,54336061
2023-12-05,74.38408695686151,74.57728942944792,73.22485738093923,73.5629653930664,28021269
2023-12-06,73.901069504184,73.9493738048817,73.03164368303564,73.224853515625,24145206
2023-12-07,72.45202309865564,74.04596908086624,72.06561083475596,73.46635437011719,25013914
2023-12-08,73.51465949348841,75.01200441922573,73.03164595230885,73.99767303466797,47322739
2023-12-11,74.38408693871739,80.51835756936345,74.1908844661781,79.40742492675781,268676897
2023-12-12,81.58097806065314,83.56133637957913,79.26251913240958,80.22854614257812,135491070
2023-12-13,81.14627495497287,82.49871434492943,80.27684910641494,80.66326141357422,84559239
2023-12-14,82.0639979129333,92.93180261789396,81.9190997463619,89.50241088867188,475975248
2023-12-15,91.77256862789643,97.37552839746964,90.90314281948662,91.48275756835938,325150277
2023-12-18,92.64199823904762,93.07670747599565,88.14997085304394,91.1446533203125,151821592
2023-12-19,91.724262074834,98.05174196762317,91.28955286640777,96.69930267333984,328191530
2023-12-20,98.72796006705627,100.56341290830555,88.19827127764994,89.30919647216797,263936530
2023-12-21,87.81186316442245,96.40950566205356,84.1409573073929,95.49177551269531,280904719
2023-12-22,97.56873378119504,98.43815961566187,93.366517513174,94.42914581298828,137646820
2023-12-26,95.15366219156468,95.92648676150564,93.26991243636044,94.09103393554688,77725407
2023-12-27,94.67065599066864,95.54008185646003,92.9318042590858,93.4148178100586,48428319
2023-12-28,93.9461339416388,95.25026903131273,92.78690438864017,93.17330932617188,59468778
2023-12-29,93.41481914956424,97.08572513767659,93.22161667448547,95.97479248046875,153201085
2024-01-01,96.60270817665149,98.92117464693146,96.02309340163193,96.98912048339844,102849848
2024-01-02,97.568726272583,98.19664529194182,94.4774428437103,96.60269927978516,70051082
2024-01-03,96.79591404803986,98.48646150056692,95.63668445724497,97.47213745117188,96843171
2024-01-04,98.24494066143201,100.08039339268039,97.47212350157018,97.85853576660156,66810041
2024-01-05,98.48645423674175,98.96946775898218,96.50610321767688,97.32722473144531,43542157
2024-01-08,97.90684461965608,98.24495262891908,96.21629720313938,96.55440521240234,38895310
2024-01-09,97.47212723298782,98.72795792966423,96.50610021852847,96.69930267333984,44804938
2024-01-10,97.03741880898247,99.98380439876597,96.16800031906772,99.5490951538086,110316122
2024-01-11,101.14303386373057,105.58676439536798,100.70832461921039,103.2199935913086,191294222
2024-01-12,105.29694955416146,110.12708485481107,105.15204402110166,109.54747009277344,199380642
2024-01-15,109.54747009277344,109.54747009277344,109.54747009277344,109.54747009277344,0
2024-01-16,133.89135686851773,141.81277583943654,131.5245787711283,137.03094482421875,492705331
2024-01-17,133.31173141912464,145.58027186976062,128.52990052282357,144.03463745117188,336463589
2024-01-18,147.80214655949518,149.7342007628873,131.66949690925196,141.28146362304688,272134347
2024-01-19,144.42104131308807,155.38545402465752,144.13123025534915,154.8058319091797,266085180
2024-01-23,179.4878392716984,186.2500290147841,153.35680310212217,155.82017517089844,269108130
2024-01-24,159.39449190538522,167.41252080991904,145.8701107740192,166.06007385253906,198113352
2024-01-25,168.81323563203156,172.24263478322368,165.6736475587606,167.94381713867188,100074798
2024-01-29,171.2766180709738,172.24264522902732,163.54840080654546,165.04574584960938,74341987
2024-01-30,165.57703184583457,166.30155213933804,158.5733356753009,160.9884033203125,69398771
2024-01-31,162.14764511355907,170.79358420298644,160.3604891872985,169.1996307373047,84194726
2024-02-01,173.88486987279074,177.02445780104946,162.48574767749383,164.12799072265625,165894732
2024-02-02,166.8328675277832,169.05473267675833,161.42312492636867,163.21026611328125,61739734
2024-02-05,164.36949270222584,164.41779700164292,154.56432427706085,155.09564208984375,68987316
2024-02-06,155.91675986254586,158.62163854869573,146.93272009628103,155.43374633789062,81434112
2024-02-07,158.9114547964243,160.26388681342397,154.22621755824068,156.97940063476562,36816341
2024-02-08,158.81483761291764,158.81483761291764,155.24054055501526,156.4480743408203,34218693
2024-02-09,156.49639095381136,156.49639095381136,144.08293676285675,148.47836303710938,64801528
2024-02-12,145.53198106563605,145.91840076142,125.77672922866036,128.4333038330078,128716009
2024-02-13,127.51558290812739,150.99004543702262,123.31336630905908,148.2368621826172,240631230
2024-02-14,148.18855017049265,152.0526585425045,140.55694203193073,149.0579833984375,152849830
2024-02-15,150.9900322173008,156.0133699742742,149.63758549092898,153.50169372558594,77035160
2024-02-16,154.32281873176638,155.91675744222448,149.73419031877177,150.1688995361328,41902227
2024-02-19,150.70021195915933,158.7665433031342,149.1062733057522,153.2601776123047,87423359
2024-02-20,154.2262206794312,155.2888563860102,151.81115292848236,153.11529541015625,35987220
2024-02-21,153.4534149887575,154.95074524297823,148.18855535535988,148.9613800048828,35706625
2024-02-22,148.8648032475092,150.5553509137315,144.13126093784322,147.0293426513672,39315419
2024-02-23,148.4783596105155,151.08662978480442,147.51233252815638,147.99534606933594,34425812
2024-02-26,149.05798499280453,151.08663306556755,146.5946129312173,147.1259307861328,35557532
2024-02-27,147.70553040697254,151.32813185325608,145.87008490368342,146.44970703125,43995103
2024-02-28,147.65723891961886,148.18854199915074,140.55693428140728,142.3923797607422,39947465
2024-02-29,141.0399450662798,145.14555990553797,136.01660750515035,141.76446533203125,63490121
2024-03-01,142.97200188074416,146.2564879196812,141.57126562120933,142.3923797607422,30685800
2024-03-04,144.32443516093585,144.4210437619545,139.73580668020483,140.60523986816406,22040025
2024-03-05,139.97731000242382,143.35840458934615,138.91468911934692,140.12222290039062,23046386
2024-03-06,140.2671310321239,140.7501445788877,135.2437930938612,135.726806640625,26188126
2024-03-07,136.54792998405568,139.494300706541,134.90567219987318,138.81808471679688,24018294
2024-03-11,139.25278221755673,142.2474717290662,135.2920804737559,136.30641174316406,24321115
2024-03-12,136.98264193863284,137.5622493383565,131.04156659374277,132.1042022705078,34760039
2024-03-13,132.10420022883886,134.08455864652913,118.821328176579,120.02886199951172,88853047
2024-03-14,116.79266903023178,137.65885133794285,112.68705416576681,135.48529052734375,194522257
2024-03-15,135.9200107007086,140.8950591347964,128.96461849405387,132.2974090576172,122337843
2024-03-18,133.64985748620208,134.85739138202825,128.33670834456694,130.3653564453125,56717160
2024-03-19,129.9306412968978,132.73211391197069,128.57820929108397,130.6068572998047,46347136
2024-03-20,131.57288594055362,133.50494010925604,128.33670405221918,128.6748046875,39345072
2024-03-21,132.34571406845686,132.97362579378796,130.22045737456241,130.65516662597656,35779582
2024-03-22,131.3313788714317,140.26712938140219,130.41365609146135,136.16151428222656,112209659
2024-03-26,137.56223022339424,143.64820288743795,136.16149410986387,140.7501220703125,120887716
2024-03-27,142.48899893161777,145.82178951786975,136.7894448705146,137.99697875976562,89910843
2024-03-28,140.02562337507118,142.7788064704115,136.49963040210872,137.5139617919922,50962525
2024-04-01,140.2671269759742,141.76447187572347,138.96299928166604,139.88072204589844,47979360
2024-04-02,141.08824660513474,143.1168944653084,139.39769935145554,141.1365509033203,59236883
2024-04-03,140.0739279388212,142.778806736755,139.59091439420456,140.36373901367188,42670072
2024-04-04,142.0059820822011,143.26182024597475,138.6248872707201,138.86639404296875,38590096
2024-04-05,139.1078926895903,144.32443276928885,137.94866319859094,142.8271026611328,81853830
2024-04-08,144.90405066538665,147.31911817647642,142.00596965207893,142.48898315429688,57797243
2024-04-09,143.5033153337497,144.27613989010035,140.65353860133388,142.1991729736328,38718449
2024-04-10,142.68221371819905,143.50334272990844,141.52298403256623,141.7161865234375,20413452
2024-04-12,141.716171042437,142.68219813167025,140.07392793882119,140.36373901367188,27108905
2024-04-15,133.40835334047503,137.17585327366032,130.70347441235015,135.4853057861328,49605843
2024-04-16,135.05058657793018,137.75546530686617,133.4083435162058,136.8860321044922,25012121
2024-04-18,138.52826919417433,140.50862753929243,136.7894323451951,137.12753295898438,24827547
2024-04-19,135.24378134003769,137.41734211157402,132.82871381610843,136.20980834960938,28016383
2024-04-22,138.14186268191685,140.07391670544015,137.5622405786989,139.20449829101562,23609150
2024-04-23,139.83241806417553,143.16520850000788,138.72149283236584,142.73049926757812,41842082
2024-04-24,143.9380340576172,145.3387703671442,142.4889934462989,143.9380340576172,44593104
2024-04-25,143.93800473332206,146.8360853655366,142.24745769786358,145.14553833007812,43990323
2024-04-26,145.8700791130304,153.59829522497904,144.51764718960035,152.68057250976562,131170998
2024-04-29,156.0133684636381,158.62163854869573,154.17792296610943,155.43374633789062,67507054
2024-04-30,156.2065625522487,156.35147544611928,151.27983370909558,151.90774536132812,49152158
2024-05-02,153.01868019625385,155.7235589085943,150.89342361527312,153.50169372558594,37976109
2024-05-03,154.37112315312757,155.0473391295998,149.87908859578536,151.66624450683594,31288231
2024-05-06,152.43907335104797,152.8254782797358,146.35309991159411,150.3621063232422,40457121
2024-05-07,149.20289701629815,149.83082353601452,143.45503816581618,144.71087646484375,29872858
2024-05-08,143.93804841440885,148.52667747459975,141.32977800196028,147.07763671875,25210562
2024-05-09,146.83613783402402,147.7055564381948,141.18487268569703,142.05430603027344,21064246
2024-05-10,142.73048315375098,144.46933462756226,137.61053732435167,143.02029418945312,27205055
2024-05-13,143.02031116831174,143.4067161015195,138.23848010295004,140.94334411621094,20343612
2024-05-14,142.00598759527406,152.63228598675715,142.00598759527406,151.95606994628906,65039211
2024-05-15,153.50170545387454,154.37113871734323,149.73420553338966,150.16891479492188,45470586
2024-05-16,151.56965383234498,154.08133031674208,150.31383033055096,152.29417419433594,44997396
2024-05-17,153.0669868648267,164.70761604986248,151.7628591597003,163.25857543945312,189723845
2024-05-21,170.74529116057357,175.81693347227377,170.02077083033066,173.3535614013672,165354884
2024-05-22,174.85089838784134,177.4591685096346,167.12268188451134,169.68264770507812,93399530
2024-05-23,170.98679014313316,185.1390807192708,169.92415447772078,180.1640472412109,215698925
2024-05-24,182.38594177493235,184.31799621165743,176.54147415575773,177.74900817871094,87948476
2024-05-27,180.64706739804123,186.2500275167564,177.74898610288548,178.28030395507812,87126920
2024-05-28,179.68102874967494,181.37157606318,171.46979894122205,174.12637329101562,79904182
2024-05-29,172.43581584715346,175.57540353064508,169.34453246071905,174.17466735839844,54953818
2024-05-30,174.1746848075239,175.91353649297005,169.82756296411017,170.6003875732422,43583688
2024-05-31,172.9188425530717,173.73997144459668,166.253261780986,171.75961303710938,56435354
2024-06-03,193.20539315629367,193.20539315629367,179.9708266731679,182.53079223632807,112293004
2024-06-04,182.57913215554657,182.57913215554657,146.06330277635635,159.34617614746094,198103673
2024-06-05,162.29252598004834,169.05471456255037,147.89873046488316,160.79518127441406,114119168
2024-06-06,166.156643436803,171.85619682132318,162.09933299863593,167.1709747314453,70250205
2024-06-07,167.12269410787505,170.45548477061598,164.32122131667933,167.7023162841797,45402104
2024-06-10,170.55208358867998,173.2086580534868,166.1566574351916,167.13233947753906,47647958
2024-06-11,169.44114936219302,171.95282574679086,167.7602716230211,170.21397399902344,66680300
2024-06-12,170.938500693625,172.8222506819743,170.22365003878724,171.6533660888672,46384387
2024-06-13,172.6290374028026,172.87054417441828,168.62003089014385,169.18032836914062,31750295
2024-06-14,169.73097558809306,170.60040890975543,167.3159075952619,168.86155700683594,28398761
2024-06-18,170.02077248148578,172.5324488802148,169.1030496690131,169.74063110351562,38754538
2024-06-19,170.19463686241363,170.20430656667318,165.50941456181278,167.335205078125,26756319
2024-06-20,167.30622035917693,168.2625776660129,165.86683480653784,166.4464569091797,17539484
2024-06-21,166.54307096513878,174.36789659782326,165.7702610550895,170.3299102783203,96727451
2024-06-24,170.0207672064484,174.84124767413104,168.40750374100836,170.8612060546875,50588329
2024-06-25,171.56641160547338,172.53243866464743,169.1320192890419,169.64401245117188,23352075
2024-06-26,169.72131027315112,171.22831025031687,168.28192453065085,169.0933837890625,22765762
2024-06-27,169.53775592087635,171.75962119726486,166.63967462308358,167.2869110107422,27461491
2024-06-28,168.28190130949133,169.97244856810644,167.1226718516643,167.9051513671875,23860432
2024-07-01,167.88585390482598,167.88585390482598,165.67365819085444,165.92481994628906,26142598
2024-07-02,166.63966343709524,167.3641837129087,164.23425081484956,166.12767028808594,19310733
2024-07-03,166.92949373180838,171.95283194157113,166.64933760491752,170.48446655273438,34748569
2024-07-04,171.80793077298466,174.078085681683,170.50378825279313,171.68234252929688,35385014
2024-07-05,172.49380085446586,184.99419419397512,172.04943663217713,181.8352813720703,224563674
2024-07-08,186.92624427823745,199.0015830559014,186.92624427823745,195.15679931640625,260960455
2024-07-09,202.67248606602504,205.9956216081204,185.67040341640404,189.1964111328125,152536043
2024-07-10,190.96424088864623,198.0355667372941,187.21606555143504,196.78939819335932,171789924
2024-07-11,200.35402607855056,201.9962840346014,194.1907828522732,198.9822692871093,121502241
2024-07-12,199.0015763368968,216.77646852131267,197.45592712938094,210.0432586669922,300609460
2024-07-15,212.91235516153696,221.2201936579532,207.2417811152686,208.97097778320312,167338162
2024-07-16,210.9803108774784,213.78179828693828,204.1408520415364,204.9040069580078,86369570
2024-07-18,204.7977536619758,204.7977536619758,194.26806373306428,198.8277130126953,94398777
2024-07-19,194.28735384117377,204.2953945792681,193.88162425265136,198.77938842773438,124381385
2024-07-22,198.77939636090412,202.0928621696103,194.75106520651752,197.62982177734372,72152927
2024-07-23,199.9676033287016,201.8996574671432,158.57333751642986,187.54449462890625,167582146
2024-07-24,187.7956648362087,193.10881395672328,184.74303036240187,185.738037109375,65395254
2024-07-25,183.5451456002384,184.89757761902607,176.78295602549272,177.3239288330078,73915719
2024-07-26,178.47350091383043,181.5164802835883,176.58975107824685,177.2080078125,50538191
2024-07-29,179.60376400675187,190.79036005099547,178.36725044742587,188.63612365722656,109648645
2024-07-30,190.11412909983773,191.56316969550664,186.9262368412856,188.8196563720703,58191861
2024-07-31,189.18673811937387,189.6794213596306,186.6364272405736,187.07113647460935,27603203
2024-08-01,188.0371580675606,189.00318511078547,181.303948397051,183.3326110839844,35027956
2024-08-02,180.16405034725983,186.82963130040727,178.30928012325708,185.79598999023438,41362024
2024-08-05,173.91386143961066,179.2946395797547,171.9528275629287,173.28594970703125,84910762
2024-08-06,175.81693796527043,180.64707362365695,169.1803362875767,170.36854553222656,49560277
2024-08-07,175.52711174638142,176.78294985738333,171.03509186747795,176.21299743652344,46932256
2024-08-08,176.6863501300524,178.2319993812819,173.9138570788283,174.77362060546875,38021940
2024-08-09,175.90385667298315,176.19366772729245,172.918836716523,173.68199157714844,27492189
2024-08-12,173.88486658149876,181.08176505581912,173.69166412226653,178.28994750976562,64022633
2024-08-13,180.16404257206491,183.0138193858481,173.88486682558542,175.4788055419922,45899363
2024-08-14,176.64771249385782,177.07276676765576,170.69698214149332,172.976806640625,28173960
2024-08-16,174.8509068595924,176.0584407467443,172.29094091499198,172.69667053222656,19956147
2024-08-19,174.9475156612531,175.62373169072927,173.57574419236784,174.04910278320312,17803897
2024-08-20,174.85089378963653,174.85089378963653,172.14601513652292,173.7979278564453,15629517
2024-08-21,172.9285005703665,175.2373046790679,172.62903453699906,174.39686584472656,15731941
2024-08-22,175.53152785014902,176.4819154045222,174.51324807157238,175.95823669433594,14101752
2024-08-23,175.5315070984441,181.6702626859631,174.5617197664085,177.8686981201172,31152412
2024-08-26,178.44088704762706,178.63484157399202,175.24058557036867,175.58001708984375,14596223
2024-08-27,175.58000187283673,177.732930963798,174.80416903683422,175.38604736328125,12765877
2024-08-28,175.82244569799255,177.47108119764962,175.04661287527736,175.4927215576172,13132709
2024-08-29,175.82246681554412,176.2879606459703,173.68893739516025,174.50355529785156,12705236
2024-08-30,174.9205471251171,175.96791928400347,172.62215574182216,173.22341918945312,15512791
2024-09-02,173.4464898871132,174.80418638653657,171.26446814303713,172.17605590820312,15070147
2024-09-03,172.62215910232564,173.7568085970959,171.7396490071327,173.06826782226562,10416245
2024-09-04,171.16747439480423,172.62215548031247,170.29467166261176,170.7019805908203,12223757
2024-09-05,171.361425005597,171.5069019894991,167.77321470272497,168.23870849609375,15774279
2024-09-06,168.23870173168183,168.90785735649632,163.0212559629076,164.7183837890625,21770999
2024-09-09,164.70868206155149,164.86385159098685,160.12159198125147,163.2443084716797,20754357
2024-09-10,163.8940736211628,166.648266336465,163.74861142759394,164.6214141845703,15088916
2024-09-11,165.30026812586703,165.30026812586703,160.11191413972546,160.86834716796875,11765516
2024-09-12,161.54718339743545,163.45766571821767,158.57963638482823,161.97389221191406,19024067
2024-09-13,162.91457787856893,165.50390825779783,160.95560334079937,162.19692993164062,15434229
2024-09-16,162.1969416719876,162.39089619126182,158.73479357192855,159.00634765625,14572347
2024-09-17,159.04513504027807,159.3554741140235,155.35993992734947,155.74786376953125,20564052
2024-09-18,156.2424462661561,159.51062501992456,153.2264069054105,153.7694854736328,23122350
2024-09-19,154.63259814355834,156.13577157479745,147.1167457851442,150.5594940185547,39913910
2024-09-20,151.28684142768506,158.36629273610112,149.90974503144898,156.5527801513672,51104236
2024-09-23,158.07534404955032,158.07534404955032,153.37186930442363,154.73927307128906,19794141
2024-09-24,155.16598810844948,155.5538971596079,153.22641325709387,153.94406127929688,14786775
2024-09-25,153.90526108924377,153.90526108924377,151.64565461764542,152.1984405517578,10610463
2024-09-26,152.1596225466565,154.7198604451827,150.15217051604546,152.11114501953125,16974098
2024-09-27,152.11115695981616,154.04102438162388,151.44200129782573,152.07235717773438,13164782
2024-09-30,151.96569253915848,154.48714586284484,150.1231022780062,153.92466735839844,17775338
2024-10-01,153.90526061555033,153.90526061555033,150.31705012061457,150.6467742919922,17263625
2024-10-03,148.37747182810955,148.7071959918156,146.43789703297085,147.019775390625,18663724
2024-10-04,147.0197694364903,148.80417462428395,142.4423719215199,147.47557067871094,29051138
2024-10-07,147.47555904824736,148.8138554346593,138.87353579607534,139.98880004882812,35658511
2024-10-08,139.9888110319622,147.89257207973407,137.23460368921315,147.23312377929688,43656448
2024-10-09,149.9485135167497,150.98619307169363,148.37746276395055,148.84295654296875,23776424
2024-10-10,149.54121951305478,149.7351740404927,146.49608755915543,146.8549041748047,10797567
2024-10-11,146.6318664844768,150.54981625638,145.85603352786188,147.7956085205078,16029678
2024-10-14,148.86238095170881,149.49273690633257,146.44760475434572,146.77734375,9810920
2024-10-15,147.28159189646672,147.55313115550263,145.57477158284377,146.5348663330078,8339050
2024-10-16,146.43789345709052,148.13502136139456,145.9529997701465,146.20513916015625,12674832
2024-10-17,146.8839987064473,149.83214574272404,144.02311418252032,144.61468505859375,20798933
2024-10-18,143.528539764398,143.91644881762147,140.9295165526807,143.21820068359375,11316090
2024-10-21,143.5285364344316,144.49832384277235,139.64938680106857,140.31854248046875,10148561
2024-10-22,139.84335880188044,140.31856001856306,132.38569033197817,133.5203399658203,21418863
2024-10-23,133.82097472983776,137.09884622819033,129.36963911539456,135.207763671875,26287104
2024-10-24,134.8004516285517,136.59456427797247,133.30698551002192,134.8295440673828,12496782
2024-10-25,134.15069480947133,135.07198989359355,128.78777159167043,130.36851501464844,18714548
2024-10-28,130.36851665490855,140.97799346955813,130.0290999342676,139.1450958251953,32085342
2024-10-29,140.32823777104548,140.706454275782,136.47818050083393,139.19358825683594,17495826
2024-10-30,139.26147685457784,153.2264095250941,137.9037656130284,150.85043334960938,94008988
2024-10-31,150.70495350998422,155.0689967366955,148.09623787793072,151.248046875,55531774
2024-11-01,152.40208170538332,156.13576905850348,151.38381678887887,153.3330841064453,10418053
2024-11-04,154.19618386899907,154.4289381529833,147.12644081772672,148.61021423339844,31327165
2024-11-05,148.37747476717854,148.49384452190188,144.12010859943024,146.86460876464844,29226153
2024-11-06,148.37746892734404,150.21036648100588,147.22341957915307,149.35694885253906,18123332
2024-11-07,150.3170467152952,152.46997592303998,148.2417022751372,149.25027465820312,19226279
2024-11-08,147.40767091637076,148.135011397866,142.5587343730691,144.0522003173828,14681163
2024-11-11,143.0533477483553,146.63186596474844,140.92952556907335,142.94667053222656,18847259
2024-11-12,144.31176858722438,146.50569750155717,141.00624961810425,141.6985626220703,13172317
2024-11-13,141.0940159219358,142.264108472678,135.8285920043289,136.14060974121094,16372099
2024-11-14,137.476468770906,138.6855578700659,136.02359490986214,136.1796112060547,14794085
2024-11-18,137.46671647854959,137.778749089151,134.36597052300058,134.84375,13930322
2024-11-19,136.8036493934537,143.2976820814944,136.34536086306895,141.56202697753906,36796687
2024-11-21,141.59131651366678,142.05935055981288,137.242454912685,138.1395263671875,20058952
2024-11-22,138.13952516203867,139.71914935308462,136.1601147640998,138.60755920410156,13970799
2024-11-25,145.28684563248834,146.94447780829347,142.0203233530966,142.66387939453125,23570160
2024-11-26,142.6638888321448,143.82423589552832,141.43529393602114,143.034423828125,13248817
2024-11-27,143.0344254682713,147.9195687906372,142.2056018767696,146.73973083496094,22054792
2024-11-28,147.51004541567104,151.77113864282677,146.79824145089424,149.57720947265625,26332388
2024-11-29,149.17742700094755,149.17742700094755,145.09184127054766,145.61837768554688,18576066
2024-12-02,145.10158117052632,146.4667014273384,143.34643505664383,143.60971069335938,16680269
2024-12-03,144.3117772216751,145.5403721309389,143.84374319126988,144.5067901611328,12159196
2024-12-04,145.28685058095022,149.08965481252838,145.00408406261562,147.2857666015625,21984506
2024-12-05,147.28576690147628,148.21208948505128,145.97916389396914,147.08099365234375,11514970
2024-12-06,147.0809882427153,155.66169082037987,146.79822173420504,154.06256103515625,62323577
2024-12-09,155.42767895573652,156.93905527903473,153.81880360164936,155.232666015625,29324888
2024-12-10,155.6616883606089,155.9444548646509,151.4298469673627,152.94122314453125,16690253
2024-12-11,152.94123061193264,161.8534569431359,152.64870377649922,160.8003692626953,86849772
2024-12-12,160.79061880566996,162.74077799011005,157.33884359576595,158.67469787597656,39528508
2024-12-13,157.47535200948244,157.79713005597847,152.20016791621146,155.3496856689453,27371411
2024-12-16,156.0127385061786,158.74296440574355,154.55011908268318,154.97915649414062,19179446
2024-12-17,154.79386341699075,156.33449074067502,152.1123949168539,152.75595092773438,18045496
2024-12-18,152.1124125443062,152.9704873249176,149.23593079561735,149.52845764160156,13692945
2024-12-19,144.7993018434942,149.6649537734966,144.40927600542955,149.03114318847656,15016841
2024-12-20,148.39734706139518,150.3475060032551,144.31176169763356,144.7115478515625,16336702
2024-12-23,145.28686276949253,146.53496348756516,143.23918962468332,144.1070098876953,14758199
2024-12-24,144.10699974116864,145.9791655649932,142.95641301711237,144.17526245117188,11854675
2024-12-26,144.3117853967498,145.7744048433385,141.8935920777128,143.2294464111328,11467576
2024-12-27,143.22942758012587,144.09724774253095,142.2640935160217,142.5761260986328,8487014
2024-12-30,142.4103738224754,154.06257167948962,141.09401045481323,149.52845764160156,40675811
2024-12-31,146.2521889275803,146.93474164558597,142.0593438333549,145.3258514404297,41308416
2025-01-01,145.9694150326879,149.0799213774937,144.67255736248646,146.6032257080078,19810452
2025-01-02,146.89572343910947,148.67037530361134,146.26192770380607,148.25108337402344,14368318
2025-01-03,149.5771936249147,152.89247294681613,149.03115146986886,149.86972045898438,20331510
2025-01-06,150.05499125763896,150.06473669686073,141.19152172469998,141.7960662841797,21684925
2025-01-07,142.5566309814115,144.09725849633105,141.1915255269428,142.3616180419922,13305286
2025-01-08,142.55664656917733,142.84917344955923,138.46131487943626,140.1872100830078,16306841
2025-01-09,140.41146149448133,140.65523139290923,136.55990007502697,136.95968627929688,12452173
2025-01-10,136.22836680080084,136.90115917417702,131.8795055786045,132.3280487060547,21705766
2025-01-13,130.66065957789561,132.38655454577204,124.52740832141524,125.23921966552734,30293364
2025-01-14,126.7603334532198,133.09835012588078,126.4873123868339,132.17202758789062,30467846
2025-01-15,136.9986634693757,136.9986634693757,131.45045898816474,134.13192749023438,34455125
2025-01-16,136.5111372195045,142.11784464101984,135.73107060254353,139.4168701171875,45555802
2025-01-17,139.41686324714988,143.23917311552026,138.36377559792552,142.546875,30934225
2025-01-20,143.78524421182075,144.91632523894924,141.21103466566075,143.04417419433594,32579099
2025-01-21,142.94667490277286,142.94667490277286,137.83725245710693,138.84158325195312,21897756
2025-01-22,138.948842420935,139.19261231991908,133.3031381070182,136.75491333007812,19198201
2025-01-23,135.5360511975187,140.80147457320356,134.66823103319388,137.84698486328125,17671282
2025-01-24,138.07126532437528,139.6118778655129,135.5360526330632,137.17417907714844,15843304
2025-01-27,135.5360455343187,135.72131301309616,132.4255396627142,133.6346435546875,15984361
2025-01-28,134.56097470243037,136.69640124675158,131.3627150447132,134.38546752929688,23224966
2025-01-29,135.24352361230092,138.7050588114207,134.99975373741268,138.19801330566406,19560159
2025-01-30,139.24136630835068,145.48186963795212,138.31504368765675,144.53604125976562,40194969
2025-01-31,145.4623630089832,148.76789703235926,142.6151324520022,147.1785125732422,50647026
2025-02-01,148.1145713784048,151.64436931630686,135.68230764598098,137.7007293701172,76893891
2025-02-03,133.91742565319052,135.770085778255,130.12436669043535,133.4298858642578,36236290
2025-02-04,136.51112826704033,136.70614118885825,132.70832421672853,134.4049530029297,21695745
2025-02-05,134.54147851313232,136.60865737440938,134.07344447296165,134.4927215576172,13087044
2025-02-06,134.49272542638766,135.24354090302344,132.22080299507508,132.91310119628906,11527600
2025-02-07,132.60107456711478,132.805832942499,129.68558132981903,130.1048583984375,16860473
2025-02-10,130.17312164078143,131.14820120363373,127.36488773863616,127.7841796875,13464523
2025-02-11,128.06694944175052,128.36922173328736,122.37248822202777,123.10379791259766,20569801
2025-02-12,122.86002236779038,123.93260837679874,116.31723952964623,122.2262191772461,36495363
2025-02-13,122.46998891527612,125.59024791139986,122.2262190299196,123.4158172607422,15469045
2025-02-14,124.03011530466108,124.76142496433305,117.984625093746,118.71593475341795,18631299
2025-02-17,117.71160391446142,119.76902235045776,114.94237413702469,118.74518585205078,22536906
2025-02-18,118.76468689315091,119.14496730562705,114.91311837808126,116.2977294921875,17608523
2025-02-19,115.25440120859302,122.70400846428122,114.28907452557706,121.17313385009766,33285812
2025-02-20,120.60759227327443,122.84052534202576,119.34973875737872,121.67042541503906,13856925
2025-02-21,121.68993047968901,124.42014874859022,120.65634110084174,121.99220275878906,25318595
2025-02-24,121.29014544223263,122.0312079881938,119.44724567552304,120.39307403564453,13838044
2025-02-25,120.32481162109532,122.24571942371573,119.7495108484742,120.18830108642578,13266198
2025-02-27,120.42232194371311,120.90986170866742,116.52200382407868,117.3605728149414,18748431
2025-02-28,116.02471899551202,116.45375639813427,108.91638785099467,109.61844635009766,28927630
2025-03-03,110.17424439499224,112.97272558796885,105.34760324231573,108.360595703125,42918659
2025-03-04,108.42884073055872,112.47542226680233,107.25874827058618,111.73435974121094,42337061
2025-03-05,112.23165569007952,115.38116593715984,111.80262574306155,114.7961196899414,21555437
2025-03-06,116.5317586114764,118.35515260114708,115.83945302661144,117.5848388671875,23206624
2025-03-07,117.97487100460323,121.87518914949447,116.91203788096827,120.34431457519531,31222210
2025-03-10,121.00737219613184,122.29447692082437,115.4981711811672,116.76577758789062,21456437
2025-03-11,115.05938188476097,117.59458711640245,113.66501789146822,116.32698822021484,17046285
2025-03-12,117.20455645811042,118.17963598750988,115.0788827864489,116.22947692871094,13097183
2025-03-13,116.46349974836258,117.00954189664839,114.08430334923217,114.75711059570312,11472966
2025-03-17,115.06914081445184,116.73652596725118,114.6791075030871,115.81019592285156,13318439
2025-03-18,115.81019592285156,115.81019592285156,115.81019592285156,115.81019592285156,0
2025-03-19,119.44724542590674,125.29772275288992,119.20347553728244,124.91744232177734,28681078
2025-03-20,127.24788360294048,128.564246970936,124.81018468334392,125.31723022460938,28721000
2025-03-21,125.59194426340864,128.1430366199497,124.61075719885076,127.22071838378906,18904126
2025-03-24,128.24115208447,132.0677907905926,128.0449176571187,130.30165100097656,25775174
2025-03-25,131.57720350304496,131.85193470876698,126.43577741989547,126.97543334960938,24206199
2025-03-26,127.5052665558072,128.86911608910208,124.65982982271726,125.97461700439452,23494814
2025-03-27,125.09154196546169,126.75956453608056,121.36303545663692,122.00080108642578,25596858
2025-03-28,123.58051502573036,126.7693731723381,121.66720313211115,122.0792999267578,22400674
2025-04-01,120.49959080406954,122.85444144771988,120.05805958345053,122.04005432128906,17763188
2025-04-02,122.40309711636064,125.3859069544137,120.1954260260856,125.0817413330078,15024892
2025-04-03,122.84461804638536,127.06372543749696,122.80537715118442,126.7301254272461,16348518
2025-04-04,125.21910047070148,126.28859830298076,121.76531768458266,122.49139404296876,15394108
2025-04-07,110.87414702158829,121.71626793264664,110.87414702158829,120.11692810058594,23552525
2025-04-08,124.12017369213623,124.30660164493683,120.88225312321325,122.06949615478516,12601581
2025-04-09,122.05968297955437,122.3442281514102,120.19542589703975,120.74488830566406,9175006
2025-04-11,123.62958198589985,124.02205834651994,121.07849687066518,121.77513885498048,9778310
2025-04-15,123.42353275707676,126.0825490408804,122.64839400863852,125.85688018798828,14463246
2025-04-16,126.5731425799437,127.49546089809571,125.61158336328064,126.63201141357422,14424393
2025-04-17,127.54451288905469,128.53550644203045,125.74893875054735,127.04409790039062,18564617
2025-04-21,127.55432236019335,129.6148212485488,126.16103848178923,128.95741271972656,15830027
2025-04-22,129.6638835287244,130.98849224801376,128.05473710671907,129.8208770751953,14637811
2025-04-23,130.49789078700078,132.56819626978395,126.79881104403736,131.83230590820312,27531889
2025-04-24,132.46026590458877,135.07022732970128,130.49789159489117,130.9099884033203,28862676
2025-04-25,130.97867745700992,131.61644311296394,123.84544271635733,126.3769073486328,30370205
2025-04-28,125.5919521135349,127.16185750364504,123.2665359302718,124.7775650024414,27138997
2025-04-29,126.17085049685431,127.0637343857526,124.3066009231289,124.54208374023438,14094746
2025-04-30,124.60095286300937,124.85606361555452,121.1766118390647,122.12836456298828,11616287
2025-05-02,122.00080657494078,124.46358841621405,121.66720653732729,121.95175170898438,11822797
2025-05-05,122.5110235608379,123.5216450897602,121.77513322589094,122.658203125,10504976
2025-05-06,122.89368983738937,123.43334576116057,117.7522712967213,118.10549926757812,14448874
2025-05-07,114.78908142207489,119.60671387308892,114.49472977156876,118.96894073486328,16855633
2025-05-08,120.19542401189914,121.1177423140791,115.7800819053396,116.70240020751952,10641245
2025-05-09,113.3271146208744,115.5347856849174,112.17912746417934,114.22980499267578,18637874
2025-05-12,120.19542308648852,123.58051568110945,118.60589724545422,123.16841888427734,20291533
2025-05-13,123.33522128850758,123.7276976441779,120.9803781262134,122.41291046142578,14659708
2025-05-14,122.6483886632698,127.82905540266815,122.35402953613253,127.51508331298828,30886094
2025-05-15,128.14303812692796,129.32045962389876,126.92636076274638,127.78981018066406,23535264
2025-05-16,128.33928069803042,137.58206174522059,127.554327992959,136.00234985351562,85471529
2025-05-19,137.3662116781874,140.90829816390126,136.97374277636987,138.82818603515625,56293569
2025-05-20,139.3285809460806,139.77011218712744,133.58862989728664,134.1381072998047,28836535
2025-05-21,134.13809354232305,136.68917099102117,133.03915382172482,135.48231506347656,19235116
2025-05-22,134.42264414080014,136.38501850781913,132.69576008764562,134.25584411621094,14976845
2025-05-23,134.42264499727494,135.15853538959578,132.0579802767358,134.1381072998047,15543948
2025-05-26,134.13809543011678,138.34738151415786,133.9418460321477,137.5428009033203,26058857
2025-05-27,137.5624373062542,138.2394588444369,135.501953246272,137.0227813720703,17277004
2025-05-28,137.5526265027981,139.02440720157105,137.17977060148945,137.69979858398438,15877254
2025-05-29,138.24925335063955,139.56405541413906,136.5812383117921,137.3269500732422,15888843
2025-05-30,137.46432697475927,138.7398583041713,135.25665586684596,136.33595275878906,13735089
2025-06-02,136.18878169281027,140.65318629434617,135.60988485783986,139.34820556640625,26058034
2025-06-03,140.11353285155172,141.58531362736272,137.8567993342959,138.1609649658203,23097654
2025-06-04,138.16096903411145,144.0284643743684,136.38502257448147,142.22308349609375,60460703
2025-06-05,144.62698207853066,145.21570036600295,141.42831731164213,142.5370635986328,33141212
2025-06-06,142.66461571611987,144.7251148656099,141.19283488697806,143.65562438964844,25330188
2025-06-09,144.47981969170726,146.14783498921818,144.0186604956321,144.19528198242188,22597836
2025-06-10,144.92133614383496,145.02926732703176,142.2917618211895,142.497802734375,14830978
2025-06-11,143.15520004902666,144.90171198869172,141.75210960259835,142.7136688232422,15754001
2025-06-12,142.8019731944086,143.43975383374797,137.4741340828025,137.82736206054688,17973178
2025-06-13,133.45125406419086,137.08165836551828,133.45125406419086,135.7276153564453,16264194
2025-06-16,134.7660562358366,137.65073377772632,133.00972291579464,137.3073272705078,13765113
2025-06-17,137.36620440090348,138.03340449299267,134.91323646517307,135.23703002929688,8450765
2025-06-18,135.15852433648894,135.943477018451,133.1470877676259,133.46107482910156,9407593
2025-06-19,133.44144971747895,134.13809916753468,129.08497646357898,129.86012268066406,13365251
2025-06-20,129.8601210424645,133.53957273458124,129.81105869222415,131.67530822753906,19220459
2025-06-23,129.76198925579814,134.7856622341439,129.56575483728022,134.4029998779297,18533609
2025-06-24,135.60004922589556,137.51336100600375,135.43324922165294,136.01214599609375,13635905
2025-06-25,136.13970955606624,138.67117406009436,136.0906472069259,136.9442901611328,11326924
2025-06-26,136.94430328134894,137.68019367377704,135.600066650405,137.2386474609375,11721046
2025-06-27,137.8567996110911,139.62293953995606,137.02278451443232,137.3563995361328,12347443
2025-06-30,137.55261798575515,140.10369538929976,137.46431474251096,139.0538330078125,11927422
2025-07-01,139.38744458804968,140.4569349918225,138.07265739597696,138.83798217773438,8315552
2025-07-02,138.8379794648516,139.91729130097255,136.77748049470344,137.6703643798828,8089405
2025-07-03,137.67036312407228,138.81835026380506,136.6499351015523,137.07183837890625,6716053
2025-07-04,137.12089869376487,137.8273546110702,135.7079868591542,136.62049865722656,6596356
2025-07-07,136.5518074515587,137.3661945443934,135.64911711258847,135.93365478515625,5321322
2025-07-08,135.9336518948973,136.76766690416034,134.22639595233673,135.6000518798828,6423737
2025-07-09,135.6000659191784,136.3850186612145,134.5600098989651,135.0015411376953,5698153
2025-07-10,135.01136058366401,136.32614779827824,134.19697343593873,134.55020141601562,5710273
2025-07-11,134.4226283061368,134.78566273031768,132.4602541702808,132.7349853515625,6923282
2025-07-14,132.70555833616734,132.85273041587143,131.1847153017401,131.58700561523438,8056755
2025-07-15,131.76362479463486,134.0007454235766,131.28285264017018,132.74481201171875,10150376
2025-07-16,132.74480089878838,133.9320439196287,132.47989115199778,132.90179443359375,7455169
2025-07-17,133.44145391339126,133.5395786181952,131.88136992041262,132.37196350097656,6635586
2025-07-18,132.45045670751142,132.88216647054307,131.18471691953764,131.32208251953125,6410155
2025-07-21,131.48888932396167,132.65650447004936,130.2133579603405,131.8421173095703,6919490
2025-07-22,132.49950322925395,132.58782144932127,128.05472673541806,128.30984497070312,16445046
2025-07-23,131.19454232435555,134.2264070687872,130.53713374916273,132.31309509277344,53101661
2025-07-24,132.50933438263797,135.4038336289103,131.82250633683702,133.09803771972656,23012532
2025-07-25,132.9508633009882,132.9508633009882,128.51589304159458,129.546142578125,11164552
2025-07-28,129.46763752736717,131.92060532808168,128.0841600945496,128.45701599121094,10349292
2025-07-29,128.53552486564027,130.262408970196,127.92719358471028,129.73257446289062,7163091
2025-07-30,129.73255912133504,131.32207742701098,128.23134406114625,128.927978515625,7578162
2025-07-31,127.6426298415349,127.78981689371741,124.6107652103404,125.92555236816406,11606740
2025-08-01,125.92555652243416,126.64183392888536,123.99262410534072,124.50283813476562,8796099
2025-08-04,125.02287099668116,127.63283253707972,124.9149398060112,127.29923248291016,10135790
2025-08-05,127.28940440086356,128.14304739961315,125.48402364341896,125.94518280029295,5972558
2025-08-06,125.94518038951664,126.54370513665852,124.30659968183613,125.12097930908203,6331289
2025-08-07,124.61076705722772,125.54289184795594,121.76532284772455,124.85606384277344,9602587
2025-08-08,125.44476913684412,125.44476913684412,122.64838740126793,122.9231185913086,6290179
2025-08-11,122.92312162739256,125.09154427190134,122.20685921936172,124.43415069580078,11782258
2025-08-12,124.61076577569398,125.29759377381292,122.55027429547336,122.67782592773438,11311712
2025-08-13,122.74651501483442,124.24773020609192,122.55028057271002,123.28617095947266,6384343
2025-08-14,123.2861654737578,123.97299347649631,121.87325359856564,122.15779876708984,4332376
2025-08-18,123.08011529608764,124.35565406645397,122.15779700355628,122.42271423339844,6007654
2025-08-19,123.05068596191302,124.59114951160417,121.71627081857831,124.41453552246094,7350713
2025-08-20,124.94436534486198,125.3172212446295,123.4431502360566,124.3458480834961,8412432
2025-08-21,124.41453137077826,126.1316088523142,122.81519155416628,123.08011627197266,10920060
2025-08-22,123.0801217529494,123.82581861688747,122.50121742645992,122.62877655029295,4942149
2025-08-25,122.69746070231017,123.58052318172894,121.8634456048482,122.02043914794922,5148749
2025-08-26,121.91249981272732,122.26572777523891,118.82175888368263,118.9198760986328,9390576
2025-08-28,118.91987225366786,119.34178300158958,115.97631098515268,116.34916687011719,10301130
2025-08-29,116.76126403130978,117.39903713873753,115.12268338310787,115.88800811767578,8881411
2025-09-01,116.17256080457516,118.62552869535646,116.00576078460938,118.27230072021484,7840427
2025-09-02,118.92969652321648,123.55108721682238,118.34098571568744,120.67620849609376,21014216
2025-09-03,121.32378686276195,121.89287717948275,120.38184814156726,121.2551040649414,7336041
2025-09-04,121.75550871377118,122.21666786770476,118.92969244305948,119.34178924560548,7730498
2025-09-05,119.95012411515924,121.38265639647223,119.44971659336095,121.13735961914062,6947411
2025-09-08,121.76531943502084,123.28616245712534,121.24529146197688,122.22647857666016,7882195
2025-09-09,122.55027563766328,123.4529660124671,121.46115731024378,122.4717788696289,7614264
2025-09-10,122.74650660973917,124.87568085303597,122.69745174549918,123.80619049072266,8948090
2025-09-11,123.93374364578374,124.40471676063734,123.04086725264752,123.16841888427734,4767008
2025-09-12,123.60995834363463,124.11035839178246,122.99180565871924,123.85525512695312,5840841
2025-09-15,123.82581594245795,127.89775161794897,123.63939547343185,125.76856231689453,22257294
2025-09-16,126.03348998674193,126.85768362283127,125.10136516223172,126.53390502929688,6998422
2025-09-17,127.01467217502847,128.04492166553345,126.37690652323982,126.89693450927734,9413241
2025-09-18,127.46602749412804,128.38834581960882,126.18067471055596,126.85768127441406,7532604
2025-09-19,126.85767638554243,127.92718172677992,126.38671075917848,127.25016021728516,8686534
2025-09-22,126.81843747985664,127.9860525685712,125.84705682423156,126.12178802490234,6577881
2025-09-23,125.81762025098824,126.50444824089101,124.61076428503571,124.89530944824219,5860471
2025-09-24,124.90512386184271,125.31722065725701,122.95255609553759,123.22728729248047,4543381
2025-09-25,123.08992626958387,125.10136294261463,121.28454548778357,121.7457046508789,6416171
2025-09-26,121.74569796710315,121.96156032826418,119.2731022667213,119.61652374267578,5997139
2025-09-29,120.8135712330673,122.25591754307814,120.19542602271859,121.92231750488281,10555581
2025-09-30,123.62957810764705,123.62957810764705,120.24448551094981,121.1864242553711,10100674
2025-10-01,121.17660768947428,123.60014104100196,121.17660768947428,123.17823028564452,8723744
2025-10-03,123.17823337156545,124.78737966815716,122.65820538967303,123.4823989868164,6051511
2025-10-06,123.47258376149631,123.87487407447749,122.19704499521791,122.88387298583984,5113099
2025-10-07,123.13898492672288,125.09154522115257,122.69745371216777,124.68926239013672,9672645
2025-10-08,125.13079334445212,125.13079334445212,121.6672039773512,121.96156311035156,12875915
2025-10-09,122.56008548827144,122.99180272623124,121.48077367871308,122.71707153320312,5774638
2025-10-10,122.7170727132077,124.8069985824363,122.3736587186204,124.12017059326172,7690307
2025-10-13,122.69745346650473,123.72769546035846,122.34422550122235,123.13898468017578,6065989
2025-10-14,123.13898827804647,124.10055498626872,121.66720754165547,122.17742156982422,6665155
2025-10-15,123.04086878242238,126.09235389907303,121.96156442621576,122.53064727783203,17482919
2025-10-16,123.13898197255817,123.35484433391356,122.0596776516447,122.3736572265625,9719465
2025-10-17,122.37365704594532,122.81518824925621,120.40146886703874,121.19622802734375,10002889
2025-10-20,121.63777477180184,123.20767274803794,121.27473282366498,122.71707916259766,6729809
2025-10-21,123.2665381515399,123.62958008957104,122.648392946003,122.8446273803711,2109920
2025-10-23,123.44315277778479,123.60014631478548,122.55027636515089,122.7563247680664,5009833
2025-10-24,123.45885889288692,123.5874976274735,122.25168552836024,122.42979431152344,6026631
2025-10-27,122.57821453159694,123.34012727774338,122.0142046314984,122.1527328491211,5375514
2025-10-28,122.49906398331915,122.74643688510353,121.31166952522095,121.4798812866211,5615629
2025-10-29,121.83609485631688,124.08224495810386,121.35124609857064,123.77549743652344,9132825
2025-10-30,123.87445116966977,124.92330981054603,122.26157509071302,122.64747619628906,5922925
2025-10-31,122.6969575476251,123.1917033441881,121.80641360396734,122.01420593261719,4768709
2025-11-03,121.95483698970986,122.3704216406608,121.42051063167797,121.80641174316406,5128145
2025-11-04,121.98452414285416,122.20221350434062,120.52008079158097,120.95545196533205,5224892
2025-11-06,120.81692424323556,120.96534949479134,118.78847096937956,118.98636627197266,6360660
2025-11-07,118.73899235413468,120.58934436937312,117.15580729925723,120.08470153808594,5976333
2025-11-10,120.5200752895204,120.94555696321363,119.27331380742977,119.50089263916016,4329426
2025-11-11,119.72847894052484,120.5695452579487,118.27392513725626,120.33206939697266,5425772
2025-11-12,120.4903875356432,121.94494138013059,119.97585523074416,120.3122787475586,6989819
2025-11-13,120.31227893199517,120.56954885944994,119.37226494018752,119.48110961914062,4559201
2025-11-14,119.41184639285468,120.708077970964,119.13478995318752,119.7383804321289,5135998
2025-11-17,119.83732249525528,122.20220670116191,119.76805838856761,121.21271514892578,9945324
2025-11-18,121.21271537552856,121.4501912347272,119.43162755848527,119.55036926269533,4555639
2025-11-19,119.55037169746473,119.867008699252,118.54109361339948,119.5800552368164,4336986
2025-11-20,119.58005859323887,120.31228026494524,118.73899224137352,118.81815338134766,4766481
2025-11-21,118.81814883689376,119.13478583545808,117.74949613578106,117.83854675292967,4944515
2025-11-24,117.8979259294997,118.19476888067074,115.34503578363098,115.67156982421876,8220860
2025-11-25,115.79030106269562,116.30484091049443,114.43470243319453,115.51324462890625,7566496
2025-11-26,115.62208679845767,117.33391051184266,115.43408853630501,116.83916473388672,4487936
2025-11-27,117.42296659831496,118.16508529981996,116.36421088613672,116.72042846679688,5097254
2025-11-28,116.66106009888333,116.80948534739056,115.59240736869722,116.33452606201172,4191955
2025-12-01,116.33452501597145,117.64065360249184,115.51324519094152,115.85956573486328,5036657
2025-12-02,115.6814658132981,115.77051643308172,114.87997248913675,115.19660949707031,4302586
2025-12-03,115.89914543586497,116.36420768388543,113.01972887886025,113.50457763671875,9455659
2025-12-04,113.50457633827637,114.6820737145414,113.1978363693555,113.64310455322266,5895759
2025-12-05,113.97954066827744,113.97954066827744,112.55467033791894,113.39573669433594,5063577
2025-12-08,113.39573174306616,113.73216280047626,109.33881783984822,110.18978118896484,8555323
2025-12-09,110.22936462189614,112.67341005676236,108.74512723708396,112.4458236694336,9736504
2025-12-10,112.43592355403985,113.92016089811834,110.82305502452762,111.02095031738281,4960130
2025-12-11,111.0209528102994,112.40624253905625,110.35799526020449,112.09950256347656,5799050
2025-12-12,112.09950255267476,112.90098832064596,111.44643448305251,112.62393188476562,5141588
2025-12-15,111.86202596863794,112.41613883684464,111.3178025807766,112.05992126464844,4518917
2025-12-16,111.81254896084324,112.07970836679124,110.32831158525684,110.83295440673828,4101452
2025-12-17,110.82305780468228,111.31780359845318,109.55650978050424,109.91272735595705,4984147
2025-12-18,109.83356703704908,111.0209539312744,108.54722494395348,109.64556121826172,6400519
2025-12-19,109.9226193806105,113.28689236596487,109.68514350788604,112.78225708007812,8954745
2025-12-22,113.32647001913463,116.56211172956198,112.89109130599536,115.77051544189453,16841326
2025-12-23,116.56211455452244,123.171918804307,115.58251242621779,120.12428283691406,55006061
2025-12-24,121.21272176598036,122.53863689473276,119.2733191236313,120.2133331298828,27580407
2025-12-26,120.85650334531869,133.17567073801118,120.57944690536551,132.23565673828125,163985127
2025-12-29,133.58136645205133,135.7285614195044,124.42856912107744,125.0222625732422,80360842
2025-12-30,125.02226140881095,125.33889841696451,122.36053415406502,123.28075408935547,29253088
2025-12-31,123.63696653858712,126.16017301864866,123.082853684609,123.31044006347656,27013969
2026-01-01,123.993187995776,124.8936289609912,122.70685346589649,124.46814727783205,16340819
2026-01-02,125.12120846442693,127.5949374380156,124.27024509357469,127.12987518310547,25385604
2026-01-05,127.64441448491988,127.96105903942214,125.22016312098025,126.25912475585938,15730837
2026-01-06,126.65491988596088,128.38653011877676,124.67593676274274,125.88311767578124,14799487
2026-01-07,126.16017734112609,127.2783076659258,125.45763922027034,126.69449615478516,10932461
2026-01-08,126.69449900266402,127.64441759084133,122.50895372317974,122.96411895751953,13165701
2026-01-09,122.92454116911743,123.66665984725954,119.33268193540778,119.9758529663086,14904914
2026-01-12,119.97585111176824,121.79651195037412,117.99686800064629,121.34134674072266,16531719
2026-01-13,121.80641234402418,122.53863400158136,119.01604638224076,120.05501556396484,11459758
2026-01-14,120.05501256493838,121.9944151130508,119.3821580034119,120.72786712646484,11544717
2026-01-15,120.72786712646484,120.72786712646484,120.72786712646484,120.72786712646484,0
2026-01-16,121.10387063281463,122.5881079631123,120.31227437030066,120.90597534179688,11686581
2026-01-19,120.93566042573316,121.36114210115709,118.49161504940648,119.62953186035156,19879572
2026-01-20,120.17374753306967,120.17374753306967,114.27637871238556,114.90965270996094,33802202
2026-01-21,114.90965590298585,115.92883858446235,112.70309387958838,113.93006134033205,23802894
2026-01-22,115.27576617489386,118.08591856789158,114.3951192947487,115.79029846191406,17626259
2026-01-23,116.31473513303618,117.04695676884054,112.52498067133685,112.9504623413086,15938677
2026-01-27,113.74205553686262,114.18733128301548,111.426648834066,113.40563201904295,18230496
2026-01-28,113.96963873979146,119.61963466909904,113.96963873979146,118.88741302490234,23452463
2026-01-29,119.7284795911468,120.31227599197317,117.05685538028918,118.79835510253906,19681289
2026-01-30,118.64004110646596,119.9758532201032,117.00737850125529,118.83793640136719,19011603
2026-02-02,113.78163422969803,114.58312753986426,110.3579942820657,113.7222671508789,26935344
2026-02-03,118.53119444751027,118.53119444751027,113.64310374312494,113.91027069091797,17141510
2026-02-04,114.38522298377436,115.42419214289464,113.30668080551447,114.78102111816406,14878650
2026-02-05,114.78102267408717,115.27576846147548,113.05930944775791,113.50457763671875,10242128
2026-02-06,113.29678588186955,113.76184813222956,111.4068533409124,113.32646942138672,13107658
2026-02-09,113.7816329303802,114.78102152467883,113.49467947066192,113.8607940673828,9623210
2026-02-10,114.23679944262476,115.47366391276675,113.70248063483848,114.24669647216795,12744272
2026-02-11,114.24670099357435,114.58313206836274,112.4260400450976,113.12857818603516,10515387
2026-02-12,112.99993262808485,112.99993262808485,111.61465048964344,112.33697509765625,10863707
2026-02-13,111.6146529356448,111.6641229849753,109.88304267542388,110.2689437866211,13084758
2026-02-16,110.26894080754757,112.228129850046,109.40808044086103,111.99065399169922,13966955
2026-02-17,111.81254748114848,112.26771269773154,111.12979588166314,111.80265045166016,8157349
2026-02-18,111.79275910803923,112.55466428306718,110.85273760207636,112.1192855834961,8573114
2026-02-19,112.11929093091403,112.61403673157888,109.58619484726108,110.2095718383789,9987523
2026-02-20,110.02157112923165,111.61465317600327,109.40808363228386,110.70431518554688,11560506
2026-02-23,110.82305518624956,111.31780096833103,109.63566832894264,110.7142105102539,9897270
2026-02-24,110.16999076308012,110.3876801222496,107.90406164974397,108.28996276855467,13884700
2026-02-25,104.87620827845176,104.87620827845176,103.30292032246064,103.46123504638672,56904412
2026-02-26,103.30292121835905,104.18356811002072,101.46246629777536,102.1452178955078,22825499
2026-02-27,101.9176296551278,103.46123405745462,100.660978708222,102.46185302734376,19027229
2026-03-02,96.47542830288896,100.28496934654336,96.17857781149914,98.29608917236328,27730177
2026-03-04,97.12849808895878,97.59355279486911,95.00108966081304,96.71290588378906,32963143
2026-03-05,97.17796714279064,98.20703929165258,95.98068323718186,97.81124114990234,16588277
2026-03-06,98.26640611757374,102.01658010112912,97.7221902796379,98.42472839355469,35489993
2026-03-09,96.08952777305076,96.92069707519984,94.26885934337594,96.54469299316406,16395706
2026-03-10,98.35546370865994,100.05739041937204,97.07901867562586,99.65169525146484,14800530
2026-03-11,99.93864913671383,100.72034838735314,97.95966598549178,98.20703887939452,12809686
2026-03-12,97.88050355464746,99.83970017013421,96.22805445701876,98.8699951171875,14255322
2026-03-13,98.6999969482422,99.68000030517578,97.0,97.1999969482422,11414655
2026-03-16,96.9000015258789,97.12999725341797,94.31999969482422,96.44000244140625,16521257
2026-03-17,96.44999694824219,97.2300033569336,95.73999786376953,96.73999786376953,9737324
2026-03-18,97.19999694824219,98.69999694824219,96.80999755859375,98.25,10580589
2026-03-19,96.30000305175781,96.98999786376953,94.72000122070312,95.04000091552734,11287455
2026-03-20,95.5,97.26000213623047,94.4000015258789,94.69000244140625,14353015
2026-03-23,93.5,93.6500015258789,89.19999694824219,89.44999694824219,17225370
2026-03-24,91.98999786376953,93.19999694824219,91.0,92.87000274658203,22201895
2026-03-25,93.98999786376952,96.3499984741211,93.8000030517578,95.23999786376952,17788550
2026-03-27,94.80999755859376,94.88999938964844,91.91000366210938,92.4499969482422,20674836
2026-03-30,91.4499969482422,91.5,87.0,87.2300033569336,25658445
2026-04-01,90.83000183105469,92.77999877929688,89.41000366210938,91.98999786376953,20132244
2026-04-02,90.0,92.19000244140625,88.5999984741211,91.83999633789062,19173192
2026-04-06,91.80000305175781,92.98999786376953,89.3499984741211,92.72000122070312,17311052
2026-04-07,92.6999969482422,93.58999633789062,91.58000183105467,92.93000030517578,16955456
2026-04-08,97.80000305175781,99.3499984741211,96.29000091552734,98.91000366210938,22586509
2026-04-09,99.0,99.5,97.0999984741211,98.48999786376953,16170504
2026-04-10,98.9000015258789,102.1999969482422,98.66000366210938,100.26000213623048,20758984
2026-04-13,97.16999816894531,99.2300033569336,96.25,98.91999816894531,16069563
2026-04-15,101.0,102.4000015258789,100.5999984741211,101.72000122070312,18343826
2026-04-16,103.13999938964844,104.80000305175781,102.30000305175781,103.23999786376953,21466219
2026-04-17,103.75,106.77999877929688,103.25,104.83999633789062,32766513
2026-04-20,105.13999938964844,105.13999938964844,102.3000030517578,103.0199966430664,15091460
2026-04-21,103.0199966430664,104.08999633789062,102.95999908447266,103.61000061035156,9274364
2026-04-22,103.11000061035156,106.66000366210938,102.98999786376952,105.81999969482422,21953698
2026-04-23,106.0,108.37999725341797,104.55000305175781,105.05999755859375,41805252
2026-04-24,105.05000305175781,105.77999877929688,103.01000213623047,103.91999816894531,14644667
2026-04-27,104.75,106.22000122070312,104.41000366210938,105.56999969482422,13917554
2026-04-28,105.58000183105469,106.75,104.77999877929688,105.13999938964844,13405170
2026-04-29,105.51000213623048,106.0,104.7699966430664,105.08000183105467,9523095
2026-04-30,105.0500030517578,105.06999969482422,103.0999984741211,104.20999908447266,8356443
2026-05-01,104.20999908447266,104.20999908447266,104.20999908447266,104.20999908447266,0
2026-05-04,104.80000305175781,105.66000366210938,103.31999969482422,104.41000366210938,10793514
2026-05-05,104.41000366210938,106.63999938964844,104.0,105.81999969482422,20280569
2026-05-06,106.45999908447266,106.94999694824219,105.0,106.73999786376953,12144328
2026-05-07,107.2699966430664,107.66000366210938,106.30999755859376,106.7699966430664,11251343
2026-05-08,106.66999816894533,106.9000015258789,105.6500015258789,106.02999877929688,6764649
2026-05-11,105.1500015258789,105.1500015258789,102.8000030517578,103.08000183105467,8606056
2026-05-12,102.45999908447266,103.0500030517578,99.16999816894533,99.36000061035156,10677665
2026-05-13,99.5,101.97000122070312,99.5,101.4800033569336,11227661
2026-05-14,102.29000091552734,103.62999725341797,99.58000183105469,100.19000244140625,18308366
2026-05-15,100.58000183105469,100.93000030517578,98.5,98.86000061035156,13415868
2026-05-18,98.0,98.0199966430664,95.16999816894533,97.66000366210938,13047543
2026-05-19,98.0,98.4800033569336,96.9000015258789,97.22000122070312,8673912
2026-05-20,96.1999969482422,97.3000030517578,95.6500015258789,97.12999725341795,6536277
2026-05-21,98.0,98.52999877929688,97.55999755859376,98.16999816894533,8098653
2026-05-22,98.16999816894533,98.41000366210938,97.4000015258789,98.19000244140624,6016639
2026-05-25,99.0,101.08000183105469,98.98999786376953,100.44999694824219,13515986
2026-05-26,100.5,100.83000183105467,99.0,99.27999877929688,8488045
2026-05-27,99.19999694824219,99.94000244140625,98.83000183105469,99.19000244140625,6755352
2026-05-28,99.19000244140625,99.19000244140625,99.19000244140625,99.19000244140625,0
2026-05-29,99.23999786376952,100.13999938964844,97.0199966430664,97.51000213623048,9652408
2026-06-01,98.1999969482422,98.4000015258789,96.0999984741211,96.2699966430664,7942957
2026-06-02,95.69999694824219,97.0,94.55000305175781,96.66999816894531,7592689
2026-06-03,96.66999816894533,96.72000122070312,94.63999938964844,95.75,9801364
2026-06-04,95.23999786376953,96.6500015258789,95.19999694824219,96.05999755859375,6298168
2026-06-05,96.5,97.68000030517578,95.80000305175781,96.47000122070312,8112711
2026-06-08,95.87000274658203,95.87000274658203,94.33999633789062,94.69999694824219,6307285
2026-06-09,95.20999908447266,96.19999694824219,95.0,96.01000213623047,6794999
2026-06-10,97.0,98.0,94.5,94.80000305175781,14178158
2026-06-11,94.29000091552734,94.30000305175781,92.66999816894531,93.33000183105469,9304606
2026-06-12,94.43000030517578,96.0999984741211,93.91000366210938,95.88999938964844,9874699
2026-06-15,97.41999816894533,98.8000030517578,96.8499984741211,97.08000183105467,10848353
2026-06-16,97.75,98.25,97.05000305175781,97.62999725341797,6900639
2026-06-17,97.88999938964844,100.97000122070312,97.51000213623048,100.44000244140624,19849822
2026-06-18,100.5199966430664,100.80000305175781,99.41000366210938,100.12999725341797,10858323
2026-06-19,99.01000213623047,100.80000305175781,98.83999633789062,99.51000213623047,13152144
2026-06-22,99.8499984741211,101.19999694824219,99.8499984741211,100.9000015258789,10258970
2026-06-23,100.9000015258789,101.0,98.19999694824219,98.66999816894531,9887408
2026-06-24,94.0,94.75,91.91000366210938,92.5,80616106
2026-06-25,91.01000213623048,92.25,91.01000213623048,91.7699966430664,50633854
2026-06-26,91.7699966430664,91.7699966430664,91.7699966430664,91.7699966430664,0
2026-06-29,91.8000030517578,92.19000244140624,90.3499984741211,90.61000061035156,19510430
2026-06-30,90.9499969482422,91.4000015258789,90.19000244140624,90.52999877929688,21360621
2026-07-01,90.9800033569336,91.91999816894533,90.4499969482422,91.18000030517578,13666959
2026-07-02,91.5999984741211,91.88999938964844,90.44999694824219,90.83000183105469,11833722
2026-07-03,91.4000015258789,91.58999633789062,90.30000305175781,90.56999969482422,11864556
2026-07-06,90.5,90.54000091552734,89.5999984741211,90.23999786376953,7950908
2026-07-07,90.61000061035156,90.61000061035156,89.6500015258789,89.91999816894531,6905670
2026-07-08,89.48999786376953,89.48999786376953,86.93000030517578,87.5,14036436
2026-07-09,87.70999908447266,88.58000183105469,87.55000305175781,88.12000274658203,6991080
2026-07-10,88.41000366210938,90.0,88.30999755859375,89.9000015258789,9078755
2026-07-13,89.9000015258789,89.9000015258789,88.72000122070312,89.75,6101114
2026-07-14,89.5,89.5999984741211,88.51000213623047,88.70999908447266,6693634
2026-07-15,88.80000305175781,90.0,88.5999984741211,88.87000274658203,7302377
2026-07-16,88.87000274658203,89.36000061035156,88.25,88.41000366210938,6202992
2026-07-17,88.5,88.80000305175781,87.91999816894531,88.41000366210938,5054877
2026-07-20,88.37999725341797,89.1500015258789,87.63999938964844,88.72000122070312,5972073
2026-07-21,88.69999694824219,89.0999984741211,88.0,88.30999755859375,5351993
2026-07-22,88.30999755859375,88.37999725341797,87.16999816894531,87.38999938964844,5926795
2026-07-23,87.0,87.87000274658203,86.51000213623047,87.02999877929688,6291068
2026-07-24,86.5,87.8499984741211,86.0199966430664,87.62000274658203,6225546
2026-07-27,88.0999984741211,88.52999877929688,88.0,88.12999725341797,5143354
2026-07-28,88.12999725341797,88.4000015258789,87.0,87.1500015258789,6530263
2026-07-29,87.4000015258789,89.63999938964844,87.3499984741211,89.12999725341797,10298238
2026-07-30,89.4000015258789,89.4000015258789,87.63999938964844,88.91999816894531,15815613
2026-07-31,89.5,89.87999725341797,88.43000030517578,89.1500015258789,12049926
2026-08-03,89.5,90.8499984741211,89.41999816894531,90.25,11813006
2026-08-04,90.38999938964844,90.48999786376952,89.55000305175781,89.5999984741211,6727736
2026-08-05,89.80999755859375,90.58000183105469,88.5,88.9000015258789,7065708
2026-08-06,88.9000015258789,89.94999694824219,88.75,89.29000091552734,7130936
2026-08-07,89.29000091552734,89.47000122070312,88.56999969482422,88.75,5732015
2026-08-10,89.16999816894531,89.16999816894531,88.0,88.5,6241241
2026-08-11,88.5,88.5199966430664,87.87000274658203,87.91000366210938,4430145
2026-08-12,87.91000366210938,88.3499984741211,87.48999786376953,88.26000213623047,5812334
2026-08-13,88.26000213623047,88.5999984741211,87.9000015258789,88.3499984741211,4753942
2026-08-14,88.19999694824219,88.5,87.5,87.56999969482422,3841249
2026-08-17,87.4000015258789,87.52999877929688,86.19999694824219,87.05000305175781,7575722
2026-08-18,86.76000213623047,87.55999755859375,86.05000305175781,86.11000061035156,5607787
2026-08-19,86.11000061035156,87.30000305175781,85.0,85.18000030517578,9477952
2026-08-20,85.44999694824219,87.19999694824219,85.30000305175781,86.47000122070312,8434193
2026-08-21,86.4800033569336,86.9800033569336,86.30000305175781,86.4000015258789,4768042
2026-08-24,86.6500015258789,87.25,85.52999877929688,85.98999786376953,8794748
2026-08-25,85.9800033569336,86.44000244140625,85.05000305175781,85.44999694824219,9606478
2026-08-26,86.12000274658203,86.81999969482422,85.69999694824219,85.69999694824219,7078598
2026-08-27,85.69999694824219,86.16000366210938,84.5,84.6500015258789,7178981
2026-08-28,84.6500015258789,84.98999786376953,83.6500015258789,83.9000015258789,6872970
2026-08-31,83.9000015258789,84.1500015258789,82.9000015258789,83.33999633789062,8457431
2026-09-01,83.33999633789062,83.75,82.16000366210938,82.5,7766605
2026-09-02,82.5,82.5,81.30000305175781,82.4800033569336,7977861
2026-09-03,82.83999633789062,83.69999694824219,82.05000305175781,82.6500015258789,5718670
2026-09-04,82.69999694824219,83.94999694824219,82.69999694824219,83.4000015258789,7883831
2026-09-07,83.5,83.9000015258789,82.62999725341797,83.0,5917347
2026-09-08,82.9000015258789,82.93000030517578,81.75,82.0,5883007
2026-09-09,81.9000015258789,82.4000015258789,81.12000274658203,81.38999938964844,6686837
2026-09-10,81.38999938964844,82.66999816894531,80.76000213623047,81.08000183105469,8521418
2026-09-11,80.94999694824219,81.08999633789062,80.0999984741211,81.08999633789062,8029026
2026-09-14,81.08999633789062,81.08999633789062,81.08999633789062,81.08999633789062,0
2026-09-15,81.08999633789062,81.87000274658203,79.0,79.1500015258789,8655447
2026-09-16,79.41000366210938,79.58000183105469,78.16000366210938,78.94999694824219,9834178
2026-09-17,79.30000305175781,79.91999816894531,78.6500015258789,79.30999755859375,6486276
2026-09-18,79.31999969482422,81.5,79.31999969482422,81.5,14377921
2026-09-21,81.5,81.69999694824219,80.16000366210938,80.22000122070312,5213459
2026-09-22,80.51000213623047,80.80000305175781,79.80000305175781,80.0,4813566
2026-09-23,80.05000305175781,81.1500015258789,80.05000305175781,81.0,5999917
2026-09-24,80.5,80.5,79.41000366210938,79.86000061035156,5332621
2026-09-25,79.68000030517578,79.98999786376953,79.19999694824219,79.94999694824219,4701461
