Date,Open,High,Low,Close,Volume
2016-09-19,88.83359388649814,90.162922554356,88.34232507970073,89.6716537475586,2220804
2016-09-20,89.52718636568376,89.58499018653939,88.42905134717697,88.66024017333984,3677742
2016-09-21,88.54462389427783,89.81615422498646,88.54462389427783,89.00699615478516,3328227
2016-09-22,90.5964021610878,90.9142807463002,89.58496260239339,90.74089050292967,2877253
2016-09-23,90.85649572777248,91.31887327946625,90.33632495070508,90.68310546875,4637128
2016-09-26,89.87395669092179,90.45193133602017,87.44649810508736,87.9377670288086,5557129
2016-09-27,87.87997966042909,88.63133404970088,87.27311365062019,87.9666748046875,2940974
2016-09-28,88.14005400463462,88.77581655206286,87.9377618325135,88.25564575195312,2364836
2016-09-29,88.60242755648534,88.8625129602715,85.68368959462362,86.37725067138672,9046064
2016-09-30,86.23274551198679,87.7643557305508,85.13460559051914,85.5391845703125,3917944
2016-10-03,85.97265504767415,87.64875879325714,85.82816142959898,87.0418930053711,2458561
2016-10-04,87.15749742238107,88.34233256372912,86.95521056076575,87.99555206298828,3592586
2016-10-05,88.57353022398647,88.89141414540931,86.8974207744308,88.11115264892578,3460152
2016-10-06,88.54460903472237,88.92028610262277,85.8281638615081,86.08824920654297,5083105
2016-10-07,86.11718218401917,86.78184677696414,85.36582773090099,85.71260833740234,2824920
2016-10-10,86.00157784095497,86.37725501259901,84.32547358502228,84.75894927978516,5757795
2016-10-13,84.96123176535177,84.96123176535177,82.82275001832521,83.66080474853516,7622096
2016-10-14,83.97868047415076,84.15207072613357,82.938338962254,83.80529022216797,3912372
2016-10-17,84.96122400235913,85.88597378252821,84.44105324316102,85.25020599365234,9453096
2016-10-18,85.5391845703125,86.001556767612,85.04791047280986,85.5391845703125,10349815
2016-10-19,85.79928422964134,86.81072391059743,85.33690666379479,86.14606475830078,8062418
2016-10-20,86.55064794928994,86.63734309090573,85.7414950580263,86.11717224121094,3200011
2016-10-21,85.77038298281597,86.69513283015462,85.77038298281597,86.4061508178711,1824866
2016-10-24,86.60842115177272,87.85104938779799,86.52172603550467,87.47537231445312,1329955
2016-10-25,87.04191377623536,88.16895050839777,86.43504784353252,87.85106658935547,2033961
2016-10-26,87.53319027882925,88.37123972806387,87.33089810160615,87.76437377929688,1938522
2016-10-27,87.67766571044922,88.3134334715811,86.98410472845107,87.67766571044922,3302029
2016-10-28,87.79326520137296,89.55606431632205,86.83961882433564,87.99555206298828,7337786
2016-11-01,87.67768540530584,90.48082657339536,87.09972131811408,89.5849838256836,4078814
2016-11-02,88.97809488846427,91.08766908338919,88.51571738818603,90.45191192626953,8157837
2016-11-03,90.62531511649954,90.9142918354308,88.14005289456954,88.45793151855469,4332021
2016-11-04,88.77580846284864,89.8739431909403,88.31343622425481,88.71800994873047,2394276
2016-11-07,89.0937113136952,90.6831259072634,88.63133894924094,89.64278411865234,4567302
2016-11-08,89.81614419541387,90.5097051544518,88.74690614738043,89.09368133544922,4490103
2016-11-09,85.36580263534023,90.16293118454738,84.15207086939441,89.0647964477539,8218180
2016-11-10,89.87393403482125,90.3652134175997,89.03588476846384,89.4693603515625,4426790
2016-11-11,89.00699690719635,89.00699690719635,87.15750255808175,87.67767333984375,3641463
2016-11-15,87.50428752599473,88.16895198917294,86.11716537080616,86.78182983398438,4077310
2016-11-16,87.44648660933431,87.73546860244248,86.26165144212476,86.78182220458984,3384367
2016-11-17,86.6951245093063,88.2556367504738,86.23275227574014,87.73546600341797,6488716
2016-11-18,88.25563827823994,92.47479754976243,87.93775438571954,91.92573547363281,13243760
2016-11-21,91.89684654307146,92.38811546551027,89.26709048857577,89.52717590332031,9888339
2016-11-22,90.16293118454738,90.22072440767299,87.30199202196077,89.0647964477539,10578529
2016-11-23,89.23819864640227,93.05278470717862,87.2442051868179,92.38811492919922,10153308
2016-11-24,91.7812473968833,92.474808486993,89.67167280306786,90.74090576171876,5111353
2016-11-25,91.2899773887413,93.8908314454006,89.87395331914828,93.34175872802734,5798672
2016-11-28,92.5326276090296,95.3357637567256,92.5326276090296,94.98898315429688,4603195
2016-11-29,95.07565336606832,95.48023768471334,93.7463351273814,94.20870208740234,6154771
2016-11-30,94.32429680033984,94.78667433189676,93.48624744586266,94.29539489746094,9674742
2016-12-01,94.29540467125324,95.33574628791273,93.1394765968997,93.57295227050781,3768108
2016-12-02,93.60183416066108,94.17980872249406,92.3592110768125,93.4284439086914,3513333
2016-12-05,92.79270368725378,94.32431433229456,92.79270368725378,93.89083862304688,3422251
2016-12-06,94.20870620006357,95.68252343813491,93.80413244665831,94.26651000976562,5353840
2016-12-07,94.69997920616116,95.82701584072404,93.9197230745407,94.29539489746094,3689476
2016-12-08,94.75777299138747,95.45133400138849,93.22616262193564,94.23760223388672,4154828
2016-12-09,94.46878650866775,95.01785917386336,93.11056638022741,94.81556701660156,2481586
2016-12-12,94.72887972397233,97.09855025179908,94.52659813288248,95.6247329711914,3724072
2016-12-13,96.14490723452178,96.52058969033412,94.23761421454029,95.24905395507812,3550705
2016-12-14,95.42243871409636,96.17380358229131,94.23760876749928,94.52659606933594,3354277
2016-12-15,94.03531603046086,95.10455951619235,92.33031530058786,92.59040069580078,3354172
2016-12-16,92.73487784424154,93.74632798084718,92.21470711669596,92.47479248046876,4329195
2016-12-19,93.0527675709107,93.1972559129096,92.04131742821671,92.41699981689452,3143113
2016-12-20,92.99496423026704,93.9197192557805,92.763780765339,93.54403686523438,2882146
2016-12-21,93.83301174572875,95.3068286287355,93.0816470638317,94.58436584472656,3838824
2016-12-22,94.41100150135077,94.84447717399242,92.47480663591735,92.7637939453125,2898685
2016-12-23,92.5326105378432,93.54405024736009,91.26107484158533,93.08167266845703,3019249
2016-12-26,92.53259508351246,93.71742486437088,92.0991194828447,92.4458999633789,2883518
2016-12-27,92.4170063649696,93.31285954779852,92.18582288481107,92.70599365234376,3137931
2016-12-28,92.70598260770464,93.80411723625664,92.47478857218834,92.90826416015624,2598544
2016-12-29,92.7637840319498,94.93116216353742,92.7637840319498,94.5265884399414,5976016
2016-12-30,94.32431572738658,95.62474287436342,94.20871867557646,95.2201690673828,4244060
2017-01-02,95.39353762386197,96.60726935122992,95.01785522823353,95.24903869628906,3152186
2017-01-03,95.306831528165,96.08708754878792,94.93114917578744,95.6247100830078,2448501
2017-01-04,95.39353586612158,96.80954913335857,94.98895157585335,95.27793884277344,3729337
2017-01-05,94.81557420479896,96.11600120813925,94.81557420479896,95.3646469116211,6652960
2017-01-06,95.39357109369917,96.11602365344056,94.55551088501662,94.78670501708984,4947444
2017-01-09,94.78667489443791,94.96006514693815,93.11056559263508,94.23760223388672,4569656
2017-01-10,94.41098878476183,94.67107415331489,93.4573424334006,93.80412292480469,2423820
2017-01-11,94.20870935997492,95.2490509746847,93.54405018932216,95.0756607055664,2763603
2017-01-12,95.36464210207185,100.76864201548976,95.07565481049235,100.39295959472656,12138549
2017-01-13,101.0865165041204,101.14430972691788,98.63015108316188,98.83244323730467,6432948
2017-01-16,97.87880319407196,100.07508338032692,97.6765110268282,98.63015747070312,5560533
2017-01-17,99.00582129730168,101.83785819206642,98.3989554925021,101.54888153076172,7873125
2017-01-18,101.722273311937,101.86676164479276,99.4103964888453,99.8438720703125,6211531
2017-01-19,99.988386520418,101.14431452865068,99.2659235780964,100.65304565429688,7877224
2017-01-20,100.39293982345605,100.62412326144974,98.13886690859434,98.5145492553711,4372642
2017-01-23,98.25447896841388,99.67049229449893,97.79210143870593,98.02328491210938,4522695
2017-01-24,98.081083513648,100.68193713731957,98.081083513648,99.6126937866211,7209640
2017-01-25,99.72830532999659,100.27736745300875,98.51457346221936,99.03474426269531,13115185
2017-01-27,99.12142844505821,103.02270901760991,99.06362464056798,102.5892333984375,6091371
2017-01-30,102.21354055124228,102.82040635604184,100.85532061099077,101.54888153076172,5516523
2017-01-31,101.72227858678819,102.70481623379712,99.26591330346488,99.6126937866211,7441196
2017-02-01,99.78609018436867,100.16177259193195,97.84989550632874,98.77465057373047,10397133
2017-02-02,99.81498186041895,101.72227444002633,99.26590925683804,99.72828674316406,7142464
2017-02-03,99.69941706280947,100.36407631559372,99.09255104590542,99.38153839111328,4129434
2017-02-06,99.6993991192796,101.08652119398263,99.46821563446296,100.33516693115234,6082885
2017-02-07,99.87278340518371,101.4332956458897,99.6126980317327,99.9883804321289,6618921
2017-02-08,100.79754609014859,101.28882560628364,98.39898407355237,99.35263061523438,10220055
2017-02-09,99.35261817405535,100.5374480801435,96.75176429515338,97.21414184570312,7504140
2017-02-10,97.82101457996012,99.20813674554702,97.4742340385634,98.45677185058594,4783242
2017-02-13,98.80354106916278,100.04617472773012,98.80354106916278,99.69939422607422,7380872
2017-02-14,99.93058803217376,99.93058803217376,98.19668534461202,98.74575805664062,5174097
2017-02-15,99.04508836098022,100.130919578705,98.78096812535094,99.2211685180664,4591172
2017-02-16,99.48527574843956,100.27763635174573,99.25050581870832,99.95482635498048,4049570
2017-02-17,100.1896174638074,100.33634735752186,99.10378615849434,99.63202667236328,3268471
2017-02-20,99.77873960258228,101.3047601652319,99.48526914957532,100.83522033691406,7358422
2017-02-21,100.92328370011371,101.56890379988629,100.1015726902174,101.24609375,2167004
2017-02-22,102.03843851984225,102.12647858759016,97.40166520081117,97.84186553955078,8138626
2017-02-23,98.25272874159415,98.25272874159415,96.28649671667537,97.13755798339844,8046589
2017-02-27,97.51903482744616,97.69511494494807,96.02235382867997,97.0788345336914,8850588
2017-02-28,97.43101789141403,97.519057971059,95.23001590028962,95.64087677001953,16850186
2017-03-01,95.93434266836988,96.43324364962827,93.32249038767874,93.88008117675781,11781903
2017-03-02,94.43765602829787,94.43765602829787,91.1214832476982,91.53233337402344,16388160
2017-03-03,91.53235174759801,92.26602281416812,90.79869142811019,91.62039184570312,9776836
2017-03-06,92.08990576772979,93.32246664798622,91.62035518336802,92.97030639648438,5028422
2017-03-07,93.90939768100628,93.93874795126044,92.14859640731817,92.38337707519533,4820226
2017-03-08,92.50075799727388,93.05834865768313,91.70839741267677,92.2072982788086,3653134
2017-03-09,91.94320300493236,93.46922404639535,91.32692238320428,92.9116439819336,5600349
2017-03-10,92.94095832205007,93.58658904741453,91.79643747763201,92.2072982788086,2902393
2017-03-14,94.17351166097994,94.4669821029319,92.79422100325276,93.67462158203125,5506806
2017-03-15,93.61596644036013,93.90942624384613,92.91164571666359,93.1170654296875,3038296
2017-03-16,93.58658566497093,94.78979626017947,93.3518157492682,94.64306640625,3935551
2017-03-17,94.90721192256385,94.99525200783525,93.17576049458665,93.88008117675781,7716466
2017-03-20,93.38118846071227,94.99526041591035,93.38118846071227,94.73114013671875,2691794
2017-03-21,94.76048315918396,95.40610329415064,93.90942182669384,95.17133331298828,3637201
2017-03-22,94.67244545648109,95.08329562062961,94.05616483671774,94.34962463378906,2992011
2017-03-23,94.731133983083,96.72670571387312,94.55505380839328,96.49193572998048,6384273
2017-03-24,96.75605148394963,97.16690162338968,95.9636907347635,96.60932159423828,4581844
2017-03-27,96.2571744192212,96.81475452459148,95.67023328598246,95.87566375732422,3264932
2017-03-28,96.315849704283,97.04952063661482,96.19845934592745,96.785400390625,1686946
2017-03-29,97.40167739054942,97.40167739054942,95.90499605152633,96.2278060913086,4597850
2017-03-30,96.28649233369231,97.13755356167488,95.43544185278927,95.72891235351562,9615726
2017-03-31,96.02238130101064,97.87122306374057,95.72892151926594,97.43102264404297,3814359
2017-04-03,97.43104809623547,98.19406952109131,96.28652670603509,96.63868713378906,3542816
2017-04-05,97.37232699007602,98.60488809121622,96.66800636085304,97.7244873046875,6131202
2017-04-06,97.72448947476573,98.63424055674072,96.84408866868677,98.4288101196289,5319375
2017-04-07,98.01797242370353,99.36791333284532,97.43103131382476,98.75163269042967,7405474
2017-04-10,98.63424467824565,99.16248518396596,96.99082260683987,97.87122344970703,2686148
2017-04-11,98.04728386006691,98.54618473520827,95.84628219643866,98.0179443359375,17414233
2017-04-12,98.25273467666925,98.75162490837813,96.43324317242448,96.81474304199219,8425531
2017-04-13,96.8440794042761,97.10819962083322,96.37452877025927,96.6386489868164,4090750
2017-04-17,96.66800069000762,96.84408083698396,92.97031760350458,93.4985580444336,9580728
2017-04-18,94.2028906261324,95.93434204281944,93.9094200947811,94.90721130371094,5073410
2017-04-19,94.90720839233738,97.37233068824224,94.55504806435096,96.785400390625,5434806
2017-04-20,96.7267053450917,96.7854059011518,95.78761466602045,96.08108520507812,2381107
2017-04-21,96.28651114153185,98.31143327379291,96.22782132875439,98.1353530883789,9538297
2017-04-24,98.1353374282466,98.86900833275524,97.2842869169141,97.75383758544922,2517796
2017-04-25,97.98863159345694,98.01798187590568,95.99305956984144,97.10823059082033,3704083
2017-04-26,97.10820321069248,97.69513346460155,96.49192268261012,97.1962432861328,4119194
2017-04-27,96.99081968100931,97.69514033405648,95.6702184565459,96.31584930419922,4868335
2017-04-28,96.2571460409055,96.96146659548022,95.90498576361811,96.55060577392578,3063996
2017-05-02,96.63864125139848,97.19623191296876,94.6724202946895,95.14196014404295,4025983
2017-05-03,95.67021587838215,96.57996694641177,94.70177500654027,95.14197540283203,3870368
2017-05-04,95.43544007058988,95.87564043991917,95.17131984899231,95.46479034423828,3344888
2017-05-05,95.28872711084459,95.3180666426216,93.58661513160949,93.73334503173828,2507920
2017-05-08,93.55725316355473,94.70177418397213,93.55725316355473,94.2615737915039,3692730
2017-05-09,94.70175619840622,94.81914652979651,93.82135558067365,94.64306640625,3186598
2017-05-10,94.70179019594086,95.64089169004089,94.6137501025616,95.20069122314453,2730601
2017-05-11,95.2593708719145,95.34741095589963,93.76268944416724,94.05615997314453,4567666
2017-05-12,93.93877198360684,94.8485231234466,92.735561054462,93.23445129394531,2748128
2017-05-15,93.3224872714477,93.90941757129794,92.61816661279526,93.76268768310547,2060881
2017-05-16,93.76269081403571,94.43766121875616,93.55726036604221,93.88008117675781,5617327
2017-05-17,94.202892245259,94.9659027433899,93.02902084675841,93.26380157470703,8423958
2017-05-18,92.7355620571343,93.52792284157067,92.32470115233556,92.61817169189453,6185143
2017-05-19,93.55725233560482,94.32027350718387,92.79424191110556,93.38117218017578,2852978
2017-05-22,93.49856663829804,94.05615740400016,92.58881554627467,92.85293579101562,3324104
2017-05-23,92.73555086041564,92.97032081546854,91.03343913181294,92.11927032470705,2820800
2017-05-24,92.20730094681116,93.23443148531598,91.32690027178457,91.82579040527344,2830014
2017-05-25,91.94320053423309,92.2366603243541,90.85736921895888,91.76712036132812,5992188
2017-05-26,91.7084058981998,91.91383631779598,91.26820553269307,91.56167602539062,3186957
2017-05-29,92.08992591482824,92.61816640764752,89.88892386141455,91.85515594482422,8203143
2017-05-30,91.8551421037758,95.96367506870004,91.79644155980976,94.64307403564452,5871019
2017-05-31,93.96811226078952,95.49413309459511,93.7920321071135,94.02680206298828,6385513
2017-06-01,94.02678862072172,94.8484994694295,93.64527809327204,94.29090881347656,2350266
2017-06-02,94.46701435497326,95.90500604028288,94.3789742670376,95.43545532226562,5955807
2017-06-05,95.23002486805538,95.72892586441154,94.78982442837705,95.43545532226562,2986412
2017-06-06,95.67021517790909,95.67021517790909,92.58881242642802,92.79424285888672,5236093
2017-06-07,92.55947426334956,93.02901419149438,92.11927386378872,92.64751434326172,10697568
2017-06-08,92.79424422742196,92.91163458299822,92.03123378387656,92.64751434326172,1812870
2017-06-09,92.73553913994073,93.64527931771713,91.7670984205103,92.61814880371094,2940114
2017-06-12,92.73554992023502,93.2050898255805,91.44428831283604,92.7061996459961,3738913
2017-06-13,92.88227795628654,94.08548871712036,92.79423788239431,93.90940856933594,4090297
2017-06-14,94.08548558549366,94.08548558549366,92.9703149356704,93.88006591796876,2630623
2017-06-15,93.64528927998477,95.3767512484895,92.88227888101552,93.3518295288086,6250599
2017-06-16,93.3518183669332,94.64306906012278,93.3518183669332,94.26155853271484,5082594
2017-06-19,94.55505058238802,94.9072109197526,93.52791984743487,94.46701049804688,3415876
2017-06-20,94.05615780501583,94.37896785649323,93.11705643276832,93.29313659667969,2603080
2017-06-21,93.46921716391648,94.49635862255185,92.61816661703264,93.79203796386719,4094097
2017-06-22,93.9387674467148,94.37896785649323,92.91163673959194,93.29313659667969,5139614
2017-06-23,93.26378722250249,94.43764769327885,92.29534642321845,92.64750671386719,4643132
2017-06-27,92.44207180251048,93.2050821461399,90.97474091181431,92.67684173583984,3746638
2017-06-28,92.67685332665694,93.96811498915932,92.29535348066852,93.70399475097656,5058873
2017-06-29,93.32249588979278,93.8507364325652,92.64752544527738,93.1170654296875,10103880
2017-06-30,92.91163673959194,93.8213770884138,92.17796580760113,93.29313659667969,6122950
2017-07-03,93.2637881339042,93.2637881339042,91.15082636936323,92.00187683105469,8945122
2017-07-04,93.38117312838448,93.76268371804792,92.61816269613749,92.764892578125,5282948
2017-07-05,92.8529286002881,93.96811004533029,92.61815864994841,93.32247924804688,5059808
2017-07-06,92.79424285335448,93.11705289255899,92.14861202786554,92.764892578125,5379126
2017-07-07,92.67684845752866,93.67463955393414,92.5007683079912,93.3518295288086,4768952
2017-07-10,94.14418927155481,94.4376490198315,92.73554808917284,93.93875885009766,1170691
2017-07-11,93.93875922857764,96.66800153043884,93.85071915432405,95.8462905883789,5956020
2017-07-12,95.9049915686092,96.4919218172546,95.49413072218596,96.28649139404297,4097499
2017-07-13,96.84407895655575,97.54839953078525,95.96367823876888,96.19844818115234,3014683
2017-07-14,96.25714917360229,98.78096099393979,95.8756386117651,98.19403076171875,4127641
2017-07-17,99.07443685434666,99.19181645890646,98.28207616170931,98.92769622802734,4854055
2017-07-18,98.48748914660652,100.86457106288967,97.54839863858271,98.34075927734375,4280904
2017-07-19,98.66359086159962,100.13093286338119,97.9005803286885,98.48751068115234,4443198
2017-07-20,98.54621473511601,99.0744552951963,96.75606258803892,97.10822296142578,3079837
2017-07-21,97.07884484271301,97.78316538751402,95.02458375176248,96.7266845703125,4679146
2017-07-24,96.31584929967318,97.7244906057013,96.13976913641966,96.2864990234375,4095321
2017-07-25,96.31584616458824,97.25493675567948,96.0517259283051,96.19845581054688,5238774
2017-07-26,96.25716067448752,98.10600241131803,96.25716067448752,97.6364517211914,4710169
2017-07-27,98.01793565841989,98.13531523870283,96.40386433229325,97.0788345336914,13313542
2017-07-28,96.78538915772964,97.34296911427528,94.96588717625072,96.19844818115234,5825488
2017-07-31,97.25492768301925,97.8712081768554,95.05392591931876,96.37452697753906,11319219
2017-08-01,96.60930366062266,97.43100378697032,95.72890299162268,96.96146392822266,7131372
2017-08-02,97.34298252032316,101.51021674078434,97.34298252032316,100.86458587646484,22272063
2017-08-03,100.95263083885605,102.27323216122662,99.80810969280157,101.27545166015625,7242470
2017-08-04,101.15806949438216,104.59163321090166,99.54399749827303,104.09274291992188,9251462
2017-08-07,104.06337120731843,105.14920240802881,102.00909915780898,102.39060974121094,4356682
2017-08-08,101.12869806256876,101.92105875450524,99.42659707423984,100.45372772216795,4508409
2017-08-09,100.36568754708784,102.91884977416288,100.07221704207564,101.92105865478516,3248853
2017-08-10,101.9210519283107,102.27321221225198,99.42659041511266,101.33412170410156,2957564
2017-08-11,99.48527028417732,101.42215165254183,98.28205968315866,99.103759765625,6021926
2017-08-14,99.77875469467445,101.89171648293522,99.01573355086067,100.8058853149414,4955436
2017-08-16,100.65918217097676,101.83304297813416,99.57335071462802,99.83747100830078,6909514
2017-08-17,100.36568483260089,104.15140803242707,99.36789374020938,103.7698974609375,6198212
2017-08-18,104.12205416407873,104.85572500789866,101.33412215288948,101.77432250976562,9086977
2017-08-21,101.65693441716822,102.77211584400726,100.74719415752703,100.9526138305664,4958263
2017-08-22,102.00910314865668,102.03845342455269,98.1353396019092,98.4288101196289,5514501
2017-08-23,98.60488259739813,100.42437387249035,98.3701126497641,99.92548370361328,5016500
2017-08-24,100.36568181382334,100.71784210088938,98.7516102490776,99.19181060791016,5959692
2017-08-28,99.60269781335522,102.12651028988248,99.60269781335522,101.71566009521484,6243884
2017-08-29,97.57775245013767,99.13312351138455,97.48971237597125,98.83965301513672,26027901
2017-08-30,97.43102514406691,100.57112871653678,97.28429524942955,98.57554626464844,24858153
2017-08-31,96.25714261592428,99.30919466145832,96.11040200755664,99.04507446289062,100020078
2017-09-01,98.28206232655003,99.13311270166497,97.87120152718846,98.75160217285156,6407655
2017-09-04,98.0179421328511,99.30919283079758,97.92990206828479,98.75160217285156,5787289
2017-09-05,98.839652110942,99.63201277119116,98.34076194425599,99.48528289794922,3431329
2017-09-06,99.16248982565746,99.92550034283119,99.04509945875338,99.74942016601562,2789814
2017-09-07,99.88020531925154,101.48542290473952,99.79102656450222,101.1287078857422,5341582
2017-09-08,100.59363265627792,101.12870517040706,99.01814499336818,99.73157501220705,3959727
2017-09-11,99.58294282209214,101.84214165384768,99.13704903201399,101.39624786376953,13794789
2017-09-12,101.33678061376544,102.16910828028288,100.62335067899224,101.2773208618164,4997685
2017-09-13,100.89089343291003,101.90157864851948,100.23691232169163,100.44499969482422,5065327
2017-09-14,100.44500484324342,101.06925610856024,99.93965132345863,100.2666473388672,7281802
2017-09-15,99.88021936769034,99.99912801944043,99.22623811218476,99.4937744140625,6626685
2017-09-18,99.88020324707031,101.27733341379789,99.70184574127197,99.88020324707031,3664866
2017-09-19,99.88021001439598,100.8314464810782,99.19650982453804,100.4747314453125,2329150
2017-09-20,100.47473687276484,100.71255416684104,99.0776065359052,99.76130676269531,4668108
2017-09-21,99.34514139943738,100.177480144583,99.31541151658524,99.9991226196289,3728936
2017-09-22,99.55322305819509,99.88020820636825,97.82909678784462,98.69115447998047,6742154
2017-09-25,99.28569178270773,99.82076435359762,97.97772935203508,98.83979797363281,5028435
2017-09-26,99.22620579417082,99.5532017584609,97.59126951702622,99.25593566894531,4261666
2017-09-27,99.43430754921653,99.55321617946282,97.79936014916156,98.09662628173828,3760716
2017-09-28,98.0966197550566,98.9884072073753,97.5615472836654,98.72087097167967,6199570
2017-09-29,98.9884202334324,99.85047792208768,98.24526029668068,99.55322265625,4245489
2017-10-03,99.88019747990761,100.44499984434962,99.64239111460036,100.11800384521484,5038693
2017-10-04,100.11801914611793,100.59364283549895,99.40458905508602,99.90994262695312,6354854
2017-10-05,99.79101826174794,102.02048694498627,99.76128838394558,101.72322082519531,13895436
2017-10-06,101.81242470569923,105.82546932617895,101.75297582149665,104.66614532470703,18944218
2017-10-09,104.01218227981741,105.58767035404159,103.53655851439383,103.98245239257812,6961627
2017-10-10,103.98244203746827,104.54724452228278,103.62572697044438,104.3391571044922,5929921
2017-10-11,104.69585766929193,105.37955782435657,103.59598273629366,103.95269775390625,5036053
2017-10-12,104.04187796496927,106.36052561191374,104.04187796496927,105.05257415771484,19542392
2017-10-13,105.82545518056102,106.06327245774295,103.92298227957828,104.54723358154295,6797923
2017-10-16,104.63639845704381,105.32009854455934,103.98241736067416,104.30940246582031,2658920
2017-10-17,104.45805232357621,104.93366509439717,103.29872850482253,104.57695007324219,23635226
2017-10-18,104.81477124072069,107.01451032424838,104.04188140877072,105.85518646240234,8205376
2017-10-19,106.0632875843936,106.12273646912824,103.5662820204141,104.07162475585938,556915
2017-10-23,104.07160089572156,105.76599713995354,103.23926226986237,105.2011947631836,6443756
2017-10-24,105.23093427536804,108.73863571323992,104.78504048606564,107.99547576904295,14176243
2017-10-25,108.14410359527608,110.1952150297054,108.08465471862328,109.00617218017578,10983906
2017-10-26,108.94669130396184,110.04656606839984,108.5007976002811,109.7790298461914,11019600
2017-10-27,109.6898746726342,111.7707160322444,107.75767183690412,108.17383575439452,7227376
2017-10-30,108.26301368678236,108.88726500128604,108.26301368678236,108.5602798461914,5224491
2017-10-31,108.79808273679676,108.91699137394518,107.07395648549893,107.7576675415039,9992200
2017-11-01,107.72792441973549,109.68985681810814,107.0442243338435,107.46038818359376,9539526
2017-11-02,105.29035540415082,107.5198237631184,105.17145768238986,107.1631088256836,7958055
2017-11-03,106.41998293275982,109.33315192188788,106.41998293275982,108.173828125,10815914
2017-11-06,108.14409883869384,108.14409883869384,106.21189612863454,106.56861114501952,4282537
2017-11-07,106.8361571757173,107.4901383942451,105.32011821746421,106.06327819824219,10390363
2017-11-08,105.76599982078817,106.53887870905456,104.54722717273768,104.844482421875,7184114
2017-11-09,104.96339887636697,106.86588268860211,104.96339887636697,105.85518646240234,5041654
2017-11-10,105.73627307621908,106.063269100474,104.36887276306044,104.96339416503906,6573186
2017-11-13,105.85517588964996,106.39024838782848,104.78503089329293,105.2011947631836,5605167
2017-11-14,105.52820217155066,108.11438619217844,104.78504221509105,105.26066589355469,11136588
2017-11-15,104.90396575970894,105.20122107566,103.17983920565445,103.5662841796875,8244417
2017-11-16,104.33916627657092,106.06329288077484,103.50682741832061,104.90396881103516,8639272
2017-11-17,105.884903102532,107.04422681939884,104.69584950782216,105.5579071044922,8639323
2017-11-20,105.32011082523184,107.69820735629582,105.32011082523184,107.28204345703125,5624824
2017-11-21,107.49013469898479,110.46275274774624,107.37122605804589,108.76835632324219,12956512
2017-11-22,109.42235447974035,109.98715700414569,107.6982279062424,108.1144027709961,7199913
2017-11-23,108.1441146365684,108.50082970506293,106.39026917849688,107.25232696533205,6313909
2017-11-24,107.01449072103136,108.05490575212686,106.4794182674262,107.1928482055664,4985976
2017-11-27,107.01451873527037,111.08701206955823,106.7767123223297,110.78975677490234,12239492
2017-11-28,110.55191473045612,110.55191473045612,108.41162483482324,108.67916107177734,21490923
2017-11-29,109.27369723241969,109.63041222786168,107.96573499174727,108.20355224609375,14803374
2017-11-30,107.609017664205,108.82780112960347,106.98476643571028,107.69819641113281,21081258
2017-12-01,108.67917926842742,109.21425183192527,107.31177886354122,107.78739166259766,5247830
2017-12-04,108.14409282561542,108.35218020229597,106.80641158855003,107.13340759277344,10381372
2017-12-05,106.74698011666848,106.74698011666848,104.81477719911176,105.29039001464844,9543513
2017-12-06,104.66610528210721,105.67680124336589,103.863496665069,104.42829895019531,10349719
2017-12-07,105.23091587568084,107.8765482675918,104.10132210231782,107.1928482055664,13097042
2017-12-08,105.8849038637828,107.99546393994466,105.8551739857261,107.25230407714844,13832593
2017-12-11,107.96574930044687,108.20356658631128,105.64710152278363,106.0335464477539,8522901
2017-12-12,105.64709513670714,105.73627389199588,103.98242866667674,104.57695007324219,9448897
2017-12-13,105.05259028722442,105.2309478259124,104.24998136312847,104.66614532470703,8234570
2017-12-14,104.69586404971463,105.76600916776964,103.17982513247004,105.40929412841797,8551278
2017-12-15,105.88491904693369,106.18217432581436,104.69586527317334,105.49847412109375,6455800
2017-12-18,104.27969625358575,105.9740926274794,103.3581788075121,105.67682647705078,6610290
2017-12-19,105.7362653705543,107.22258509630105,105.20119288194412,107.04422760009766,7419950
2017-12-20,107.13339770303858,107.25229543352793,105.64707809723085,106.09297180175781,5873828
2017-12-21,106.33081028523954,107.22259787251838,106.12272288618149,107.07395935058594,6576799
2017-12-22,106.71721387642117,107.40092475570412,106.53885640983881,106.86585235595703,3793356
2017-12-26,107.31175518484937,107.31175518484937,105.17146540311992,106.09297180175781,11741056
2017-12-27,106.09298977287399,107.19286472570751,104.99312570611909,105.5281982421875,7842159
2017-12-28,105.7660087993531,106.24163247885828,104.36887852878542,104.72559356689453,17995456
2017-12-29,105.20119663455161,105.97408640305433,104.5174965034097,105.23092651367188,8900653
2018-01-01,105.26066796006928,105.43902548223484,104.45805911032424,104.9634017944336,6689762
2018-01-02,105.11203952237882,106.56862972188745,104.963411868336,106.36054229736328,10171537
2018-01-03,106.71724503859122,107.19286871705485,105.0823083748907,105.26066589355469,12409998
2018-01-04,105.49845449182752,105.76599072468929,104.96338202610396,105.29036712646484,8712321
2018-01-05,105.40928960547943,105.97409202224452,104.93366594472573,105.5281982421875,12431070
2018-01-08,105.58766360831243,106.12273622794915,105.17149964395509,105.61739349365234,7290126
2018-01-09,105.76600420292853,106.06327035046041,104.48777174322782,105.05257415771484,7868696
2018-01-10,104.7553222020348,105.11203727296804,103.09065549970636,103.41764068603516,9836607
2018-01-11,103.4473439310772,103.98241639968623,102.85282259464849,103.15007781982422,6643371
2018-01-12,103.26901026186735,103.5068166740765,102.13941619627421,102.55558013916016,8369301
2018-01-15,102.8528423704577,104.2797025610949,102.1394122751391,102.82311248779295,5463837
2018-01-16,103.20955988461176,103.80408134955864,101.4259846036915,103.00147247314452,10138000
2018-01-17,102.97172653222758,103.9526927837606,101.57459640873682,103.59597778320312,7596332
2018-01-18,103.95270611163537,103.95270611163537,102.05023312212964,102.34748840332031,8280381
2018-01-19,102.28803683027516,103.12037554506166,101.18816183781576,102.7042007446289,3836697
2018-01-22,102.85282399271053,103.03118148467124,101.93130665555432,102.49610900878906,5422626
2018-01-23,102.31773879578007,104.7850134991242,102.31773879578007,102.67445373535156,6478592
2018-01-24,102.64473323164316,103.86350575774298,102.02048203040815,103.44734191894531,11677422
2018-01-25,103.17981302477764,104.33913676662908,101.90158065506937,102.22857666015624,13565392
2018-01-29,102.25829582308288,102.70418957069238,101.36650832786393,101.6935043334961,12918822
2018-01-30,101.69352107933545,102.55557883797596,100.95036108225112,101.24762725830078,9204885
2018-01-31,101.06924501099432,101.63403645545196,100.32608519566742,101.2178726196289,7820538
2018-02-01,100.62335656178468,100.95034167231346,99.5234817193479,100.50444793701172,11024756
2018-02-02,99.58291512188003,100.2071662543463,97.97769792410962,98.21551513671876,4803742
2018-02-05,96.31305532582472,99.52349050335224,96.31305532582472,98.83979034423828,7129994
2018-02-06,96.31305369188478,98.69115015434966,95.86715992479272,98.27498626708984,4853142
2018-02-07,99.4417041024482,100.49960199013312,96.02623272201524,100.0159912109375,11374195
2018-02-08,100.01598613029257,100.19733877966753,98.53493580410127,98.95809936523438,7486767
2018-02-09,98.20245494231646,99.16966533645305,97.02366277772725,98.68606567382812,4518222
2018-02-12,99.01852368806158,99.92528672549804,97.990855222672,99.68348693847656,10466476
2018-02-14,99.7439388945779,100.16709130935072,98.02108904094428,98.50469970703124,4921964
2018-02-15,98.80695388482296,99.3510117729662,98.32335425239752,98.65583038330078,2581964
2018-02-16,98.8371844341012,99.0185370660904,97.96065040244892,98.41403198242188,7340724
2018-02-19,98.74649332373183,98.92784592855043,97.5979305161755,98.4744644165039,2634882
2018-02-20,98.1419964241772,99.80438805951835,97.99086186177492,99.26033020019531,6225978
2018-02-21,99.74393650696592,99.74393650696592,97.6281523459777,98.11176300048828,9316350
2018-02-22,97.86997426916356,98.11177408930511,96.81207653466092,97.1747817993164,5934736
2018-02-23,97.35612951346533,99.1394376871908,97.23523514394495,98.8674087524414,4571212
2018-02-26,98.89760767649248,98.92783679746694,97.6281395599347,98.5046844482422,3486711
2018-02-27,99.13943486849628,100.3484449426402,98.26288983552377,100.076416015625,3844933
2018-02-28,99.13944727559321,99.86485783841734,98.26290213292289,98.68606567382812,5257828
2018-03-01,98.95807556874983,98.9882936237876,97.93040711311976,98.534912109375,2576112
2018-03-05,97.62816229430757,99.80439385803618,96.75162827076781,98.71627807617188,3945470
2018-03-06,99.32080042148496,99.71372376575542,98.05133193008571,98.74651336669922,6137704
2018-03-07,98.53493063131673,99.56259928012113,97.86997833110802,98.83718872070312,3130801
2018-03-08,99.1394353101669,100.348445389697,98.08153765447128,99.92529296875,5446693
2018-03-09,99.8043932900815,99.92529873256265,98.26289594121258,99.38124084472656,4485285
2018-03-12,99.62304311404765,104.4288879082784,99.19989065827244,103.46167755126952,3493401
2018-03-13,102.40380859375,103.21989558678756,101.1343399379138,102.40380859375,3752316
2018-03-14,102.34332553938742,102.85716534537019,101.64814418109292,102.58513641357422,4448883
2018-03-15,102.16195116339482,102.85714344253773,101.1342939080341,102.70600891113281,4383296
2018-03-16,101.43656402011169,102.43400345229924,98.92785641060188,99.65326690673828,14854449
2018-03-19,99.74392851891693,101.49700731584714,98.92784183103488,100.95294952392578,6026004
2018-03-20,100.59025573730469,101.13431359092793,99.53235808711368,100.59025573730469,3780434
2018-03-21,101.25521549269506,103.28032356597026,100.13688164516267,102.97806549072266,6866022
2018-03-22,102.16195976196924,103.49188619207453,101.85971281148689,103.34075164794922,4472313
2018-03-23,102.10152579461368,103.85460482352214,101.73882055200404,102.79670715332033,10827793
2018-03-26,102.73625895111888,103.37099311939586,102.01084847308802,102.67581176757812,6600055
2018-03-27,102.91761155409918,103.67325115822179,101.82949583722764,103.4012222290039,4195293
2018-03-28,103.18964146127007,103.37099408246738,100.62047563801296,102.58513641357422,10138818
2018-04-02,102.70603508091266,103.2803220950382,101.6179193081818,103.00829315185548,3367125
2018-04-03,103.25009205285296,103.91505537548352,101.92017647647772,102.3735580444336,4460793
2018-04-04,102.2526541338852,102.37355957677846,100.04620451606412,100.68093872070312,3998232
2018-04-05,100.95296000923068,102.61535161128464,100.83205457550692,102.13175201416016,3916746
2018-04-06,101.7992791211451,102.7665005888664,101.04365049379096,102.43401336669922,3134724
2018-04-09,102.16197437793758,103.03851943883951,101.82949825728709,102.5549087524414,3930802
2018-04-10,102.7060337621825,103.00829182924436,101.64814713079484,101.7992706298828,2607237
2018-04-11,102.3433178972452,103.12918657634182,101.37610767937788,101.8597183227539,6787894
2018-04-12,101.617925022929,102.67582279627943,101.16454342546074,102.46424102783205,6867020
2018-04-13,102.52468009594509,103.79414846829005,102.25265115901404,103.34076690673828,3483164
2018-04-16,102.52464562727845,105.72854460805911,102.52464562727845,105.24493408203125,3694548
2018-04-17,105.45656607748336,107.48167436074716,105.24498429598198,106.96783447265624,6699236
2018-04-18,106.6957854496214,108.81156966042475,106.60510914157105,107.9350357055664,4948994
2018-04-19,108.20705027858418,108.56975546268124,106.99802930863272,107.33050537109376,3141238
2018-04-20,107.57233437746342,107.57233437746342,104.7311395991424,105.39610290527344,3495886
2018-04-23,105.21476273085672,106.09129682123222,104.67070479844014,104.94273376464844,3569025
2018-04-24,104.9125018339678,105.57746520102316,104.03596776698906,104.48934936523438,2003576
2018-04-25,104.45910599990346,104.48933512529571,102.46422723948864,103.88481903076172,5424140
2018-04-26,104.36842873572164,105.09383918740346,102.49445542517196,103.97549438476562,5347538
2018-04-27,104.33819760384516,104.42887390856136,102.4037771491555,103.21986389160156,9327048
2018-04-30,103.49190902361953,104.67070116965505,102.64559302401643,104.0661849975586,2290147
2018-05-02,104.4288850544032,104.4288850544032,102.6455878942785,103.00829315185547,2610385
2018-05-03,103.2198504468261,106.51441504312967,102.79668703401244,105.36585235595705,3549040
2018-05-04,105.30543348443388,105.30543348443388,103.1292018698455,103.31055450439452,3371295
2018-05-07,103.46166757351308,104.1568489128624,102.76648623416378,103.06873321533203,5823535
2018-05-08,103.40122229182008,103.97549820792752,102.91761161662156,103.61279296875,3453937
2018-05-09,103.09896946624971,104.21731436674068,102.70603508091266,103.00829315185548,10928712
2018-05-10,103.61280167223522,103.79415430705762,101.4667991831323,101.85973358154295,9844190
2018-05-11,101.55746695763796,102.91761160439204,100.8925036629297,101.22499084472656,15561708
2018-05-14,101.25520512207,104.51955215241728,100.28799487678064,103.76392364501952,7046984
2018-05-15,102.9176263960581,105.1543053358882,102.34333932859498,102.8269500732422,5782708
2018-05-16,103.09895557721465,103.79413687095673,101.85971647040022,102.7664794921875,3899072
2018-05-17,102.82695426461513,103.43145941839931,100.71116962303914,101.013427734375,6783446
2018-05-18,100.65069631462312,101.6179065235138,100.1973147996924,100.71114349365234,5496430
2018-05-21,100.3484511779176,101.0738616950324,98.35357225585192,99.38124084472656,3879174
2018-05-22,99.2905673409028,101.52724614236284,99.13944383518775,99.83462524414062,4612272
2018-05-23,99.62301835269304,101.52722053372042,99.47189488509652,100.68091583251952,3475720
2018-05-24,100.74138790695203,101.43656931239072,99.29056683898511,99.77417755126953,2379879
2018-05-25,99.98573251805114,101.6179059627956,99.68348555568818,99.92528533935548,7705690
2018-05-28,100.37866693404578,102.67580362186352,100.07640890255054,101.37610626220705,11540245
2018-05-29,102.07130541493672,102.40379262841124,99.56259762820224,100.3182373046875,7141778
2018-05-30,99.44168229560671,101.76904828302874,99.38123511229583,99.92529296875,5414080
2018-05-31,100.04619178457077,103.03850979707808,99.19987592978892,101.28543090820312,29432894
2018-06-01,101.25521581913162,101.25521581913162,98.95808986027993,99.35101318359376,2975864
2018-06-04,99.6230470413372,99.98575232312469,97.8397497621776,97.96065521240234,5021538
2018-06-05,97.62816519085818,98.26289941577777,96.72140201240165,97.50727081298828,2369418
2018-06-06,97.56770276563617,98.56514210617706,96.87252146034197,98.232666015625,3647491
2018-06-07,97.93040798037832,98.83717101723367,97.80950255250269,98.232666015625,4624826
2018-06-08,98.08154581146884,98.23268038564336,97.20501177057935,97.59794616699219,2199740
2018-06-11,97.62816992140428,98.29313330745518,97.47704640730105,97.77930450439452,4838494
2018-06-12,97.93042327330585,98.26289941577777,97.26545991947557,97.50727081298828,3082809
2018-06-13,97.62815661256656,97.71883292244476,96.72139351378456,96.87252807617188,6527995
2018-06-14,96.8422966003418,96.8422966003418,95.5123811106896,95.75418090820312,6200254
2018-06-15,95.81464210133326,95.93554755221263,93.42683969589524,94.33360290527344,10800649
2018-06-18,94.51494413428092,95.39147810787432,94.24291520431548,94.90786743164062,2289944
2018-06-19,95.11944579345234,95.11944579345234,93.18501422623231,94.39403533935547,5222522
2018-06-20,94.78697921867004,95.33103711392602,94.24292132341407,94.93810272216797,7262452
2018-06-21,95.33103333895458,95.33103333895458,93.6384014637043,93.84998321533203,9600354
2018-06-22,93.69886297821176,95.63328366168635,92.91299419846943,95.08922576904297,5141889
2018-06-25,94.93809510757343,95.33102946781584,92.70141098387974,93.48727416992188,8198617
2018-06-26,93.36638431537456,94.48472933105903,92.82233190741282,94.06157684326172,6173371
2018-06-27,94.57540197036,94.57540197036,91.64353612865324,92.97345733642578,7083915
2018-06-28,92.4898473925909,95.45193685475081,90.37406841469904,94.54517364501953,15010362
2018-06-29,93.91042420417102,97.26544753735793,92.8525376536053,96.50981903076172,6659236
2018-07-02,96.11689772477597,96.20757404338424,91.52262907047539,92.82232666015625,15954402
2018-07-03,93.0943212972074,93.97086615198822,91.64350618250349,93.69883728027344,7506727
2018-07-04,93.6686425202163,94.21270046321852,92.18759774241369,92.4293975830078,11418056
2018-07-05,92.39915586451689,92.79208467925086,91.70396900665595,91.97599792480467,4155312
2018-07-06,92.12714312055132,92.15736671639318,90.58564564707754,90.76699829101562,10642270
2018-07-09,90.85765675659496,91.82487251232426,90.82743316669298,91.43193817138672,5759994
2018-07-10,91.88531385011268,93.245463860302,91.46216148061934,93.03388214111328,3890373
2018-07-11,92.36894729321462,92.9432288134262,91.73421304765952,92.3084945678711,4037034
2018-07-12,93.09434362683726,93.5175071302602,92.15735691099881,93.12457275390625,3424965
2018-07-13,93.21523634402254,94.0010939205892,91.8248682563382,92.45960235595703,3615536
2018-07-16,92.48985020890615,94.90788181885634,91.91556867007061,94.06157684326172,4117044
2018-07-17,93.6988810986954,94.30338629557608,92.52008323555654,93.88023376464844,2670880
2018-07-18,94.27313564970171,94.36381196198705,92.36893862615236,93.84998321533203,2892637
2018-07-19,93.69885540137521,94.21268412435958,92.76186319462931,93.42682647705078,3163729
2018-07-20,93.09434974452525,94.30337101122102,93.09434974452525,94.09178924560547,3659896
2018-07-23,93.88020800745937,96.47959181665047,93.88020800745937,95.60305786132812,6286406
2018-07-24,95.51238832222784,96.08666426829306,94.54516692137453,95.17990112304688,4224482
2018-07-25,94.30335676578028,94.99853807795103,90.58562827789855,91.28081512451172,15232765
2018-07-26,91.55285306726972,93.0036685492275,90.67631352504661,92.701416015625,17803995
2018-07-27,92.48984042349535,93.84998513560558,91.94578253865127,93.66863250732422,5766367
2018-07-30,94.90787218248595,95.14968306714998,93.1245750197405,94.242919921875,9747265
2018-07-31,94.21268220382825,95.995979203974,93.2454719600198,93.6081771850586,9065227
2018-08-01,93.57796238670532,94.30337294784258,92.33871749994806,93.91043853759766,4903117
2018-08-02,93.51751373431098,94.1522479653835,93.18502651972959,93.94066619873047,3895179
2018-08-03,94.21270362802801,94.96834337498818,93.94067464738885,94.57540893554688,3276529
2018-08-06,94.84741305848628,95.51237630429254,94.30335523979515,94.7567367553711,2395237
2018-08-07,94.90787726695666,96.66095646470082,94.51495392887823,96.0262222290039,4450873
2018-08-08,96.41915283833777,96.57027634173208,95.27057879210507,95.66351318359375,4151246
2018-08-09,95.75418792499809,97.53748508372007,94.78697759518234,97.14456176757812,4915016
2018-08-10,97.32590104321943,97.59792994886612,95.66349848575042,96.44935607910156,4518788
2018-08-13,96.1168798667085,96.14710899025701,94.63582991498326,95.51237487792969,2702390
2018-08-14,95.3914699226219,95.96575685956624,94.605612326449,94.847412109375,2030044
2018-08-16,94.847431987665,96.11690048463184,94.39405038160542,95.8448715209961,2153881
2018-08-17,96.11689522207158,96.87253488042732,95.30080837584644,95.51239013671876,4672155
2018-08-20,95.69374800860518,96.7818638631482,95.51239536618137,95.8448715209961,3448567
2018-08-21,96.47958991662071,97.7490582049973,95.27056880949084,97.2352294921875,5279408
2018-08-23,97.44681803122226,99.74395523536268,96.78186570891124,99.35102081298828,7704134
2018-08-24,99.50216106686062,101.3459056924658,98.9278739658804,99.32080841064452,5436786
2018-08-27,99.68349650325756,100.86228856503183,99.13943862859252,100.43912506103516,2630486
2018-08-28,100.74137594185623,105.51699103375005,100.56002332989968,101.7388153076172,8727238
2018-08-29,102.433995631266,102.433995631266,100.04619364305412,100.37866973876952,3769664
2018-08-30,100.07641777442103,103.2198705877648,100.07641777442103,102.58513641357422,13384598
2018-08-31,102.43398296986692,104.3986433833118,102.16195408820997,103.67323303222656,8445506
2018-09-03,104.27774412442098,104.45909672289824,101.19474995030768,102.46421813964844,4592967
2018-09-04,102.46422049842376,103.06872548430256,101.19475227985924,101.61790466308594,3016566
2018-09-05,101.37612106449969,103.00829474890128,100.65071053809896,101.5272445678711,2837060
2018-09-06,101.7970533868824,104.67926296417072,101.58242852329468,103.575439453125,7658860
2018-09-07,104.5566031541428,104.587268658587,101.73572483412244,103.97403717041016,3585828
2018-09-10,104.18868330883188,105.07788206138962,103.11552517803003,103.7594223022461,5871138
2018-09-11,103.6674491481847,105.32318480449999,103.48347851970523,104.09671020507812,9709410
2018-09-12,104.49530566064074,105.2311880948706,102.31832386893566,104.25001525878906,7109565
2018-09-14,104.4952980254648,107.37750775849511,104.4952980254648,107.2855224609375,7340733
2018-09-17,107.31618871340416,107.56149035337349,104.9245707100924,105.62979888916016,2792490
2018-09-18,106.21235622467972,106.97890413592836,103.69809883825104,104.0660400390625,3646318
2018-09-19,104.8632412375397,105.44581854286189,103.0235352509162,103.72875213623048,5092003
2018-09-21,103.75942672151524,106.58030573819188,102.31832731549704,103.17684936523438,9597428
2018-09-24,103.14619748671947,104.74060203264779,101.98104274699246,102.96222686767578,6216532
2018-09-25,103.72875012417933,104.55661780210157,100.81588611141838,104.25000762939453,6496965
2018-09-26,105.23120798217657,105.23120798217657,101.79708556387523,102.90090942382812,3591889
2018-09-27,103.11553259789875,104.25002183175766,102.10369418703623,102.99288177490234,6718629
2018-09-28,102.99289566195546,104.06606524335483,101.79708646969911,102.31834411621094,5444684
2018-10-01,102.7169282242831,104.4339948713093,101.8890604143984,104.00472259521484,4950123
2018-10-03,103.51413776778429,103.54479205155783,101.85840221169892,102.62493896484375,5780126
2018-10-04,102.04236828875493,103.39148234634948,101.0305299383903,102.28765869140625,6563494
2018-10-05,102.16500119574825,102.96221460242076,98.4549349727749,99.89603424072266,13292940
2018-10-08,98.97620085320766,101.12252865425484,97.78039173509269,100.23332977294922,4637569
2018-10-09,101.06117431942032,101.18382512306681,98.6695566346933,99.16014862060547,5756458
2018-10-10,99.1601625042991,102.19567768300212,98.88420657896246,100.78523254394533,3411681
2018-10-11,99.34412999085876,101.61309711812868,98.91486897453066,100.04934692382812,3668989
2018-10-12,100.50925147502976,101.3984500533434,99.98800526712603,100.69322204589844,4147903
2018-10-15,100.72393256124691,101.52113498170064,100.38665677349294,100.96922302246094,2191491
2018-10-16,100.96920090061607,101.39847314953616,99.40545069204671,100.5399398803711,3857880
2018-10-17,100.90785711158485,101.61307388329946,99.46675806376022,99.8960189819336,5369029
2018-10-19,99.71206810729288,101.33713804511676,98.3016230566106,99.00685119628906,6202959
2018-10-22,99.9880115276472,102.96220635247076,99.40543427386214,101.09183502197266,6407974
2018-10-23,100.66259155953472,101.79706952888857,99.68140746390277,101.183837890625,7316558
2018-10-24,101.79707788946769,102.25700446310783,97.93369467089016,99.988037109375,12856915
2018-10-25,99.6507269587237,101.15314576142708,96.46189633003556,99.528076171875,94631476
2018-10-26,97.473764133359,98.27097764769972,94.9288409389345,97.68840026855467,9339921
2018-10-29,97.84168843364941,98.08699003958617,96.46190900778154,97.47374725341797,6963919
2018-10-30,97.56574709485788,98.76155610889693,96.18596746327437,97.74971771240234,3257071
2018-10-31,98.1176629349763,98.6695748100393,95.20479844836902,97.90303802490234,6069514
2018-11-01,97.96433190614084,98.27095327628103,96.12462614264524,96.2779312133789,2992327
2018-11-02,96.8298661786405,97.71906499682588,95.69538817136002,96.89119720458984,11487762
2018-11-05,96.5845577045564,96.5845577045564,93.02779116843509,94.1316146850586,18263054
2018-11-06,94.4075956935562,94.86752225388749,93.4264171600702,94.53023529052734,6223800
2018-11-07,95.05150375520977,95.08215804362256,94.7448822703422,94.9595184326172,212175
2018-11-09,95.38875018983336,95.41941569749147,94.13161596294476,94.71418762207033,8098182
2018-11-12,94.6222094585372,95.32743758710464,93.51839145808135,93.70236206054688,3916333
2018-11-13,93.51838273162318,96.76852786712149,93.42639743897382,96.1552963256836,7903864
2018-11-14,96.27793288403666,98.48557983853945,95.90999172495286,96.49256896972656,3853852
2018-11-15,96.86051257653553,97.59639491329932,94.070293921085,94.31558990478516,4538966
2018-11-16,93.94765068593723,95.35809007351229,93.82500549138116,94.46890258789062,5166086
2018-11-19,94.4382411805508,94.74486260176525,93.15045254593214,93.79434967041016,6879644
2018-11-20,93.45706704563707,93.88633366073078,91.06544918817,91.46405029296876,4600113
2018-11-21,91.46404943108925,91.89331604213791,90.23758061795525,90.6668472290039,7625524
2018-11-22,90.60553540228304,91.00413656306364,89.28708109021022,89.5323715209961,3684871
2018-11-26,89.77765137693855,90.11493267637137,86.89544722740328,88.73515319824219,6534517
2018-11-27,88.61251843111832,90.02296367363597,87.84597600928957,89.37906646728516,4866687
2018-11-28,90.11493241071331,90.4828736037964,87.0794175677778,87.9686050415039,17823474
2018-11-29,88.21389777134573,89.37904671102602,86.3741918741331,87.23271942138672,30727317
2018-11-30,87.07941476717384,87.44735594842341,84.35051580146069,86.03691101074219,29840662
2018-12-03,86.06758433819785,89.317729863074,85.85294822007745,88.85780334472656,12013041
2018-12-04,88.76582057748676,88.76582057748676,87.07942516680419,87.8153076171875,6785000
2018-12-05,87.66199042918534,88.85779932276289,85.36235794153619,86.49684143066406,8833965
2018-12-06,86.28221271171078,87.20206572569491,84.74912248362483,85.73030090332031,5460772
2018-12-07,85.85294661585645,86.52750923971963,83.73728467099079,84.53449249267578,13240540
2018-12-10,83.3386734613763,85.39300975104638,82.60279113500654,83.52264404296875,34436070
2018-12-11,82.20419815943735,84.6571357455423,82.20419815943735,84.22787475585938,13406569
2018-12-12,84.59583097092633,86.83413845948827,83.95193375777335,86.2822265625,12274362
2018-12-13,86.68082732091905,87.07943409865399,85.6996543626595,86.49685668945312,10636545
2018-12-14,86.46618495042786,88.39787631634167,85.60765732591194,87.99927520751953,13732576
2018-12-17,91.98529911237085,92.81316680438219,88.76581364343788,89.59368133544922,21749589
2018-12-18,89.53237090408965,91.00413593601624,89.07244433161257,90.57487487792967,13037010
2018-12-19,90.97347763787837,92.16928674737527,90.29892052448002,91.8626708984375,8182075
2018-12-20,91.12676929763211,91.95463696940433,89.93096043840558,91.5560302734375,13909968
2018-12-21,91.6786813502245,92.84382470438788,90.91213346453402,92.32257843017578,18956932
2018-12-24,91.98530384751618,92.32258516640286,89.04177412439566,89.77765655517578,8506178
2018-12-26,89.65500777231469,90.9734618699994,88.45919887008012,89.25640106201172,10358386
2018-12-27,89.96162401768332,91.83198992574634,88.42853380237796,90.94280242919922,32905857
2018-12-28,90.42156082779557,92.96648964013913,89.83898906216858,91.89332580566406,11010662
2018-12-31,91.86265937198763,92.01596447005151,90.82015551059854,91.4027328491211,5010889
2019-01-01,91.34142108686704,91.74002226145294,89.7776706755108,91.1881103515625,4011082
2019-01-02,90.72816341642852,91.18808990487668,89.62433984415293,90.14559173583984,5201079
2019-01-03,90.1455895970556,90.39088558985377,87.60066121657745,87.93794250488281,7035283
2019-01-04,88.27524268496947,89.716342213434,87.23273870322372,89.37906646728516,7988112
2019-01-07,89.685650134991,91.80131162535488,89.62432474208582,91.1267547607422,14121843
2019-01-08,90.75882626416713,91.67867921409334,89.53235192137423,90.11492919921876,6656692
2019-01-09,90.145592430841,91.03478552014192,89.16441404314125,89.86963653564453,4636543
2019-01-10,90.114942952428,91.70935310419104,89.99229213082782,90.82015991210938,15340801
2019-01-11,90.75884246826172,92.16928203852304,90.26825039781949,90.75884246826172,13579929
2019-01-14,90.75882361655918,90.97345409383516,89.0417629553412,89.25639343261719,5010679
2019-01-15,89.53235894328064,89.80831484990136,88.39787542084117,89.40971374511719,14730974
2019-01-16,89.71634376219133,91.0654636130906,89.34840249506773,89.74700927734375,5679378
2019-01-17,90.08427218887395,90.5441987072214,88.45920223360457,88.85780334472656,7529166
2019-01-18,89.10310543512078,89.77766250324845,88.3058975441788,88.4898681640625,3100312
2019-01-21,89.83897381681057,89.99227889976464,87.47801602734681,87.93794250488281,13187677
2019-01-22,88.24457970904989,88.24457970904989,87.07943609264433,87.57002258300781,7074433
2019-01-23,87.63132584283137,88.06058680798753,86.03691032719276,86.3128662109375,5323552
2019-01-24,86.31286692574236,87.14073458383261,85.30102867696537,85.88360595703125,4250377
2019-01-25,86.15956731503496,87.01809492131893,84.65713698611647,84.8104476928711,5463236
2019-01-28,84.93309750369683,85.54633474969243,83.7986139322256,84.99442291259766,7303346
2019-01-29,84.99443088340195,85.48501735760327,84.25854836493093,84.93310546875,9728281
2019-01-30,85.48500900343898,86.09824624701454,84.687806762562,85.05574798583984,13777792
2019-01-31,86.15957552208343,86.58883655894566,85.23972242261044,85.66898345947266,44034840
2019-02-01,85.8529533505016,86.15957479061464,85.11707087717062,85.94493865966797,7099405
2019-02-04,85.914254810771,86.09822537781763,83.85991868352914,84.16653442382812,6716304
2019-02-05,84.01323791650036,84.8717711170788,83.5226515264106,84.65713500976562,8526399
2019-02-06,85.49444960016672,86.72209452260266,84.99080232248787,86.31288146972656,12810810
2019-02-07,86.24992200926027,86.87948541907348,85.05375902356504,85.58888244628906,5193513
2019-02-08,85.24263330106392,86.50175444301166,82.81881948310178,83.13359832763672,5597162
2019-02-11,83.07063952653901,83.92054752780551,80.96160471789491,82.06333923339844,13126864
2019-02-12,81.87447370918028,84.32976357819837,81.84299755520568,83.88906860351562,14900754
2019-02-14,82.4725439422913,83.9205390480826,80.64681774902344,82.62993621826172,37913966
2019-02-15,83.10210639832341,86.50173802370936,83.10210639832341,85.77774047851562,25855830
2019-02-18,85.4944495410712,88.39043435429011,84.95932611009721,86.5332260131836,13001166
2019-02-19,86.31288193908284,86.81652921950047,83.38542095427808,84.17237091064453,9029095
2019-02-20,84.48715474406616,87.44609185608418,83.29098597955317,86.37583923339844,14955330
2019-02-21,86.75357931604867,87.19426853719911,85.30558397853193,85.90367126464844,4719134
2019-02-22,86.09254247857452,88.2960059463404,84.99080786278755,87.94974517822266,11678731
2019-02-25,87.88678427466861,88.76816842284616,85.77774948023998,88.35895538330078,27557787
2019-02-26,86.37584920475118,88.89409163869865,85.80924379254175,88.48487854003906,15501729
2019-02-27,87.69792244249855,89.99582008980417,86.97392476674673,87.3516616821289,18258775
2019-02-28,88.2645355961577,89.83843570645199,87.06836667073496,88.92557525634766,50183582
2019-03-01,89.20886425709021,90.49946145751892,89.17738234033314,90.02729034423828,6789074
2019-03-05,90.02730679579639,93.30102903405016,90.02730679579639,92.5455551147461,12988303
2019-03-06,92.98622820832206,94.1194388198095,92.60849133782624,93.77317810058594,10313295
2019-03-07,93.86761942981936,94.81196167760426,91.60119803513558,92.0418930053711,8337421
2019-03-08,92.86032422441257,97.45612533797666,91.5067688493211,95.81926727294922,34663172
2019-03-11,96.32289773238868,100.91869227838951,94.1194346728514,95.31559753417969,30007645
2019-03-12,94.93788107560485,98.4319534881707,94.56014414060402,95.22118377685547,23315044
2019-03-13,95.06378417435434,95.09526032667893,91.28641534310592,93.30101013183594,20943115
2019-03-14,93.74170540565942,97.5190684860853,93.23805238389002,96.73212432861328,14675396
2019-03-15,97.33019503321783,100.25765573679006,96.10255598584953,99.50218200683594,20356743
2019-03-18,99.37628103437213,101.23348351249217,98.05420195864927,99.94288635253906,19289406
2019-03-19,101.19572375158053,103.72656585640317,98.51378917653338,101.91342163085938,25950621
2019-03-20,102.59336075968356,102.74445323833415,96.7762138745072,97.64500427246094,28098992
2019-03-22,98.96707342418574,102.89553510191266,97.98495512285001,101.72454833984375,53779933
2019-03-25,101.12017670673015,103.87765157382536,101.04462471272103,102.25338745117188,31535535
2019-03-26,102.74442840176434,107.27727083125394,102.74442840176434,106.3707046508789,23510777
2019-03-27,106.44626728810003,106.44626728810003,102.89554228399962,103.49992370605469,20849776
2019-03-28,103.87765171339059,105.27528291112618,102.06451913089411,102.55557250976562,41232946
2019-04-01,103.04662087006881,103.8776466543497,100.89352747416599,102.06451416015625,26716877
2019-04-02,102.78221300101454,103.27326636095015,101.23348940239512,102.10227966308594,14343829
2019-04-03,102.70665027732713,103.8776368528273,101.23347882384623,101.83786010742188,12596804
2019-04-04,101.83787278815082,103.34882042142422,101.57345234128172,102.48001861572266,12939086
2019-04-05,102.4044884148752,103.0844103069522,101.53568652209154,101.83788299560548,7742848
2019-04-08,101.9134150743108,103.34882226813885,101.64900615033267,102.40447998046875,13409083
2019-04-09,102.36669936995456,103.08439717071532,102.02673846723792,102.66888427734376,7506763
2019-04-10,102.93330233112567,103.49990766505849,101.4601307684234,101.68677520751953,9502300
2019-04-11,101.95119120791439,103.04662595755599,101.53567829525977,102.7066650390625,8703097
2019-04-12,102.74444103614307,103.12217795171713,102.14005966570141,102.7066650390625,7212573
2019-04-15,102.9333058833204,104.48202948837236,102.29114853832326,103.31104278564452,11013801
2019-04-16,103.80210016996314,104.36870554540532,103.12217833047885,103.9154281616211,7469500
2019-04-18,103.87765157382536,104.14207202524143,102.02674299676036,102.25338745117188,6634192
2019-04-22,102.0645239322638,103.0466307362076,101.49791853262715,102.74444580078124,5541225
2019-04-23,102.74443074153494,102.81998272812605,100.66687791404067,100.96906280517578,8790522
2019-04-24,100.96907240420462,101.57345377154746,99.94918965395337,101.19571685791016,9255095
2019-04-25,101.23348393877471,102.25337812681573,99.94918085104455,100.40245819091797,29354749
2019-04-26,100.81796379982681,102.06450233178539,100.74242334576545,101.30902862548828,4789673
2019-04-30,101.42235557394277,101.83786846096052,99.30702667171924,101.2712631225586,7527996
2019-05-02,100.70465843135908,101.15793578842464,99.7980921896128,100.5535659790039,6401386
2019-05-03,100.55358452919585,103.23550775420512,100.47803252527277,102.32894134521484,9226969
2019-05-06,101.98896026611328,102.44224914500867,101.00684204691656,101.98896026611328,6080575
2019-05-07,102.328934331021,102.8955397387538,100.93131457518336,101.30905151367188,9137799
2019-05-08,101.12016867743849,101.2334851318386,98.3626825016814,98.81597137451172,8742473
2019-05-09,98.7782041605712,98.815980157934,95.49189412328703,96.47400665283203,14395488
2019-05-10,97.04060990472809,97.2672543563242,95.37856980571595,95.94517517089844,9724014
2019-05-13,95.86961915074663,95.94516537229407,92.92327039993835,93.33878326416016,11507204
2019-05-14,93.45211077255306,95.56743980902702,92.46999824861065,94.88751220703125,6908544
2019-05-15,95.41634400736991,95.8696271382276,92.9232781419411,93.64097595214844,9384447
2019-05-16,94.32091917184823,95.45413006881991,93.11216203450684,95.00084686279297,6519422
2019-05-17,94.24535298442461,95.64297830878685,93.67874765586093,94.81195831298828,10003051
2019-05-20,96.8517543500239,98.28716171624741,94.88752330852334,97.64500427246094,12330905
2019-05-21,97.98496027722238,98.0227362768794,96.51178851153249,97.15394592285156,8095621
2019-05-22,97.15393477336148,98.55155437934503,96.24736275990756,97.90940856933594,9540723
2019-05-23,98.66488723529942,100.81798074353172,97.72054494371966,98.09828186035156,11017547
2019-05-24,98.58933705372914,98.96707397730664,97.11616535730008,97.56944274902344,9371443
2019-05-27,100.02473845533991,103.19773801639724,98.32492220232352,100.62911987304688,19948676
2019-05-28,101.195725118662,101.80010653534136,99.49590886853571,100.17584228515625,15628186
2019-05-29,99.72255883260118,100.66690124578868,98.36270345208769,98.89153289794922,5397986
2019-05-30,99.00484298954144,102.44225105708117,99.00484298954144,102.06451416015625,30257040
2019-05-31,102.17784074278755,102.78222214327741,99.94919513562157,100.6668930053711,11325445
2019-06-03,101.53568038703104,101.83787684228543,100.25137715314405,100.55357360839844,7302092
2019-06-04,100.5913413847275,103.00886699575403,100.5913413847275,102.02674865722656,10439893
2019-06-06,102.10229511637341,103.49992647174676,100.32693833069109,103.15996551513672,12191883
2019-06-07,103.49991854075616,103.877655469737,101.61123389585184,102.10228729248048,9310029
2019-06-10,102.14005271654007,103.57545981463217,101.49790692032245,101.98896026611328,7295669
2019-06-11,102.29115478735804,103.23549710085882,101.04462754458346,102.21561431884766,4554162
2019-06-12,101.98897927097954,102.51780870982414,100.70467591160916,101.53569030761719,3660802
2019-06-13,101.61123669041035,102.63113103775477,100.70467034144673,101.91342163085938,5113806
2019-06-14,101.95117871325618,102.3666915749875,100.02471837440328,100.28913879394531,4761596
2019-06-17,100.81797370177628,101.12017013054404,99.2692501462348,99.91140747070312,3655275
2019-06-18,100.17583849122995,100.74244388647988,99.6469975669037,100.02473449707033,5172138
2019-06-19,100.10028418858481,102.17783725664978,100.10028418858481,101.72454833984375,5278372
2019-06-20,101.68677807071084,102.17783142956648,100.9313042708619,101.64900207519533,6963441
2019-06-21,101.87563887426744,102.1400477677998,101.27125757422785,101.64899444580078,9456244
2019-06-24,101.76230461060184,102.7444227215512,101.0446069044667,102.4422378540039,5918107
2019-06-25,102.70665256556873,105.5396790883094,102.10227126852783,104.5953369140625,18761799
2019-06-26,105.38860237121904,107.20173500526882,105.23750990631758,105.80411529541016,24643824
2019-06-27,106.55955658881668,107.27725422352194,105.04860934623186,105.87962341308594,38789825
2019-06-28,105.84191237952487,107.16399188412755,105.38862336689944,106.7862548828125,10648757
2019-07-01,107.42835913177696,110.18584508664452,104.7464251588673,107.69277954101562,31289422
2019-07-02,108.03274822271662,109.090406880984,107.69278733453173,107.9949722290039,8847109
2019-07-03,108.67490752999643,109.09040888562721,107.76832977469107,108.22161865234375,6947927
2019-07-04,109.1281926424507,109.1281926424507,107.54170451304758,108.37271881103516,5792826
2019-07-05,107.88164856453723,108.63712227783564,102.29113616956049,103.12216186523438,21459265
2019-07-08,103.19774122410917,103.19774122410917,97.11617391320397,97.909423828125,20404790
2019-07-09,97.04062475531109,99.722559533127,96.39847306259436,97.87165069580078,19374808
2019-07-10,97.45611286230164,98.96706034853888,97.19169244116434,97.49388885498048,9141198
2019-07-11,98.40046081958218,98.89151417039967,97.1539336812823,97.41834259033203,6669919
2019-07-12,98.09828424828845,100.06250934601856,95.52966623609595,96.549560546875,21467991
2019-07-15,96.70064831072261,97.41834612938064,96.17181894579646,96.66287231445312,5852788
2019-07-16,97.30501922535882,99.26924401679932,96.70063793275622,98.92928314208984,11313969
2019-07-17,99.4203618439839,99.83586323342696,97.22948079386175,97.53167724609376,10958942
2019-07-18,98.28714569172867,98.92929150320391,95.49188918195657,95.98294830322266,18049102
2019-07-19,96.66285313383064,98.96705011766537,95.22745778133728,98.13602447509766,33840376
2019-07-22,98.58933930204425,100.2136034994222,96.43623994131296,98.853759765625,15870663
2019-07-23,99.30703013818251,100.81797775999621,98.58933232334411,100.51579284667969,9840729
2019-07-24,100.893525531401,100.893525531401,98.74042064934223,99.60922241210938,10421947
2019-07-25,99.72253629651372,100.36469360340838,97.00282615010836,98.02272033691406,29337351
2019-07-26,98.51378202441094,98.51378202441094,96.8895179140904,97.3050308227539,11411885
2019-07-29,96.70065097372768,97.30503234783666,95.75630867906237,96.17182159423828,22168687
2019-07-30,95.68076815344628,97.19171015119636,95.2652552134944,96.09627532958984,16228044
2019-07-31,95.34079652431882,96.20959259510197,94.81196714061151,95.60521697998048,14557889
2019-08-01,95.49187204331587,96.51176033440144,94.54752996567984,95.83183288574219,11138203
2019-08-02,95.34079273689503,95.86962786340229,92.50776594284535,92.99882507324219,21851409
2019-08-05,92.47000282744528,93.26324693254612,90.9968253228725,91.41233825683594,8713907
2019-08-06,90.65686211627346,94.3586851387829,90.46799365353122,93.1876983642578,13232442
2019-08-07,92.92328357228021,94.39645527461022,92.24335595435558,92.9610595703125,13132981
2019-08-08,93.03661184401298,94.54755964249047,92.3189081814511,94.1698226928711,8227791
2019-08-09,94.132039834636,95.68076352077048,93.03660506606828,93.60321044921876,10566552
2019-08-13,94.83686472591978,94.83686472591978,88.47585550649833,90.32633209228516,25954194
2019-08-14,90.40341903275754,91.7527237944405,89.86369948108513,90.67327880859376,8641527
2019-08-16,90.51907805605484,91.98403873912386,89.90225064765667,90.8274917602539,10992249
2019-08-19,91.2515590667444,92.8707237247248,90.67328555442978,91.67562866210938,9653434
2019-08-20,91.7527233284575,92.71651243905056,90.48052052597431,90.9431381225586,7758935
2019-08-21,90.98169637740952,92.21534532128074,90.5576267955309,90.90459442138672,12842739
2019-08-22,90.9816971656284,91.2901108748937,87.78191596169273,88.47584533691406,16991585
2019-08-23,88.66860079865918,91.71417212526447,87.97467144199535,91.3672103881836,9284204
2019-08-26,91.75272405284612,92.98637294764451,90.7503810169151,92.56230926513672,11965007
2019-08-27,92.63941630165164,96.68733082022877,92.63941630165164,94.99105834960938,22238086
2019-08-28,95.45367068228988,96.14759409823014,92.09968005357126,92.44664764404297,11905383
2019-08-29,91.55997793425372,95.72354863365926,90.90460242659329,94.9139633178711,38336134
2019-08-30,94.75975631213656,95.33802983818806,89.13122497223449,93.79596710205078,18833819
2019-09-03,94.02726107238274,94.02726107238274,90.32631450395972,90.71183013916016,7635093
2019-09-04,90.98170771977225,92.44666859684544,89.94081647744493,92.09970092773438,7299231
2019-09-05,92.40811080756356,99.96421489127708,92.40811080756356,95.18382263183594,19432303
2019-09-06,95.1838038576149,98.5377944446706,95.0681538780625,97.92096710205078,11891983
2019-09-09,98.1522907275727,98.65345638640575,96.53312022748922,97.41980743408203,5303272
2019-09-11,97.53546323354942,98.34504848295526,95.49222903278886,95.99340057373047,5473674
2019-09-12,95.6079034161714,96.1861770255434,93.75742668968032,94.25859832763672,8444053
2019-09-13,94.3356818114324,95.83919643064739,93.4875485270687,95.64643859863281,7509999
2019-09-16,95.1067116352617,95.72353904095334,93.95016466146646,95.02960968017578,5593727
2019-09-17,94.72120601582868,94.95251778810284,92.9478373309033,93.21769714355467,5663425
2019-09-18,93.71886986747518,94.7212071670053,92.25390901777428,94.45134735107422,8627190
2019-09-19,94.7983076765122,94.7983076765122,92.60086937693212,93.8345184326172,6031946
2019-09-20,93.33335277634816,96.68733817020332,91.36722036486267,92.40811157226562,34008081
2019-09-23,93.37190018164343,93.75741587676376,87.93613240994837,89.47819519042969,33355557
2019-09-24,89.6709508646264,90.05646655040296,88.16743616059635,88.78426361083984,20864605
2019-09-25,89.13121713728334,91.44431103816008,88.7071534516238,90.13356018066406,18851203
2019-09-26,90.40342810191012,91.5214212350308,89.40108496824827,89.86370849609375,21458595
2019-09-27,90.90460495705612,91.829840301567,89.67095587020734,90.24922943115234,9325734
2019-09-30,90.28777005983804,91.1359033697592,89.24687891209379,90.59618377685548,12045142
2019-10-01,90.98170692201488,91.67563637164946,89.63240194647652,90.24922943115234,9718865
2019-10-03,90.63473359508065,90.63473359508065,88.36018768221795,90.01790618896484,10477900
2019-10-04,90.44198678058827,92.9092849405307,89.82515929935126,90.51908874511719,20289650
2019-10-07,90.5576242255338,90.94313987720913,88.4372881413195,89.40107727050781,14111765
2019-10-09,89.43963037421709,90.98169296687601,88.9770127729198,90.4034194946289,8413122
2019-10-10,90.36487320295252,90.59618496437317,89.70949772226392,90.40342712402344,6885340
2019-10-11,90.36487818976724,91.25156548080861,89.3625408941358,89.97936248779297,9176578
2019-10-14,89.86371272485684,91.09736179799137,89.59384702674693,90.78894805908203,12146203
2019-10-15,90.21068055156815,92.36957098614542,90.21068055156815,92.0611572265625,7630007
2019-10-16,91.5985184552796,92.3695497356018,90.13355784616702,90.51907348632812,10206387
2019-10-17,90.75039195237244,91.9069390335794,90.17211841176895,91.52142333984375,10163035
2019-10-18,91.5985155507499,93.68029758860716,91.29010187190023,93.33333587646484,16961782
2019-10-22,93.79595533829084,93.79595533829084,92.48519864746595,93.21768188476562,12091476
2019-10-23,92.71652367671133,93.83451682750432,92.71652367671133,93.3333511352539,6580501
2019-10-24,94.065829743646,94.065829743646,91.9069394948891,92.67797088623048,8009018
2019-10-25,93.179132793221,93.179132793221,91.13589864179495,91.3672103881836,8505881
2019-10-27,91.7527375589817,91.829839523287,91.40577577835644,91.5985336303711,312098
2019-10-29,91.52141417165666,92.79361701004152,90.67328090690076,92.4466552734375,8581053
2019-10-30,93.29478713326392,93.87306060723044,91.9454823606754,93.25623321533205,12119474
2019-10-31,93.68031525231262,95.76209768269624,93.1405956244362,94.3742446899414,16511583
2019-11-01,94.8368524622034,94.99105637336874,93.37189177612424,93.68030548095705,4170369
2019-11-04,93.79595579695145,94.52843315533114,92.44665106546118,92.94782257080078,7894331
2019-11-05,92.67797541205812,93.68031862275129,92.1768096892145,92.98638916015625,6156847
2019-11-06,92.60086326898484,93.87306616351236,92.48520739084556,93.02493286132812,5317553
2019-11-07,93.41045261711268,93.44900065650945,91.82983593928083,92.17680358886719,6794239
2019-11-08,91.82983978961732,92.02259764219104,90.21067500449868,90.51908874511719,9771715
2019-11-11,91.7141809817689,93.87307121486543,90.7889456718719,91.1744613647461,22943443
2019-11-13,90.90459897327587,91.94549013795982,90.63473917243225,91.2130126953125,12220298
2019-11-14,91.36719254892304,91.868363979911,90.63471529921053,91.40574645996094,5208393
2019-11-15,91.4057709555098,91.63707683622133,90.17211606170508,90.48052978515624,4650424
2019-11-18,90.24921699954191,90.8660385167492,90.0564591724455,90.55762481689452,4727251
2019-11-19,90.78894350860745,91.2130131136656,90.05646606260055,90.48052978515624,7577320
2019-11-20,90.44197199342128,90.6732778491898,89.47818288813122,90.24921417236328,10033434
2019-11-21,90.5190667351645,90.5190667351645,88.51438673234172,88.89990234375,15099980
2019-11-22,90.17211043289257,91.90693090119748,90.17211043289257,90.8274917602539,13934099
2019-11-25,90.98169016350096,91.29010384903012,90.28776084168577,91.0587921142578,10863475
2019-11-26,91.05879657482632,91.67562397610033,89.59383590867714,89.94080352783203,14426269
2019-11-27,90.05644945832589,90.4419650709343,89.01555259828204,89.24686431884766,5455521
2019-11-28,89.55529188580634,89.63239384379517,88.70715858292466,89.0926742553711,10014250
2019-11-29,89.43964335743986,90.67329243414537,89.05412765331296,89.70950317382812,7014266
2019-12-02,89.24686404101689,89.67093356656656,88.74569256968586,88.89990234375,6609154
2019-12-03,88.74571904298615,89.28544458946146,88.20599937901399,88.3216552734375,6614178
2019-12-04,88.7071468488113,88.89990465953666,87.89756169076418,88.51438903808594,4444594
2019-12-05,88.47584193311876,88.86135758424346,87.7819125845939,87.97467041015625,2537275
2019-12-06,88.43729254480007,88.43729254480007,86.50971419044521,86.85668182373047,3836996
2019-12-09,87.28073351329179,87.28073351329179,85.96998276582687,86.89521789550781,7866941
2019-12-10,86.74103216691451,87.24220375149056,84.58214190220355,84.8134536743164,18958648
2019-12-11,85.19896279394099,87.7433685606976,84.89054908243985,87.12654113769531,8746687
2019-12-12,87.55061383115707,88.63005303593815,87.2807481474593,88.24453735351562,3850652
2019-12-13,88.7071592824207,89.5552925919903,88.28308968638471,89.1697769165039,4293299
2019-12-16,89.59383212703163,89.6709399608128,88.36018325905651,88.63004302978516,3659151
2019-12-17,88.63005074243351,89.40108208732637,87.58915960332861,89.0926742553711,6241009
2019-12-18,88.66862021048307,89.63240956059701,87.74338478737502,88.01324462890625,8626400
2019-12-19,87.89757278897076,88.20598650157287,87.01088557117805,87.93612670898438,5995825
2019-12-20,87.93612074577531,88.97701180803202,87.74336292378325,88.43728637695312,5813877
2019-12-23,88.05178523213634,88.97702645955543,87.74337737216617,88.36019897460938,13980109
2019-12-24,88.28310289735538,89.28544615661485,88.28310289735538,88.82282257080078,7929835
2019-12-26,88.7842577244577,91.21300756032474,87.89757052945835,89.748046875,12763347
2019-12-27,89.67095274574349,90.36487628869638,89.24688312949215,90.0950164794922,4474934
2019-12-30,90.09500672848166,90.71183412490554,89.70949107634225,89.86370086669922,4193724
2019-12-31,89.86371178823879,92.29245598589168,89.70950197914,91.79129028320312,12438719
2020-01-01,91.79127109020936,94.06581088567384,91.17444374779453,93.7188491821289,9953746
2020-01-02,93.68031241050468,94.18148398261694,92.98638299392634,93.60321044921876,8731299
2020-01-03,93.29480127872107,93.5646610976548,91.82984041271992,92.02259826660156,7392962
2020-01-06,91.7527229847731,91.86837885411143,89.82514477080728,91.67562103271484,6596841
2020-01-07,91.94548710724125,93.71886153862081,91.94548710724125,92.94783020019531,8959942
2020-01-08,92.29243354259246,93.10201866660697,90.63472114604109,92.48519134521484,6372683
2020-01-09,92.90927016514205,93.44898971351554,91.67562128135836,92.0225830078125,8309627
2020-01-10,92.48520786947422,93.91162056973687,91.79128436205195,92.75507354736328,5588344
2020-01-13,92.83217104022282,94.06581996157918,92.60085929387384,93.87306213378906,3534313
2020-01-14,93.87306906819826,95.60788964646066,93.56465534445113,95.22237396240234,8631692
2020-01-15,94.83685021628733,96.37891282143022,94.3356786931155,95.49222564697266,6537916
2020-01-16,95.14527654896516,95.14527654896516,93.25624607730354,93.64176177978516,8806007
2020-01-17,93.64174769040244,93.83450551264082,92.98637227129234,93.44898986816406,6811534
2020-01-20,93.2947742550872,93.87304764923032,90.82747679307711,91.1744384765625,10655638
2020-01-21,91.29012136795507,92.17680867807198,90.17212227867623,90.32633209228516,5150830
2020-01-22,88.63004498461947,89.24687237346276,85.96998937054944,86.47116088867188,19388739
2020-01-23,86.81812508184554,88.24453184120604,86.58681921634232,87.51205444335938,22793170
2020-01-24,87.89757183797998,89.67094625437872,87.55061009162043,88.47584533691406,9898052
2020-01-27,88.66860189644562,88.89991364569808,86.81812554993242,87.24219512939453,5597365
2020-01-28,87.70480906495968,87.70480906495968,85.50737106928305,86.39405822753906,12128081
2020-01-29,86.4326207067872,88.5915110283272,86.16276088722041,87.28075408935547,18501507
2020-01-30,87.47350626150165,88.51440331329103,86.39406705335377,87.62771606445312,18545239
2020-01-31,87.70481654128476,88.86136357259839,85.96999599431429,87.0108871459961,64518347
2020-02-03,84.38936014309665,86.08563226548365,82.65453999128104,85.00618743896484,14889516
2020-02-04,85.08330405636505,86.58681864344751,85.00620210170746,86.35550689697266,9743806
2020-02-05,85.81579345056764,86.81813069758759,85.19896600432268,85.73868560791016,10671590
2020-02-06,85.19896745681763,86.74103021621704,85.19896745681763,86.35551452636719,11852617
2020-02-07,86.66392754413054,89.63239715513338,86.5868255832933,89.1312255859375,18446803
2020-02-10,89.28542882472786,89.3625307798956,86.39406138717193,87.51205444335938,31637511
2020-02-11,88.28310137079033,90.63474965550262,87.97468761308171,90.09502410888672,20937033
2020-02-12,90.21066142537727,91.67562206092225,89.74804382533726,90.05645751953125,13679292
2020-02-13,90.0564588116857,90.28776467377358,88.43728836456047,88.78425598144531,20903696
2020-02-14,88.51438819620171,89.05410770809868,86.27839643655435,86.89521789550781,23827224
2020-02-17,87.20365376681433,87.70482537402363,84.19663000606148,85.04476928710938,22137354
2020-02-18,84.5050277709961,85.50737079581934,80.03304984159686,84.5050277709961,34458578
2020-02-19,86.58682369607668,87.70481681010564,85.12186294208873,86.3940658569336,17935374
2020-02-20,86.12420704883856,86.66393257101072,85.54593348526308,85.8543472290039,19663654
2020-02-24,85.39173874949421,85.39173874949421,83.92677772085771,84.5821533203125,11370193
2020-02-25,85.50737612632211,86.70247116464965,84.54358695871817,84.89054870605469,10775289
2020-02-26,84.8134438185295,86.00854469806414,83.46413903050744,84.11951446533203,14998071
2020-02-27,84.19661312034846,85.04475223130122,82.23048689291693,84.08096313476562,22610691
2020-02-28,82.23050620517012,84.96766435266565,81.22816295636697,82.15340423583984,25696761
2020-03-02,84.31226339812132,84.81343487159009,79.18490456802036,80.11014556884766,15614944
2020-03-03,80.68843347326137,84.77489617570286,80.41857367218073,83.96531677246094,17194661
2020-03-04,83.77254399192857,85.58446619891892,82.8858569043584,83.23281860351562,17095867
2020-03-05,83.34848139455963,84.54358224881057,82.53890206837518,83.15572357177734,11579256
2020-03-06,80.7655303887523,82.65455476083444,79.33912362998598,81.07394409179688,13533444
2020-03-09,80.18724446811443,80.49565812333819,76.75615799531579,79.339111328125,47383195
2020-03-11,79.41624191065797,80.80410091840866,78.25969469836684,79.45479583740234,28434577
2020-03-12,76.33208405870535,77.10311521081348,71.89865493408357,72.74678802490234,47225243
2020-03-13,69.39282004355874,77.68140688209493,62.6462958726572,75.59962463378906,49533058
2020-03-16,74.01902811263741,74.01902811263741,68.04353365562763,70.0096664428711,34649740
2020-03-17,70.16386415590014,73.94191955618004,66.57856662418041,67.92787170410156,21241388
2020-03-18,68.6217788659623,69.66266984079965,57.750239795158436,62.1065673828125,88654467
2020-03-19,60.56452247137906,65.49911902263462,57.86591240881608,60.41031265258789,33846928
2020-03-20,60.525961233285756,63.494430766952796,58.86824264721121,62.646297454833984,58499591
2020-03-23,57.7502484927062,61.68250714681521,56.43949168633501,58.90679550170898,37653540
2020-03-24,60.217555131970485,61.37410230818952,57.86591273649366,59.79349136352539,13742927
2020-03-25,60.14043638606767,62.06801447536471,58.05865440262746,61.45118713378906,16472741
2020-03-26,63.62371932257875,63.778896757948665,59.27868601618424,61.80035781860352,39959613
2020-03-27,64.01166295430747,65.48587213354662,62.265890328280896,64.39961242675781,39345541
2020-03-30,61.99433272111049,64.7875680019367,61.45119985673557,63.429744720458984,17043895
2020-03-31,64.20562988174801,65.79622489319955,62.96419290482015,65.33068084716797,28293281
2020-04-01,65.40827749173421,65.44706888367813,62.53744810414616,62.84780883789063,14355207
2020-04-03,63.66251434662815,63.7013057442526,61.17963403272292,61.7227668762207,18310156
2020-04-07,63.31336568318912,63.662523831667,62.14951702754358,63.27457427978516,47686619
2020-04-08,63.27454914419413,67.34801782078247,62.304675649768335,66.10657501220703,38072700
2020-04-09,68.55067668472226,68.55067668472226,66.1841882444361,67.58080291748047,9322342
2020-04-13,67.5807939564621,69.17138909168621,65.75743269974791,68.78343963623047,33266662
2020-04-15,69.01621121122726,73.08968081538899,68.82223646817194,69.7533187866211,24127975
2020-04-16,67.69718136386781,74.71906901932232,67.50320663216618,73.7879867553711,20876392
2020-04-17,78.36580286475376,78.36580286475376,73.71040863516443,74.09835815429688,16969641
2020-04-20,75.2621878032906,77.04675751081162,72.46895315121986,76.73639678955078,17639066
2020-04-21,74.8742658178201,76.34847534427524,74.13716401441282,75.49498748779297,15085097
2020-04-22,75.494963684245,76.54242599237405,73.63280518110518,75.72772979736328,10342633
2020-04-23,75.61135033585919,75.80532507342643,73.36124811579042,73.8655776977539,14078729
2020-04-24,73.51641054963906,74.75784743304045,71.34389156395811,72.46894836425781,10148964
2020-04-27,73.2448771593815,73.2448771593815,71.30512938460785,71.65428161621094,22675928
2020-04-28,71.49908312328861,72.08100728448797,68.78343703769161,70.10246276855469,19815445
2020-04-29,70.95596542171889,71.65427574737042,69.63693941076374,69.98609161376953,21550996
2020-04-30,70.87836186190304,75.26219173996263,70.14126029003725,73.74919128417969,15151435
2020-05-04,70.64561585796098,72.66295234645763,70.21886898247651,70.95597076416016,10305663
2020-05-05,71.5378829402618,73.67160511593775,70.87836999716257,71.8482437133789,10628539
2020-05-06,72.1198074080495,74.05955484688504,71.53788317639884,73.47763061523438,10232281
2020-05-07,73.01208590302001,73.24485794277868,69.9472875908177,70.1800537109375,8449705
2020-05-08,70.60680792797571,71.73185909303821,66.53333823982327,67.50321197509766,28174665
2020-05-11,68.43429123607015,69.404165011636,66.61092972193431,67.23165130615234,12243824
2020-05-12,67.11526395831628,72.35258224408085,66.45575098774052,71.11114501953125,18124894
2020-05-13,73.67159850536369,76.42604198011684,71.88703457943868,72.19739532470703,19037031
2020-05-14,72.39137294612618,72.54655036514787,67.89115675882822,69.32656860351562,39115884
2020-05-15,69.83090456572032,71.22752502489038,69.21018304616938,70.49041748046875,16925981
2020-05-18,70.21886964643292,70.21886964643292,68.16273581539934,68.97743225097656,11368562
2020-05-19,69.52054237417366,71.30511226640017,68.43428269715052,70.64559936523438,12262118
2020-05-20,69.75332697984672,72.46897370160107,69.28778872575971,72.08102416992188,10126022
2020-05-21,71.49908862803247,71.88703809870043,69.6757272998209,70.0248794555664,20143324
2020-05-22,69.75330297963296,70.76196786316068,68.55065747736903,70.5679931640625,9392095
2020-05-26,69.94729650203922,72.46896826891512,69.94729650203922,72.15860748291016,12350762
2020-05-27,72.1585972322457,73.86557243332503,70.72318546047825,73.47762298583984,11684730
2020-05-28,73.90437263175853,74.87424628834329,73.32244843780768,74.25352478027344,12156645
2020-05-29,73.47763178688173,76.69761377062126,73.16727692743076,75.92171478271484,19891080
2020-06-01,76.34845973843116,77.31833344974345,75.37858602711889,75.96051025390625,10106253
2020-06-02,76.62001991764828,76.77519733696762,74.52509515864163,75.06822204589844,18170659
2020-06-03,75.84411698335502,75.88291429595905,73.244856869132,73.47762298583984,23102350
2020-06-04,73.05088331912545,74.09834566023768,71.96462366478582,73.8267822265625,12827335
2020-06-05,73.71039121230811,76.1932651800252,73.05087836959936,75.9992904663086,11744302
2020-06-08,76.7752062540796,77.74508003656996,75.8441297907448,76.46485137939453,14168383
2020-06-09,76.81400018808793,77.35712711449133,75.41737963499416,76.03810119628906,14232434
2020-06-10,76.15447235107422,77.70627003150513,75.45616221095264,76.15447235107422,12104423
2020-06-11,76.15448538084951,77.35712523716805,75.10702295126903,76.07689666748047,10258905
2020-06-12,73.3224498198038,75.99929879457589,73.16727239968102,75.18460845947266,10925477
2020-06-15,75.029436053023,75.22341081626209,71.84825111982997,72.31378936767578,10980359
2020-06-16,73.6716192327677,73.78800528494322,71.57669397217013,72.0034408569336,8757035
2020-06-17,72.11980203948305,72.23618806107733,70.49041549607989,70.9947509765625,17081311
2020-06-18,71.2275302941567,73.16727778670301,69.75332101589358,71.92583465576172,16520026
2020-06-19,72.19740480102564,72.97330380621823,71.69306926372253,72.15860748291016,13836691
2020-06-22,73.01209392779988,74.3699171631402,72.43016968408261,73.94317626953125,18868376
2020-06-23,73.78797680615891,78.4821670482521,73.71038810786776,78.17180633544922,20331626
2020-06-24,79.14169227748071,80.53831274435075,75.06822282202215,75.30099487304688,24055051
2020-06-25,75.3009884055869,76.46483672147147,73.2060578852115,74.56388092041016,69278017
2020-06-26,74.7966612080399,75.57256017094562,74.13714827349789,75.26219940185547,15572219
2020-06-29,75.76652678987168,76.07688752569268,73.28364682294234,73.63280487060547,18130595
2020-06-30,75.26219974391357,75.84412396873765,73.86557923648006,74.33112335205078,18496305
2020-07-01,73.47762550825705,73.47762550825705,71.61547283211323,72.62413787841797,21639137
2020-07-02,73.3224358516189,73.3224358516189,72.27497366623766,72.46894836425781,14333457
2020-07-03,72.62414606774618,73.98196933366957,71.9646330939399,73.32245635986328,15274841
2020-07-06,74.40871051472574,74.79665998986025,73.5940142490876,73.8655776977539,11830916
2020-07-07,74.02075900576747,74.05955040043156,71.57667619564685,71.8094482421875,18786009
2020-07-08,72.04220797181524,72.04220797181524,70.49041025171307,70.60679626464844,26256635
2020-07-09,70.83958805156445,71.3827150372527,70.45163851331851,70.76199340820312,11910945
2020-07-10,70.76198147386343,70.83957610413806,69.63693037055141,70.14126586914062,12213053
2020-07-13,70.64558833462384,72.04220262732406,69.44294282290818,69.75330352783203,17508551
2020-07-14,69.67573724653121,69.75332596781332,67.81357833756067,68.00755310058594,14240946
2020-07-15,68.51188399050366,69.6369351713776,68.08513717312964,68.31790924072266,11582839
2020-07-16,68.43429349751348,68.58947685851598,66.6109319231238,67.30924224853516,10152592
2020-07-17,67.65837786076378,68.78343475350441,67.5032004574526,68.51187133789062,12238969
2020-07-20,68.9774138431197,68.9774138431197,67.50320473959165,67.61959075927734,12349129
2020-07-21,68.27910337730461,68.78343884754202,67.34802706274236,68.55066680908203,20118152
2020-07-22,68.8610407304966,71.84825089093381,68.82224341011639,70.10247802734375,31321718
2020-07-23,70.52922339014152,71.07235034620582,70.02488783400192,70.25765991210938,11161294
2020-07-24,70.06368969342651,70.21886714245983,68.70586629564413,69.3653793334961,11352904
2020-07-27,69.48176248350595,69.52055388432701,67.69719229581752,68.00755310058594,10071266
2020-07-28,68.20151323423505,68.89982341526492,67.42561434856603,68.70584869384766,13888285
2020-07-29,68.66705599802388,69.5593409604571,68.20151781925324,68.39549255371094,10732504
2020-07-30,68.70584691585563,69.05499903751574,66.80489114337684,67.19284057617188,10668042
2020-07-31,67.42563088082885,67.96875786611238,66.96009261920867,67.50321960449219,7906179
2020-08-03,67.65838350000989,67.65838350000989,65.95140824275879,66.41694641113281,14158505
2020-08-04,67.11525662351335,67.50320608376488,66.22297168100705,66.41694641113281,19621505
2020-08-05,66.64971923828125,67.19284612115959,66.26176977347127,66.64971923828125,9478990
2020-08-06,67.11525238594587,67.85235394602856,66.4169422176557,66.84368896484375,12208873
2020-08-07,66.88248312162345,67.27043257341857,66.22297023749952,66.57212829589844,10339288
2020-08-10,67.3480341829511,68.82223751692479,66.84369865939402,68.43428802490234,12215464
2020-08-11,69.05500002420658,69.52053816628474,68.12392374005026,68.47307586669922,11180265
2020-08-12,68.2791082054614,69.17139318980153,67.54200656428088,68.82223510742188,14803880
2020-08-13,69.90196030899511,69.9819384468319,69.1821448645824,69.78199005126953,13723113
2020-08-14,69.86195849399303,71.86144217213788,69.34209151728739,70.70174407958984,25402282
2020-08-17,71.50156033874742,77.18009457406765,71.50156033874742,76.22034454345703,115111358
2020-08-18,76.94013579855066,78.21981033896915,75.22058457600163,76.02037811279297,52023697
2020-08-19,76.78019017464582,77.1800869984721,75.38055129125384,75.70046997070312,21840924
2020-08-20,75.6604796548474,81.4989758629519,75.38055309187067,80.85913848876953,112338263
2020-08-21,82.13879948717423,86.25773770784424,81.2590277560459,84.73812866210938,107862545
2020-08-24,85.65789499653965,86.37771047085162,82.97858760510051,84.29824829101562,49154455
2020-08-25,84.77812104335422,85.89783329639046,82.53869653728171,83.0185775756836,50940674
2020-08-26,83.65840526631885,83.65840526631885,81.2590245831437,82.21878051757812,30828711
2020-08-27,82.53869757432625,83.09855675884909,81.57894768934563,82.05882263183594,19363725
2020-08-28,82.49870841557939,83.37848012698679,80.97909940390802,81.21903991699219,21358972
2020-08-31,82.05881511072637,82.13879324348753,76.38028225751881,77.10009765625,40298594
2020-09-01,77.97986940739789,80.89911702098598,77.18007587501431,79.81939697265625,44304572
2020-09-02,79.81940156676147,80.37925463087684,78.61971119913645,79.13957214355469,20904846
2020-09-03,79.17956565394846,79.739418727897,77.50000033016197,78.13983154296875,19004282
2020-09-04,76.82016645181712,77.93987244601166,75.18058737155506,75.74044036865234,27339411
2020-09-07,75.82043040851774,76.78018022049775,73.62099816261805,73.90092468261719,28474893
2020-09-08,74.58075145873768,74.58075145873768,72.2213628345995,72.50128936767578,31186005
2020-09-09,72.06139768984067,72.9811614934337,70.78172922924803,72.30133819580078,28307198
2020-09-10,72.78123042624344,73.18112729671729,71.3815913795849,72.42132568359375,27263673
2020-09-11,72.14137950594204,72.70123868110547,71.54153431237177,72.0614013671875,18190992
2020-09-14,72.30134257462127,73.54101899198616,71.78147551484977,72.66124725341797,22533738
2020-09-15,72.70123452752802,74.18085136674617,72.42130800690953,72.86119079589844,26866105
2020-09-16,73.2610794814142,73.2610794814142,71.42155819045861,71.70148468017578,20778500
2020-09-17,71.22162153682778,71.54153409085535,70.62177634511482,70.90170288085938,21804215
2020-09-18,71.22161256314124,72.86118555274473,70.94167996072643,72.42130279541016,44757908
2020-09-21,72.90119891000387,73.06115521347203,69.86198032857394,70.62178802490234,17714694
2020-09-22,70.6217724882072,71.62151441979597,68.22239185239414,70.14189147949219,25113194
2020-09-23,70.10191523020714,70.5018120585575,67.34262345342482,68.06243896484375,24107408
2020-09-24,67.26263395674174,68.50231635619267,65.70303903015278,66.10293579101562,17724521
2020-09-25,66.66278271588645,68.10241336404441,65.86298926734086,67.8224868774414,15999517
2020-09-28,68.46232467246907,70.58177873883928,68.0624279090762,69.98193359375,22735756
2020-09-29,70.78172396716681,71.1016425840166,67.70252024661029,68.1024169921875,21328822
2020-09-30,68.46232811897352,68.66227651073568,66.70278471224283,68.06243133544922,18475452
2020-10-01,68.6222888633388,68.6222888633388,67.58255481009952,67.90247344970703,18244405
2020-10-05,67.98244561628255,68.34235024053393,67.0226958836522,67.54255676269531,15677842
2020-10-06,67.54256962073487,67.70253200791852,66.90273837782367,67.3026351928711,13094249
2020-10-07,67.34261410236738,67.38260622042573,65.78301912913966,66.22290802001953,19056844
2020-10-08,66.46284693424505,66.6627953342289,65.86300173429349,66.06295013427734,11961568
2020-10-09,66.26290246913717,66.5028430041425,65.30315253299841,66.30289459228516,18016087
2020-10-12,66.90274555739536,67.62256112211493,65.90300341249089,66.18292999267578,11714109
2020-10-13,66.22290603966253,66.70278093230988,65.9029874105842,66.10293579101562,11503196
2020-10-14,66.22291182507648,66.42286022297593,62.463878283402174,63.263671875,47114322
2020-10-15,63.26367488940861,64.38338719138616,62.78379993197285,63.18369674682617,20107413
2020-10-16,63.1837077373839,64.38339839062536,62.743818723751815,64.22344207763672,16578267
2020-10-19,64.7432796368562,66.50282895053151,64.3833750123458,65.30313873291016,21839955
2020-10-20,65.30315055682011,65.54308498262336,64.22343038585275,64.50335693359375,14238188
2020-10-21,65.14317633845789,67.02269589319833,64.50334521725985,65.82300567626953,38563701
2020-10-22,65.8230161552099,68.70227191382489,65.10320069007092,67.70252990722656,34256481
2020-10-23,68.78222939311594,69.26210419174986,67.5825393455616,68.982177734375,46258872
2020-10-26,69.66202000734879,70.38183545397074,67.42260163134146,68.74225616455078,34724632
2020-10-27,71.02167347014333,72.02141546098464,69.62203468296549,71.54153442382812,95412168
2020-10-28,71.54153501907514,72.50129099943277,69.98193994116274,70.4618148803711,44763206
2020-10-29,69.58204095212022,70.78173131336366,68.78224737795792,69.18214416503906,41912944
2020-10-30,69.5020519337407,70.98166859390169,69.02217708476144,70.06190490722656,40735912
2020-11-02,70.6217739280857,71.66150189697233,70.34184129998101,71.34158325195312,31922062
2020-11-03,73.14112088042395,73.58100979278758,66.4228596504612,68.74225616455078,118128168
2020-11-04,68.90222474515605,69.66202627824521,67.58256399121159,68.06243896484375,47519427
2020-11-05,68.6622734773587,69.58203725921922,68.46232509442991,69.42208099365234,41267817
2020-11-06,69.74199909628878,70.98168161025838,69.50206467877075,69.82198333740234,46143960
2020-11-09,70.9017032108542,71.86145308128552,70.14189563665028,71.54153442382812,42703600
2020-11-10,71.8214750089759,73.38107024646196,71.62152658868581,73.18112182617188,43483223
2020-11-11,73.58102667339762,74.78071732568128,73.341086102164,74.30084228515625,51801855
2020-11-12,73.90093014115322,74.06088642098457,72.30134293507606,72.62126159667969,33374610
2020-11-13,71.98143016154629,73.86094406204282,71.3415927860004,73.14112854003906,24025139
2020-11-14,72.42130639576524,73.90092320206661,72.22135801378018,72.70123291015625,12521960
2020-11-17,73.38105352050552,73.90092051515326,70.58177627449169,70.94168090820312,55324429
2020-11-18,70.94169296788344,71.62152243903459,70.46181800737882,70.62178039550781,37574681
2020-11-19,70.70175983824787,73.50103761157942,70.38184115805029,71.82147216796875,55196018
2020-11-20,72.18136857038616,73.66098543149624,71.90144204562596,73.42105102539062,47670803
2020-11-23,74.30083527246519,75.50052581151918,73.58101972864448,74.90068054199219,54262598
2020-11-24,75.38055340296516,75.82044236227364,74.98065656793618,75.30057525634766,35713773
2020-11-25,75.54049888963755,75.90040965084093,74.260830420998,75.1406021118164,32464332
2020-11-26,75.14059646670437,75.82042581947901,74.70071370531267,75.26056671142578,30825401
2020-11-27,76.58022596623827,77.61995993449324,73.42104415044362,75.74044036865234,216981706
2020-12-01,75.74046106019989,76.9401516119577,74.74071893373504,74.98065948486328,35330973
2020-12-02,75.70047954638986,76.14036244707671,75.02065608027958,75.82044982910156,27650080
2020-12-03,76.66021755781557,79.2995389549621,76.22033472625189,78.81966400146484,43841111
2020-12-04,79.33951729523979,79.81939830422778,77.97987070828184,78.81965637207031,34813873
2020-12-07,79.17958126211525,80.89913904526678,78.93964069630171,79.77942657470703,27049393
2020-12-08,80.41924603134659,80.6591804415613,78.21981371037127,78.53972625732422,30386160
2020-12-09,79.37951430406652,79.89938136120676,78.29979417120039,78.61971282958984,24061383
2020-12-10,78.6996931938962,79.45949468985587,77.18008410003577,77.699951171875,25985382
2020-12-11,78.29980088918018,82.2987692073003,78.09985247327417,81.89887237548828,63463638
2020-12-14,82.73863016966376,84.25823894887081,82.37872555703515,83.65839385986328,45802433
2020-12-15,84.0583121060559,85.09804630063242,82.25877637832517,84.65815734863281,52215593
2020-12-16,85.53791908962936,85.7778595992146,83.61841942070993,83.89834594726562,25184934
2020-12-17,84.4982005627045,84.4982005627045,83.17853981638322,83.53844451904297,16840984
2020-12-18,83.6184215971381,83.81836999301653,82.25876884400026,82.97858428955078,33596568
2020-12-21,82.93860761656498,83.13855604968298,75.78045615171776,77.97988891601562,34210970
2020-12-22,77.85991901348301,79.8194173287107,77.18009555797217,79.09960174560547,29181188
2020-12-23,79.21956081303607,79.49948736074771,78.21981878410801,78.81966400146484,17602151
2020-12-24,79.41950065483371,81.17904399523505,79.17956015298788,79.93936157226562,23052394
2020-12-28,80.65916725381362,81.21902632332589,79.97934404977845,80.33924865722656,15454893
2020-12-29,80.37925875556218,80.81914768704068,78.339782585167,78.85964965820312,23647197
2020-12-30,79.17956623311535,79.69943329240782,78.53972891368754,79.2595443725586,30281285
2020-12-31,78.4597535116603,80.1793110284186,78.37977536942665,79.4594955444336,50363279
2021-01-01,79.9393680760398,80.13931647653209,79.01961031532802,79.21955871582031,13493039
2021-01-04,79.77941179642234,79.97936019691463,78.7796697939609,79.21955871582031,22325584
2021-01-05,78.6996976001858,78.6996976001858,77.57998525244267,78.05986022949219,23510160
2021-01-06,78.37978167534021,79.17957536590491,77.7799364074167,78.25981140136719,21952878
2021-01-07,78.45975067956702,78.77966933889488,77.46000868288054,77.5799789428711,24999580
2021-01-08,78.05985848255216,80.3792612719827,77.85991007142782,80.09933471679688,43240591
2021-01-11,80.57918868402038,80.97908540205522,78.93960969930167,79.17955017089844,22036573
2021-01-12,79.17957080523668,80.77915809423136,78.61971769486505,80.09933471679688,24262426
2021-01-13,80.17930923516047,83.45846180892848,80.0993310947156,82.01883697509766,49236964
2021-01-14,82.93860505134867,83.05857532789729,81.33901763587856,81.7389144897461,29301114
2021-01-15,81.9788432212163,82.85861495247045,79.89938110135898,80.33926391601562,24067229
2021-01-18,80.33926346680406,80.69917424253711,77.42002175241178,78.01986694335938,23613664
2021-01-19,78.3797642275956,80.65917451790803,78.01985958773477,79.69942474365234,22934496
2021-01-20,79.65944084192947,79.73941898104161,78.37977231031253,78.61971282958984,25599184
2021-01-21,78.93962288846465,79.29953365599339,76.46026404278747,76.86016082763672,22667011
2021-01-22,77.02011642822605,77.18007268732008,74.30081731004643,75.2205810546875,26029669
2021-01-25,76.02038695163156,76.22033535907727,74.14086704008908,74.54076385498047,18599824
2021-01-27,74.38081072801468,74.46078887400061,72.62126710855864,73.02116394042969,22812859
2021-01-28,72.62126191557253,74.10087886730298,72.26135113146016,73.26109313964844,32227832
2021-01-29,73.58100478829223,74.06087968608867,70.50180091699633,71.14163208007812,36962884
2021-02-01,71.46155471667399,73.90092756156936,70.70175326108533,73.58100891113281,29033297
2021-02-02,74.30083316877517,76.26032521964066,74.30083316877517,75.30057525634766,29279584
2021-02-03,76.06037622808084,78.45975722014612,75.42054495802827,77.53999328613281,31420256
2021-02-04,77.8199199123743,80.13931647653209,77.57997939100719,79.21955871582031,39264443
2021-02-05,80.29928327519353,81.57895188834799,78.4997475717741,79.5794677734375,54911202
2021-02-08,76.94013340656055,80.7391525882118,76.86015527575594,80.21929168701172,53737961
2021-02-09,80.29927232503438,80.93910349338921,79.57945692143731,79.93936157226562,28074809
2021-02-10,79.97936051995718,80.37925732255697,78.89964037332595,79.85939025878906,19070866
2021-02-11,80.72518526145998,80.72518526145998,79.36464719422555,80.2304458618164,18452535
2021-02-12,80.64272676134924,80.72518227641535,78.16902356365082,79.11727142333984,21660998
2021-02-15,79.52955765782555,79.73569959710551,78.3339369263829,78.49884796142578,12574055
2021-02-16,79.03483306639293,81.75590969097614,78.74623555553204,80.80765533447266,32865663
2021-02-17,80.6839552268448,82.58046361870454,79.98307387888023,81.92080688476562,28774857
2021-02-18,82.20941755003255,85.9612040313307,82.08573739713906,85.26032257080078,50705280
2021-02-19,85.46645151827093,88.02261037398532,83.61117401624314,85.91996002197266,61069583
2021-02-22,86.00241792056549,87.65155340290843,83.61117021297771,84.14714050292969,30636415
2021-02-23,84.22961269032919,85.87874849908373,82.91030530151632,85.26032257080078,31233104
2021-02-24,86.1673309242583,86.33224195988535,84.18836704196995,85.09539031982422,16153025
2021-02-25,85.42520764593468,90.86735290094144,84.93046831201623,89.05330657958984,68361756
2021-02-26,88.31121028962649,91.48579506746852,86.41470812059443,88.47612762451172,67331805
2021-03-01,90.29017616761396,90.53754902965994,88.35244305143115,89.42437744140625,27205189
2021-03-02,89.42436679944909,93.75334733341045,88.97085832760557,92.80509948730469,53649872
2021-03-03,94.37179635679674,94.5779383377342,92.35160745999104,92.92880249023438,31702057
2021-03-04,91.93931656877216,93.17616836117718,91.11474870716884,91.36212158203124,28057179
2021-03-05,91.52700889965035,92.6401739659152,89.3831342737048,89.63050079345703,24778407
2021-03-08,91.23843086589967,93.42353685486692,90.29017661133427,91.15597534179688,28163362
2021-03-09,91.85685650955516,92.22790951259141,88.59980984231815,90.29017639160156,20611697
2021-03-10,90.99105910239128,91.19720106061644,89.83666287813976,90.4138641357422,13207045
2021-03-12,91.52703018995514,92.43405355526853,89.54806611684653,89.9603500366211,21763020
2021-03-15,90.66122367507484,91.52702234880957,88.8059461950314,91.11473846435547,20350674
2021-03-16,91.15598114446662,91.898087199585,90.12527130018704,90.33141326904295,15360040
2021-03-17,90.45508777540597,90.62000511477608,87.5278757748107,87.85770416259766,18850429
2021-03-18,88.55858415773386,89.25946553887853,85.09539557703458,85.59014129638672,20023557
2021-03-19,84.39450624224264,90.33139769637566,84.10590879378779,89.4655990600586,72249183
2021-03-22,89.71297350822113,91.15596706737296,88.10506262488033,90.57876586914062,31980425
2021-03-23,90.7024520024018,90.867363035116,89.13577202780615,89.58928680419922,14060206
2021-03-24,89.0533257250516,90.20772194634478,87.0743616729709,87.40419006347656,15196366
2021-03-25,87.40418428587682,87.81646817401776,84.64188349352318,84.93048095703125,22543755
2021-03-26,87.19804259530629,87.19804259530629,85.50767613263314,85.91996002197266,17402475
2021-03-30,87.28051222982823,89.63052952091334,86.24980233979494,88.80596160888672,36129962
2021-03-31,88.80595212742443,89.87789281499374,87.48664486722986,87.85770416259766,23063667
2021-04-01,88.64104257831389,89.67175237573615,88.18752775106675,88.97087097167969,13753303
2021-04-05,88.55858122622895,88.88840959789454,85.54890755757896,87.65155792236328,15666099
2021-04-06,88.84717432917805,89.13577178110549,87.23926974633035,87.4454116821289,17393454
2021-04-07,88.1462953692239,88.51734834722974,86.7857572982812,86.95066833496094,15692013
2021-04-08,87.40418047223773,87.77523343899354,86.33223989346132,86.5796127319336,11394998
2021-04-09,87.36296297129644,87.36296297129644,84.43575081872127,84.76557922363281,19751417
2021-04-12,83.69363533667389,83.69363533667389,80.84887881944414,81.67344665527344,20221362
2021-04-13,82.12695499329816,83.40503765214743,81.83835750964121,82.95152282714844,19192856
2021-04-15,83.44623700505804,84.93046117300568,81.87956362783169,83.5699234008789,13865351
2021-04-16,84.02345835180002,84.84802613485802,82.86906219732825,84.47696685791016,14654851
2021-04-19,82.45677588036123,82.78660424207322,81.3436106641669,81.6734390258789,11652043
2021-04-20,81.79712679788517,83.19889589336698,80.9313343448364,81.67344665527344,16528675
2021-04-22,80.84887454949501,82.25063727999084,80.0243067572144,81.59098052978516,18614270
2021-04-23,80.80763957178974,84.93047832545247,80.80763957178974,84.5594253540039,29484794
2021-04-26,85.71382157377434,85.71382157377434,83.15766261378813,84.43574523925781,24369413
2021-04-27,84.14715576171875,85.38400759775998,83.8585519672128,84.14715576171875,17763436
2021-04-28,84.80680601763007,85.71382943618606,84.22961101244545,85.42523193359375,15160578
2021-04-29,86.24978645881778,86.57961482108867,84.64188184280724,84.97171020507812,11588556
2021-04-30,84.31205581767973,87.11558753826749,84.14714477744931,84.47696685791016,15321193
2021-05-03,83.61118724592403,86.24980203882005,83.32258973591257,85.9612045288086,12186212
2021-05-04,86.00243453939547,87.44542836528495,85.34277770260731,85.54891967773438,12992684
2021-05-05,86.37346581432844,87.11557799598329,84.76556132986981,85.6725845336914,14956169
2021-05-06,86.57961482108867,86.6620703389182,84.64188184280724,84.97171020507812,13547274
2021-05-07,85.75505090596243,86.9919026017215,85.21908057960955,86.620849609375,13229291
2021-05-10,87.4041836568872,89.05331919758318,87.07435529055743,88.80594635009766,23980945
2021-05-11,89.05332845377013,93.50599613464934,87.98138772451928,92.92879486083984,45613487
2021-05-12,94.16562884663833,96.26827899853325,92.1454404975254,93.42352294921875,62158914
2021-05-14,93.95948587861848,93.95948587861848,90.82613242720475,91.85684204101562,16227312
2021-05-17,91.69194126725928,92.55774001541062,90.66123146753311,91.98054504394531,12832920
2021-05-18,92.84633542434032,94.16564268028864,92.14545403439462,92.43405151367188,14892142
2021-05-19,93.29983349328616,93.29983349328616,91.48578083743158,92.3103485107422,12610425
2021-05-20,92.35159636290548,92.97002223140709,91.44457301396044,92.14545440673828,10303689
2021-05-21,92.59896646013937,93.2998478319772,91.733167753723,93.05247497558594,12171685
2021-05-24,92.64019701753914,93.95950432402284,92.39283043623476,93.09371185302734,11341268
2021-05-25,93.91826231114923,94.7015991099598,93.21738102416836,93.42352294921875,15289982
2021-05-26,94.00072187395511,94.00072187395511,91.44456315136266,91.6094741821289,17466748
2021-05-27,92.02176344630837,92.06299435189408,90.12526131747201,90.9498291015625,34169451
2021-05-28,90.949833892402,91.52702885528828,89.34192285415605,89.83666229248047,13383166
2021-05-31,89.83664838379097,91.8156121216548,88.88840056170933,91.11473083496094,14754293
2021-06-01,91.48578878477969,91.89807265724998,90.29016807099684,90.86736297607422,10271211
2021-06-02,90.78491236422872,91.81562210108632,90.7436877493262,91.65071105957033,6492771
2021-06-03,92.02175108675647,92.51649043257115,91.07349700422296,92.1866683959961,12140851
2021-06-04,91.93928961359147,93.17614104337073,91.56823670103837,92.14543151855469,8930671
2021-06-07,92.4752774976542,96.26828801566988,92.3515910728482,95.9796905517578,28407410
2021-06-08,96.88670647564904,97.71127419033542,95.64985490361948,95.81476593017578,43191813
2021-06-09,96.06213973963028,99.77269449352156,95.4849448498504,97.3814468383789,49807823
2021-06-10,98.41216216962106,98.86567695986308,96.72180201434766,97.7112808227539,22144392
2021-06-11,98.0411041963165,98.57707447813847,96.92793902081087,97.95864868164062,13871562
2021-06-14,97.9586510162239,98.04110653286487,95.85600074163914,97.46390533447266,14179055
2021-06-15,97.46390103149466,98.08232681542788,96.96916166253855,97.1340789794922,8148417
2021-06-16,97.13408289351514,99.44286880532704,96.35073976106344,98.78321838378906,21585917
2021-06-17,97.46391071439892,99.44287467778304,96.43320097211064,96.80426025390624,14466025
2021-06-18,96.80426161142316,97.42268746546851,93.09370648715104,93.62967681884766,43927941
2021-06-21,93.38230642221741,97.67005660690039,93.21739537317318,97.29900360107422,34597018
2021-06-22,97.71127485824998,98.0411032045696,96.43319237536868,97.5463638305664,16712010
2021-06-23,97.9998797037339,97.9998797037339,96.43319965860468,96.68057250976562,12590251
2021-06-24,96.6393468229907,97.71128751463807,95.40249508229908,97.29900360107422,14046692
2021-06-25,98.20600574099822,98.20600574099822,95.40247447611397,95.69107818603516,12768348
2021-06-28,96.39197011686136,97.17530695390836,95.64985789226532,95.77354431152344,10709748
2021-06-29,95.85600437249948,97.75251278184192,95.15512301807394,96.96916961669922,33488455
2021-06-30,97.1753190370931,97.6700584846909,95.77355622040716,95.97969818115234,16739618
2021-07-01,96.3095148924164,97.1340826353619,95.40248534241422,96.76302337646484,12479506
2021-07-02,96.92794202469744,98.16479365602432,96.4744272434965,96.88671112060548,17215972
2021-07-05,97.21654437819744,98.20602321672725,96.68057405276338,97.79373931884766,16409169
2021-07-06,97.38144418424665,98.08232547157755,96.51565187317401,97.01039123535156,14979094
2021-07-07,96.51565219458222,97.46390002068352,96.35073487933896,96.84547424316406,14545289
2021-07-08,96.76302635391735,97.87619158295598,96.63933993047911,96.8454818725586,12037089
2021-07-09,96.47443744874607,97.62883368495594,95.85601156766437,97.13409423828125,9585144
2021-07-12,97.29899464841827,97.91742046186161,96.5981133180397,97.17530822753906,7651672
2021-07-13,97.42269080044164,100.59727570168953,97.38145989237928,98.86568450927734,30663035
2021-07-14,98.9069096803131,99.7314775185515,98.78322953734003,99.56656646728516,9539611
2021-07-15,99.5665638653873,99.93761686651678,98.28848123313564,99.1955108642578,11278872
2021-07-16,99.07182288025372,99.60779321088997,97.54637370148374,98.20602416992188,17198632
2021-07-19,98.206030475691,100.47359208163704,97.7112910198571,100.1025390625,14364285
2021-07-20,100.5972697265746,100.5972697265746,97.46390962854602,97.67005157470703,11360716
2021-07-22,97.91742205888433,98.70075891897429,97.75251102232417,98.2884750366211,9520328
2021-07-23,98.4533853871956,99.0305802652058,97.5463621684857,97.71127319335938,10442400
2021-07-26,97.46391613630912,98.94814076415275,97.3402359931166,98.41217041015624,5370055
2021-07-27,98.3709525162756,98.61831911052116,97.46392279784716,97.99989318847656,5280342
2021-07-28,98.5770938653146,98.5770938653146,95.4849642746956,96.30953216552734,11010096
2021-07-29,97.0516168364948,97.50513159284245,95.0314284657513,96.26828002929688,11897018
2021-07-30,96.43318055165584,98.90688340932245,95.85598573458095,97.4638900756836,14546264
2021-08-02,97.79373872478695,97.91742515159008,96.47443151777718,97.09285736083984,11742555
2021-08-03,97.71128020719787,97.71128020719787,96.06214467627473,97.0103988647461,21122697
2021-08-04,97.34024847938964,97.99989906119498,96.10339656118114,97.17533111572266,9432176
2021-08-05,96.51565619046168,97.1340819935848,95.60862664645238,96.06214141845705,11045322
2021-08-06,96.06213712145575,97.8761835464242,96.02090622004415,97.01039123535156,8434733
2021-08-09,97.71127519939394,98.20601457512443,96.10337065553173,96.22705078125,7816050
2021-08-10,96.39197999890085,96.6393465718243,93.71213456770062,94.2893295288086,9774255
2021-08-11,94.57793452659688,96.72181607471946,94.45425437578145,96.43321228027344,8056886
2021-08-12,96.43319301721847,98.45338772002698,96.0621400569845,98.24724578857422,8640167
2021-08-13,98.49462105413154,98.49462105413154,96.63934350675896,97.50514221191406,9744939
2021-08-16,97.50515370903165,98.4534080476908,97.38146726643195,97.99989318847656,8768804
2021-08-17,98.41217269161244,98.53585912862567,95.81478267814832,96.80426788330078,8758578
2021-08-18,96.80425197311482,98.04110355805848,95.73231141644932,96.1033706665039,9357721
2021-08-20,95.89725005276888,96.47444507100015,93.547226486225,94.12442779541016,11684504
2021-08-23,95.23757241280944,95.4437143444389,92.5164963989196,93.5059814453125,6271685
2021-08-24,94.16563748840203,95.89723485049923,93.71212898624319,93.9594955444336,11791078
2021-08-25,94.57792738527714,95.03144220720257,93.8358213726039,94.000732421875,9491958
2021-08-26,94.08316627424624,94.41299458776504,92.31034459366552,92.97000122070312,11668986
2021-08-27,92.92878026217852,94.08317633749398,92.43404088445833,93.5059814453125,8095717
2021-08-30,93.38229499892678,95.23757238301141,93.38229499892678,94.7840576171875,9915170
2021-08-31,95.03143999874192,95.93846333056098,94.57792518735582,95.60863494873048,11386659
2021-09-01,95.64986024787333,96.2270551640225,94.61915054692643,95.15512084960938,7508413
2021-09-02,94.90774532777004,96.2270524495755,94.8252898122108,96.06214141845705,5700524
2021-09-03,96.47444152832033,97.21655387519044,96.0621575901651,96.47444152832033,9364904
2021-09-06,97.01040495505005,97.01040495505005,95.56741127490127,96.02091979980469,7005043
2021-09-07,96.22705012499316,96.39196744308025,95.03142945088577,95.52616882324219,7723357
2021-09-08,96.50094435016798,97.13665545453902,95.2719054684324,96.67047119140625,10508654
2021-09-09,96.58568720377707,97.26378151346137,96.20426319632126,97.0942611694336,5757417
2021-09-13,97.179028890536,97.8995001088018,96.75522153075764,97.47569274902344,6322443
2021-09-14,97.6876049988003,98.45045960668209,97.30618092825324,98.23855590820312,7369292
2021-09-15,98.32329762833939,105.8246858523166,98.32329762833939,105.27373504638672,48721413
2021-09-16,105.52802485804403,106.54515986032258,104.25660287180254,105.10421752929688,17684303
2021-09-17,105.2313735517076,105.6975577887684,103.02757647316244,104.89232635498048,15763396
2021-09-20,103.83280660249189,105.06184540005134,103.239478865764,104.00232696533205,7431359
2021-09-21,103.66327756429835,106.29088176914632,103.49375074885822,105.18898010253906,8629222
2021-09-22,105.61278053043229,107.64705691509852,105.10421305096233,105.4432601928711,11698183
2021-09-23,105.78230831554363,107.64705791315137,105.65516482780073,106.96896362304688,11053966
2021-09-24,107.2232569919026,107.39277734114344,105.06183697175426,105.31612396240234,8598140
2021-09-27,106.20612901766243,108.3251658578649,105.52803464208276,107.51992797851562,8490460
2021-09-28,108.070875313314,113.28370059617365,107.94373181370564,111.84275817871094,35900138
2021-09-29,111.37655260634068,122.2684053252037,110.6984712772182,119.21698760986328,75859390
2021-09-30,120.149379477731,121.37841816256982,117.90320577556258,120.23414611816406,34614825
2021-10-01,119.47128153260455,122.35317908349464,116.71653393850886,118.58128356933594,22452069
2021-10-04,121.59031960384148,126.59125382563951,119.08985895972907,123.37031555175781,58612212
2021-10-05,123.3703216565079,125.3198380450813,122.22603664285698,123.24317169189453,24390676
2021-10-06,124.13318487682169,124.85366263027238,121.03939603016372,121.46320343017578,14421296
2021-10-07,122.22603064859416,123.45506931147173,120.57318465827099,121.03937530517578,10035682
2021-10-08,121.6751033152654,121.97176072582738,118.92035530155736,119.59844970703124,10686586
2021-10-11,120.36128775746704,124.38745759442456,119.89509708436768,122.73461151123048,17449923
2021-10-12,123.75175148832568,123.96365517238104,121.88700165535349,122.52271270751952,16030831
2021-10-13,123.32793847147708,124.8112641919244,122.64984412684352,124.04841613769533,19100941
2021-10-14,125.02318871323465,127.65079988673982,124.47224424148808,126.63365173339844,29263867
2021-10-18,128.20172273051406,128.58314675688183,126.040302669665,126.76078033447266,25346029
2021-10-19,127.94743698021904,128.92220164994922,125.53174283399863,126.84553527832033,20234486
2021-10-20,127.69315318202234,127.69315318202234,123.15842216220231,123.96365356445312,16129487
2021-10-21,125.19270039490819,125.91317813119797,123.66699120449024,125.36222076416016,20818539
2021-10-22,125.31984019948119,125.53174387723914,122.05651838857914,122.81936645507812,11379569
2021-10-25,122.64985036054313,123.96365579499991,121.33604492608633,121.97175598144531,14079380
2021-10-26,123.15841394641454,123.45507132030967,120.74270696723744,121.37841796875,16224116
2021-10-27,122.0565322464209,122.52272297713276,119.38655077696066,119.76797485351562,15072448
2021-10-28,119.76797488982008,120.23416562067325,115.52990085220137,116.4198989868164,19999659
2021-10-29,111.03752189892273,116.03844328429979,108.96086854172627,112.43608093261719,29217522
2021-11-01,112.9022744267665,114.68227045401215,110.95275804777691,113.83465576171875,10043407
2021-11-02,114.42798660799728,119.34415454527792,114.42798660799728,115.82654571533205,21525811
2021-11-03,116.92845102121042,117.7760657628409,114.89418081472708,115.91131591796876,9808728
2021-11-04,117.22510023073062,117.22510023073062,116.08081536229506,116.25033569335938,1026849
2021-11-08,117.5641679230166,119.17464377233613,115.74180131132827,118.92035675048828,12765483
2021-11-09,119.30177117082616,119.85271556230619,117.01321402637772,117.39463806152344,9556650
2021-11-10,117.14034407433118,117.18272739428068,115.91130539723603,116.46224975585938,5479056
2021-11-11,116.54703875073781,116.75894245755734,113.87705721824217,115.8265609741211,11418813
2021-11-12,117.14035398698294,117.14035398698294,114.1313190859654,115.6570281982422,9306659
2021-11-15,116.37750091731527,116.67415830222346,115.27559922040544,116.25035095214844,3991733
2021-11-16,116.7165405420868,116.80130718474567,113.58036876731597,113.83465576171875,5762128
2021-11-17,113.58038217312671,116.97084134247378,113.58038217312671,115.65703582763672,15264066
2021-11-18,115.78419098961372,116.63180581989324,114.21609838016623,114.68228912353516,9942974
2021-11-22,114.42797563986676,116.03843827173942,109.93561549099445,110.3170394897461,15990636
2021-11-23,110.2322872354813,113.36845883715912,108.62181164886564,113.15655517578124,11510010
2021-11-24,114.00418506232823,116.37750897376081,113.19895362815686,114.72466278076172,7570759
2021-11-25,114.85178300985716,115.86891798485348,112.13941876534264,114.59749603271484,13919886
2021-11-26,112.90226476146792,113.62274236166844,108.49467132558074,109.21514892578124,13323593
2021-11-29,108.3251683707441,109.6389738288616,105.99422779244928,107.2232666015625,16077669
2021-11-30,108.3251689764651,109.7237281578324,105.6975580455373,107.85897827148438,22883512
2021-12-01,110.18991098880184,112.69037176683293,106.67230869080193,108.24039459228516,17010938
2021-12-02,108.24039796895642,110.44420143091195,107.30802306332217,109.0880126953125,12916313
2021-12-03,109.08801430776828,110.40181973975474,107.13850428840544,107.6470718383789,12827354
2021-12-06,107.64705898954664,108.15562647881713,105.10421507640775,105.40087890625,8158812
2021-12-07,106.03659334293782,107.138494994618,105.10421850440127,106.24849700927734,8701301
2021-12-08,105.8246940674671,108.19801781565813,105.8246940674671,107.85897064208984,12093435
2021-12-09,107.85897007050032,108.19801724227186,106.50278785020112,106.84183502197266,11518172
2021-12-10,106.88421427274818,107.39278180841268,105.44327184390092,106.92659759521484,8389566
2021-12-13,108.15563112218044,109.00325226307018,106.3756415999216,106.6299285888672,13223189
2021-12-14,105.95183657069852,108.02848998076944,105.95183657069852,107.09611511230467,11649242
2021-12-15,106.92659229915004,108.87610216710274,106.71468863088649,107.3927764892578,11916145
2021-12-16,108.11325800081514,108.66420238457226,107.01135629972693,107.98611450195312,10758513
2021-12-17,107.98610796875833,108.24038848431135,105.18897703016911,106.41802215576172,13041775
2021-12-20,105.52803838522283,106.33326982634689,100.95091735467494,103.19709777832031,14185935
2021-12-21,104.72279140769092,105.69754307071759,102.4342279985487,103.57850646972656,10168470
2021-12-22,104.29899811204871,105.01946935990647,103.11233616257203,103.87519073486328,7885198
2021-12-23,104.341366507891,106.29088287155838,104.08708598227362,105.5704116821289,9836979
2021-12-24,105.78231190533579,105.95183225022149,102.47661344577155,102.77327728271484,8509575
2021-12-27,102.77329277346372,103.5361473740057,102.22234186936184,103.2818603515625,5097217
2021-12-28,103.40899057453151,105.61278744095928,103.3666072539748,105.18898010253906,6511374
2021-12-29,105.61278963577276,105.73993313329844,103.57851307572268,104.38375091552734,8960770
2021-12-30,104.46850683371892,108.36753297594056,103.62089217381046,107.5623016357422,32394253
2021-12-31,107.47754435412284,107.47754435412284,105.10422065582496,105.44326782226562,9155163
2022-01-03,106.29088620139778,107.26564441376831,105.69755202279582,106.79945373535156,9034081
2022-01-04,107.64706585757958,112.98704100258372,107.43516218463158,112.64798736572266,33986738
2022-01-05,112.393721118587,112.60562480626642,110.7832453320787,111.88514709472656,16122852
2022-01-06,112.18180273405112,112.18180273405112,109.59657549633616,110.95275115966795,8037648
2022-01-07,111.29182230206861,112.05467042447879,109.72372979830041,111.3342056274414,8820039
2022-01-10,111.84276457979806,112.13943491812589,110.8256294582916,111.75801086425781,7324926
2022-01-11,112.01228484089813,113.58037731305302,111.03753304485035,112.13943481445312,11971883
2022-01-12,113.02943206599272,113.74989684322084,112.18181731614224,113.45323944091797,10439580
2022-01-13,113.91939897508472,115.82653185703528,113.15655099573354,114.38558959960938,15114699
2022-01-14,113.91943356470422,115.40275958994036,112.98706496613028,114.72467803955078,9344382
2022-01-17,114.13131306245349,116.419883076872,113.96179271083052,115.78417205810548,9803141
2022-01-18,115.78418257776303,116.75893438833732,113.91941973976446,114.42799377441406,6473378
2022-01-19,113.6651257218218,114.68226067916447,112.69036114862337,114.25845336914062,21136414
2022-01-20,114.00419045503317,115.57228300646938,113.70752010198024,114.34323120117188,8466412
2022-01-21,113.62276254879218,115.3603754146736,112.35134039330457,113.66514587402344,12437749
2022-01-24,112.73276326530706,114.63989647844195,111.0375337425205,112.39372253417967,14284658
2022-01-25,111.20706314595873,114.97894655398744,111.07992609484717,114.68228912353516,10007486
2022-01-27,113.74990695692271,115.275616229022,112.85990880373348,114.4280014038086,18760325
2022-01-28,118.66604535502407,122.05650379373904,116.97081613566658,118.79318237304688,34009553
2022-01-31,120.36128794274254,121.54794335466393,117.43701980127098,120.40367126464844,27928927
2022-02-01,122.05651514106516,122.1836521709076,119.04748041024776,119.64080810546876,17413984
2022-02-02,120.36127808876712,120.99698906458808,119.3017597957322,119.64080047607422,10783943
2022-02-03,119.94614911807211,120.90572363533084,118.89934902428963,119.20465850830078,9571728
2022-02-04,119.50996301164841,119.90251132288768,116.80571764838537,117.06742095947266,7213085
2022-02-07,117.0674325402041,118.9429620295443,117.0674325402041,117.89614868164062,10562489
2022-02-08,118.15785291849085,118.3323173742086,115.84616893096482,117.76530456542969,8721631
2022-02-09,118.02699806373064,118.2887013808798,116.76211422675745,117.80891418457033,5144026
2022-02-10,117.89615057623028,119.37913173933045,117.15467330546508,119.03018951416016,6081460
2022-02-11,117.28551240460467,120.12060295103068,117.28551240460467,119.64081573486328,8426925
2022-02-14,117.5035851397947,119.03017221220311,114.97381760125963,115.5844497680664,7705072
2022-02-15,115.2355346887162,118.46317365145173,113.97063745736048,118.07062530517578,12674466
2022-02-16,117.67806672993494,119.24827346694477,115.88978940442487,116.19509887695312,12946623
2022-02-17,117.32913084443231,117.6780597382434,115.54084031438636,115.80254364013672,5811964
2022-02-18,115.80254217063326,116.9802004661736,115.06105164221394,115.45361328125,6760078
2022-02-21,115.49723894641195,117.02382638956732,114.40681934415812,115.1046905517578,12212740
2022-02-22,114.31956451546289,115.58444826831813,111.57170648970384,115.23551940917967,13578566
2022-02-23,115.14829351769824,116.41317741312218,113.2727773945646,113.57808685302734,9263264
2022-02-24,110.78662601499617,112.53129729082288,107.86430295906497,108.5185546875,18045779
2022-02-25,109.04194563071883,114.27595902099333,109.04194563071883,113.70894622802734,10424521
2022-02-28,112.48766536454232,116.8493430701142,112.35682035768876,116.45679473876952,13262687
2022-03-02,115.8461640482958,117.7652996018732,113.79617017535693,114.23233795166016,12587947
2022-03-03,115.23551177978516,116.41315658449612,113.62168596385528,115.23551177978516,15628119
2022-03-04,115.14828578282804,116.32594402992032,113.18553091152984,113.5780792236328,15883138
2022-03-07,112.5312877326496,113.83979107837808,110.69938437970816,113.4472427368164,14985637
2022-03-08,113.83980530355578,118.46318703168114,113.83980530355578,116.67489624023438,28572640
2022-03-09,116.84933163110742,116.84933163110742,114.3631835687842,114.71211242675781,14286413
2022-03-10,115.93338556661962,117.76529548740383,115.10466948275389,115.97700500488281,13101323
2022-03-11,115.93339141866612,116.36955920174732,114.71212695035256,115.10467529296876,8669803
2022-03-14,115.10466459346199,115.93338064212641,114.05786467352888,115.27912902832031,5670284
2022-03-15,114.53766397247061,115.9770123508378,113.97063786070129,114.319580078125,6895190
2022-03-16,115.49722087496396,116.02062752646466,114.75574364791942,115.80254364013672,5561866
2022-03-17,116.4567714123072,117.15464236757091,115.06102950177971,115.93336486816406,13995384
2022-03-21,115.93336486816406,116.36953255135622,114.88656509065912,115.93336486816406,9172207
2022-03-22,116.28233411083556,117.02381135865879,114.9302113155545,115.88978576660156,10343712
2022-03-23,115.9333978693866,116.6748884661961,115.32276560125324,116.4131851196289,11892811
2022-03-24,116.45679508617384,118.37593062019369,116.32595007892996,118.11422729492188,11276181
2022-03-25,118.63763008754638,118.76847509053538,117.06742349776037,117.54721069335938,7266868
2022-03-28,118.20146779812625,118.20146779812625,116.71850001558332,117.59083557128906,7778682
2022-03-29,117.76530842060241,118.02701176813855,116.8057339165649,117.19829559326172,5116935
2022-03-30,117.76529710485627,118.59401320010406,116.41317436482892,118.0270004272461,24047012
2022-03-31,117.15467231502515,118.28871124336773,117.15467231502515,117.76530456542969,11615450
2022-04-01,120.38229015481987,125.13651561834287,119.33549029389096,124.70034790039062,32589741
2022-04-04,123.74080182674122,127.36098899791634,123.43547906304904,125.87802124023438,15437496
2022-04-05,126.83757925143591,131.37373460290948,126.27056648789356,130.0652313232422,23958626
2022-04-06,131.1556621862612,135.47372072441442,129.3673715522586,133.46734619140625,52737388
2022-04-07,133.4237162158779,137.82901329015675,132.76946457051324,133.90350341796875,37738903
2022-04-08,135.12475894220273,135.12475894220273,131.89712036623078,132.63861083984375,17585569
2022-04-11,132.9875393892106,134.86306863124244,132.46414609505837,133.5545654296875,15583159
2022-04-12,133.2056185015231,133.99072838090228,131.59180593034483,133.11839294433594,11306524
2022-04-13,133.51096954904784,136.25882143279455,133.2492662004088,134.2960662841797,19454061
2022-04-18,135.12477040560955,142.84494529228482,134.7758415124153,142.3651580810547,82098517
2022-04-19,143.84812739495746,145.11302459569484,139.13752073210276,140.1407012939453,38522118
2022-04-20,141.44917469403222,142.36512949321755,138.7013236072576,140.00982666015625,20047692
2022-04-21,140.9694396715206,142.5396331183441,139.87902016079033,141.9290008544922,21966151
2022-04-22,140.66410338184033,142.19069055032543,139.44283897136577,139.9662322998047,9922564
2022-04-25,138.35239295814458,140.3587536308173,135.56090916684457,136.1715545654297,12008027
2022-04-26,137.48007163104072,138.22154877376357,136.08432959295382,136.9566650390625,11735823
2022-04-27,136.78221607973555,139.22475826720625,135.38647388381395,135.77902221679688,17873048
2022-04-28,137.82899836892426,139.6609081019381,135.43007592895881,139.3119659423828,29123808
2022-04-29,139.92261080977556,140.44601744132376,135.8226365652601,136.25880432128906,28941216
2022-05-02,134.86306996732537,138.13432800362094,133.4673278808594,137.39283752441406,13368198
2022-05-04,137.82901384072727,141.23111708590005,137.2183816314378,138.39602661132812,24511385
2022-05-05,139.2247459489718,140.22792641236762,136.9566684089687,138.1779327392578,33396072
2022-05-06,136.47689662522887,139.87901331876762,136.12796772317668,138.70135498046875,22604305
2022-05-09,138.65773554001612,139.39922609535753,136.04072884227142,138.70135498046875,22958742
2022-05-10,138.65774312925882,140.66411770283614,134.7758523106244,135.6045684814453,20322427
2022-05-11,134.38330198537895,136.91306990376114,130.8939595816601,133.07479858398438,13794764
2022-05-12,131.80990754377666,133.46733977218952,129.10566200185653,129.58544921875,11818556
2022-05-13,130.85032212294806,130.85032212294806,125.18014149762031,125.74715423583984,22913410
2022-05-16,125.09291297132951,129.89075851265474,123.56632575363513,129.32374572753906,16286682
2022-05-17,128.66950735301276,131.5045981929944,127.62270724348433,131.28651428222656,13925542
2022-05-18,131.28647991141887,131.63540875298358,128.4077703807729,129.54180908203125,17611218
2022-05-19,128.66949931995288,129.58545435015017,127.14291203988564,129.1056671142578,11701170
2022-05-20,131.6790488164667,131.6790488164667,128.80033883480368,130.50140380859375,17841739
2022-05-23,134.68862792917642,135.51735750002598,129.45461368357442,130.981201171875,26055890
2022-05-24,130.98119379530857,132.46417506334018,127.6227094966615,128.14610290527344,16581141
2022-05-25,129.45459169469956,133.59818560197928,128.58225613527225,133.16201782226562,19926619
2022-05-26,133.59816930770907,135.2992340897498,131.37372455110076,134.4705047607422,22698086
2022-05-27,135.21198763759153,135.21198763759153,130.41414291496733,131.24285888671875,10245727
2022-05-30,130.893944563683,133.03116387859222,129.80352518762896,131.6354217529297,12513990
2022-05-31,131.80988200590946,137.82899083846655,131.15563046711927,136.08432006835938,124665699
2022-06-01,136.47688854939403,139.74814672800264,136.3024241086916,136.78221130371094,16084988
2022-06-02,135.64818581587895,138.96306375842397,134.5577663157513,138.74497985839844,17646975
2022-06-03,138.7013633481918,139.0939117143787,134.9503175263038,135.21202087402344,14063328
2022-06-06,135.90988126334665,138.39602959275157,134.8630812661875,135.386474609375,18485464
2022-06-07,135.38648351381676,137.56732253082666,133.90351564440704,137.17477416992188,14911957
2022-06-08,136.17160420539486,139.355624095148,136.17160420539486,137.0003204345703,16416591
2022-06-09,135.47369277152993,137.82899573265303,134.9502861975994,135.34283447265625,13821409
2022-06-10,134.42693403525195,136.60777324211338,134.33969514266303,135.43011474609375,7908849
2022-06-13,134.33966332284996,135.1247599270469,128.88756659708494,129.8907470703125,19208167
2022-06-14,129.8907554079874,132.98754920916144,129.8907554079874,132.07159423828125,17034328
2022-06-15,133.07481149212995,134.07799220619282,128.71313306440223,129.2365264892578,15172295
2022-06-16,130.93756226457538,130.98116839041256,123.87163947713002,124.70035552978516,18494040
2022-06-17,123.08656503604752,126.00888146512756,121.73444212191885,122.51953887939452,21387729
2022-06-20,122.51950562183741,123.34822159883939,117.76528030145364,119.72803497314453,16578770
2022-06-21,120.55677153708923,123.21739765299212,120.16422319787374,122.08335876464844,51398446
2022-06-22,122.0833627323712,122.0833627323712,119.1174270610338,120.07698822021484,8317317
2022-06-23,120.2950558360434,121.38547517215976,118.33230103103396,119.07379150390624,11257409
2022-06-24,120.2950745262884,120.2950745262884,117.7216871553832,119.16104888916016,21879039
2022-06-27,119.72806193768334,121.29826869082635,119.29189413463166,120.8184814453125,12872030
2022-06-28,120.8184770606245,121.51634818233737,119.64081871081002,120.90571594238281,14272044
2022-06-29,120.2078416860766,124.83122277223032,119.33550613437906,123.653564453125,53487394
2022-06-30,124.13336015968989,125.5727085941315,123.13016622014672,124.65675354003906,19270932
2022-07-01,123.87162785086592,124.91842767759009,121.90887318421487,122.6939697265625,9592229
2022-07-04,121.55996645162968,124.04611482836572,121.55996645162968,123.3482437133789,17526429
2022-07-05,123.34825846714948,125.83442045204148,122.30145832485296,122.86848449707033,11370649
2022-07-06,123.4354874966328,123.87165529697424,118.724880577259,121.21102905273438,15929985
2022-07-07,122.12696768580604,124.52589026534866,121.69079994407105,122.51951599121094,18144208
2022-07-08,122.99931096531434,125.79078202719305,122.99931096531434,125.3546142578125,15375888
2022-07-11,125.6163377790011,128.23334481606364,125.26740883170721,126.314208984375,16779135
2022-07-12,125.65994566109084,129.1929074981571,125.65994566109084,128.32057189941406,19138561
2022-07-13,128.88756834879578,130.28331045387435,128.6694844768012,129.62905883789062,13644449
2022-07-14,129.97801818687108,130.23972155678717,128.23334680181242,129.3673858642578,9775869
2022-07-15,129.49822417994298,130.98119211820062,129.23652082359501,130.63226318359375,11518139
2022-07-18,132.07160174700408,132.20246007073177,130.23970501187796,130.67587280273438,8286352
2022-07-19,130.67584640486862,131.89711064824473,130.19605926969157,131.5045623779297,6798359
2022-07-20,132.68223129324124,132.8130762903964,130.981166465526,131.33010864257812,7271345
2022-07-21,131.72267240509055,131.94075629980097,130.85033682624888,131.59182739257812,7521568
2022-07-22,131.72267788014386,132.07160680186993,129.236516052794,129.93438720703125,6800124
2022-07-25,130.1524662830064,131.24288576143437,128.53865344140377,130.9375762939453,7996687
2022-07-26,130.850341796875,131.67905796609818,130.10885120237867,130.850341796875,5774871
2022-07-27,130.45777804482665,131.33011355390502,130.02161029028747,130.588623046875,5403197
2022-07-28,130.89396680912947,131.6790635690023,130.02163116003268,131.15567016601562,6030744
2022-07-29,131.67906525177628,134.73224006263263,131.24289742165394,133.42373657226562,11771461
2022-08-01,133.3800797329549,137.56729239036892,131.7226477674783,136.52049255371094,14221965
2022-08-02,137.04391768923074,139.660924290725,136.56413048346667,139.18113708496094,18278835
2022-08-03,139.617313804409,140.40241051088566,137.1311520492584,139.26837158203125,10147608
2022-08-04,139.3119797189226,140.0098507962632,133.5109538420202,134.95030212402344,15754128
2022-08-05,134.68858418113172,137.08750659784138,133.46731991148334,135.7353973388672,33864055
2022-08-08,135.64817447822887,139.5736843505892,135.16838727611693,139.05027770996094,16964235
2022-08-10,139.49483540797692,139.7171025221172,137.80561076695426,138.472412109375,14055597
2022-08-11,138.87248919957025,139.45039183182985,135.8941180312462,136.60536193847656,15810624
2022-08-12,136.64978246035773,141.3618467312882,135.67181555974102,140.9173126220703,17998843
2022-08-16,141.36186975193775,142.07312715573485,139.53927689411597,141.1396026611328,8309725
2022-08-17,141.36187005749193,145.49603252895704,141.36187005749193,143.5400848388672,19674110
2022-08-18,143.54007770287308,144.60695697478235,142.16201909219168,142.96218872070312,9585888
2022-08-19,143.18443120845555,143.71786396973803,139.71705721265292,140.25050354003906,9599472
2022-08-22,139.85043269907163,141.31738982492902,138.69464130828175,139.13917541503906,11400211
2022-08-23,139.09471192673436,141.5396493844517,138.3834546803595,141.0506591796875,14362373
2022-08-24,141.27295077124964,144.91813631355444,140.4727947088442,142.96218872070312,20602844
2022-08-25,143.45117743400547,143.98461028104504,140.8728711919439,141.27294921875,12889454
2022-08-26,141.36184790852795,146.4295340825939,141.27293565950217,145.27374267578125,30724938
2022-08-29,143.85124873391933,145.27374982561048,142.87326821092122,143.0955352783203,10928330
2022-08-30,143.8512274915588,147.09632076994407,143.62896045698164,145.8071746826172,24663153
2022-09-01,143.58451778854848,146.029455397951,142.51763863584827,142.87326049804688,14554158
2022-09-02,144.91815197018028,147.9409791615202,143.3622822404391,143.8512725830078,25106698
2022-09-05,144.56250002789156,146.78517060909465,144.20686459523628,146.25172424316406,15226001
2022-09-06,147.40753929604426,150.11920055315952,146.51847092099706,149.76356506347656,27866331
2022-09-07,149.8080139286383,151.27497124986502,148.16323208814256,148.7411346435547,19415892
2022-09-08,149.36347962590355,150.4303589100102,147.54088683391385,148.29660034179688,11595205
2022-09-09,149.0523005694188,150.5637275880834,147.54088711686035,148.11878967285156,16415150
2022-09-12,148.8745035539779,149.4524061640734,147.14082285590624,147.94097900390625,15469466
2022-09-13,148.4299695329179,150.2081063672532,147.27417787737846,148.83004760742188,15644741
2022-09-14,146.69628370811137,153.85328692951637,146.69628370811137,153.23094177246094,38751148
2022-09-15,155.05352930547022,156.6093990633879,153.4976595475525,155.67588806152344,29483891
2022-09-16,154.6534351280981,155.32023638352203,152.29740945204279,153.63101196289062,26126152
2022-09-19,154.25334078247784,154.7867871568707,151.63059216827338,152.03067016601562,13304030
2022-09-20,152.83082580566406,153.94216111130766,151.9417575611492,152.83082580566406,15395199
2022-09-21,152.03066998389954,152.96419435491637,149.49682005772596,149.89691162109375,7370283
2022-09-22,148.47440323339768,150.83042875646754,148.34104841741464,149.9413604736328,7447846
2022-09-23,148.6077879711312,149.80803582106665,144.60697989282377,145.7627716064453,12264388
2022-09-26,144.42914573381705,145.67384952030028,139.22810420641275,141.00624084472656,21951865
2022-09-27,141.7174840824204,143.71788779255178,140.02825970919628,141.3618621826172,8367800
2022-09-28,140.29498989902623,141.7619472663515,137.80559577819875,140.4283447265625,14261815
2022-09-29,141.13958800696503,143.76233669292853,140.4727868037825,141.85084533691406,17623352
2022-09-30,142.25093765334057,143.62899632507862,139.93935449003115,141.93975830078125,12015533
2022-10-03,142.1175995565629,145.89614053280943,141.3174297983987,142.5621337890625,10528629
2022-10-04,143.9846047547897,145.80719743596026,143.45117192822374,144.51805114746094,9013773
2022-10-06,146.0294712890277,146.7851847860678,144.3846894736374,144.8292236328125,6456408
2022-10-07,145.0070344065316,146.56290381618922,143.45116499687398,146.07391357421875,8825983
2022-10-10,144.65140574423398,147.22971188344616,143.8957058495466,145.7627410888672,10484521
2022-10-11,146.16283439663684,146.16283439663684,142.51766222441142,143.18446350097656,13805741
2022-10-12,143.94015656641093,146.9629970147571,143.27335532184858,146.69627380371094,12496248
2022-10-13,146.56291127781495,148.2965917093326,146.0294648837609,146.4739990234375,9447511
2022-10-14,147.80760992104064,148.9189453339808,146.5629196849901,146.78518676757812,9588164
2022-10-17,146.78519414673258,150.2970115149476,145.80721350773797,149.76356506347656,13426449
2022-10-18,150.20809890419204,150.65263309068928,147.94097183983482,148.42996215820312,20635735
2022-10-19,148.02988411226636,149.45239893558372,145.67385835013548,145.85166931152344,6947654
2022-10-20,145.80721317109084,149.2745743993265,143.58454223860468,148.42996215820312,12020720
2022-10-21,148.91895271920305,149.76356496170257,146.25174759587406,146.74073791503906,7414335
2022-10-24,148.42996215820312,149.31903053119757,147.80761701032836,148.42996215820312,685185
2022-10-25,148.87448280836458,150.87488646571643,147.0963462240518,150.563720703125,8131380
2022-10-27,151.05271165744657,152.4752264855033,148.96340911349006,151.71951293945312,16225577
2022-10-28,151.71948477220832,155.32021373977747,151.0526836139957,154.74232482910156,16185760
2022-10-31,151.05270604529275,154.6978916779396,150.29700609342638,153.89773559570312,24233760
2022-11-01,154.69789352336596,162.6550525747086,154.25335934657468,161.63262939453125,41101936
2022-11-02,161.72153486548874,162.43279229137394,160.03231034935501,160.87692260742188,22146420
2022-11-03,159.45440501983813,161.67707576967638,157.58735616353175,158.38751220703125,16719953
2022-11-04,159.187681790571,159.58775981225523,156.78720009435986,157.3206329345703,14881752
2022-11-07,158.12080323330707,159.58776050791244,155.4535983223113,156.34266662597656,12799401
2022-11-09,158.03189665610753,158.03189665610753,153.1420208102083,154.16444396972656,14929008
2022-11-10,154.2533572437929,154.8757023695956,151.63060834969895,153.0086669921875,10668583
2022-11-11,153.80879878129042,154.34224512836082,150.8304148813382,152.4307403564453,16963169
2022-11-14,153.23090987705092,154.16442063526793,152.11957462574102,152.4307403564453,10224241
2022-11-15,153.18646267073754,154.8312307987554,152.38629310355418,153.00865173339844,13899999
2022-11-16,153.00865766727554,153.7643575718,150.38589536691612,151.09715270996094,9781274
2022-11-17,151.09717597934417,151.85288956635608,148.91896105327893,149.63021850585938,12778124
2022-11-18,149.85246224868044,150.29699639147327,146.78517937663108,147.4519805908203,11134908
2022-11-21,146.69627295709958,147.76315222902093,145.9405594578479,146.16282653808594,12788632
2022-11-22,146.91853423554292,148.9189378786895,146.5629123476479,148.51885986328125,15198091
2022-11-23,149.23013276310084,149.58575468807103,147.8076179310063,149.40794372558594,12004998
2022-11-24,149.98582513955117,151.14161668625553,149.00785811242145,150.69708251953125,10986350
2022-11-25,151.36387618546632,152.25294447436775,149.89691893522118,150.91934204101562,12358833
2022-11-28,151.14161625326153,152.830840655532,150.60816982827814,151.4972381591797,5471921
2022-11-29,152.03069218317722,152.56413863482408,150.29701156448516,151.2749786376953,7693168
2022-11-30,151.2305293319234,153.67546725514546,150.91934998797996,153.09756469726562,9133076
2022-12-01,154.2533562469191,154.3867110708342,151.89733058371124,153.09756469726562,9214914
2022-12-02,153.27538293922436,153.6754745622058,152.16404746673547,153.05311584472656,6376672
2022-12-05,153.85325604136193,156.16482524150388,152.38628535913116,155.7202911376953,9861212
2022-12-06,156.12040598359735,156.47602789327593,154.5645363880676,155.7647705078125,7008295
2022-12-07,154.7868113380269,155.58696745851358,152.29741714546924,152.78640747070312,7718718
2022-12-08,152.78640714076565,153.31984003123588,151.14162520474187,151.4528045654297,4225180
2022-12-09,152.20849597317257,152.69748626979052,149.3634800193584,150.69708251953125,6174919
2022-12-12,151.14160048351118,151.14160048351118,148.9633860132933,150.1636199951172,7153044
2022-12-13,150.91934918197288,151.1416162647151,149.40793573254695,150.43035888671875,5166993
2022-12-14,151.0971617886122,154.4311680662343,150.65262761826258,152.5641326904297,8562333
2022-12-15,152.91975473159872,154.74234754481867,152.65303151593864,153.0086669921875,10644546
2022-12-16,152.8308260706097,153.89771881876092,150.29698970901256,150.9637908935547,9433166
2022-12-19,150.9638066813057,153.14202139871935,150.69708346637404,152.741943359375,7706855
2022-12-20,152.1640629883038,152.43078624212976,149.85249310939824,150.91937255859375,7387632
2022-12-21,151.1416390874308,152.07516368913363,148.1188117321255,149.3190460205078,8454254
2022-12-22,149.8080280088466,149.94138284472606,146.29621048091116,147.49644470214844,6979001
2022-12-23,146.07391274889838,147.8965053317063,144.340232415439,144.91812133789062,5313321
2022-12-26,144.0290608783794,149.14120347128483,143.94014862423458,147.27415466308594,8321609
2022-12-27,148.47441016974295,149.5412894457654,146.29619548825835,146.87408447265625,9244387
2022-12-28,146.69628230221585,149.00786551039045,146.51847133991936,147.45199584960938,9652984
2022-12-29,146.69628183344852,148.83004050640142,145.80721345870035,148.2521514892578,19571340
2022-12-30,148.25215108135723,149.1856755854957,147.58534980213076,147.9854278564453,8626291
2023-01-02,148.5188370679846,149.85243929206212,147.94093463122235,149.3634490966797,7322962
2023-01-03,149.36346488848974,150.43034406732943,148.29658570965006,149.00784301757812,9629995
2023-01-04,149.2301404621418,149.8080295115594,146.4295667856143,148.11880493164062,11995082
2023-01-05,149.3634643685259,151.45278015964658,148.6077509378385,151.0526885986328,18887530
2023-01-06,151.54169458689407,153.05310803917706,149.85247018130238,150.25254821777344,13216749
2023-01-09,151.36389858134447,152.0306998966808,150.65264113176423,151.49725341796875,6012344
2023-01-10,151.49723008431752,151.76395328259275,148.6077581628975,149.3190155029297,7557693
2023-01-11,149.763549714755,150.07472904057258,147.14080099038316,147.62979125976562,8463293
2023-01-12,148.38549044835176,148.65221364547,147.18525641047768,147.54087829589844,7628932
2023-01-13,147.76315418650208,149.4968347221043,147.14080906681232,149.1856689453125,5090393
2023-01-16,149.94135993775194,149.94135993775194,146.38508681912296,147.54087829589844,10321015
2023-01-17,148.11877380102231,149.5412748414275,147.40751649776738,149.09674072265625,13015434
2023-01-18,148.91893796304842,150.87488547978975,148.56331607495198,150.65261840820312,5536057
2023-01-19,151.4972072079086,151.4972072079086,148.7411040848565,149.9857940673828,6812613
2023-01-20,151.0526731332773,151.0526731332773,149.0522697974364,149.9857940673828,8545359
2023-01-23,150.60814698256303,150.69705922860857,147.5853205424721,148.34103393554688,7787735
2023-01-24,148.65221435984273,148.96339368566032,147.051888735548,147.62979125976562,7033092
2023-01-25,147.5853722381269,148.11881876904556,146.1628571997496,147.4964599609375,9257370
2023-01-27,147.80760991030346,148.51886728775472,145.8072061671565,147.85206604003906,13756671
2023-01-30,149.0078510373242,153.14201316512185,148.56331689170702,150.1191864013672,30768122
2023-01-31,151.00825406153166,153.49763441370027,148.78558334273433,152.16403198242188,24990701
2023-02-01,153.14203603407915,154.52009480450138,148.65223777965534,151.14163208007812,13878016
2023-02-02,151.14163082359613,151.89734440415708,147.1408229488539,148.38551330566406,19898080
2023-02-03,150.07325651862737,151.8522376263726,148.29427541088214,151.0311737060547,11730514
2023-02-06,150.07326819179815,152.2171775913438,149.66273619970673,151.48733520507812,7588936
2023-02-07,151.89785106387694,152.99260756670697,149.89079515525788,150.75747680664062,8699758
2023-02-08,151.07680070253366,151.21364005742836,149.7083514712447,150.98556518554688,8839686
2023-02-09,151.39607841415045,152.03468519218367,150.21008644318377,151.4416961669922,5507650
2023-02-10,150.62065446442276,151.25926133643725,149.70835495566328,150.5294189453125,9468345
2023-02-13,150.62063228672216,153.44875199510673,150.34693969027626,153.12945556640625,9829152
2023-02-14,153.722450718615,153.722450718615,150.39256343745436,151.48731994628906,12916373
2023-02-15,151.44170392630355,151.89785363692496,149.79956218394963,151.25924682617188,11855678
2023-02-16,151.4417193538513,152.99262574383985,151.07680511641374,152.71893310546875,7923121
2023-02-17,152.3540181552801,154.7716062883122,151.85225064071142,153.3119354248047,10182025
2023-02-20,152.9926374717868,155.0909292993662,152.5821054430529,153.1750946044922,6679716
2023-02-21,154.22422282880206,158.96817712384728,154.22422282880206,158.05587768554688,26883881
2023-02-22,157.78220447892312,158.010279366554,153.72247426321078,155.5470733642578,12225021
2023-02-23,155.95760925506679,156.59621617219207,154.1786278714368,154.72601318359375,11184381
2023-02-24,155.3189797652395,156.1856614497098,154.5435196724802,156.00320434570312,8338893
2023-02-27,156.1400668145421,158.28397638569547,155.54707765856529,157.2804412841797,17669762
2023-02-28,157.64536511457916,157.82782224056658,154.9540842246521,155.5470733642578,19044910
2023-03-01,155.95757795503047,157.87341224249312,155.0452785649214,157.14356994628906,9318790
2023-03-02,157.09795333328617,157.09795333328617,155.31897229377384,155.82073974609375,7725981
2023-03-03,156.91550538681204,159.65240373658204,156.4593556618504,157.462890625,12962719
2023-03-06,157.73656431127964,161.93314721581046,157.55410721120967,161.29454040527344,12402804
2023-03-08,160.29099775559305,163.4384278221422,160.0629229113419,163.1647491455078,22099710
2023-03-09,162.75419534355277,166.22093559103703,162.38928117879993,163.7121124267578,18874546
2023-03-10,162.38930873422373,165.1262071960365,162.20685162088662,164.89813232421875,12399692
2023-03-13,165.39988542645006,165.62796027841136,163.71212595370275,163.94020080566406,13669178
2023-03-14,162.98228976713955,165.1261990243638,161.65945836017735,162.29806518554688,9217542
2023-03-15,163.7121517834797,163.80338730689266,162.1612453295646,162.57177734375,8548173
2023-03-16,162.57175620586682,164.21389796968054,161.4313819144107,163.84898376464844,9405016
2023-03-17,165.76480351462854,165.76480351462854,160.4734640407333,161.43138122558594,47276890
2023-03-20,161.9787795381496,161.9787795381496,159.60679526216833,160.56471252441406,5627841
2023-03-21,161.3401472061502,161.97875397332862,159.9260804155943,161.56822204589844,12894327
2023-03-22,162.20683254259643,162.20683254259643,158.55763502272063,159.0594024658203,7893205
2023-03-23,158.78572335899403,160.42786516658003,158.46641298064108,159.28749084472656,5759884
2023-03-24,159.83487170460958,159.83487170460958,157.2348264479835,157.5541229248047,4977283
2023-03-27,157.50849110022676,158.6944831439382,155.72950999495183,156.2312774658203,12077986
2023-03-28,156.32249258318103,157.82778087882107,155.5470326002254,156.9154815673828,8750986
2023-03-29,157.50848727644654,160.0173106492984,156.64180562266912,158.74009704589844,20272070
2023-03-31,159.46994446957606,161.7050753074807,159.287487366181,159.74363708496094,8125121
2023-04-03,160.1998071696522,162.48055605349924,160.0629538842695,162.2068634033203,9098662
2023-04-05,162.66300742802875,162.66300742802875,159.7892555836507,160.47348022460938,10829323
2023-04-06,160.9296259990655,161.11209703527015,159.5155729125787,159.83486938476562,7159274
2023-04-10,160.42788976708917,162.3893283332162,159.83488667644144,162.0244140625,10968456
2023-04-11,162.4805450439453,163.98583363705262,161.0664780476589,162.4805450439453,9208605
2023-04-12,162.3893039535973,162.66299657583835,159.92609819459796,160.3822479248047,7591360
2023-04-13,160.5647090359276,160.65594455247762,157.18920373235756,157.87342834472656,9944382
2023-04-17,157.2348370099041,158.6945079746781,154.40670276473773,154.72601318359375,17401126
2023-04-18,155.09090865054003,155.7751332475277,154.17860918788978,155.18214416503906,16199789
2023-04-19,153.95052465668638,155.0452811590171,152.17154360032598,152.4452362060547,16314641
2023-04-20,152.4452447315488,155.27336469401695,152.17155211051383,154.8172149658203,15498083
2023-04-21,154.77159720888366,155.04528982991863,153.63122288839207,154.8172149658203,6672391
2023-04-24,153.72246484743576,156.2312884577055,153.44877221492558,155.9575958251953,8088991
2023-04-25,156.27687846913454,157.32601713346273,155.41019688722216,156.09442138671875,9175412
2023-04-26,156.0944453860809,156.6418167174861,154.63476066116326,154.95407104492188,9032416
2023-04-27,155.09091408940105,156.32252397540407,153.99615747994594,155.9575958251953,9054900
2023-04-28,156.82427656784014,157.37166182939396,154.7259988799166,156.91551208496094,21552892
2023-05-02,157.50850390881158,160.5647128176083,157.41728231069845,160.19979858398438,8893428
2023-05-03,160.19979333825668,162.98229559984412,159.7436436008705,160.88401794433594,11194149
2023-05-04,160.97525480690285,161.88755436820077,159.46996609899588,160.884033203125,4671155
2023-05-05,160.8839890281436,160.9295928572175,157.8277807687242,158.96815490722656,5958697
2023-05-08,159.46993985033913,161.9787632309576,159.19624724288207,161.52261352539062,6287186
2023-05-09,161.65948450669848,162.98231612761316,159.8348853273439,160.56472778320312,7918748
2023-05-10,160.56469635958308,161.79630613284766,159.6067791937755,161.52261352539062,6231734
2023-05-11,162.02440912635817,164.21392252512516,161.43140605377653,163.8033905029297,12125975
2023-05-12,163.3928319574007,163.52967130239065,159.196249050305,159.60678100585938,8920297
2023-05-15,158.7401075651421,161.24893110424637,158.6032682130614,160.5190887451172,7980565
2023-05-16,161.3857752178673,162.38931023135146,160.1085614921471,161.88754272460938,7874923
2023-05-17,161.8875440196174,162.25247217316064,159.69803078070055,160.56471252441406,6639494
2023-05-18,161.47698502372998,162.11559178490492,159.33307598201776,159.74362182617188,6921939
2023-05-19,159.652392376452,159.97170272943848,157.78217585306822,158.1014862060547,6657753
2023-05-22,158.10150223835902,161.52262527905955,157.96464896437982,158.8313446044922,13339834
2023-05-23,159.60678018376194,160.24538699139995,157.64534200589145,158.87693786621094,8359389
2023-05-24,158.74012969142356,159.92612195024702,158.23836212954592,159.6068115234375,8507023
2023-05-25,159.60675992868457,160.15414507752735,158.19269322799278,159.19622802734375,7986243
2023-05-26,159.65240828287295,161.70508210365273,158.83134432279513,159.19625854492188,6926193
2023-05-29,159.6067843519711,162.2068433259658,159.46994500411233,160.83839416503906,9943211
2023-05-30,161.477043333493,162.38934301334325,160.19982934993803,161.29458618164062,9727639
2023-05-31,161.4770093020243,161.4770093020243,156.86989410561782,158.603271484375,41785992
2023-06-01,158.3752281637029,159.37874944761157,156.77870374237762,159.1050567626953,11602551
2023-06-02,160.47344755730083,160.47344755730083,158.19269921839327,159.24185180664062,7262018
2023-06-05,160.38225093215937,160.74716515493333,158.32957710773906,158.8313446044922,12239684
2023-06-06,159.19623960440586,160.33661381360648,158.32955798953012,160.01730346679688,4889564
2023-06-07,160.51911313965655,162.38933011896432,160.01734557146366,161.7963409423828,6270083
2023-06-08,163.07351567942175,168.1823978227869,162.48052664518474,166.0841064453125,27382635
2023-06-09,167.86311297154813,168.09118785330296,164.7156823874488,166.7683563232422,10235269
2023-06-12,166.76833868454776,170.09822603773938,166.63148541761788,169.41400146484375,17450400
2023-06-13,169.68770038736824,170.28068947102554,168.77540092292003,169.09471130371094,8332566
2023-06-14,169.0946946944469,171.87719665123566,169.0946946944469,170.78244018554688,15061573
2023-06-15,170.59998654741983,170.8736791495271,169.09469811670562,170.3262939453125,9840499
2023-06-16,170.50878620239695,172.15092823310147,169.73333991052735,171.6947784423828,8562558
2023-06-19,171.6947528888929,171.6947528888929,168.9578545519161,169.5508575439453,5363723
2023-06-20,169.68768798828123,171.51228678385417,168.3648566456077,171.05613708496094,6035600
2023-06-21,171.05616760253906,172.150924291078,170.1438680419922,171.05616760253906,5906854
2023-06-22,171.05617368124365,171.4667057139612,167.27013593866693,168.31927490234375,6683123
2023-06-23,168.36485581794744,171.05613624407067,167.63501351918927,170.3262939453125,15255365
2023-06-26,170.96490689054724,170.96490689054724,168.27362636754887,168.6841583251953,7231775
2023-06-27,168.68418454684226,170.55440144526955,168.59296294239866,169.73333740234375,6787438
2023-06-28,169.73332240256184,173.8842878540475,169.04909778706153,172.51583862304688,32476741
2023-06-30,171.6035286182428,174.84218046331438,171.51229310686702,172.56143188476562,9579059
2023-07-03,173.33692044526143,175.7089049248524,172.15092820546596,174.477294921875,7352149
2023-07-04,174.34044224717013,177.71594765620873,172.42460770444202,177.03172302246094,13258826
2023-07-05,176.98607536832145,177.67029988649796,175.48078699656654,176.43869018554688,6558910
2023-07-06,176.52994557711492,179.8598330391469,175.84572098185478,179.4949188232422,16276609
2023-07-07,179.49489908046388,180.40719844046626,175.29831645621965,175.7088623046875,12652336
2023-07-10,175.75446699346907,176.39308768505242,173.15442215713065,174.75094604492188,10238356
2023-07-11,175.7544878320222,176.02818045792526,174.0667421600262,175.5264129638672,11236383
2023-07-12,176.75800710541336,177.67030649692515,173.56495923512202,174.0667266845703,9191559
2023-07-13,174.97904259940694,174.97904259940694,170.55438456451924,171.4210662841797,10612659
2023-07-14,171.46667828797558,171.83160641914446,168.5473228415488,171.01052856445312,12369394
2023-07-17,171.92284113671582,172.3789908950624,169.50525298571318,170.14385986328125,9058800
2023-07-18,170.6000011402351,172.56143943537802,169.9613942944154,170.9193115234375,7177677
2023-07-19,174.2491717817883,179.3580535907441,173.51932953471135,175.66323852539062,31761232
2023-07-20,175.8000716113815,177.21413830475086,175.0246255618827,175.98252868652344,8936996
2023-07-21,175.89134763320843,179.13001366532492,175.2527407627905,177.98963928222656,11031250
2023-07-24,178.3545377022958,179.72298684067658,176.02817138293156,178.71945190429688,9981788
2023-07-25,179.26684965046613,183.69150774187975,178.71946438864273,183.05288696289062,18028061
2023-07-26,183.82835066270525,184.42133977402804,182.45990140218882,183.91958618164062,13857423
2023-07-27,184.0564192317413,185.19679357642372,183.0072804028676,184.23887634277344,16013422
2023-07-28,184.1476507447128,191.9934177132324,182.0037414550781,191.5828857421875,39630520
2023-07-31,193.58995685608983,199.74797866368365,191.2635902779928,199.2006072998047,43494779
2023-08-01,200.29535188949723,206.77266978924447,199.6567450431257,205.4042205810547,63510580
2023-08-02,205.3129902453066,205.4042118362845,197.83213767647194,199.8848114013672,22647784
2023-08-03,199.88481966960097,203.99016728920913,198.8356669255722,200.797119140625,29868065
2023-08-04,202.25678578787247,202.7129355140159,198.51636638584745,198.83566284179688,12879897
2023-08-07,200.43218688329884,201.93748933192305,198.56197022199385,198.83566284179688,12929354
2023-08-08,200.9795569469255,201.07077853291509,195.23206804739476,198.47073364257812,15314866
2023-08-09,199.2918225864004,200.4321969590859,197.46722359010363,199.5198974609375,12554174
2023-08-10,199.9760345994962,201.48133702886784,197.51282889394273,198.33389282226562,10970619
2023-08-11,198.79640518578793,200.27651440257756,196.71500953957175,197.03878784179688,7970536
2023-08-14,197.31634064492687,197.96388323430165,195.928743332537,197.038818359375,9283695
2023-08-16,196.9925280013299,201.6178515708158,196.1599754049694,201.1553192138672,9687712
2023-08-17,203.00547013502796,203.3292484653192,199.02768862104585,199.58273315429688,11865239
2023-08-18,199.6290106223261,200.4153073274754,197.316348344763,199.0277099609375,14101163
2023-08-21,200.9240655243053,203.0979733832351,199.53646836721023,202.4041748046875,13336739
2023-08-22,202.82046229451308,205.64191282567475,202.4504420117312,205.0868682861328,16930149
2023-08-23,206.1969432498477,206.1969432498477,204.48558179776987,205.0868682861328,13507905
2023-08-24,205.36438650549627,205.73440678098032,203.1904785697636,204.30056762695312,11182959
2023-08-25,205.22562666277346,205.22562666277346,200.9240669754893,201.5716094970703,7413549
2023-08-28,201.57163653935987,202.8667358716371,200.9240939309064,202.3116912841797,4851793
2023-08-29,202.7741982713355,205.13311629874653,201.8953895476953,204.5318298339844,8799235
2023-08-30,205.36437130810333,205.36437130810333,203.28297565295364,203.8842620849609,5490930
2023-08-31,205.04063828166758,205.04063828166758,202.35795560211923,203.79180908203125,18532999
2023-09-01,201.5253853482542,214.2912691208613,199.9527637943401,213.41246032714844,29859815
2023-09-04,216.187652965569,218.77783737276013,213.22744826393745,218.1302947998047,21895573
2023-09-05,219.147855742912,219.147855742912,214.337521380578,217.0202178955078,13952922
2023-09-06,217.85277640221295,218.17655475214332,211.28481019362047,214.5225372314453,14623019
2023-09-07,215.54010128289846,220.16542534476324,212.16362036388472,216.55767822265625,30334731
2023-09-08,218.3153006308533,225.34579900918098,217.3902357976717,222.246826171875,28856420
2023-09-11,225.34580268781323,225.62331085000253,220.304187972377,224.88327026367188,22493483
2023-09-12,225.9008553036814,226.5946540080019,216.55770788805444,217.48277282714844,21174310
2023-09-13,218.40781308903965,220.58170698106673,215.67886053475135,219.37911987304688,9151928
2023-09-14,220.11917114257807,221.2755021678232,218.269041502186,220.11917114257807,7568464
2023-09-15,217.9452747593153,221.3680117313125,217.9452747593153,218.50030517578125,14098284
2023-09-18,219.2403712896138,224.0044496609407,218.3615624978137,223.12564086914065,11163399
2023-09-20,223.40317895962264,227.56597111414976,222.33935994405837,223.6344451904297,18936709
2023-09-21,222.06181217447977,224.6982384340712,219.33287378702803,221.0442352294922,10134737
2023-09-22,220.72047174492693,221.36801429599038,218.3152975662696,220.11917114257812,7209300
2023-09-25,221.2292400634681,222.24681698404822,219.3791104735905,221.6917724609375,8027642
2023-09-26,221.78431564806624,224.9757868145055,221.13677302399273,222.20059204101562,10681642
2023-09-27,221.92304189043165,222.47808642162272,220.02667032549456,221.36801147460935,9679279
2023-09-28,221.6455238138258,223.12561897176803,217.9915066919723,219.28660583496094,32887087
2023-09-29,221.59929932796936,232.6538220454234,221.55304325995587,227.14968872070312,35038887
2023-10-03,226.03960364031292,228.2134975868321,222.52435435774308,223.12564086914062,14885044
2023-10-04,222.9406266648238,222.9406266648238,214.15251067596145,217.52899169921875,25424437
2023-10-05,219.4716153090053,219.6103693774897,214.6612813581829,216.32640075683597,22472389
2023-10-06,216.69646061525535,219.70292164833788,216.14141600915337,217.8990478515625,8825123
2023-10-09,216.32640482088544,218.5928107127064,213.2274321564128,217.1127014160156,10659145
2023-10-10,217.29771353028937,219.1016011631293,216.23389466791014,218.2227783203125,11665907
2023-10-11,218.5465519003713,221.73802253362055,218.31528570788413,220.81295776367188,14313043
2023-10-12,221.0442362578924,224.55948540240445,220.72047203961287,223.49566650390625,13170027
2023-10-13,222.5243443043671,225.53080495626568,221.64553555227053,223.9119415283203,11880728
2023-10-16,224.65198559705718,226.64086921133588,222.94061012217122,225.20701599121094,6936948
2023-10-17,226.50210584058726,228.6759994969821,225.06825267934187,227.51966857910156,10084205
2023-10-18,227.47342387766747,228.30599064933432,223.495656613832,223.8656768798828,6987265
2023-10-19,222.20056684263196,223.68067620012476,220.62795947240141,221.5530242919922,11485237
2023-10-20,221.04422716397977,224.0044316477007,219.7491421134045,222.94061279296875,9040953
2023-10-23,222.755606823734,222.8481048345796,217.39022815679056,218.82408142089844,7058625
2023-10-25,218.31528846475672,218.5928107223195,211.2385485314321,214.66128540039065,23949207
2023-10-26,213.55121920240788,215.8176251868404,210.68351261615024,214.291259765625,17410264
2023-10-27,214.6150421732024,220.5817075484783,214.6150421732024,218.870346069336,10519462
2023-10-30,219.65662878566965,220.53543750198665,213.36618547011565,217.02020263671875,8812268
2023-10-31,216.9276924951543,219.42536459633183,216.04888377080624,218.1302795410156,6583581
2023-11-01,218.96284713685048,218.96284713685048,214.70755729675375,215.1700897216797,6718059
2023-11-02,216.65016963205218,218.03776680832325,216.23389330224452,217.62149047851562,6057787
2023-11-03,217.90171511626585,219.7230081892848,217.90171511626585,218.8824157714844,6825146
2023-11-06,219.8164025581817,221.5442900521574,219.06920141812472,220.2834014892578,5338605
2023-11-07,220.7037150206285,223.73920831116368,219.67631159085337,223.3656005859375,7002346
2023-11-08,224.0193565884224,225.00004278321464,220.37675696607235,221.07725524902344,9777991
2023-11-09,221.5442679087524,223.87926233074955,220.42347343652878,222.24476623535156,13987058
2023-11-10,222.1513827820256,227.19496520933237,220.2366844386622,226.72796630859375,9589671
2023-11-13,228.7827779568776,234.0598745322181,227.24168715486647,229.4832763671875,18792969
2023-11-15,232.5187364571752,232.5187364571752,229.7167432138632,230.97764587402344,10965645
2023-11-16,232.3786561465902,237.46894132063048,231.3045501225516,235.69435119628903,22145147
2023-11-17,236.30145726283774,236.3948627489876,234.43346155325008,234.99386596679688,5618928
2023-11-20,234.43346083128765,238.54304567905407,233.77966518528063,234.48016357421875,6283832
2023-11-21,235.9278506713733,236.11464738158512,230.97765946654604,233.49945068359375,6851869
2023-11-22,234.2466686980665,237.23545903239122,232.89237463660268,236.90855407714844,5275418
2023-11-23,237.23542932044387,238.8232226506001,235.0872316376797,236.06793212890625,8200025
2023-11-24,236.58163869592974,239.89733363963964,236.30143651376025,237.14202880859375,7149443
2023-11-28,238.02935513708755,241.25163058189068,236.9085463281592,240.55113220214844,6151585
2023-11-29,242.4191082072556,242.4191082072556,239.1968330239653,241.3450164794922,8637363
2023-11-30,240.92476454822582,244.38053960222655,239.10345728087782,244.0536346435547,21687673
2023-12-01,245.034353908434,257.2697320563001,244.4739494697237,251.19874572753903,29121320
2023-12-04,257.7834064770564,260.58540002572005,255.21491239078136,256.66259765625,20464526
2023-12-05,257.0362028419644,267.6370549406324,254.79458534648788,266.60968017578125,18883076
2023-12-06,268.9913624724992,269.2248619190899,260.5386939072556,262.5467834472656,13415314
2023-12-07,263.24732463776456,269.22490574283205,262.7336086696334,265.068603515625,25133786
2023-12-08,267.5436424826128,272.6339126537517,262.4533438081272,266.23602294921875,20815064
2023-12-11,267.1700880734332,269.4583943313145,265.628997238067,268.33758544921875,8071675
2023-12-12,268.4776850842147,269.5517768778401,262.3132937641081,264.6949768066406,8640883
2023-12-13,265.95586107729497,275.4359326020317,265.7223616382455,274.6420288085937,23629670
2023-12-14,278.0978239489024,278.7983222460029,274.2217390722826,275.9029235839844,24900443
2023-12-15,278.3313776810782,286.73735888621144,275.5293839460338,284.9627685546875,28843558
2023-12-18,285.80335407495204,286.3170415126342,281.8338630461333,283.18817138671875,13307504
2023-12-19,284.8693184354855,291.8743016757024,282.5343240220799,289.21240234375,15650536
2023-12-20,291.87436144029846,292.6682654040872,275.669491192462,278.0044860839844,23497233
2023-12-21,276.2766106490538,283.1415019889087,273.84823853175726,282.0207214355469,17868637
2023-12-22,283.93532288868846,288.5586232646962,279.82573838965374,282.81451416015625,15207726
2023-12-26,286.2236534307481,290.1931443056868,284.49575170216303,289.1657409667969,9917180
2023-12-27,291.0337418999541,291.6408348145901,283.51504194683764,285.8500366210937,12630732
2023-12-28,288.698737067715,294.6763175228165,287.4378342873115,293.1819152832031,37591916
2023-12-29,293.6022384467633,293.6022384467633,287.8114402058299,290.6134338378906,12682889
2024-01-01,291.4072502080811,292.62143568261024,287.484448900096,289.3057556152344,8024960
2024-01-02,290.2865230464224,290.2865230464224,282.11404178381645,285.8033447265625,13506040
2024-01-03,286.9241100215502,287.671296793701,283.2814961231072,285.9901123046875,14259987
2024-01-04,290.3798875080192,300.5137685426042,288.2317041381139,296.1706848144531,40057506
2024-01-05,301.58789382571854,304.156387860087,292.0611330547994,294.1626281738281,27456415
2024-01-08,295.5635986328125,297.3381886526034,291.9677016038406,295.5635986328125,10136462
2024-01-09,296.87122277127315,300.2336207370189,295.19000953672406,298.64581298828125,12229517
2024-01-10,298.5523875601216,298.6457930396939,287.67131901868873,292.668212890625,14455000
2024-01-11,294.162668237948,296.3575406362986,291.73426784676985,292.2479553222656,10316319
2024-01-12,294.3960850046828,294.48946197154885,289.25909767975133,292.0143737792969,12341629
2024-01-15,294.11586366177767,297.01126216976235,289.1656873602872,296.3574523925781,9706124
2024-01-16,296.3107948364454,296.3107948364454,289.67940491721345,290.9403076171875,10162832
2024-01-17,289.3058084435324,293.36870443227133,286.8307200606661,288.885498046875,13502940
2024-01-18,288.55866536808657,290.7535376514102,276.977068494558,279.5455627441406,32481018
2024-01-19,283.748561598938,289.0256727408306,281.78718873572143,288.0916748046875,28651237
2024-01-23,292.761597037585,294.4894700186901,280.4795042042263,282.6277160644531,21652362
2024-01-24,282.9546289524101,290.1931114941523,278.564828138659,288.4652099609375,23922028
2024-01-25,289.53934018814533,296.2641362648241,288.7921532922268,293.975830078125,32525422
2024-01-29,296.8244822870547,304.2497760194921,295.28339165485545,303.12896728515625,24694773
2024-01-30,300.607250459281,302.5686518846471,293.7423597221773,294.6296691894531,20918448
2024-01-31,297.5249978452452,298.8793061023622,291.96772784941544,296.5443115234375,20931224
2024-02-01,298.92597687062204,305.37058432906383,296.1707005328499,300.7472839355469,24020951
2024-02-02,302.61530890213817,311.6750996132038,301.774716522525,310.5542907714844,32346639
2024-02-05,315.69127724824244,318.53995932502903,311.0679764315795,313.91668701171875,19651482
2024-02-06,316.887511042304,316.887511042304,310.2856878955893,315.1899108886719,12024661
2024-02-07,318.67940596223247,318.67940596223247,310.8986863804681,311.88897705078125,8080437
2024-02-08,314.9541321328193,316.18017349275766,309.342570934003,312.0776062011719,17754869
2024-02-09,314.0110290489558,315.9444086939688,301.4204028267584,306.4189147949219,18304439
2024-02-12,307.5977705725481,308.11650247279147,296.61045732157885,298.1665954589844,11714289
2024-02-13,300.4300773446933,305.5229350265288,297.93082164922237,303.2594299316406,15426888
2024-02-14,302.6463895222263,310.6157436341547,300.24145149310095,309.342529296875,14085723
2024-02-15,312.171916739591,321.508774958249,311.3702610460115,319.95263671875,21973316
2024-02-16,322.45186519031887,323.4421558272422,317.6419602183447,318.5379333496094,20307449
2024-02-19,321.0372173467576,322.45189371178293,318.30218213070805,319.4810791015625,8496898
2024-02-20,321.2258610738862,326.7902491706758,318.58511451865945,326.0357666015625,19340526
2024-02-21,327.2617869716911,328.2520488778162,315.66145272138294,316.9818115234375,17751633
2024-02-22,319.7168620253103,320.89575900917947,311.79468005004264,320.2355651855469,16083122
2024-02-23,320.6599784303294,320.6599784303294,315.8029286310264,318.5379638671875,9665454
2024-02-26,318.7737561849846,319.24531499590915,315.51998887693907,318.3965148925781,7711995
2024-02-27,316.9818115234375,318.77372909634465,315.0955764400272,316.9818115234375,8882923
2024-02-28,316.60456957361873,317.3590520926745,312.926388143648,314.341064453125,12977628
2024-02-29,314.34106628342363,316.88749516797446,311.7946661805361,316.51025390625,13149469
2024-03-01,316.51025362125716,324.76253213382597,315.9443773383484,323.96087646484375,13027254
2024-03-04,328.20486423537403,337.91896221013644,326.08285002695567,333.72210693359375,38075510
2024-03-05,334.71237696076054,339.4751373481601,333.4391626480236,337.871826171875,15918221
2024-03-06,339.0036185177219,339.0036185177219,325.3755582605216,331.93023681640625,13120921
2024-03-07,331.97735010038224,333.7692675406146,329.8081914277317,332.1659851074219,9172926
2024-03-11,332.2131390952483,333.0619390882012,326.9788484873209,328.1577453613281,10664917
2024-03-12,328.2049024995468,329.5724344392935,323.06490041612716,325.1397705078125,9637912
2024-03-13,324.2909274676252,324.9039480283279,301.3260127577671,304.1553649902344,23722232
2024-03-14,302.78787760778266,308.3522941724707,298.49670427229967,303.5423889160156,20859127
2024-03-15,304.2968149978993,307.5034083135168,288.3581371318956,298.3080139160156,43285007
2024-03-18,299.0626273563515,304.53269848411355,297.03493006493983,299.1097717285156,13690352
2024-03-19,296.4218050352715,299.8170336346599,292.460728987369,295.62017822265625,13388060
2024-03-20,298.02510857748774,299.3926403668522,290.76309283682804,295.80877685546875,10026655
2024-03-21,299.204023061899,307.78639795885636,298.96824368990383,306.51318359375,23370426
2024-03-22,306.04162541272734,308.6351985094454,302.8821760658476,306.27740478515625,14709219
2024-03-26,301.8919168827667,311.5116980938996,301.8919168827667,310.3799743652344,11208959
2024-03-27,313.1150342416239,315.09558690129234,307.7392525627617,312.73779296875,45209520
2024-03-28,313.0206999576888,320.6599576461804,311.5117061653743,316.6988525390625,19868037
2024-04-01,319.7168625773023,324.8096918000769,317.0289716931071,322.8763122558594,8580656
2024-04-02,323.48932008639093,325.9414314760316,321.3673055960283,325.1869201660156,9745257
2024-04-03,324.76254450171075,333.95794090876007,322.54621243188393,331.2700500488281,21679943
2024-04-04,334.8067204243015,342.06873685884574,332.5903884905123,334.47662353515625,28962927
2024-04-05,336.127097486303,337.82472638784014,331.55297149785235,334.38232421875,11208130
2024-04-08,335.37258916712807,345.18100542280996,333.1562572830809,342.8232116699219,11447140
2024-04-09,344.2379073569061,346.02982495393803,339.85241648526727,342.2573547363281,10010148
2024-04-10,343.3891208560097,347.3973706202877,340.7955474791239,341.880126953125,12886638
2024-04-12,341.8801287247052,353.19753988248857,340.46545232998227,341.17279052734375,30924494
2024-04-15,335.27829458661336,345.18102902588043,332.73186564670766,340.6069030761719,18126999
2024-04-16,340.46542759777856,341.3614007620168,334.42948117509235,338.8149719238281,15328939
2024-04-18,339.09790183757383,340.70121317695424,329.3366582708451,331.1757202148437,22966560
2024-04-19,323.58359468980717,332.3545752409186,323.489277190854,330.60980224609375,12867942
2024-04-22,334.8067482563196,334.8067482563196,322.451901930528,323.39501953125,37382916
2024-04-23,326.31864940967847,328.8179049855301,324.4324144419925,327.4032287597656,14651106
2024-04-24,329.9024742662656,333.0619234970386,327.54468062862315,331.6472473144531,11132307
2024-04-25,331.0342769653634,340.0882116643388,329.2423592851318,338.7678527832031,19865014
2024-04-26,340.18248048417394,340.8426454394083,334.8066994313443,335.74981689453125,10986589
2024-04-29,339.23937780128347,342.96467467418233,336.6458046645203,342.3516540527344,13652173
2024-04-30,344.19076947198084,344.6623282580602,338.8621321639529,342.5403137207031,14566548
2024-05-02,342.5403109082678,351.405610257438,342.5403109082678,348.0575256347656,27892188
2024-05-03,351.12262529630823,358.76188261899205,339.8523887112432,344.19073486328125,26844664
2024-05-06,346.87859518536254,347.86888580137645,334.24082679880854,336.5043029785156,15319437
2024-05-07,337.8718652835294,338.0605003078675,327.1203308745244,329.28948974609375,10028071
2024-05-08,325.56415574210763,338.1076063333009,325.56415574210763,335.2311096191406,9595776
2024-05-09,336.2213726058406,337.63604878791284,325.2340600147448,326.36578369140625,9043486
2024-05-10,327.8747814103867,336.07991488004933,327.7804639074223,335.27825927734375,11699095
2024-05-13,335.27825696009955,335.74981569000124,326.7901998218692,330.9399108886719,10691781
2024-05-14,330.6098209760175,336.92871960228683,330.37404160610686,335.5611877441406,10891985
2024-05-15,337.1644937126696,342.82319850225286,336.3628381111464,340.7955017089844,8538183
2024-05-16,343.15333850455954,343.15333850455954,332.96765133400567,340.8898620605469,13114162
2024-05-17,341.83297032475053,345.6525849210351,339.85241769711035,344.6623229980469,8509179
2024-05-21,346.1241039153068,352.82024356209854,344.5679658801941,350.8396911621094,10939593
2024-05-22,353.6690826041481,355.88541461146684,349.51937112459217,352.5845031738281,14001806
2024-05-23,353.7162541356875,354.234986099012,348.4819628238015,351.1226806640625,15370357
2024-05-24,351.7828270890928,356.639876452087,347.72743335649454,353.6219177246094,13317821
2024-05-27,358.3374788434164,358.85618191696625,347.06721404847195,348.62335205078125,21891930
2024-05-28,351.4056006123417,352.01862125605305,343.38910153484284,344.6151428222656,10200096
2024-05-29,340.9369563847234,345.5110817495365,339.5222802171519,343.8606262207031,18146672
2024-05-30,343.2947427810277,344.0492252085419,336.8343826619209,339.2393493652344,14425073
2024-05-31,342.7760776344811,345.7940364601038,335.27828176174324,338.5791931152344,30515612
2024-06-03,363.1002401993628,370.83381526952064,352.20724450604683,369.513427734375,39261174
2024-06-04,369.6077572245784,369.6077572245784,296.09176243855705,312.4076843261719,84042244
2024-06-05,320.6599708176778,322.78198533044184,297.3649555426692,321.60308837890625,46418629
2024-06-06,328.01622568871335,339.2864903197108,325.3755084372487,329.8553161621094,33171039
2024-06-07,331.9773492885706,341.40852398426864,327.9219556820849,340.0881652832031,23930193
2024-06-10,344.2379027155794,349.04780793451334,341.21991506951724,344.1435852050781,16072588
2024-06-11,347.7745570777151,350.79254440773155,344.1435491661309,346.5013427734375,11235777
2024-06-12,348.5290488253484,352.7259330710778,344.615117089047,350.17950439453125,12134524
2024-06-13,354.98943234903857,354.98943234903857,347.020106493726,348.9063415527344,11243702
2024-06-14,348.95348937372086,349.7551450380742,345.2753367285467,347.4916687011719,10298434
2024-06-18,350.6510487678303,351.07546312376,347.7274077617716,348.62335205078125,10228382
2024-06-19,348.76481159482535,349.8022465167015,340.984092853244,341.88006591796875,8337334
2024-06-20,341.8800948847965,344.1435711359772,336.7400929800706,337.30596923828125,14338604
2024-06-21,339.4752003857772,342.30455325872987,336.45721247529457,339.3337097167969,17931844
2024-06-24,337.2588258453874,343.9077927489077,335.3254176894142,342.1158752441406,9335598
2024-06-25,343.5305685318571,343.95498294318924,337.4003044400052,340.323974609375,14983828
2024-06-26,342.3517154967439,346.0298686672349,339.1922655340355,344.2850952148437,15918394
2024-06-27,344.28504926072765,359.4221031696736,343.3891048594484,355.69677734375,55378829
2024-06-28,356.4512804744375,367.3442763873802,355.2723835669042,356.8285217285156,25141039
2024-07-01,360.03512294684174,360.2709023331854,346.8786216761975,348.71771240234375,23389211
2024-07-02,351.405589023142,351.405589023142,344.3793520801558,349.3307189941406,13702830
2024-07-03,349.47217577837915,352.9617220177389,347.68025829667886,351.4527282714844,9207317
2024-07-04,352.6316316223521,359.1863098367604,350.6039347299438,351.7356872558594,14916930
2024-07-05,353.05601122699767,359.56351565564665,349.89656211998664,358.19598388671875,15946104
2024-07-08,359.186299499473,359.56354073670053,354.7536358124806,355.9797058105469,8898299
2024-07-09,357.6301731922982,358.62043507036003,353.71621247980977,355.6024475097656,8355819
2024-07-10,357.2528754670758,361.9684626764177,348.9534534912982,359.7049865722656,17715196
2024-07-11,360.648108154593,361.4969081056872,353.29180353622894,355.64959716796875,19873143
2024-07-12,357.3944061985366,357.81879182598567,350.8397277296321,355.69677734375,16151583
2024-07-15,357.0642899970516,366.8255618439583,355.4609787400413,363.7132568359375,22951140
2024-07-16,364.6563625348744,366.63691497014497,358.384637141235,358.8090515136719,11893034
2024-07-18,361.1196836276383,361.1196836276383,352.91457867767343,356.2626342773437,15709153
2024-07-19,356.2626835835513,356.4984629902909,342.2573810668852,343.9078369140625,13330099
2024-07-22,344.00214601488636,355.7911160633746,341.7386695219096,352.2544250488281,18715538
2024-07-23,355.2723866778607,363.71327134071447,340.98413300811103,360.6953125,49882257
2024-07-24,362.25144541100974,372.5314206289964,359.9879691179509,370.2679443359375,36868466
2024-07-25,368.711843025749,373.7574992396927,364.2791787234384,369.8435668945313,25973101
2024-07-26,372.4842911283858,376.7754645055836,367.53292394777424,373.7574768066406,20381410
2024-07-29,381.0195121138672,385.0749062994428,370.3151215493847,371.4940185546875,27751449
2024-07-30,374.41766568393496,389.2246226657131,374.41766568393496,383.80169677734375,34447139
2024-07-31,386.20661973953247,393.65724230051944,385.3106465937722,392.3368835449219,29727771
2024-08-01,396.0150441694004,400.2119286808022,391.95965031249983,399.3631286621094,28803487
2024-08-02,392.57267947891074,402.05099932663705,389.83764434518014,395.8264465332031,24233263
2024-08-05,384.4618226575603,392.0067622560176,381.63247030813875,389.7432861328125,42489503
2024-08-06,389.74331266104457,400.77779908752495,389.74331266104457,391.3937683105469,18230579
2024-08-07,400.1864316189975,400.1864316189975,394.4830620472303,395.7187805175781,15556736
2024-08-08,395.766359031384,396.38421831812144,385.7379159587989,387.54400634765625,16447385
2024-08-09,393.3424079941819,395.7663576613858,388.01928584178745,390.34814453125,10954753
2024-08-12,389.7302873463853,389.7302873463853,380.3197325512528,381.03265380859375,26254763
2024-08-13,383.07635664187103,384.5021991603892,375.47186320977437,376.612548828125,11355664
2024-08-14,379.17904762897825,380.22467127675736,374.1885988184708,376.755126953125,9424614
2024-08-16,378.3710632324219,381.1277152977386,373.8558952749522,378.3710632324219,13844122
2024-08-19,382.4109504905436,387.35388280720224,381.6029962733553,383.1714172363281,10677045
2024-08-20,384.54971348285216,388.01928679884855,383.1714164613233,386.1656799316406,10126083
2024-08-21,387.35391263025474,389.4451600811207,385.1676322115841,388.7322387695313,9726854
2024-08-22,389.5401940244839,389.7778344622755,382.363464406714,383.4090881347656,10445288
2024-08-23,383.4090581336238,385.8329788058934,379.7969063565307,382.0782775878906,11513586
2024-08-26,382.55355621448194,395.38613877690653,382.0782753788366,394.34051513671875,13772637
2024-08-27,394.9584055423767,395.62381036824735,388.8748161685225,389.3976135253906,8441188
2024-08-28,389.7778016614085,393.9127507327839,387.21130255454244,388.8272399902344,15884745
2024-08-29,388.82724016604055,392.2017515055384,383.7892749100759,389.6352233886719,19014705
2024-08-30,392.29681344649856,398.4754643114834,391.15612783711913,395.623779296875,22633988
2024-09-02,397.14465508496437,398.3804026642633,387.5440054017687,389.73028564453125,11107165
2024-09-03,390.2055667172164,391.2036448702043,385.54782032187273,386.3082580566406,7538160
2024-09-04,380.22463980632676,388.06677300233224,380.1295778446076,385.072509765625,11052003
2024-09-05,385.3102113566716,388.2094130920823,381.98324523001025,383.31402587890625,14246871
2024-09-06,383.3139960512665,384.6447765966076,373.28558196765846,375.28173828125,17956121
2024-09-09,371.8597411215917,373.33310012325234,366.25140399796385,370.57647705078125,12293356
2024-09-10,370.8141456211026,379.65435831984655,370.4814432058074,376.7076110839844,15852309
2024-09-11,379.2741100423236,379.5592669425787,368.3426507303268,370.3863525390625,11492592
2024-09-12,371.6696149026185,386.1656804454956,371.3369125146205,384.83489990234375,24028069
2024-09-13,384.8348998208472,387.1637585186597,379.6068106097692,381.5554504394531,12017217
2024-09-16,382.55358663272017,391.63143971182376,382.1258222430902,390.77593994140625,11479712
2024-09-17,391.48882901518476,397.00207508953594,389.8253460951326,395.71881103515625,14432501
2024-09-18,397.810028091794,398.9982300872892,392.5819393116151,393.6750793457031,10303840
2024-09-19,403.0381781045975,410.5000935717459,399.7587284952567,402.99066162109375,59601773
2024-09-20,406.8879415513522,408.5989700901204,395.9564815320058,402.99066162109375,36084164
2024-09-23,406.3651124847207,409.2167974846135,403.98870831814344,407.173095703125,14139629
2024-09-24,410.1198734639143,410.1198734639143,405.88986212627464,406.93548583984375,12539885
2024-09-25,406.9354841548269,415.39547778623347,404.6065963028318,414.53997802734375,19443168
2024-09-26,416.2984926026924,416.2984926026924,409.2643130777903,413.1141052246094,20041825
2024-09-27,414.44491528176303,420.6235665416976,412.068510951019,415.3004150390625,53885913
2024-09-30,415.3004146343217,426.27942003696455,412.1635725243334,421.2889709472656,20903229
2024-10-01,423.9505634657096,425.6140466183216,417.10650689142506,418.3422546386719,15984996
2024-10-03,410.64263898991896,420.6235364653684,410.64263898991896,413.8270263671875,13563784
2024-10-04,411.4982010663557,417.6293363342487,405.2244873289675,409.1693420410156,18347292
2024-10-07,409.31189331079815,411.5932356976541,388.8272702951361,394.910888671875,23431004
2024-10-08,393.5325613378291,406.5552688117241,390.9660330299151,400.1389770507813,18706355
2024-10-09,403.4658817938898,403.75103866969766,396.384186286672,397.76251220703125,13916492
2024-10-10,399.9013058607012,408.6464558125779,399.7111819233135,401.8024291992188,15866037
2024-10-11,402.9906919541179,405.5571914421868,398.8557422685773,401.61236572265625,8639087
2024-10-14,403.60848970286486,404.9392702352032,399.23590023189047,403.513427734375,8483177
2024-10-15,405.5571600380884,406.07998639970896,402.6104128461792,405.5096435546875,9365964
2024-10-16,404.2738960937552,408.1712050263934,400.42413265338416,403.27581787109375,6219440
2024-10-17,402.70547644828764,404.55908344988336,396.00402776653505,397.09716796875,11968387
2024-10-18,397.0496205304247,404.8917542954398,393.9602951078429,403.9411926269531,8828971
2024-10-21,404.9868172359335,407.55334553438075,398.38043055619164,403.9887390136719,9139781
2024-10-22,401.945039103548,405.22445971383,393.00976451502027,395.196044921875,14242323
2024-10-23,393.5325629220458,394.2454842316872,381.84066504746403,388.1143493652344,22522821
2024-10-24,389.0173941307117,394.7207646005572,386.6885062519879,391.536376953125,9400171
2024-10-25,382.6010744651104,387.35388284355895,372.2399580018605,379.1790466308594,19642277
2024-10-28,379.17904587902217,386.4033204017077,378.1334222360687,383.9318542480469,11716022
2024-10-29,388.77975363950725,393.8177192836216,384.45470930402274,391.7740173339844,20284308
2024-10-30,393.67511100921155,394.29297029479625,385.737915239143,388.304443359375,12264297
2024-10-31,391.1736456576772,392.7517242097572,385.9133643591021,390.3606872558594,12204072
2024-11-01,394.0429590454627,397.342602294981,392.46488021687617,393.4212951660156,2145479
2024-11-04,395.8123256490677,396.2426948562084,376.5405705968591,383.4745788574219,13866505
2024-11-05,382.56596123442426,386.4872681745704,379.8401729231357,385.5308532714844,6665326
2024-11-06,388.97393825143854,392.8952158578553,385.57864795964673,391.0780334472656,9700643
2024-11-07,392.9908688773398,392.9908688773398,384.4787822715085,386.2003173828125,7589295
2024-11-08,385.57867199119596,386.5829251770488,378.30991270833965,380.3183898925781,7536509
2024-11-11,380.7966033411183,383.4267444317655,374.7233626215848,375.440673828125,12243693
2024-11-12,376.0145162971804,377.5925950623125,362.5290602190692,363.7245788574219,10549517
2024-11-13,367.26328366894666,370.7063827908357,362.8159606807607,364.7287902832031,20602407
2024-11-14,363.485446703134,368.4110064579136,355.1646551434126,356.2645263671875,15086601
2024-11-18,363.437683973054,363.437683973054,346.84387861731693,350.7173767089844,16383636
2024-11-19,351.96070447916804,362.0030615363182,349.1392686786005,350.7173767089844,17055094
2024-11-21,347.8481168816721,348.4697807400389,339.33600077299775,340.6271667480469,21276150
2024-11-22,341.48794176092724,351.0999293953261,340.19680494527046,349.5218505859375,15949254
2024-11-25,357.6991602944101,360.75969954410783,351.48246365827737,352.3432312011719,18388844
2024-11-26,353.8735216188755,354.25608175069976,344.54847611675643,345.887451171875,11222231
2024-11-27,347.9437280729496,355.4037817867321,345.60052908630234,353.2040100097656,14225274
2024-11-28,353.5866172182708,355.64290351471845,343.92682042598375,346.27001953125,16837860
2024-11-29,347.41767185576,349.4739578131466,344.5006184263816,347.8002319335937,14280017
2024-12-02,347.80027329354465,348.03937701905755,341.4401200323953,342.58782958984375,12510350
2024-12-03,343.35291458018463,353.87347742247437,342.5877944120944,351.43463134765625,14205760
2024-12-04,352.86929708143595,358.79905208425583,351.9606912307176,356.503662109375,22035954
2024-12-05,356.5036770933476,357.6513867227602,348.51760632297817,353.0605773925781,18758283
2024-12-06,353.3474851209766,355.0212111421716,352.00848095404825,353.3952941894531,9736086
2024-12-09,354.73426543105546,357.0296552555859,351.7215644621427,353.73004150390625,10878679
2024-12-10,352.91712098576863,355.0212455772023,350.4304362470202,353.0605773925781,7913822
2024-12-11,353.15619693865693,354.5908192688072,348.8045208788542,349.56964111328125,9998662
2024-12-12,350.0478755226114,351.0042904830557,337.6144810368356,340.1011657714844,22538216
2024-12-13,340.2445821791867,342.6834283666236,332.8801761745317,341.58355712890625,14269143
2024-12-16,341.583561990009,343.2572879978436,336.3711185066604,337.518798828125,12168143
2024-12-17,336.65804451431103,338.42741791530284,332.1150737431662,333.83660888671875,15646176
2024-12-18,334.31479081489147,335.7016039878326,325.1810408998948,326.8547668457031,14672392
2024-12-19,322.3118368317145,325.75493647512553,320.44681601185545,322.69439697265625,14513129
2024-12-20,323.07692615688404,328.91106260649786,316.57331682163704,318.7252502441406,20375797
2024-12-23,321.25978280506445,323.50736382359423,316.0951478010285,319.10784912109375,8884187
2024-12-24,320.49458661442094,322.1683124167475,317.2905913839035,320.68585205078125,7755462
2024-12-26,320.68590334762325,322.694380469183,317.7688495862276,320.0642395019531,9030212
2024-12-27,321.9770655408446,325.1810612465019,319.63386658257735,320.39898681640625,9090597
2024-12-30,320.39900168657044,322.1205368863173,313.1302423779787,316.9559020996094,36657549
2024-12-31,315.71260454814814,320.01647214644544,311.98259180045113,318.8209533691406,8580998
2025-01-01,318.4861547695367,320.06423348270346,314.4692006019617,319.1078186035156,7843971
2025-01-02,319.10777843826224,323.84204316933875,315.61687040611133,323.2681884765625,16543382
2025-01-03,323.3160333870435,329.48492094030235,322.35961852219503,325.03759765625,8689629
2025-01-06,326.80699486096626,326.80699486096626,312.2216671068363,313.22589111328125,10538077
2025-01-07,312.7476843650352,315.9516802411307,310.93050182242604,314.2779541015625,13891401
2025-01-08,316.09516012209656,316.09516012209656,307.8221761409638,311.2174377441406,8993608
2025-01-09,309.92626061553796,311.74347241591255,305.8614969764862,306.3875427246094,12403467
2025-01-10,306.3875060057976,307.0091698268324,294.19321655005893,294.8148803710937,15941143
2025-01-13,287.97653933549753,296.440817246911,283.91177591016867,285.20294189453125,29630336
2025-01-14,287.3548448227785,299.07092638729995,287.11574111738014,296.87115478515625,22732888
2025-01-15,298.92743481431563,310.16530874248485,298.92743481431563,307.3439025878906,21894626
2025-01-16,310.5479595155245,313.03461514425373,307.630876278024,311.3130798339844,14865186
2025-01-17,311.12176437417355,314.6605112824279,309.2567727772292,311.9347229003906,7129232
2025-01-20,311.9825649552023,322.3118346273223,310.40445695497573,321.4032287597656,17991880
2025-01-21,323.0769773362369,323.507375763904,309.68716725288243,310.1653747558594,12774630
2025-01-22,312.7476896706799,312.7476896706799,303.51829121055255,308.3481750488281,11068145
2025-01-23,307.00920732274795,310.93051456218336,305.6223939324396,309.543701171875,6477347
2025-01-24,310.6435725568771,315.5212947723958,308.06126963393336,309.543701171875,7492600
2025-01-27,309.5436749545241,310.8826499701401,301.270691949592,308.1568908691406,13803855
2025-01-28,308.4438223887501,309.7349884129873,294.71926197364854,304.3790588378906,22008929
2025-01-29,306.05277237354085,308.8263697856827,299.6447807769831,307.248291015625,16056888
2025-01-30,308.2047163783212,312.55639270805517,307.15265410012586,308.9220275878906,10375720
2025-01-31,310.801598331615,314.4643126593696,306.078585889064,312.29559326171875,13195557
2025-02-01,314.27150975849037,318.84991714153466,305.3074818061641,306.2231750488281,10097627
2025-02-03,298.89774432703854,302.7050342137615,293.0180989583333,300.0061950683594,15881217
2025-02-04,303.47610135264443,308.8738081555695,299.09045170614604,307.57257080078125,12141064
2025-02-05,309.4039543752667,311.37988686612516,306.89787284932413,308.0545349121094,12226722
2025-02-06,310.94617872687024,311.042572140228,300.15076356387993,301.50018310546875,13384442
2025-02-07,302.17489325347316,307.7171759845975,300.8254737758793,305.5002746582031,8937447
2025-02-10,305.0665467488017,305.4039090026422,297.8374816599676,299.2832946777344,6806132
2025-02-11,301.0664611235982,301.0664611235982,293.1626717587821,294.560302734375,13241830
2025-02-12,295.1385855862073,296.3916115274235,289.16254783163265,295.186767578125,7616083
2025-02-13,295.0904563343802,297.4519628985192,292.1506480456831,295.62060546875,9086906
2025-02-14,295.76509694957144,297.11451628242565,287.57215813886387,289.4999084472656,7446248
2025-02-17,286.7529027530418,292.24700374831565,282.22267706113945,291.4277038574219,6464173
2025-02-18,290.27104331165907,301.114640533775,286.7529043181783,299.9580078125,15793327
2025-02-19,299.958020274916,304.92197243758386,299.37968918268047,303.4279479980469,13079903
2025-02-20,301.2592178844723,315.3318033640376,300.24716056995555,313.404052734375,22888146
2025-02-21,311.62085073319656,317.837857745525,309.93406907723096,314.4642944335937,10809296
2025-02-24,310.4642189752304,313.64499548363744,307.90995548634135,308.5364685058594,6034113
2025-02-25,308.5364923035202,309.88591185313413,304.34362882621184,307.18707275390625,10686112
2025-02-27,303.95807843946125,307.7653681840605,303.1387785603244,304.2954406738281,7302366
2025-02-28,302.6568140962692,304.2472023000534,295.475932059459,300.1989440917969,21127180
2025-03-03,300.05436959826426,306.3195590581681,296.58444204489086,303.0423889160156,9779703
2025-03-04,300.0543568823976,303.5243137038591,296.8735802882221,302.4158630371094,8734999
2025-03-05,302.22309149917504,315.4763770035505,302.1749094997606,314.4161376953125,10493615
2025-03-06,317.1149371129251,326.56090219704276,311.5244727839797,325.69342041015625,26294903
2025-03-07,323.7175123611259,326.5127447356134,316.8258101264868,317.64508056640625,8992315
2025-03-10,317.54869969083074,322.8500133456684,314.5124692473141,317.50048828125,11383132
2025-03-11,315.1872044215842,321.2114246895809,312.0064278861372,318.36798095703125,10299324
2025-03-12,319.04268846788625,322.70540243046605,314.60885670282795,318.223388671875,6984859
2025-03-13,320.0065801747548,322.46445027449965,316.58483483351966,319.9101867675781,8965150
2025-03-17,320.9222754416158,322.41627030928066,318.5607693190352,319.6692199707031,4353561
2025-03-18,319.6692199707031,319.6692199707031,319.6692199707031,319.6692199707031,0
2025-03-19,326.7537405717848,331.4767238592632,324.19947680137574,328.9706420898437,30582397
2025-03-20,332.247832368953,332.247832368953,328.0067574569373,329.4043884277344,15002119
2025-03-21,329.64534663817545,341.06727461963135,329.40437781753354,338.609375,36406837
2025-03-24,344.10346036640385,354.70608799674125,340.874472432319,353.69403076171875,24588471
2025-03-25,355.66996323586284,358.0314693377659,350.9951624430956,353.69403076171875,23189083
2025-03-26,353.69403150382516,355.669963982115,340.5371109300999,341.8383483886719,18668095
2025-03-27,341.11545443316186,351.28435624821253,338.3202220146442,347.6216125488281,37930538
2025-03-28,348.92283840439154,351.13973970002166,343.5733425650756,344.6817932128906,11327077
2025-04-01,339.62143671073017,349.79030842766747,338.17562389324314,339.42864990234375,18736320
2025-04-02,339.4286655573083,340.6817210393388,334.51289586810225,339.0431213378906,13593404
2025-04-03,339.043112435892,348.29632053465394,339.043112435892,345.934814453125,10317410
2025-04-04,345.886639967418,345.886639967418,335.958707225485,337.74188232421875,10872963
2025-04-07,316.1511040680858,338.7057806094273,312.2956027989628,337.16357421875,18025165
2025-04-08,343.95890636745287,345.30832590316726,337.3563546855786,340.1997985839844,17506712
2025-04-09,341.2118728795044,341.98296139114177,335.6214076322809,336.7298583984375,7462119
2025-04-11,338.3202208316663,348.4409111984255,338.3202208316663,347.09149169921875,11246077
2025-04-15,353.7422238685345,355.13985477521504,348.48909188426774,349.40478515625,17497327
2025-04-16,349.4047861722496,349.88672380834925,344.970954037105,346.32037353515625,11541484
2025-04-17,346.27217856606285,352.2482167958886,344.3444280938788,350.8505859375,12288196
2025-04-21,352.5855508364619,354.898874943329,348.73004987853386,351.3807067871094,7375594
2025-04-22,353.79042439345767,353.79042439345767,346.7059643245008,347.236083984375,12077119
2025-04-23,349.8385664072031,351.0915925831042,344.97097829128336,350.6578369140625,9719205
2025-04-24,350.6096484697771,353.21212360591824,348.53732240995976,350.0795288085937,7491123
2025-04-25,350.0794914715451,352.5855435100142,338.41659543313096,343.5733337402344,9785640
2025-04-28,340.9227024591316,349.79033749417647,340.9227024591316,348.44091796875,5315840
2025-04-29,350.8506069060777,351.1879691418999,341.3082473814952,344.0552978515625,9472828
2025-04-30,344.1034493859214,347.9589502193771,339.2840733441018,341.741943359375,16739088
2025-05-02,341.7419485239872,345.0673298091527,335.04303337370203,336.1033020019531,8221620
2025-05-05,338.3202222723164,339.2840975494455,333.06709024590714,336.0069274902344,9492646
2025-05-06,336.3924586579658,336.8743962778196,327.717581500597,329.4525451660156,8904223
2025-05-07,325.78985918820473,331.2839602956005,324.8259838651627,329.69354248046875,8465490
2025-05-08,328.7296782067648,330.70564033450177,326.17541439787703,327.7176208496094,14286109
2025-05-09,322.1271374304685,326.5127582849185,318.6571804630842,322.6572570800781,11322011
2025-05-12,328.10313223994723,336.5852521671801,325.8862309105771,335.9587097167969,7978210
2025-05-13,336.0069111307284,337.16354375788575,328.19951588308135,329.16339111328125,14738980
2025-05-14,330.07908320594566,331.4285026405291,325.5488578736256,326.3199462890625,22485535
2025-05-15,327.2356314376291,331.3321010506186,320.63308041366577,329.5971374511719,43307763
2025-05-16,330.609234026592,335.0430663717843,329.6453587087302,330.70562744140625,6920351
2025-05-19,330.7056165020665,335.139448700593,330.0308920358262,332.6815490722656,6218209
2025-05-20,334.36831509882245,337.0671834217282,329.21157667831176,330.2236633300781,9986143
2025-05-21,330.1754292312511,334.8502297102115,327.5729839094008,333.6453857421875,5930972
2025-05-22,333.6454242078947,334.4647240836346,326.03081533512795,329.0670166015625,8717514
2025-05-23,329.6453163178798,332.4887599059746,327.8621413261154,332.1513977050781,4045937
2025-05-26,338.32022054747205,338.5130073679706,330.1754627311996,331.0911560058594,16655082
2025-05-27,331.5730780415313,332.05501565496377,324.6331646420489,326.3199462890625,24937330
2025-05-28,326.3681760793114,328.3923200527474,324.9223631575913,327.7657775878906,10985957
2025-05-29,328.6814833620073,329.88632750922875,325.8380394085086,327.0910949707031,15884093
2025-05-30,325.3079085679085,328.44050324300684,320.82589437733407,321.83795166015625,19143010
2025-06-02,321.83791951624323,322.7054013027558,318.3679629550567,320.53668212890625,29479727
2025-06-03,320.9704668868705,322.65724861975946,315.1872152312512,316.3920593261719,14081719
2025-06-04,317.11498819523536,318.03068153814735,313.11491140042097,317.35595703125,15654279
2025-06-05,317.3077369152606,319.6210315801009,315.76553066698784,316.777587890625,16270360
2025-06-06,317.74148451257656,321.45241027433366,317.1631534536428,320.8258972167969,11402511
2025-06-09,321.8379203864691,325.3560589505327,320.72946979986494,324.9223327636719,19416373
2025-06-10,326.5609290462194,328.5850729921332,324.63317851013755,326.9465026855469,12061248
2025-06-11,328.6814628326865,330.22366912783235,325.2597174343547,325.88623046875,10807496
2025-06-12,325.93443011611674,329.30799370031605,320.63311591237493,321.64520263671875,11881618
2025-06-13,314.99442341652326,320.87406838955627,314.8016660134751,319.9584045410156,11711773
2025-06-16,320.0066028440516,322.5608665319174,318.6571832933999,321.64520263671875,8065112
2025-06-17,321.93431091547814,324.7295430613578,321.0668291343619,323.0909729003906,6796992
2025-06-18,323.0909886526616,323.76568366414176,318.8017321158864,320.3921203613281,17835507
2025-06-19,320.3921268782895,321.1150333150253,316.6812012866846,318.12701416015625,11610604
2025-06-20,318.07881018595145,323.8620612802415,317.7896593972915,323.0909729003906,16592862
2025-06-23,321.6451685136371,323.572918928666,318.4161806854362,320.58489990234375,8277787
2025-06-24,319.0427274750314,319.71745195780204,309.74133662049434,318.0306701660156,100814893
2025-06-25,319.52464535364925,321.6451826695628,317.50050144575687,318.89813232421875,17963666
2025-06-26,320.3921428758439,325.59706359720195,319.3318741659966,324.9705505371094,13754087
2025-06-27,326.70552192562155,328.9706051906053,322.3680833779949,326.0789794921875,50845169
2025-06-30,323.6211187020816,325.0669315927834,321.59697477207146,322.80181884765625,11858890
2025-07-01,323.13916331922974,323.13916331922974,320.1511442929075,320.5848999023437,8903292
2025-07-02,320.6330907344818,323.524716436729,319.33185328544306,321.693359375,11326880
2025-07-03,322.5126647949219,324.19944648379163,319.0427080090765,322.5126647949219,15786429
2025-07-04,323.57294429337327,323.86209511223916,320.24756280071864,323.3801574707031,5899185
2025-07-07,323.3801058045164,326.75366875627736,321.6933243286359,325.2596740722656,9454556
2025-07-08,325.9826256392108,331.4766969879898,324.82596355781595,330.802001953125,12092302
2025-07-09,330.8501831542614,333.1152958993795,330.41642752099716,331.5730895996094,9079872
2025-07-10,331.57310463457827,332.5369799387486,328.87426554895745,329.115234375,6426072
2025-07-11,328.19950066761095,331.5730638169109,327.2356254820967,330.3200378417969,17234194
2025-07-14,330.6573935770453,332.536962085322,327.6694038266501,329.7417297363281,11516965
2025-07-15,330.75380594540684,331.6694992537534,328.63329791760736,329.6453552246094,8450777
2025-07-16,329.6453459202335,331.3803096590212,328.4886838176156,330.0791015625,6001484
2025-07-17,331.7658748818231,332.0550256925682,329.6453375525641,330.2718505859375,7562006
2025-07-18,330.6092421783431,331.47672410277994,328.3441292424895,329.74176025390625,6370338
2025-07-21,329.7417274033043,330.4164224261425,327.04285906653723,329.2115783691406,4463318
2025-07-22,329.211590800268,330.2236774954491,327.76577787727143,328.5368957519531,4728372
2025-07-23,329.45256554381035,331.573102968385,328.63329507149444,330.65740966796875,5058422
2025-07-24,331.1875745216912,331.1875745216912,324.3440536871656,326.6573486328125,9098453
2025-07-25,326.6573096894179,327.62118491978805,320.5366960935399,321.1632385253906,7790739
2025-07-28,321.40423991012744,324.4404413105116,318.4162205100904,320.9223022460937,4605823
2025-07-29,320.0065832598592,323.38014663759867,316.6330198821197,322.5126647949219,7551356
2025-07-30,322.8982291877406,329.93450719204424,320.48854091022014,326.5609436035156,12537358
2025-07-31,323.91028728429717,327.81399995243777,320.97047934464405,322.1753234863281,8935384
2025-08-01,320.9704635213486,322.65724523655086,318.27162454308046,318.9463195800781,7107542
2025-08-04,318.9463231097009,321.25961789026496,315.3800022357469,320.006591796875,8193399
2025-08-05,320.4403469242535,322.2717040636368,319.33186682594607,321.5487976074219,9855535
2025-08-06,321.54880979339475,323.28377358800617,319.6210591704309,320.1029968261719,13872826
2025-08-07,320.1029728024356,320.4403350191633,316.7775914613369,317.8378601074219,8731389
2025-08-08,318.0788493993302,325.3079141584059,317.7414871608787,322.6572570800781,11247218
2025-08-11,322.89823261321897,326.8501273133043,321.88617529197995,324.0066833496094,11993280
2025-08-12,324.1030695738854,329.5007771360621,323.6211319239614,327.8139953613281,7221182
2025-08-13,328.006735881636,330.6092108232681,326.898285226918,327.6694030761719,5417151
2025-08-14,327.6694260443975,328.15136370328605,324.15125760239863,327.0910949707031,5689423
2025-08-18,329.1152284004567,329.45256121868067,323.3319766804204,323.9102783203125,6511340
2025-08-19,326.65730609434587,328.34408772892954,322.07889880047594,322.9463806152344,10316115
2025-08-20,325.5970370235216,330.99474412982204,324.3440110056024,329.64532470703125,10824544
2025-08-21,329.9827186066787,331.9104692286951,324.7295863956281,326.5609436035156,11135121
2025-08-22,326.27177112251076,326.65731533829853,323.38014538139544,324.8259582519531,8534844
2025-08-25,324.87411536664195,329.06697825316184,324.87411536664195,325.6452331542969,7142387
2025-08-26,324.0066528059,325.2114968438627,319.76560767529884,321.1632385253906,13113388
2025-08-28,319.28367017065307,320.8740584182869,316.82580009841325,318.84991455078125,10486948
2025-08-29,319.04269693970775,319.524634548378,315.18719607034575,315.7173156738281,11813425
2025-09-01,316.1510652360041,319.6210218350364,316.1510652360041,318.7535400390625,6897558
2025-09-02,319.139111306881,326.0308136805144,319.139111306881,324.1512451171875,9224639
2025-09-03,324.34404294135953,325.7898559113804,321.45241700131766,322.1753234863281,10778333
2025-09-04,324.7067646668845,326.0698455924642,320.6174921772097,321.34771728515625,7934237
2025-09-05,321.34773721837695,323.051595909276,317.3558634843351,320.0333557128906,5678244
2025-09-08,320.0819655458704,322.22397081264296,317.7452514358026,318.0860290527344,5239184
2025-09-09,318.96231290195976,319.49779939538104,315.11644902506,315.5545959472656,9735495
2025-09-10,316.9176816311353,319.4004349937631,316.5769039878698,317.063720703125,6509477
2025-09-11,317.8426598818364,324.7067639972028,317.4045129327979,322.32135009765625,10309925
2025-09-12,323.2463323245451,324.70678262119213,319.74124567000473,322.9542541503906,5257048
2025-09-15,322.2726868602519,324.99884876120643,321.9319091943985,322.3700561523437,6566824
2025-09-16,322.4674162687391,326.9461064481625,322.4674162687391,326.21588134765625,8784889
2025-09-17,326.654039746334,328.55263695939334,325.729076034754,327.5303039550781,7936518
2025-09-18,328.1144962068359,328.69868226136424,325.2909649417087,328.0658264160156,6497322
2025-09-19,328.0658186662319,330.54857219815693,327.579001917781,329.7209777832031,10646331
2025-09-22,330.20780074061804,331.3761728440439,327.9684555408116,330.2565002441406,6966213
2025-09-23,330.49988150037825,335.02727103197225,329.18547042012597,333.9562683105469,10738268
2025-09-24,334.24832570139404,341.16112860542717,333.2260225429728,338.4349670410156,14653575
2025-09-25,340.090179971355,341.5506302656144,331.03540003212186,331.522216796875,13228081
2025-09-26,331.5222062123097,331.76561458691486,327.5790024288797,328.9907531738281,6337702
2025-09-29,330.15912972696384,334.6865196133277,329.0881269216138,331.9603576660156,16922231
2025-09-30,332.10636652454434,334.00493387161475,330.2077694645398,331.4735107421875,8308029
2025-10-01,331.32747838507674,334.0049705926677,329.1368029425024,331.27880859375,6022078
2025-10-03,331.2787769830715,334.44308565374007,329.8183268273783,332.9826354980469,8506827
2025-10-06,331.61956887075905,332.78791121772986,326.8000712648142,330.15911865234375,8436245
2025-10-07,330.15910697960675,332.39845201683084,327.9684317294348,329.0881042480469,16130172
2025-10-08,330.30518564342634,330.30518564342634,323.53842050778144,324.9988708496094,13223442
2025-10-09,324.9988455389022,327.5302985435104,322.46742224723,326.99481201171875,6824759
2025-10-10,327.140830577588,332.9339613375731,327.0921607915448,330.7432861328125,8970962
2025-10-13,329.03945661263583,333.08002973683045,327.335597970017,332.6905822753906,6663149
2025-10-14,332.9826573309678,333.9562908319356,326.36196140956173,327.7737121582031,7545848
2025-10-15,328.06583054248426,332.7392596116203,327.8710919508797,330.30517578125,8121744
2025-10-16,331.2301379089212,333.5668524321098,330.69462164108523,332.495849609375,6788416
2025-10-17,332.49581940502713,335.12464157539443,331.1814083198435,332.0090026855469,7032129
2025-10-20,332.3984437520054,335.36804351171804,331.3274410470751,332.9339599609375,6896835
2025-10-21,333.90759914849303,334.44308565374007,332.0576718476007,332.9826354980469,346988
2025-10-23,334.735181602865,336.09829225769107,332.05768950835625,333.6155090332031,8710859
2025-10-24,333.4207964133735,334.1996913105691,329.23415463037406,330.6459350585937,7584711
2025-10-27,331.7169240706307,333.85889980555856,331.47351571123426,332.7392272949219,6752390
2025-10-28,333.3721338611261,333.8589506540638,328.4065966305741,330.20782470703125,13186584
2025-10-29,330.3051401920456,340.77169953490335,330.2077709067345,338.3376159667969,15423201
2025-10-30,339.7980550625007,339.7980550625007,334.39440160212416,336.049560546875,6721032
2025-10-31,335.9035643660486,335.9035643660486,326.75141522156105,328.0658264160156,18651312
2025-11-03,327.9684276976862,328.60128348625807,324.6093804702085,326.3619384765625,10242245
2025-11-04,326.55666864209536,327.14085468232963,321.00697554221045,321.88323974609375,11887651
2025-11-06,323.29499910965524,324.17129304984485,316.04144719818703,318.0373840332031,11587302
2025-11-07,318.5282985875436,321.1794401123665,315.04256618009566,320.1975402832031,8578167
2025-11-10,320.19755509731823,322.3086338346486,318.1355593676349,319.559326171875,5246998
2025-11-11,320.0502674312487,321.52311720320074,317.00637190950687,320.7375793457031,6103758
2025-11-12,321.5722171004597,322.30864202511725,319.6575003102673,321.2285461425781,6850550
2025-11-13,321.22855805298707,323.9778958527718,319.6575121624255,321.0321960449219,7276001
2025-11-14,321.0812685537484,323.92877228182584,320.2957606167639,322.5050354003906,9169855
2025-11-17,323.0450662911643,325.4507330262238,322.60319935118787,324.2233581542969,6283156
2025-11-18,323.0941513705254,323.78149328929214,321.2285475462821,322.5050354003906,6776200
2025-11-19,322.9959777931272,322.9959777931272,319.16654428563004,320.6885070800781,6935056
2025-11-20,322.063160920233,324.0269606819417,320.29575312077765,320.6885070800781,5155775
2025-11-21,320.93397130137885,322.4559040796471,319.117450589597,320.7375793457031,6142545
2025-11-24,320.7867253718314,321.1794793584478,316.2208666361393,317.5955505371094,13719726
2025-11-25,317.59552844775567,319.70660719854686,316.66271157486347,317.84100341796875,8074651
2025-11-26,318.4301026115863,321.866752013658,318.1355446489192,320.1975402832031,7101095
2025-11-27,321.2285347987564,322.7995805755875,319.11745608232985,321.4249267578125,6755179
2025-11-28,322.0631620827824,322.21044107240084,318.3810375162871,320.5412292480469,8930988
2025-12-01,321.179443359375,322.3086221812875,319.55931461791755,321.179443359375,6936186
2025-12-02,321.52313434011546,323.97788409087156,320.835792423821,322.6523132324219,5806943
2025-12-03,323.0450661313389,323.0450661313389,315.484424937927,317.1045837402344,8546132
2025-12-04,317.0554707662575,318.43012462909417,315.2880629376399,317.1045837402344,5965357
2025-12-05,316.4172288065181,318.2828325411183,315.14077097895114,317.4482116699219,6574010
2025-12-08,317.3500520266732,317.3500520266732,312.0968816950888,313.7170104980469,7906928
2025-12-09,311.70411532889455,315.58260170700606,309.83848166590883,314.0606689453125,7152584
2025-12-10,314.0606669946609,317.84098733772913,313.7169960607083,315.77899169921875,5484712
2025-12-11,315.82807794013553,317.5955156334812,313.37332833704846,316.7608947753906,6317942
2025-12-12,317.0554557382619,320.050268261456,317.0554557382619,319.1665344238281,4261023
2025-12-15,317.20275292805815,319.41202771851414,315.7299030677541,318.08648681640625,10219819
2025-12-16,316.2208633208038,317.93918821379265,313.2751635042515,315.18988037109375,5241263
2025-12-17,314.2079584143969,316.56451210946364,313.7660914867942,315.4353332519531,5043027
2025-12-18,316.1717569539835,316.3190359408899,311.26225762239994,312.735107421875,5554193
2025-12-19,313.17698480349634,314.79711364396724,311.753217963721,314.1097717285156,10833662
2025-12-22,314.158869301232,317.79188077066647,313.7170023822171,314.8952941894531,8925871
2025-12-23,315.23894766047425,318.8719892391196,314.4534397346514,317.3991394042969,6024641
2025-12-24,318.03736281353645,320.737587463793,316.4172340164237,316.7117919921875,5678004
2025-12-26,316.71180181921807,319.85389349582005,316.46632684339625,318.2337646484375,4174183
2025-12-29,318.23377503863554,319.9029869495987,317.2027621273976,319.6084289550781,14043845
2025-12-30,319.1174525702442,319.6574855038963,317.4973238040825,319.0192565917969,8035909
2025-12-31,318.8719757222494,324.66517883393897,318.82289271591856,323.5850830078125,8497983
2026-01-01,323.83057185522665,330.8020670698365,323.6342098562783,330.2129211425781,10357315
2026-01-02,330.70387284694124,346.6106631415008,329.86928190785943,345.7269592285156,23128940
2026-01-05,344.0086448916721,348.3780815810187,342.09392805086566,344.2541198730469,18248271
2026-01-06,343.5667660613468,347.690757591952,339.8846414680231,344.4504699707031,8641743
2026-01-07,343.2230785132978,344.9905162117712,340.0319040200265,342.5357666015625,7165806
2026-01-08,340.4737915672416,343.46857428708546,336.00615899202387,338.16632080078125,8805975
2026-01-09,338.16631862243713,338.16631862243713,328.34731964986224,329.9183654785156,10161744
2026-01-12,330.6547601994002,334.4841634558847,327.65997777239147,331.34210205078125,9406174
2026-01-13,331.3421290941072,333.10953690590406,328.9855453914359,331.7839660644531,5583379
2026-01-14,332.7658593577418,344.15590382251236,331.3421225278992,342.78125,20389924
2026-01-15,342.78125,342.78125,342.78125,342.78125,0
2026-01-16,346.2669813321414,347.641635149834,339.14820731227024,340.0810241699219,14275582
2026-01-19,337.2826244547877,341.6520911099357,335.8588575765374,337.1353454589844,9974363
2026-01-20,336.79166588589715,341.9957233726868,331.58760839910747,332.6185913085937,7718407
2026-01-21,332.66768506402855,335.4170228534848,330.70388519950603,332.56951904296875,6948955
2026-01-22,332.569523157682,336.9880729075261,330.99847725358467,336.25164794921875,5885972
2026-01-23,337.7244872641264,339.19733713450603,330.0165669494317,330.605712890625,10084314
2026-01-27,334.3369154228415,340.2283148135524,330.94934878710006,338.4609069824219,12203590
2026-01-28,338.4609034869478,346.8561355459258,338.4609034869478,341.750244140625,13566973
2026-01-29,343.6649716054019,353.97492075356394,341.01382983836294,351.6674499511719,20624409
2026-01-30,352.5020656800002,352.845736639582,344.74506242827283,349.5563659667969,22641103
2026-02-02,338.7063529524824,346.3651595184747,331.63666230294774,344.00860595703125,12622760
2026-02-03,359.3262947032176,359.3262947032176,347.3961864708703,352.0602111816406,11559806
2026-02-04,352.9439152761472,361.8791799948705,351.12739454924434,360.6027221679688,15515053
2026-02-05,363.0574940569719,363.9903109635528,358.39346945448204,360.3572692871094,18789794
2026-02-06,357.9334447872593,362.03911804484557,357.1420064340637,361.1487121582031,7328789
2026-02-09,362.6326786968706,364.6607885211468,357.1420034625941,358.0323791503906,7983235
2026-02-10,358.03237774559113,364.21558415246943,357.38933031756335,362.97894287109375,8319282
2026-02-11,365.05650021493585,365.05650021493585,362.08856118879817,364.51239013671875,5782448
2026-02-12,366.0458119192337,368.024437929608,362.92948199118166,364.31451416015625,6763353
2026-02-13,363.6219982726669,364.0672012202996,358.5270421199639,359.1206359863281,7111972
2026-02-16,358.72489167178406,365.699536086429,358.62595433574904,365.1554260253906,6292850
2026-02-17,364.8091562013766,365.551140925854,362.1379991166838,364.462890625,4442793
2026-02-18,364.51237438816,366.7383285615921,363.4735776590302,364.462890625,4871319
2026-02-19,363.077858640768,366.9361731711429,358.3291684789889,359.3184814453125,5375352
2026-02-20,358.92274335746885,369.656795416868,358.82383621088445,368.96429443359375,16736731
2026-02-23,370.00307557353455,372.47635816426674,368.1728404181052,371.4375915527344,16135451
2026-02-24,370.94291667388126,380.8855001199176,369.5578543384779,378.6595458984375,20774629
2026-02-25,378.659543189351,384.3975463982063,378.6100896169131,380.78656005859375,12750016
2026-02-26,380.8855104150926,381.7264325153354,374.356038483975,377.8186340332031,10721570
2026-02-27,376.9282583588319,381.0833850944805,376.08733625858906,377.8186340332031,11548959
2026-03-02,361.0992402897032,374.9001685362541,361.0992402897032,373.5151062011719,14732253
2026-03-04,366.78779749842613,369.8546738596943,360.2088720374161,361.89068603515625,11433169
2026-03-05,363.0284155353574,375.84000070375265,362.6821499488739,374.009765625,16158714
2026-03-06,372.9709989198574,381.4296129461071,370.64610734453646,376.53253173828125,14940896
2026-03-09,369.01373676287375,374.9496145660299,367.4308299770783,372.22900390625,11286578
2026-03-10,380.885514106757,381.3307170439763,370.8439929549573,373.2677917480469,10875834
2026-03-11,373.4656512161283,379.79724827130656,372.42688466018114,375.8399963378906,9963701
2026-03-12,374.9496368130693,388.20642532173457,371.63543213804354,386.3761901855469,23847146
2026-03-13,387.6623104086712,390.2839838563644,379.10475887951236,380.3414001464844,27107369
2026-03-16,380.3908568408736,384.1007806722215,371.4375860711289,378.3132934570313,16793109
2026-03-17,378.80794038547214,381.7758793754728,374.257094562517,379.2531433105469,9720902
2026-03-18,380.88552134827546,382.22109999388823,373.5646108723365,374.4549865722656,10681498
2026-03-19,369.5084106709135,376.680930021286,369.1126915036632,370.0525207519531,10568326
2026-03-20,371.83331215454035,379.2036761883169,371.48704655222275,376.8788146972656,20930288
2026-03-23,373.06994932918553,375.4442945608481,365.3532895869853,368.420166015625,13148432
2026-03-24,373.9603280410193,374.10871895830354,367.0351367810004,371.5364990234375,9339144
2026-03-25,371.9817033244563,376.87881495277634,371.58598414644126,374.3560485839844,9266292
2026-03-27,375.8400174268992,375.8400174268992,370.6461239728528,371.6354370117188,20263654
2026-03-30,370.0030780228232,373.91087661862343,365.69956024817384,366.6888732910156,17974103
2026-04-01,377.2250466508289,377.81864050772765,357.58720713825926,360.75299072265625,15449629
2026-04-02,356.1032390273179,357.438787471427,348.23818832243774,355.8064270019531,16551512
2026-04-06,354.9654968921836,362.8305474199893,351.89865070585967,362.1875,11534034
2026-04-07,360.9508595127945,365.8479408215277,358.3786396358509,364.9081115722656,12603971
2026-04-08,369.5084113183961,371.53649092375616,364.3145179866114,370.1514587402344,19491331
2026-04-09,372.92154904467407,380.0940683257955,372.4763461161676,374.6033630371094,18503665
2026-04-10,377.12613810217323,380.34140544105884,368.07389974877594,376.08734130859375,14953758
2026-04-13,370.34934272243123,383.853459685983,370.34934272243123,382.1221618652344,15240045
2026-04-15,386.07940524459264,389.739875487484,382.9630752764215,388.404296875,7722460
2026-04-16,392.75725725678825,393.004585504431,383.65556566695807,386.6235046386719,9896906
2026-04-17,388.80002186472785,392.01528922111555,384.2986596423602,389.39361572265625,15320653
2026-04-20,388.8000169303549,396.5661301770477,386.4751252946467,393.74658203125,9895187
2026-04-21,394.3401654598922,398.3963547737153,391.4711638154834,391.9658203125,9493644
2026-04-22,393.7465643823424,402.8977094088164,388.9978741749087,401.0674743652344,16411131
2026-04-23,399.682469701678,401.5621584466409,396.1209367056527,397.951171875,9144699
2026-04-24,400.42445221194913,400.9191087310497,394.93377692650745,397.5554504394531,6266676
2026-04-27,399.58350279715404,409.97128898871665,398.2974080119159,405.8161926269531,13001752
2026-04-28,409.5755963191683,409.7734710026609,401.6116384673152,402.50201416015625,7726655
2026-04-29,405.12367011265115,405.6183266085152,395.3789311058422,397.01129150390625,11920835
2026-04-30,395.72519943082784,396.0219812538263,388.9483993522876,394.88427734375,7706357
2026-05-01,394.88427734375,394.88427734375,394.88427734375,394.88427734375,0
2026-05-04,395.7252046291212,400.47389500809584,393.004593847296,395.774658203125,6333200
2026-05-05,394.0433523347002,396.219852992005,390.3334286175466,394.3896179199219,6791514
2026-05-06,395.7252049995189,398.69314403701526,387.4644353068665,390.6302490234375,11120409
2026-05-07,392.50993927051593,399.18780213145095,388.9484063730631,396.07147216796875,9700378
2026-05-08,393.74659079983223,400.77071943781533,392.9056686756656,397.85223388671875,4740939
2026-05-11,397.60488241237664,400.6717587024605,386.8213769201532,388.75054931640625,10088836
2026-05-12,388.0085783534943,395.5768169149478,387.068718908324,388.5032348632813,10247516
2026-05-13,387.810705827126,389.8387854519429,381.676952995122,386.27728271484375,12322076
2026-05-14,389.4925381497376,394.2906820216197,387.0192556626081,392.0647277832031,7363948
2026-05-15,391.76795522266366,393.74658125914175,388.30535965882694,391.0259704589844,7107857
2026-05-18,388.80002136151944,389.64094347654304,380.78657976845244,384.1502380371094,7632596
2026-05-19,382.56733745219174,388.552668842187,381.9242598687504,385.23846435546875,6693518
2026-05-20,381.9737464504646,389.14626553357334,379.8961831605183,388.2558898925781,5386249
2026-05-21,389.29468082050215,391.3227604737416,383.705068188813,384.6448974609375,10596954
2026-05-22,385.78261549025615,387.3160385599597,383.309332996259,384.4964904785156,11755213
2026-05-25,387.761249649884,388.6021415623989,382.3200280485236,385.88153076171875,10489850
2026-05-26,386.57404486718156,388.0580143292437,384.84274716144245,385.5352783203125,9062218
2026-05-27,386.17832929835413,398.7920698429061,386.17832929835413,393.89495849609375,14418621
2026-05-28,393.89495849609375,393.89495849609375,393.89495849609375,393.89495849609375,0
2026-05-29,395.7252042307508,397.3575646599152,380.9844464114427,382.7651977539063,17003143
2026-06-01,382.7652114101271,384.8427748447488,372.4763617713314,374.6528625488281,18408900
2026-06-02,371.9322468421442,373.4656699667571,359.17008456297765,363.4736022949219,17496468
2026-06-03,364.11664616198163,367.5297881690634,359.813158663623,362.8800048828125,10825715
2026-06-04,362.88000261584017,364.8586286501499,360.45620383867305,362.4842834472656,14363519
2026-06-05,362.0390981204508,364.56183414993416,354.8170952313841,357.7850341796875,10277061
2026-06-08,355.11392671139623,361.4455241099741,351.3545190558946,358.52703857421875,14933986
2026-06-09,358.9227333059097,359.8131391317271,351.20610421935453,351.8491516113281,14246656
2026-06-10,355.16336324978846,355.16336324978846,347.34779667060127,347.89190673828125,14939921
2026-06-11,348.2381736255446,349.57375220472534,345.0723599705559,348.08978271484375,15079402
2026-06-12,353.1847351744197,353.1847351744197,345.96276247011673,350.11785888671875,8740239
2026-06-15,353.58045087674077,354.17404469944046,343.24214841308515,344.3798522949219,17190759
2026-06-16,346.01221048640843,352.39329120526247,344.77556927666427,351.7502136230469,14555184
2026-06-17,351.7502136230469,352.2448701069445,348.2876182357633,351.7502136230469,9299676
2026-06-18,353.1847367765176,359.6647247724534,350.266251384843,358.08184814453125,12260776
2026-06-19,358.0818551097652,364.06718672804,356.1032290949389,361.89068603515625,17465450
2026-06-22,361.890678103774,364.56183524182177,360.1593803787449,363.1273193359375,11946682
2026-06-23,363.9187889418816,365.3038210878136,358.03236458237546,360.7035217285156,11696171
2026-06-24,358.9722253658766,360.15938284201127,351.70076883273526,353.23419189453125,12770898
2026-06-25,352.64062950948494,355.1633655727726,347.6940645293628,348.2876281738281,19767157
2026-06-26,348.2876281738281,348.2876281738281,348.2876281738281,348.2876281738281,0
2026-06-29,348.2381831371744,354.0751239185157,347.79298020147525,352.2943725585937,49895302
2026-06-30,350.9587818236566,354.52031461195133,349.1285467610599,352.8384704589844,10291360
2026-07-01,354.1740410944479,356.9935890799953,350.46411747963174,354.0751037597656,6915166
2026-07-02,356.1032309165304,356.1032309165304,348.5349622179558,354.42138671875,6513560
2026-07-03,354.4213762934975,356.30106492361955,351.65131201662666,352.640625,6588714
2026-07-06,352.1954207785088,355.55907887125227,350.8598422176064,352.4427490234375,6204261
2026-07-07,351.9975494811349,353.33312805484354,348.78228226623173,350.4146728515625,8149003
2026-07-08,348.1887169060533,349.227483463009,343.8357156219206,344.97344970703125,9572223
2026-07-09,345.27023274513823,347.24885872075504,339.4332921553558,340.0268859863281,17821421
2026-07-10,340.81834427584806,345.0723782961847,339.53224939289186,340.8677978515625,13016441
2026-07-13,341.36243560757714,351.2061119486274,340.0268872223302,347.9908447265625,8226337
2026-07-14,344.7755868837612,350.1673549101683,343.7862738654434,344.4293212890625,8579646
2026-07-15,343.78628243971525,344.7261419071329,339.3838273218257,340.6699523925781,11352533
2026-07-16,340.52155045475615,342.3517553719133,338.4439870934176,338.7902526855469,10347549
2026-07-17,338.8397026855022,340.2247348479731,336.61374843428354,338.1966552734375,7612446
2026-07-20,339.3343601652493,345.5670200100771,337.454671497082,343.5389404296875,14463484
2026-07-21,343.4894942942517,345.4186365777892,340.4720714536867,344.8250427246094,8575793
2026-07-22,343.6873350439277,347.1004770189875,341.95603726933393,346.75421142578125,7035952
2026-07-23,344.825027954766,346.9520750201726,343.3905422450819,344.87451171875,6863144
2026-07-24,344.2314867382846,346.25956640781226,341.4119385163905,343.489501953125,6300466
2026-07-27,349.227495590697,349.227495590697,344.0830558170353,347.0509948730469,12350753
2026-07-28,346.21010785960067,346.2595614346591,338.44399451485003,340.07635498046875,12409670
2026-07-29,340.02688468314346,341.6592450684839,337.5041184590389,339.8290100097656,8471125
2026-07-30,339.8290027606085,343.9346455184102,338.19664241008917,341.1645812988281,9943764
2026-07-31,340.42261050727365,344.5282534330847,339.87847024054304,343.5389404296875,8519119
2026-08-03,343.5389463747265,347.1499328613281,341.60977390814224,347.1499328613281,5460220
2026-08-04,344.2809347144051,345.2207941702293,337.9493373556461,339.9774169921875,7201524
2026-08-05,339.7795632536122,346.1606140136719,339.08703207433274,346.1606140136719,18554536
2026-08-06,343.7862708050272,345.5175685716712,339.4332996014668,341.31298828125,10079779
2026-08-07,341.312973579351,343.2915995131444,338.8396911621094,338.8396911621094,7012048
2026-08-10,338.8396945158717,340.02688216447257,333.5468640523001,336.8116149902344,8818488
2026-08-11,335.97071176120113,336.76215011035725,332.45863238215605,334.8330078125,10043994
2026-08-12,334.83301361086006,337.70201541553126,331.7661371197543,335.82232666015625,10152704
2026-08-13,334.4372614728004,340.5710144042969,334.3878078973198,340.5710144042969,9672695
2026-08-14,339.97741102121824,339.97741102121824,333.8931420270134,336.3664245605469,7507624
2026-08-17,336.3664069020076,336.6631887138763,332.1123732442329,333.3984680175781,7839848
2026-08-18,333.3984686712306,335.67387641051346,330.3315924463536,333.4974060058594,9943991
2026-08-19,332.7059493382513,335.2287155994345,330.0348223570086,332.9532775878906,7502595
2026-08-20,333.4974082916147,335.92120695373524,330.82625119550914,333.89312744140625,4185077
2026-08-21,333.3984855203068,339.1859726870624,333.3984855203068,336.3664245605469,6534716
2026-08-24,337.0589528190787,338.39450122243744,333.8436855534105,335.87176513671875,5401943
2026-08-25,335.37709551862594,337.1578467810886,332.06289104379783,336.218017578125,5260835
2026-08-26,337.8998467135045,340.76887859756096,331.0241394042969,331.0241394042969,5903358
2026-08-27,331.419867469414,332.3597269313501,324.8903953854603,327.3636779785156,12911842
2026-08-28,325.9786255355717,329.5401582868424,325.2860943759172,326.5227355957031,7332490
2026-08-31,326.57221912108184,326.91848470065645,320.04274744708897,323.90106201171875,18400774
2026-09-01,323.90106266400284,324.7419847328244,321.57617112953244,324.0,7377499
2026-09-02,324.0,331.1000061035156,321.0,330.0,11993091
2026-09-03,330.45001220703125,332.70001220703125,329.1000061035156,330.8999938964844,8100926
2026-09-04,332.75,334.04998779296875,329.79998779296875,332.5,7032282
2026-09-07,332.5,333.79998779296875,330.3500061035156,332.0,5245813
2026-09-08,330.0,333.20001220703125,328.6499938964844,330.79998779296875,7351373
2026-09-09,331.1000061035156,337.5,330.8999938964844,334.5,11795145
2026-09-10,335.6499938964844,335.70001220703125,333.1000061035156,335.0,6905905
2026-09-11,333.0,336.25,331.6000061035156,333.3999938964844,4968535
2026-09-14,333.3999938964844,333.3999938964844,333.3999938964844,333.3999938964844,0
2026-09-15,333.0,333.29998779296875,326.3999938964844,329.5,8445501
2026-09-16,329.5,329.95001220703125,326.54998779296875,327.0,6556304
2026-09-17,327.79998779296875,331.29998779296875,327.20001220703125,329.6000061035156,5589949
2026-09-18,329.79998779296875,330.8500061035156,323.6499938964844,323.6499938964844,9448827
2026-09-21,325.0,328.75,324.8500061035156,326.3999938964844,5098202
2026-09-22,326.5,329.0,325.54998779296875,327.79998779296875,6219007
2026-09-23,326.5,329.3999938964844,325.0,326.0,10525477
2026-09-24,326.95001220703125,327.70001220703125,324.3999938964844,326.6000061035156,7662580
2026-09-25,327.29998779296875,327.29998779296875,323.5,326.6000061035156,6075589
