Date,Open,High,Low,Close,Volume
2019-09-17,40.0,40.95000076293945,39.0,39.54999923706055,396
2019-09-18,39.75,40.95000076293945,38.150001525878906,38.34999847412109,865
2019-09-19,37.599998474121094,39.650001525878906,36.150001525878906,37.099998474121094,1856
2019-09-20,39.0,39.900001525878906,37.25,39.900001525878906,3982
2019-09-23,39.0,39.95000076293945,38.0,39.95000076293945,162
2019-09-24,38.0,41.5,38.0,40.650001525878906,2107
2019-09-25,40.650001525878906,44.0,34.29999923706055,42.20000076293945,3464
2019-09-26,45.0,45.0,41.0,41.75,1207
2019-09-27,40.0,43.0,39.0,39.75,1125
2019-09-30,40.0,40.0,38.0,38.09999847412109,472
2019-10-01,37.04999923706055,39.95000076293945,36.04999923706055,39.0,1532
2019-10-03,39.0,39.75,35.54999923706055,37.29999923706055,4042
2019-10-04,37.400001525878906,37.400001525878906,33.04999923706055,35.95000076293945,2132
2019-10-07,35.400001525878906,35.400001525878906,33.599998474121094,33.599998474121094,22
2019-10-09,36.95000076293945,36.95000076293945,36.95000076293945,36.95000076293945,20
2019-10-10,39.900001525878906,39.900001525878906,34.099998474121094,37.84999847412109,421
2019-10-11,38.95000076293945,39.45000076293945,33.04999923706055,35.54999923706055,3448
2019-10-14,28.850000381469727,39.0,28.850000381469727,33.95000076293945,5145
2019-10-15,38.45000076293945,38.45000076293945,33.099998474121094,36.84999847412109,341
2019-10-16,36.84999847412109,36.900001525878906,33.5,35.70000076293945,2408
2019-10-17,34.04999923706055,35.45000076293945,33.20000076293945,34.349998474121094,3516
2019-10-18,36.0,36.0,33.45000076293945,33.70000076293945,3147
2019-10-22,31.899999618530273,33.5,31.200000762939453,32.0,3220
2019-10-23,32.0,32.79999923706055,29.0,32.04999923706055,14193
2019-10-24,32.79999923706055,33.5,30.549999237060547,33.5,398
2019-10-25,33.5,35.5,30.5,32.0,1804
2019-10-27,30.0,34.0,30.0,34.0,40
2019-10-29,33.95000076293945,33.95000076293945,30.399999618530273,32.95000076293945,1755
2019-10-30,33.95000076293945,33.95000076293945,30.399999618530273,33.29999923706055,8918
2019-10-31,32.0,33.70000076293945,32.0,32.54999923706055,83
2019-11-01,32.599998474121094,33.900001525878906,30.149999618530277,33.150001525878906,3083
2019-11-04,33.900001525878906,33.900001525878906,33.0,33.900001525878906,506
2019-11-05,33.79999923706055,33.849998474121094,33.79999923706055,33.849998474121094,103
2019-11-06,30.149999618530277,33.79999923706055,30.149999618530277,31.049999237060547,651
2019-11-07,35.75,35.75,27.049999237060547,33.400001525878906,1912
2019-11-08,30.75,33.400001525878906,30.75,32.45000076293945,95
2019-11-11,30.5,32.5,29.100000381469727,29.649999618530277,35630
2019-11-13,32.900001525878906,32.900001525878906,27.600000381469727,29.850000381469727,2020
2019-11-14,27.850000381469727,31.700000762939453,27.200000762939453,27.600000381469727,12552
2019-11-15,29.200000762939453,29.200000762939453,26.0,26.5,2085
2019-11-18,26.5,30.600000381469727,25.5,27.299999237060547,2633
2019-11-19,26.25,29.399999618530277,25.75,27.049999237060547,6239
2019-11-20,26.200000762939453,29.399999618530273,26.0,26.899999618530273,1522
2019-11-21,27.100000381469727,31.299999237060547,26.200000762939453,27.5,3469
2019-11-22,27.5,30.0,24.100000381469727,27.799999237060547,3094
2019-11-25,26.799999237060547,29.799999237060547,26.600000381469727,27.299999237060547,2280
2019-11-26,30.0,30.0,26.200000762939453,26.799999237060547,1752
2019-11-27,26.100000381469727,32.150001525878906,26.100000381469727,30.049999237060547,16706
2019-11-28,30.600000381469727,31.899999618530277,28.600000381469727,29.25,11321
2019-11-29,30.600000381469727,31.100000381469727,29.299999237060547,30.0,2932
2019-12-02,27.299999237060547,33.29999923706055,27.299999237060547,31.5,6528
2019-12-03,29.5,31.600000381469727,27.200000762939453,29.899999618530273,8670
2019-12-04,28.0,30.200000762939453,28.0,28.600000381469727,3818
2019-12-05,28.0,31.299999237060547,27.899999618530273,28.5,4751
2019-12-06,27.899999618530273,29.899999618530273,26.700000762939453,26.700000762939453,3247
2019-12-09,26.100000381469727,27.5,25.549999237060547,26.100000381469727,1668
2019-12-10,26.700000762939453,28.899999618530273,24.600000381469727,26.700000762939453,1247
2019-12-11,26.0,26.5,25.0,26.350000381469727,31460
2019-12-12,25.0,27.950000762939453,25.0,25.799999237060547,210
2019-12-13,25.5,26.950000762939453,25.5,26.799999237060547,266
2019-12-16,24.299999237060547,28.100000381469727,24.299999237060547,26.0,4195
2019-12-17,28.799999237060547,28.799999237060547,24.450000762939453,27.5,6532
2019-12-18,29.200000762939453,29.200000762939453,25.200000762939453,26.200000762939453,1689
2019-12-19,26.100000381469727,28.299999237060547,25.100000381469727,25.399999618530273,10295
2019-12-20,26.899999618530277,27.850000381469727,25.549999237060547,26.350000381469727,3864
2019-12-23,25.149999618530277,27.950000762939453,25.149999618530277,26.950000762939453,1426
2019-12-24,27.0,29.799999237060547,26.0,28.950000762939453,10509
2019-12-26,29.649999618530277,29.950000762939453,28.0,28.049999237060547,716
2019-12-27,28.399999618530277,29.850000381469727,26.75,29.850000381469727,2801
2019-12-30,27.350000381469727,27.799999237060547,27.299999237060547,27.399999618530277,4518
2019-12-31,27.0,30.200000762939453,27.0,29.0,3106
2020-01-01,32.0,32.5,25.049999237060547,30.0,1846
2020-01-02,27.850000381469727,32.349998474121094,27.850000381469727,30.75,1531
2020-01-03,28.600000381469727,31.299999237060547,28.299999237060547,30.0,2670
2020-01-06,29.850000381469727,30.149999618530273,29.850000381469727,30.149999618530273,582
2020-01-07,30.5,32.900001525878906,27.5,32.04999923706055,350
2020-01-08,27.549999237060547,33.0,27.549999237060547,30.25,1414
2020-01-09,32.0,36.29999923706055,28.200000762939453,36.29999923706055,15507
2020-01-10,39.900001525878906,39.900001525878906,35.0,35.45000076293945,23671
2020-01-13,33.04999923706055,35.45000076293945,32.099998474121094,34.650001525878906,2299
2020-01-14,33.04999923706055,33.900001525878906,32.04999923706055,33.25,1732
2020-01-15,32.54999923706055,33.0,32.54999923706055,33.0,537
2020-01-16,31.350000381469727,32.95000076293945,31.350000381469727,31.799999237060547,3748
2020-01-17,31.0,32.849998474121094,30.299999237060547,32.75,97
2020-01-20,33.0,33.900001525878906,31.149999618530273,31.149999618530273,103
2020-01-21,31.149999618530273,32.5,29.600000381469727,30.25,831
2020-01-22,30.25,31.5,28.799999237060547,31.5,474
2020-01-23,30.0,31.799999237060547,29.950000762939453,31.799999237060547,353
2020-01-24,30.25,32.349998474121094,30.25,31.950000762939453,219
2020-01-27,30.450000762939453,31.450000762939453,30.399999618530277,30.399999618530277,680
2020-01-28,30.399999618530273,30.399999618530273,29.0,29.0,500
2020-01-29,29.100000381469727,30.450000762939453,29.100000381469727,30.450000762939453,304
2020-01-30,29.049999237060547,29.649999618530273,29.049999237060547,29.649999618530273,156
2020-01-31,29.649999618530273,29.649999618530273,29.649999618530273,29.649999618530273,0
2020-02-03,29.0,29.0,27.600000381469727,27.600000381469727,255
2020-02-04,28.950000762939453,28.950000762939453,28.950000762939453,28.950000762939453,2
2020-02-05,29.899999618530277,29.899999618530277,29.899999618530277,29.899999618530277,5
2020-02-06,29.899999618530273,30.0,29.899999618530273,30.0,514
2020-02-07,31.350000381469727,31.350000381469727,31.350000381469727,31.350000381469727,10
2020-02-10,31.350000381469727,31.350000381469727,31.350000381469727,31.350000381469727,0
2020-02-11,31.350000381469727,31.350000381469727,31.350000381469727,31.350000381469727,0
2020-02-12,29.799999237060547,29.799999237060547,29.799999237060547,29.799999237060547,7
2020-02-13,29.700000762939453,29.700000762939453,28.350000381469727,28.350000381469727,1270
2020-02-14,26.950000762939453,28.450000762939453,26.950000762939453,26.950000762939453,3312
2020-02-17,26.950000762939453,26.950000762939453,25.649999618530277,25.75,815
2020-02-18,25.75,26.799999237060547,24.5,26.799999237060547,678
2020-02-19,27.899999618530273,27.899999618530273,25.5,27.649999618530273,5619
2020-02-20,26.299999237060547,28.700000762939453,26.299999237060547,26.450000762939453,1828
2020-02-24,26.450000762939453,26.450000762939453,26.450000762939453,26.450000762939453,0
2020-02-25,26.450000762939453,26.450000762939453,26.450000762939453,26.450000762939453,0
2020-02-26,26.450000762939453,26.450000762939453,26.450000762939453,26.450000762939453,0
2020-02-27,25.149999618530273,25.149999618530273,25.149999618530273,25.149999618530273,317
2020-02-28,25.0,26.350000381469727,25.0,26.350000381469727,141
2020-03-02,26.350000381469727,26.350000381469727,26.350000381469727,26.350000381469727,100
2020-03-03,26.350000381469727,26.350000381469727,26.350000381469727,26.350000381469727,0
2020-03-04,27.649999618530277,27.649999618530277,25.049999237060547,25.049999237060547,614
2020-03-05,24.200000762939453,24.200000762939453,23.799999237060547,24.0,678
2020-03-06,23.799999237060547,23.799999237060547,22.799999237060547,23.0,265
2020-03-09,21.850000381469727,22.049999237060547,21.850000381469727,21.850000381469727,1384
2020-03-11,21.850000381469727,22.5,20.799999237060547,22.5,29
2020-03-12,22.5,22.5,21.399999618530273,22.5,78
2020-03-13,22.5,23.600000381469727,21.450000762939453,23.600000381469727,9031
2020-03-16,23.0,24.75,23.0,24.700000762939453,617
2020-03-17,24.0,24.5,23.899999618530277,24.399999618530277,1597
2020-03-18,24.5,24.549999237060547,23.200000762939453,23.5,130129
2020-03-19,23.5,24.0,23.5,23.5,20005
2020-03-20,22.5,24.649999618530273,22.5,23.25,81002
2020-03-23,23.25,23.25,23.25,23.25,0
2020-03-24,22.100000381469727,22.100000381469727,22.100000381469727,22.100000381469727,25
2020-03-25,23.200000762939453,23.200000762939453,21.0,21.0,45
2020-03-26,21.0,21.0,19.950000762939453,19.950000762939453,1605
2020-03-27,19.0,19.0,19.0,19.0,220
2020-03-30,18.100000381469727,18.5,18.100000381469727,18.5,6531
2020-03-31,18.049999237060547,18.799999237060547,17.700000762939453,18.450000762939453,7066
2020-04-01,18.049999237060547,18.049999237060547,18.0,18.0,403
2020-04-03,18.200000762939453,18.200000762939453,17.299999237060547,18.0,725
2020-04-07,17.100000381469727,18.899999618530273,17.100000381469727,18.899999618530273,736
2020-04-08,19.799999237060547,19.799999237060547,19.799999237060547,19.799999237060547,508
2020-04-09,19.799999237060547,20.75,19.799999237060547,20.75,269
2020-04-13,21.75,21.75,21.75,21.75,12
2020-04-15,20.799999237060547,21.5,20.75,21.200000762939453,1398
2020-04-16,20.5,21.0,20.200000762939453,20.299999237060547,124
2020-04-17,20.299999237060547,20.299999237060547,20.0,20.0,293
2020-04-20,21.0,21.0,21.0,21.0,774
2020-04-21,21.5,22.0,20.0,21.75,5945
2020-04-22,22.75,22.799999237060547,20.700000762939453,20.700000762939453,5623
2020-04-23,20.0,21.399999618530273,19.700000762939453,20.299999237060547,23050
2020-04-24,19.350000381469727,21.200000762939453,19.350000381469727,20.200000762939453,2592
2020-04-27,21.0,21.200000762939453,19.700000762939453,20.450000762939453,17724
2020-04-28,20.100000381469727,21.0,19.649999618530273,20.399999618530273,21192
2020-04-29,19.600000381469727,21.399999618530273,19.600000381469727,21.299999237060547,1055
2020-04-30,21.299999237060547,22.350000381469727,20.299999237060547,21.049999237060547,3790
2020-05-04,20.049999237060547,21.0,20.0,20.950000762939453,992
2020-05-05,20.100000381469727,20.149999618530273,20.049999237060547,20.049999237060547,1218
2020-05-06,21.0,21.0,19.5,19.600000381469727,1260
2020-05-07,20.549999237060547,20.549999237060547,20.0,20.0,55
2020-05-08,19.600000381469727,20.75,19.600000381469727,20.0,1219
2020-05-11,19.0,21.0,19.0,19.0,21028
2020-05-12,19.0,19.950000762939453,18.100000381469727,19.950000762939453,4372
2020-05-13,19.950000762939453,20.899999618530273,19.0,19.149999618530273,20050
2020-05-14,19.0,19.5,19.0,19.5,502
2020-05-15,19.5,20.0,19.5,20.0,12710
2020-05-18,19.0,20.5,19.0,19.799999237060547,4059
2020-05-19,20.75,20.75,19.0,19.0,1041
2020-05-20,19.0,19.950000762939453,18.049999237060547,19.950000762939453,1575
2020-05-21,19.950000762939453,19.950000762939453,19.950000762939453,19.950000762939453,50
2020-05-22,20.0,20.0,20.0,20.0,44
2020-05-26,19.25,19.25,19.0,19.049999237060547,1400
2020-05-27,18.25,20.0,18.25,20.0,1679
2020-05-28,20.850000381469727,20.850000381469727,19.149999618530273,19.149999618530273,901
2020-05-29,20.100000381469727,20.100000381469727,18.25,19.600000381469727,3297
2020-06-01,19.600000381469727,20.549999237060547,19.399999618530273,20.549999237060547,236
2020-06-02,19.799999237060547,21.549999237060547,19.799999237060547,21.549999237060547,1161
2020-06-03,20.850000381469727,22.600000381469727,20.75,21.0,1427
2020-06-04,20.75,20.75,20.75,20.75,20
2020-06-05,20.75,22.799999237060547,20.75,22.799999237060547,6274
2020-06-08,25.0,25.049999237060547,25.0,25.0,4020
2020-06-09,22.75,27.5,22.75,23.299999237060547,15612
2020-06-10,21.25,25.600000381469727,21.25,25.600000381469727,4143
2020-06-11,25.649999618530273,26.850000381469727,25.649999618530273,26.850000381469727,8333
2020-06-12,27.850000381469727,27.850000381469727,25.549999237060547,26.899999618530273,1445
2020-06-15,25.600000381469727,28.149999618530273,25.600000381469727,28.149999618530273,3707
2020-06-16,29.5,29.549999237060547,27.350000381469727,27.350000381469727,5625
2020-06-17,27.350000381469727,27.899999618530277,26.0,26.5,2811
2020-06-18,26.200000762939453,26.5,25.25,25.350000381469727,121
2020-06-19,24.799999237060547,24.799999237060547,24.799999237060547,24.799999237060547,65
2020-06-22,25.149999618530273,25.25,25.0,25.049999237060547,1792
2020-06-23,25.100000381469727,26.299999237060547,23.899999618530273,25.799999237060547,1052
2020-06-24,27.0,27.049999237060547,25.799999237060547,26.899999618530273,1124
2020-06-25,26.5,26.899999618530273,26.25,26.899999618530273,900
2020-06-26,26.899999618530273,28.200000762939453,25.600000381469727,25.649999618530273,1669
2020-06-29,24.549999237060547,26.899999618530277,24.549999237060547,26.899999618530277,611
2020-06-30,25.950000762939453,27.850000381469727,25.850000381469727,27.799999237060547,7104
2020-07-01,26.75,27.75,26.5,27.75,406
2020-07-02,26.549999237060547,26.549999237060547,26.549999237060547,26.549999237060547,150
2020-07-03,27.75,27.75,25.299999237060547,27.25,1571
2020-07-06,26.100000381469727,26.100000381469727,25.899999618530273,25.899999618530273,1424
2020-07-07,24.75,27.149999618530273,24.75,25.0,519
2020-07-08,25.0,25.149999618530273,25.0,25.049999237060547,1146
2020-07-09,25.049999237060547,26.299999237060547,25.049999237060547,26.299999237060547,49
2020-07-10,25.0,27.0,25.0,25.0,814
2020-07-13,26.25,26.25,24.899999618530277,24.899999618530277,4
2020-07-14,25.0,26.100000381469727,23.850000381469727,26.100000381469727,576
2020-07-15,26.100000381469727,26.100000381469727,24.799999237060547,24.799999237060547,144
2020-07-16,23.799999237060547,26.0,23.799999237060547,23.899999618530273,227
2020-07-17,23.950000762939453,25.0,23.950000762939453,25.0,235
2020-07-20,25.0,26.25,25.0,26.25,1501
2020-07-21,26.25,27.5,25.399999618530273,27.5,3733
2020-07-22,27.450000762939453,28.850000381469727,26.149999618530277,26.549999237060547,3520
2020-07-23,25.299999237060547,27.850000381469727,25.299999237060547,25.950000762939453,1594
2020-07-24,24.700000762939453,27.0,24.700000762939453,25.25,1545
2020-07-27,24.100000381469727,26.5,24.100000381469727,24.25,764
2020-07-28,24.25,25.450000762939453,23.549999237060547,25.049999237060547,1786
2020-07-29,24.5,25.0,24.149999618530277,25.0,2635
2020-07-30,25.0,26.25,24.5,24.5,629
2020-07-31,24.549999237060547,24.549999237060547,24.549999237060547,24.549999237060547,106
2020-08-03,24.549999237060547,25.5,24.549999237060547,25.5,1976
2020-08-04,25.0,25.5,24.5,24.5,1189
2020-08-05,24.049999237060547,25.450000762939453,24.049999237060547,25.399999618530277,855
2020-08-06,25.399999618530273,25.5,24.5,25.450000762939453,1744
2020-08-07,25.450000762939453,26.5,24.350000381469727,26.0,3532
2020-08-10,26.0,27.299999237060547,26.0,27.299999237060547,3519
2020-08-11,28.399999618530277,28.450000762939453,26.5,26.600000381469727,4898
2020-08-12,26.649999618530273,27.0,25.950000762939453,27.0,425
2020-08-13,27.899999618530277,27.899999618530277,25.950000762939453,26.75,328
2020-08-14,25.950000762939453,27.899999618530277,25.450000762939453,25.450000762939453,1160
2020-08-17,26.5,26.700000762939453,25.549999237060547,26.5,1336
2020-08-18,26.5,27.049999237060547,26.100000381469727,27.0,2005
2020-08-19,27.049999237060547,28.299999237060547,26.299999237060547,28.25,4866
2020-08-20,27.200000762939453,29.649999618530273,27.200000762939453,28.549999237060547,1042
2020-08-21,27.350000381469727,29.450000762939453,27.350000381469727,28.049999237060547,3040
2020-08-24,27.200000762939453,29.450000762939453,26.950000762939453,29.450000762939453,6921
2020-08-25,30.850000381469727,30.850000381469727,28.549999237060547,28.850000381469727,4623
2020-08-26,29.600000381469727,30.0,27.899999618530277,29.850000381469727,1456
2020-08-27,28.600000381469727,31.299999237060547,28.549999237060547,30.0,3750
2020-08-28,28.899999618530277,29.899999618530277,28.899999618530277,29.100000381469727,1110
2020-08-31,28.100000381469727,29.0,27.649999618530277,28.25,9279
2020-09-01,28.549999237060547,29.649999618530273,28.549999237060547,29.649999618530273,1411
2020-09-02,28.399999618530273,30.5,28.350000381469727,30.5,2376
2020-09-03,31.200000762939453,31.5,30.0,31.149999618530277,1455
2020-09-04,29.899999618530273,32.0,29.899999618530273,31.5,2155
2020-09-07,30.649999618530277,31.799999237060547,30.200000762939453,30.450000762939453,1127
2020-09-08,30.049999237060547,31.899999618530273,29.799999237060547,31.899999618530273,8037
2020-09-09,31.850000381469727,31.850000381469727,30.899999618530277,30.899999618530277,1060
2020-09-10,32.400001525878906,32.400001525878906,30.649999618530277,31.950000762939453,6551
2020-09-11,30.799999237060547,31.600000381469727,30.700000762939453,31.149999618530277,2377
2020-09-14,30.649999618530273,32.70000076293945,30.600000381469727,32.70000076293945,6824
2020-09-15,32.04999923706055,34.29999923706055,32.04999923706055,32.54999923706055,2325
2020-09-16,32.150001525878906,33.849998474121094,32.04999923706055,32.04999923706055,1314
2020-09-17,30.75,33.20000076293945,30.75,32.650001525878906,2994
2020-09-18,31.549999237060547,32.5,31.299999237060547,32.25,133
2020-09-21,32.20000076293945,33.849998474121094,32.20000076293945,33.54999923706055,3559
2020-09-22,32.25,34.45000076293945,32.25,33.75,359
2020-09-23,34.45000076293945,35.20000076293945,33.25,34.849998474121094,2088
2020-09-24,33.150001525878906,35.54999923706055,33.150001525878906,33.75,2992
2020-09-25,33.5,34.900001525878906,32.599998474121094,33.0,1837
2020-09-28,34.0,34.650001525878906,32.20000076293945,34.29999923706055,1140
2020-09-29,35.849998474121094,35.849998474121094,32.849998474121094,35.70000076293945,1221
2020-09-30,34.45000076293945,35.349998474121094,34.150001525878906,34.95000076293945,1050
2020-10-01,35.349998474121094,35.349998474121094,33.400001525878906,33.400001525878906,772
2020-10-05,33.400001525878906,35.04999923706055,33.400001525878906,35.04999923706055,1400
2020-10-06,33.599998474121094,34.5,33.5,33.75,1617
2020-10-07,35.150001525878906,35.150001525878906,34.099998474121094,34.099998474121094,652
2020-10-08,33.599998474121094,34.70000076293945,33.20000076293945,34.70000076293945,1212
2020-10-09,33.54999923706055,33.75,33.0,33.099998474121094,674
2020-10-12,34.099998474121094,34.099998474121094,31.549999237060547,32.150001525878906,371
2020-10-13,32.099998474121094,32.70000076293945,31.049999237060547,31.75,727
2020-10-14,30.350000381469727,32.900001525878906,30.25,30.350000381469727,1274
2020-10-15,30.5,30.5,30.5,30.5,350
2020-10-16,32.0,32.0,31.0,31.0,886
2020-10-19,32.5,32.54999923706055,30.299999237060547,30.700000762939453,2885
2020-10-20,31.950000762939453,32.20000076293945,31.950000762939453,32.20000076293945,1213
2020-10-21,33.70000076293945,33.70000076293945,30.899999618530277,30.899999618530277,690
2020-10-22,31.899999618530277,31.899999618530277,31.899999618530277,31.899999618530277,1
2020-10-23,30.549999237060547,32.0,30.549999237060547,31.0,169
2020-10-26,31.0,31.0,29.649999618530277,31.0,1089
2020-10-27,31.0,31.0,31.0,31.0,0
2020-10-28,29.649999618530273,29.649999618530273,29.450000762939453,29.649999618530273,556
2020-10-29,30.950000762939453,30.950000762939453,30.0,30.0,2
2020-10-30,30.0,30.899999618530273,29.0,29.100000381469727,2252
2020-11-02,29.0,29.0,28.149999618530277,28.200000762939453,394
2020-11-03,27.100000381469727,29.049999237060547,27.100000381469727,28.0,325
2020-11-04,29.25,29.25,29.25,29.25,1
2020-11-05,29.25,30.600000381469727,28.450000762939453,30.350000381469727,1121
2020-11-06,29.399999618530273,30.350000381469727,29.0,29.899999618530273,2522
2020-11-09,28.799999237060547,30.5,28.700000762939453,29.5,2589
2020-11-10,28.600000381469727,30.5,28.600000381469727,28.850000381469727,862
2020-11-11,29.799999237060547,30.200000762939453,28.100000381469727,28.899999618530277,2094
2020-11-12,28.5,28.5,27.5,28.0,2422
2020-11-13,28.649999618530277,29.399999618530277,28.0,28.100000381469727,6322
2020-11-14,29.5,29.5,28.25,28.399999618530277,1103
2020-11-17,27.549999237060547,29.799999237060547,27.549999237060547,29.799999237060547,5037
2020-11-18,30.950000762939453,31.25,29.549999237060547,31.25,5048
2020-11-19,32.0,32.79999923706055,32.0,32.79999923706055,2186
2020-11-20,33.54999923706055,34.400001525878906,33.45000076293945,34.400001525878906,4360
2020-11-23,34.400001525878906,36.09999847412109,34.25,34.29999923706055,3232
2020-11-24,35.5,36.0,35.0,35.400001525878906,5329
2020-11-25,35.0,36.0,34.150001525878906,35.95000076293945,4945
2020-11-26,37.5,37.599998474121094,34.849998474121094,37.400001525878906,8308
2020-11-27,35.79999923706055,38.45000076293945,35.79999923706055,36.0,3496
2020-12-01,36.900001525878906,37.79999923706055,35.20000076293945,36.099998474121094,3674
2020-12-02,34.54999923706055,37.900001525878906,34.5,37.900001525878906,5453
2020-12-03,37.900001525878906,39.75,37.900001525878906,39.75,6164
2020-12-04,37.849998474121094,41.70000076293945,37.849998474121094,38.29999923706055,21328
2020-12-07,36.54999923706055,40.20000076293945,36.54999923706055,38.75,3099
2020-12-08,36.84999847412109,39.900001525878906,36.84999847412109,39.900001525878906,3448
2020-12-09,38.34999847412109,41.84999847412109,38.34999847412109,40.25,10699
2020-12-10,40.29999923706055,42.25,40.0,41.900001525878906,7827
2020-12-11,40.25,43.95000076293945,40.25,43.0,10066
2020-12-14,43.95000076293945,43.95000076293945,42.04999923706055,42.09999847412109,553
2020-12-15,40.20000076293945,44.0,40.20000076293945,43.45000076293945,2058
2020-12-16,43.25,45.5,41.650001525878906,44.599998474121094,10767
2020-12-17,42.400001525878906,44.5,42.400001525878906,44.0,4541
2020-12-18,43.900001525878906,46.0,42.45000076293945,46.0,8314
2020-12-21,44.599998474121094,46.20000076293945,44.0,44.0,133
2020-12-22,41.79999923706055,43.0,41.79999923706055,42.25,644
2020-12-23,40.54999923706055,44.349998474121094,40.54999923706055,44.349998474121094,1730
2020-12-24,42.29999923706055,44.349998474121094,42.25,42.349998474121094,97724
2020-12-28,41.849998474121094,44.0,41.849998474121094,43.5,3151
2020-12-29,41.54999923706055,44.34999847412109,41.5,44.29999923706055,1330
2020-12-30,43.5,43.900001525878906,42.150001525878906,43.900001525878906,290
2020-12-31,41.79999923706055,43.79999923706055,41.79999923706055,43.75,212
2021-01-01,42.5,43.45000076293945,42.0,43.400001525878906,764
2021-01-04,41.5,45.54999923706055,41.5,45.54999923706055,6029
2021-01-05,46.20000076293945,46.20000076293945,43.349998474121094,46.0,2128
2021-01-06,46.0,46.0,46.0,46.0,0
2021-01-07,46.0,46.0,43.70000076293945,44.79999923706055,816
2021-01-08,44.79999923706055,45.75,42.650001525878906,45.54999923706055,400
2021-01-11,43.34999847412109,44.900001525878906,43.34999847412109,44.900001525878906,835
2021-01-12,45.95000076293945,45.95000076293945,44.95000076293945,44.95000076293945,154
2021-01-13,43.0,45.95000076293945,43.0,45.70000076293945,2241
2021-01-14,43.599998474121094,45.0,43.599998474121094,44.150001525878906,818
2021-01-15,44.84999847412109,46.150001525878906,42.09999847412109,44.75,531
2021-01-18,43.09999847412109,46.45000076293945,43.0,44.70000076293945,4234
2021-01-19,46.45000076293945,46.45000076293945,44.5,44.95000076293945,3006
2021-01-20,44.25,45.0,42.75,44.34999847412109,3337
2021-01-21,42.25,43.0,42.25,43.0,2735
2021-01-22,41.0,44.5,41.0,43.650001525878906,232
2021-01-25,42.0,44.45000076293945,41.75,41.75,1609
2021-01-27,43.70000076293945,43.70000076293945,39.79999923706055,42.75,77
2021-01-28,44.5,44.5,40.75,40.75,359
2021-01-29,40.09999847412109,42.5,40.0,40.09999847412109,414
2021-02-01,39.04999923706055,42.09999847412109,39.04999923706055,42.0,1090
2021-02-02,42.849998474121094,42.849998474121094,40.04999923706055,40.150001525878906,744
2021-02-03,41.900001525878906,42.150001525878906,39.75,42.150001525878906,11428
2021-02-04,40.09999847412109,44.20000076293945,40.04999923706055,42.0,11158
2021-02-05,38.650001525878906,45.70000076293945,38.650001525878906,45.04999923706055,3564
2021-02-08,45.04999923706055,48.849998474121094,44.0,45.04999923706055,17698
2021-02-09,48.0,49.45000076293945,43.0,44.29999923706055,24593
2021-02-10,46.75,46.75,43.04999923706055,44.70000076293945,834
2021-02-11,43.900001525878906,44.70000076293945,43.45000076293945,43.5,1068
2021-02-12,42.150001525878906,46.75,42.150001525878906,45.04999923706055,2010
2021-02-15,43.45000076293945,46.400001525878906,40.75,41.45000076293945,4980
2021-02-16,41.0,42.599998474121094,40.29999923706055,42.5,311
2021-02-17,39.599998474121094,43.900001525878906,39.400001525878906,43.400001525878906,8719
2021-02-18,41.5,45.400001525878906,41.5,44.20000076293945,15924
2021-02-19,43.29999923706055,46.400001525878906,43.0,44.79999923706055,3391
2021-02-22,45.70000076293945,45.70000076293945,42.34999847412109,44.70000076293945,10867
2021-02-23,44.09999847412109,46.0,40.95000076293945,45.25,69932
2021-02-24,47.0,47.0,43.95000076293945,45.0,3660
2021-02-25,44.04999923706055,44.5,43.150001525878906,43.95000076293945,15828
2021-02-26,42.54999923706055,45.0,42.54999923706055,43.599998474121094,28212
2021-03-01,44.0,44.5,43.0,44.400001525878906,7319
2021-03-02,43.20000076293945,44.95000076293945,43.0,43.79999923706055,27684
2021-03-03,42.79999923706055,45.79999923706055,42.79999923706055,44.29999923706055,6770
2021-03-04,46.70000076293945,46.70000076293945,43.29999923706055,44.54999923706055,7091
2021-03-05,45.0,49.0,44.20000076293945,49.0,38997
2021-03-08,50.79999923706055,53.900001525878906,47.04999923706055,53.900001525878906,91669
2021-03-09,58.5,59.25,55.25,58.70000076293945,75471
2021-03-10,60.900001525878906,61.54999923706055,58.54999923706055,59.5,26206
2021-03-12,61.5,61.79999923706055,56.54999923706055,56.95000076293945,7107
2021-03-15,55.099998474121094,55.099998474121094,54.150001525878906,54.150001525878906,10281
2021-03-16,51.45000076293945,54.849998474121094,51.45000076293945,51.45000076293945,6909
2021-03-17,49.25,49.400001525878906,48.900001525878906,48.900001525878906,1834
2021-03-18,46.5,51.0,46.5,49.25,1862
2021-03-19,47.150001525878906,48.09999847412109,46.79999923706055,48.09999847412109,641
2021-03-22,48.95000076293945,50.5,46.0,50.5,2696
2021-03-23,50.0,53.0,48.79999923706055,50.150001525878906,12700
2021-03-24,49.54999923706055,50.75,48.0,48.0,497
2021-03-25,46.349998474121094,48.0,45.70000076293945,46.5,257
2021-03-26,44.650001525878906,47.400001525878906,44.650001525878906,46.20000076293945,1048
2021-03-30,47.900001525878906,47.900001525878906,44.650001525878906,47.75,12
2021-03-31,47.75,47.75,47.75,47.75,0
2021-04-01,45.79999923706055,50.09999847412109,45.79999923706055,50.0,2298
2021-04-05,51.900001525878906,52.5,49.84999847412109,50.09999847412109,1700
2021-04-06,48.20000076293945,51.95000076293945,47.599998474121094,48.29999923706055,2753
2021-04-07,46.59999847412109,48.0,46.5,46.650001525878906,791
2021-04-08,48.45000076293945,48.95000076293945,48.45000076293945,48.95000076293945,428
2021-04-09,51.349998474121094,51.349998474121094,49.650001525878906,51.25,1344
2021-04-12,50.04999923706055,52.650001525878906,48.70000076293945,52.599998474121094,1960
2021-04-13,53.599998474121094,53.599998474121094,50.0,50.150001525878906,1501
2021-04-15,50.79999923706055,52.650001525878906,50.79999923706055,51.650001525878906,13542
2021-04-16,52.04999923706055,54.20000076293945,52.0,52.400001525878906,13186
2021-04-19,51.45000076293945,51.900001525878906,49.79999923706055,51.900001525878906,567
2021-04-20,49.54999923706055,53.650001525878906,49.34999847412109,52.5,21884
2021-04-22,50.04999923706055,53.09999847412109,49.900001525878906,52.900001525878906,6939
2021-04-23,50.70000076293945,53.79999923706055,50.70000076293945,51.150001525878906,1940
2021-04-26,50.25,53.70000076293945,50.25,50.34999847412109,640
2021-04-27,50.34999847412109,52.84999847412109,50.34999847412109,50.59999847412109,1746
2021-04-28,49.5,52.849998474121094,49.349998474121094,51.04999923706055,12678
2021-04-29,51.29999923706055,53.45000076293945,51.0,53.09999847412109,1004
2021-04-30,53.45000076293945,54.25,50.849998474121094,53.54999923706055,3501
2021-05-03,54.95000076293945,56.20000076293945,53.599998474121094,56.04999923706055,5966
2021-05-04,56.04999923706055,57.95000076293945,53.650001525878906,54.0,2555
2021-05-05,55.29999923706055,56.70000076293945,54.70000076293945,55.849998474121094,8521
2021-05-06,56.70000076293945,58.59999847412109,56.25,58.0,4436
2021-05-07,58.34999847412109,60.900001525878906,57.09999847412109,60.900001525878906,25723
2021-05-10,63.5,63.900001525878906,60.54999923706055,63.79999923706055,29485
2021-05-11,60.75,66.8499984741211,60.75,62.0,17985
2021-05-12,60.849998474121094,65.0,60.0,60.04999923706055,13868
2021-05-14,59.900001525878906,61.400001525878906,57.04999923706055,57.5,42767
2021-05-17,58.5,60.0,56.04999923706055,59.349998474121094,11094
2021-05-18,62.0,62.25,56.400001525878906,56.900001525878906,16308
2021-05-19,58.0,58.0,56.59999847412109,57.79999923706055,20249
2021-05-20,57.79999923706055,57.900001525878906,56.29999923706055,57.20000076293945,11020
2021-05-21,57.0,57.20000076293945,56.0,57.0,10892
2021-05-24,56.0,56.45000076293945,54.29999923706055,54.95000076293945,13059
2021-05-25,56.900001525878906,57.650001525878906,55.95000076293945,57.29999923706055,20135
2021-05-26,58.0,60.150001525878906,55.09999847412109,58.84999847412109,3860
2021-05-27,58.95000076293945,59.900001525878906,55.95000076293945,57.54999923706055,15931
2021-05-28,59.900001525878906,59.900001525878906,56.59999847412109,56.59999847412109,3657
2021-05-31,55.400001525878906,59.20000076293945,55.400001525878906,58.0,2082
2021-06-01,59.400001525878906,60.900001525878906,58.5,58.95000076293945,34472
2021-06-02,57.75,61.849998474121094,57.75,61.849998474121094,2952
2021-06-03,64.75,64.9000015258789,62.54999923706055,64.9000015258789,27424
2021-06-04,65.8499984741211,68.0999984741211,63.70000076293945,68.0999984741211,24803
2021-06-07,70.0,74.9000015258789,69.44999694824219,72.25,25650
2021-06-08,79.25,79.44999694824219,71.55000305175781,79.44999694824219,48893
2021-06-09,85.4000015258789,87.3499984741211,82.0,86.69999694824219,47183
2021-06-10,87.0,88.3499984741211,82.4000015258789,83.0999984741211,21127
2021-06-11,85.9000015258789,85.9000015258789,78.94999694824219,79.5,12304
2021-06-14,76.44999694824219,83.44999694824219,76.44999694824219,83.0,11502
2021-06-15,86.0,87.1500015258789,83.5,83.9000015258789,16159
2021-06-16,84.5,84.5,82.0,82.1500015258789,5018
2021-06-17,85.25,85.25,78.0999984741211,82.25,1326
2021-06-18,84.9000015258789,84.9000015258789,78.1500015258789,78.4000015258789,3583
2021-06-21,75.5,80.5,74.5,78.75,4024
2021-06-22,78.5999984741211,81.9000015258789,76.19999694824219,78.0999984741211,322
2021-06-23,74.30000305175781,81.5,74.30000305175781,78.44999694824219,5639
2021-06-24,78.80000305175781,82.3499984741211,78.80000305175781,82.3499984741211,4862
2021-06-25,84.0,86.4000015258789,78.6500015258789,81.4000015258789,5672
2021-06-28,82.0,85.44999694824219,79.0,85.44999694824219,7996
2021-06-29,86.94999694824219,89.69999694824219,86.94999694824219,89.69999694824219,7624
2021-06-30,93.5,93.5,85.25,85.25,1621
2021-07-01,81.1500015258789,85.44999694824219,81.0999984741211,83.75,419
2021-07-02,80.05000305175781,87.9000015258789,80.0,82.3499984741211,1685
2021-07-05,85.0,85.0,79.6500015258789,82.0,793
2021-07-06,78.55000305175781,84.69999694824219,78.19999694824219,79.25,1647
2021-07-07,75.3499984741211,79.9000015258789,75.3499984741211,79.80000305175781,3493
2021-07-08,79.69999694824219,79.69999694824219,76.0,77.5,603
2021-07-09,81.30000305175781,81.30000305175781,73.69999694824219,78.0,590
2021-07-12,74.19999694824219,78.0,74.0999984741211,77.0999984741211,5051
2021-07-13,77.0,77.0,73.5,77.0,3064
2021-07-14,73.19999694824219,80.0,73.19999694824219,74.94999694824219,3501
2021-07-15,72.0999984741211,77.94999694824219,72.0,72.0999984741211,3872
2021-07-16,73.0999984741211,75.69999694824219,73.0,75.0,1678
2021-07-19,71.30000305175781,78.75,71.30000305175781,75.05000305175781,6105
2021-07-20,72.6500015258789,78.0,72.6500015258789,77.5,2481
2021-07-22,80.69999694824219,81.3499984741211,74.5999984741211,77.69999694824219,5188
2021-07-23,74.75,78.8499984741211,74.0,75.3499984741211,6942
2021-07-26,77.4000015258789,77.4000015258789,72.5999984741211,75.6500015258789,8569
2021-07-27,75.0,75.94999694824219,73.0,74.55000305175781,7983
2021-07-28,73.55000305175781,75.94999694824219,73.25,74.8499984741211,2881
2021-07-29,76.5999984741211,78.55000305175781,76.5999984741211,78.5,13849
2021-07-30,81.69999694824219,82.4000015258789,76.4000015258789,81.44999694824219,11235
2021-08-02,82.8499984741211,82.8499984741211,77.4000015258789,77.80000305175781,6745
2021-08-03,77.19999694824219,79.9000015258789,74.0,77.8499984741211,7988
2021-08-04,78.0,78.0999984741211,74.0,75.3499984741211,7315
2021-08-05,75.3499984741211,75.9000015258789,72.0999984741211,73.05000305175781,2167
2021-08-06,74.5999984741211,74.6500015258789,71.9000015258789,72.19999694824219,2630
2021-08-09,69.44999694824219,73.5999984741211,69.44999694824219,70.69999694824219,5704
2021-08-10,65.19999694824219,69.5,63.650001525878906,63.650001525878906,80244
2021-08-11,59.0,65.69999694824219,57.29999923706055,59.0,16128
2021-08-12,62.95000076293945,64.9000015258789,60.20000076293945,64.9000015258789,33993
2021-08-13,66.0,71.3499984741211,64.19999694824219,70.69999694824219,17581
2021-08-16,73.44999694824219,73.44999694824219,65.69999694824219,69.94999694824219,9266
2021-08-17,64.69999694824219,70.0,64.69999694824219,68.25,6522
2021-08-18,72.94999694824219,72.94999694824219,67.0,69.25,29265
2021-08-20,68.94999694824219,70.4000015258789,66.0999984741211,69.4000015258789,5659
2021-08-23,67.05000305175781,73.05000305175781,66.1500015258789,69.9000015258789,73604
2021-08-24,67.8499984741211,72.25,67.0,71.8499984741211,13803
2021-08-25,71.94999694824219,77.94999694824219,68.5,74.5999984741211,19857
2021-08-26,73.5999984741211,75.44999694824219,73.0999984741211,73.3499984741211,4154
2021-08-27,73.3499984741211,76.6500015258789,68.55000305175781,70.44999694824219,8205
2021-08-30,70.5999984741211,73.0,70.55000305175781,72.0,10039
2021-08-31,70.25,73.5,70.19999694824219,70.75,15634
2021-09-01,71.8499984741211,74.0,67.19999694824219,72.69999694824219,42554
2021-09-02,76.9000015258789,76.9000015258789,70.19999694824219,70.75,7281
2021-09-03,73.8499984741211,74.80000305175781,69.55000305175781,72.55000305175781,4759
2021-09-06,71.1500015258789,76.05000305175781,71.0999984741211,74.05000305175781,20911
2021-09-07,73.0999984741211,74.80000305175781,70.6500015258789,71.19999694824219,6357
2021-09-08,72.5,74.0,71.5,73.19999694824219,8187
2021-09-09,74.9000015258789,74.9000015258789,71.19999694824219,71.94999694824219,9288
2021-09-13,73.3499984741211,73.9000015258789,71.0,73.05000305175781,15853
2021-09-14,74.1500015258789,74.19999694824219,72.3499984741211,72.5,5257
2021-09-15,72.44999694824219,78.0,72.44999694824219,75.1500015258789,11339
2021-09-16,78.9000015258789,78.9000015258789,72.44999694824219,73.05000305175781,8559
2021-09-17,73.4000015258789,74.0,71.75,73.0,8440
2021-09-20,74.19999694824219,74.19999694824219,70.3499984741211,72.0,2565
2021-09-21,70.0,74.0,70.0,73.75,1087
2021-09-22,72.0999984741211,77.75,71.0,74.6500015258789,71261
2021-09-23,78.0,79.9000015258789,72.5,78.8499984741211,37187
2021-09-24,78.8499984741211,80.75,75.3499984741211,78.25,33265
2021-09-27,78.25,82.5999984741211,77.6500015258789,82.25,14794
2021-09-28,88.0,90.0,82.30000305175781,86.44999694824219,43584
2021-09-29,86.9000015258789,87.9000015258789,83.0,86.3499984741211,28516
2021-09-30,85.5,90.6500015258789,85.0,86.69999694824219,7598
2021-10-01,86.69999694824219,87.05000305175781,84.30000305175781,85.5999984741211,6757
2021-10-04,89.44999694824219,89.44999694824219,85.0,86.05000305175781,52848
2021-10-05,85.0,91.0,85.0,87.0999984741211,29868
2021-10-06,87.0999984741211,91.9000015258789,87.0999984741211,87.75,7532
2021-10-07,89.8499984741211,93.9000015258789,89.5,92.0,14315
2021-10-08,94.94999694824219,94.94999694824219,89.4000015258789,91.5,1937
2021-10-11,91.0,91.0,85.05000305175781,88.25,3283
2021-10-12,88.25,92.0,85.30000305175781,88.44999694824219,8396
2021-10-13,88.0999984741211,91.0,85.9000015258789,86.75,1345
2021-10-14,89.69999694824219,89.9000015258789,86.5,87.0999984741211,5709
2021-10-18,87.19999694824219,88.94999694824219,84.30000305175781,85.4000015258789,2896
2021-10-19,83.5999984741211,85.69999694824219,79.30000305175781,81.4000015258789,2244
2021-10-20,80.0,80.44999694824219,67.30000305175781,75.05000305175781,19330
2021-10-21,77.80000305175781,84.3499984741211,72.19999694824219,74.69999694824219,28773
2021-10-22,76.19999694824219,76.80000305175781,72.5,73.75,2383
2021-10-25,78.0,78.0,69.9000015258789,70.5999984741211,9425
2021-10-26,73.69999694824219,74.1500015258789,70.25,74.1500015258789,2351
2021-10-27,76.80000305175781,76.80000305175781,72.8499984741211,73.0,473
2021-10-28,72.19999694824219,75.69999694824219,72.19999694824219,74.4000015258789,553
2021-10-29,73.0,73.44999694824219,70.3499984741211,72.0999984741211,2602
2021-11-01,72.0999984741211,75.94999694824219,71.05000305175781,74.0,2780
2021-11-02,73.0999984741211,76.0999984741211,73.0999984741211,75.4000015258789,2399
2021-11-03,74.0,77.94999694824219,73.5,74.44999694824219,2487
2021-11-04,78.9000015258789,78.9000015258789,74.19999694824219,74.44999694824219,1189
2021-11-08,73.5999984741211,76.80000305175781,72.0999984741211,74.19999694824219,1065
2021-11-09,73.3499984741211,82.0,71.5999984741211,80.0,9549
2021-11-10,84.0,84.0,78.0999984741211,78.3499984741211,2785
2021-11-11,81.4000015258789,81.94999694824219,75.25,75.9000015258789,1974
2021-11-12,79.25,79.25,72.9000015258789,74.0,3804
2021-11-15,72.25,74.8499984741211,72.25,73.05000305175781,1632
2021-11-16,76.5999984741211,76.5999984741211,72.80000305175781,74.0,1383
2021-11-17,74.0,74.9000015258789,73.0999984741211,73.5,249
2021-11-18,76.9000015258789,88.19999694824219,73.30000305175781,86.3499984741211,347595
2021-11-22,88.0,88.9000015258789,71.30000305175781,72.80000305175781,98934
2021-11-23,74.30000305175781,82.80000305175781,66.19999694824219,75.19999694824219,47345
2021-11-24,73.19999694824219,79.0,70.80000305175781,75.05000305175781,24780
2021-11-25,75.9000015258789,76.4000015258789,71.30000305175781,72.19999694824219,16880
2021-11-26,74.75,74.75,70.0,70.19999694824219,28624
2021-11-29,69.5,70.1500015258789,66.44999694824219,68.25,5325
2021-11-30,72.0,72.0,68.0,68.4000015258789,3461
2021-12-01,71.0,71.0,67.0,67.8499984741211,2262
2021-12-02,66.5,71.5999984741211,66.0999984741211,71.1500015258789,6280
2021-12-03,72.4000015258789,73.0,68.9000015258789,69.9000015258789,8802
2021-12-06,68.5,72.69999694824219,68.5,71.94999694824219,10025
2021-12-07,73.4000015258789,75.0,70.5,73.75,7772
2021-12-08,72.69999694824219,74.55000305175781,72.05000305175781,72.6500015258789,1623
2021-12-09,71.0,85.0,70.30000305175781,82.94999694824219,108980
2021-12-10,82.75,83.69999694824219,80.5999984741211,81.80000305175781,13712
2021-12-13,83.44999694824219,85.80000305175781,80.0999984741211,82.6500015258789,6341
2021-12-14,84.30000305175781,84.30000305175781,79.9000015258789,81.4000015258789,9835
2021-12-15,79.80000305175781,83.5,79.80000305175781,82.80000305175781,4206
2021-12-16,84.9000015258789,84.9000015258789,80.5,83.5999984741211,9139
2021-12-17,86.0,86.0,81.6500015258789,83.8499984741211,13313
2021-12-20,83.0,85.5,80.3499984741211,83.55000305175781,16530
2021-12-21,82.9000015258789,84.80000305175781,82.0,84.44999694824219,26955
2021-12-22,85.8499984741211,85.8499984741211,82.05000305175781,83.0,12184
2021-12-23,83.1500015258789,85.5,82.3499984741211,83.44999694824219,4607
2021-12-24,85.94999694824219,89.5999984741211,83.0,88.69999694824219,8421
2021-12-27,88.69999694824219,92.0,86.69999694824219,88.9000015258789,10605
2021-12-28,89.80000305175781,95.0,88.0,92.5500030517578,19470
2021-12-29,94.94999694824219,98.0,87.30000305175781,88.5,27046
2021-12-30,93.94999694824219,93.94999694824219,87.1500015258789,89.19999694824219,3285
2021-12-31,89.19999694824219,91.3499984741211,87.0999984741211,89.44999694824219,2513
2022-01-03,89.0,91.8000030517578,86.30000305175781,87.69999694824219,5909
2022-01-04,87.94999694824219,87.94999694824219,83.3499984741211,84.44999694824219,2771
2022-01-05,84.44999694824219,87.94999694824219,81.0999984741211,86.0,5149
2022-01-06,82.55000305175781,88.94999694824219,82.55000305175781,87.94999694824219,3134
2022-01-07,84.0,89.8499984741211,83.6500015258789,87.25,2674
2022-01-10,85.05000305175781,90.5,84.5,86.30000305175781,1416
2022-01-11,83.55000305175781,89.5999984741211,83.55000305175781,84.69999694824219,9746
2022-01-12,83.55000305175781,87.69999694824219,82.0,82.30000305175781,3790
2022-01-13,80.6500015258789,86.4000015258789,80.6500015258789,85.0,7437
2022-01-14,86.0,87.0,83.0,83.6500015258789,3616
2022-01-17,86.9000015258789,86.9000015258789,83.05000305175781,83.4000015258789,1813
2022-01-18,85.8499984741211,85.8499984741211,82.0999984741211,83.69999694824219,2867
2022-01-19,82.0,86.0,82.0,85.1500015258789,2514
2022-01-20,82.0,86.3499984741211,82.0,83.0999984741211,2247
2022-01-21,83.0999984741211,87.0,81.30000305175781,83.1500015258789,6065
2022-01-24,81.25,85.8499984741211,79.0,80.0,2903
2022-01-25,84.0,84.0,79.0,83.69999694824219,5181
2022-01-27,84.0,86.80000305175781,80.0,81.75,932
2022-01-28,81.9000015258789,83.94999694824219,80.0,80.5,3576
2022-01-31,80.0999984741211,83.94999694824219,79.0999984741211,82.0,1033
2022-02-01,78.55000305175781,83.9000015258789,78.55000305175781,82.4000015258789,2011
2022-02-02,79.0,83.0,79.0,80.0999984741211,1302
2022-02-03,77.0,83.0,77.0,79.8499984741211,2048
2022-02-04,82.9000015258789,82.9000015258789,76.0999984741211,81.75,1059
2022-02-07,77.8499984741211,82.80000305175781,77.8499984741211,82.25,2976
2022-02-08,80.6500015258789,82.0,79.0,80.25,1464
2022-02-09,77.6500015258789,81.8499984741211,77.1500015258789,78.4000015258789,3101
2022-02-10,81.0,81.0,78.0,80.25,1513
2022-02-11,81.94999694824219,81.94999694824219,79.0,81.44999694824219,325
2022-02-14,83.55000305175781,83.55000305175781,78.0,80.0,9547
2022-02-15,81.0,82.0,77.0,80.0999984741211,4695
2022-02-16,82.5,83.55000305175781,81.0,83.05000305175781,13450
2022-02-17,84.75,86.75,83.0,86.19999694824219,27774
2022-02-18,86.19999694824219,90.19999694824219,83.05000305175781,89.0,9595
2022-02-21,89.0,92.5,89.0,90.3000030517578,36193
2022-02-22,86.1500015258789,90.0,86.0999984741211,90.0,20942
2022-02-23,94.5,94.5,90.05000305175781,93.3499984741211,17940
2022-02-24,92.8499984741211,92.8499984741211,88.75,90.6500015258789,20594
2022-02-25,88.0,95.1500015258789,88.0,94.5500030517578,12134
2022-02-28,91.0,99.25,91.0,99.0,13804
2022-03-02,101.0500030517578,103.9499969482422,99.0,103.9499969482422,15839
2022-03-03,109.0999984741211,109.0999984741211,103.0500030517578,109.0999984741211,8902
2022-03-04,114.5,114.5500030517578,103.6999969482422,110.0,21955
2022-03-07,110.0,110.0,104.5,104.5,464
2022-03-08,99.30000305175781,109.0999984741211,99.30000305175781,107.5,7763
2022-03-09,107.5,112.3000030517578,102.1500015258789,104.0999984741211,8908
2022-03-10,108.0,108.0,98.9000015258789,100.0999984741211,4529
2022-03-11,100.0,100.0,95.0999984741211,96.0500030517578,5198
2022-03-14,96.5,100.8000030517578,91.25,96.0999984741211,6572
2022-03-15,95.4000015258789,100.9000015258789,95.4000015258789,100.9000015258789,965
2022-03-16,105.9000015258789,105.9000015258789,105.9000015258789,105.9000015258789,1422
2022-03-17,111.1500015258789,111.1500015258789,106.0500030517578,108.5999984741211,6524
2022-03-21,112.0,114.0,107.25,112.0,11206
2022-03-22,117.44999694824219,117.44999694824219,107.19999694824219,112.19999694824219,1660
2022-03-23,106.5999984741211,111.94999694824219,106.5999984741211,109.0,3958
2022-03-24,106.8499984741211,114.44999694824219,104.0,109.19999694824219,11266
2022-03-25,106.0,114.0,106.0,109.5,3669
2022-03-28,104.75,113.5,104.75,110.0,5746
2022-03-29,115.5,115.5,105.9000015258789,108.0,41944
2022-03-30,106.25,110.69999694824219,106.25,108.25,1215
2022-03-31,104.6500015258789,113.0,104.6500015258789,109.94999694824219,1355
2022-04-01,105.5,114.9499969482422,105.5,109.6500015258789,3603
2022-04-04,114.0,115.0,106.5,112.3499984741211,7093
2022-04-05,114.0,117.9499969482422,108.3000030517578,112.4499969482422,1378
2022-04-06,116.9499969482422,118.0500030517578,108.25,118.0500030517578,9216
2022-04-07,123.9499969482422,123.9499969482422,114.0,121.9499969482422,14515
2022-04-08,123.0,123.0,115.9000015258789,119.25,3930
2022-04-11,119.25,125.0,113.3000030517578,120.8000030517578,14850
2022-04-12,115.5500030517578,120.0,115.5500030517578,115.9499969482422,2045
2022-04-13,115.9499969482422,119.9499969482422,112.0,115.1500015258789,837
2022-04-18,112.0,118.0,112.0,112.25,2687
2022-04-19,116.9000015258789,117.8499984741211,108.0999984741211,110.6500015258789,11403
2022-04-20,114.9000015258789,116.1500015258789,113.69999694824219,116.1500015258789,4144
2022-04-21,111.5999984741211,120.94999694824219,111.5999984741211,118.80000305175781,4095
2022-04-22,118.80000305175781,120.94999694824219,115.0,119.44999694824219,1906
2022-04-25,117.44999694824219,118.0,114.55000305175781,116.5,6441
2022-04-26,112.0999984741211,119.80000305175781,112.0999984741211,115.8499984741211,4652
2022-04-27,112.0,119.9000015258789,112.0,115.0,1489
2022-04-28,113.0,119.9000015258789,111.0,116.80000305175781,1787
2022-04-29,112.5,118.0999984741211,112.5,112.8499984741211,168
2022-05-02,112.8499984741211,112.8499984741211,111.0,111.1999969482422,6849
2022-05-04,107.0500030517578,115.9000015258789,105.6999969482422,106.3000030517578,1070
2022-05-05,106.3000030517578,110.0,105.0,105.0,1281
2022-05-06,100.05000305175781,105.0,100.05000305175781,101.25,303
2022-05-09,99.8499984741211,106.0999984741211,97.0,98.4000015258789,1568
2022-05-10,95.0999984741211,103.30000305175781,93.75,98.94999694824219,2709
2022-05-11,103.80000305175781,103.8499984741211,94.05000305175781,103.6500015258789,5271
2022-05-12,99.0500030517578,101.5,99.0,101.0,711
2022-05-13,96.1500015258789,103.4499969482422,96.1500015258789,97.1999969482422,913
2022-05-16,99.1500015258789,99.1500015258789,93.5,96.8499984741211,605
2022-05-17,93.1500015258789,101.6500015258789,93.1500015258789,101.6500015258789,2747
2022-05-18,99.0500030517578,104.8499984741211,99.0500030517578,103.6999969482422,383
2022-05-19,99.0,105.9499969482422,99.0,101.0,2343
2022-05-20,103.0500030517578,104.8000030517578,101.0,101.0999984741211,1154
2022-05-23,99.0,105.0,99.0,104.0,3021
2022-05-24,101.0,105.9499969482422,101.0,103.0,1152
2022-05-25,103.0,103.0,103.0,103.0,1186
2022-05-26,100.9499969482422,107.5999984741211,100.9499969482422,104.0,4225
2022-05-27,103.05000305175781,106.0,103.05000305175781,106.0,511
2022-05-30,102.0,109.8499984741211,102.0,105.0,1927
2022-05-31,101.8499984741211,108.75,101.8499984741211,105.0,989
2022-06-01,105.0,110.25,105.0,108.0,3793
2022-06-02,106.1500015258789,113.3000030517578,105.5500030517578,110.0,466
2022-06-03,113.9499969482422,113.9499969482422,105.4499969482422,106.75,418
2022-06-06,104.25,106.5,101.4499969482422,102.1500015258789,1107
2022-06-07,102.1500015258789,102.5500030517578,102.1500015258789,102.5,465
2022-06-08,102.4499969482422,107.1999969482422,100.9499969482422,101.25,186
2022-06-09,101.0500030517578,106.3000030517578,101.0500030517578,106.1999969482422,670
2022-06-10,100.9000015258789,107.0,100.9000015258789,107.0,70
2022-06-13,102.0,112.3000030517578,102.0,103.0500030517578,5485
2022-06-14,103.05000305175781,108.19999694824219,101.55000305175781,108.0,516
2022-06-15,113.30000305175781,113.30000305175781,103.05000305175781,109.8499984741211,891
2022-06-16,104.4000015258789,104.5,104.4000015258789,104.4000015258789,307
2022-06-17,99.30000305175781,109.5,99.30000305175781,106.5999984741211,523
2022-06-20,101.44999694824219,110.94999694824219,101.4000015258789,101.4000015258789,1515
2022-06-21,96.4499969482422,106.4499969482422,96.4499969482422,103.8000030517578,844
2022-06-22,99.0500030517578,105.75,99.0,99.8499984741211,504
2022-06-23,101.8499984741211,102.75,95.1999969482422,95.3499984741211,4693
2022-06-24,93.0,98.4000015258789,91.3499984741211,92.3499984741211,3391
2022-06-27,91.0500030517578,95.5500030517578,90.1500015258789,92.1999969482422,2832
2022-06-28,91.80000305175781,95.30000305175781,90.94999694824219,94.75,1256
2022-06-29,98.3499984741211,98.3499984741211,91.5999984741211,93.6500015258789,1697
2022-06-30,91.0,95.0,90.9000015258789,92.8499984741211,732
2022-07-01,91.1999969482422,96.4000015258789,89.05000305175781,89.3499984741211,2499
2022-07-04,90.0999984741211,93.05000305175781,90.05000305175781,91.69999694824219,22
2022-07-05,88.9000015258789,91.75,88.9000015258789,89.75,806
2022-07-06,89.19999694824219,90.6999969482422,87.19999694824219,88.94999694824219,920
2022-07-07,87.05000305175781,90.0,87.0,89.5999984741211,47
2022-07-08,91.8000030517578,92.0,89.19999694824219,91.3000030517578,426
2022-07-11,90.05000305175781,94.0500030517578,89.0,90.9499969482422,3311
2022-07-12,92.8000030517578,92.8000030517578,86.5,88.25,5979
2022-07-13,88.30000305175781,90.1999969482422,87.19999694824219,88.94999694824219,509
2022-07-14,91.5500030517578,91.5500030517578,86.25,89.0999984741211,3985
2022-07-15,87.0999984741211,90.6999969482422,86.19999694824219,86.69999694824219,1714
2022-07-18,86.0,88.5999984741211,86.0,87.44999694824219,1387
2022-07-19,90.5999984741211,90.69999694824219,86.0,88.0,1894
2022-07-20,89.9000015258789,89.94999694824219,87.0999984741211,88.1500015258789,3029
2022-07-21,89.75,91.6500015258789,88.55000305175781,89.9000015258789,1262
2022-07-22,88.69999694824219,91.5,87.6500015258789,88.05000305175781,1433
2022-07-25,88.9000015258789,89.94999694824219,86.0999984741211,87.25,1556
2022-07-26,91.4499969482422,91.5999984741211,87.75,91.0999984741211,5173
2022-07-27,95.5,95.5,88.0999984741211,89.80000305175781,1243
2022-07-28,86.5999984741211,93.1999969482422,86.05000305175781,91.4000015258789,2784
2022-07-29,92.3499984741211,93.0999984741211,89.1500015258789,90.0999984741211,769
2022-08-01,90.5500030517578,93.0,89.30000305175781,90.0,1325
2022-08-02,90.5,91.25,89.5,91.25,134
2022-08-03,91.25,91.75,87.19999694824219,87.8499984741211,280
2022-08-04,86.9000015258789,91.5500030517578,86.8499984741211,88.1500015258789,867
2022-08-05,86.5999984741211,93.6500015258789,86.5999984741211,90.5,1871
2022-08-08,96.0,96.0,89.5999984741211,91.4000015258789,199
2022-08-10,90.8499984741211,94.19999694824219,88.0999984741211,89.94999694824219,2975
2022-08-11,93.44999694824219,93.5,88.69999694824219,89.0999984741211,471
2022-08-12,91.44999694824219,92.05000305175781,89.5999984741211,90.0999984741211,6585
2022-08-16,88.44999694824219,90.05000305175781,88.0,88.6500015258789,3084
2022-08-17,91.8499984741211,91.8499984741211,88.0999984741211,88.5,959
2022-08-18,90.5,91.0,88.5999984741211,88.94999694824219,1534
2022-08-19,89.0999984741211,90.9000015258789,86.0,86.94999694824219,1527
2022-08-22,86.5999984741211,88.0,86.0,86.5,509
2022-08-23,87.0999984741211,89.9000015258789,85.19999694824219,86.55000305175781,1651
2022-08-24,85.5999984741211,89.5,85.5,85.9000015258789,1978
2022-08-25,89.6500015258789,89.69999694824219,86.9000015258789,87.80000305175781,546
2022-08-26,89.5,89.55000305175781,84.55000305175781,89.5,1054
2022-08-29,87.9000015258789,89.5,87.80000305175781,88.69999694824219,1553
2022-08-30,89.0,93.5,89.0,92.0999984741211,268
2022-09-01,88.4000015258789,94.0,88.4000015258789,92.80000305175781,1588
2022-09-02,92.0,97.0,88.0999984741211,88.3499984741211,3403
2022-09-05,92.3499984741211,92.3499984741211,90.05000305175781,91.5,260
2022-09-06,91.75,92.55000305175781,88.5999984741211,90.30000305175781,1595
2022-09-07,91.69999694824219,91.9000015258789,87.5,91.8499984741211,712
2022-09-08,91.94999694824219,91.94999694824219,87.3499984741211,89.44999694824219,4157
2022-09-09,89.05000305175781,91.8499984741211,87.5999984741211,87.75,9523
2022-09-12,88.05000305175781,89.44999694824219,88.0,88.55000305175781,187
2022-09-13,88.0,89.44999694824219,87.0999984741211,88.9000015258789,401
2022-09-14,88.05000305175781,92.5,88.05000305175781,91.8000030517578,1718
2022-09-15,90.0,93.0,87.5999984741211,89.0999984741211,1245
2022-09-16,89.0999984741211,95.0999984741211,88.0,91.5999984741211,3950
2022-09-19,90.05000305175781,92.9000015258789,88.30000305175781,89.1500015258789,1753
2022-09-20,93.5999984741211,93.5999984741211,88.8499984741211,89.0,619
2022-09-21,88.25,93.0,88.25,92.69999694824219,284
2022-09-22,88.5999984741211,92.9000015258789,88.5999984741211,88.9000015258789,1156
2022-09-23,92.9000015258789,92.94999694824219,88.1500015258789,88.19999694824219,2546
2022-09-26,87.3499984741211,90.9000015258789,87.19999694824219,88.6500015258789,2305
2022-09-27,88.44999694824219,91.3499984741211,86.69999694824219,87.4000015258789,1361
2022-09-28,85.55000305175781,89.5,85.5,85.80000305175781,970
2022-09-29,89.4000015258789,89.4000015258789,85.55000305175781,85.9000015258789,805
2022-09-30,88.6500015258789,89.9000015258789,84.30000305175781,85.19999694824219,813
2022-10-03,88.0,88.0,85.6500015258789,87.05000305175781,736
2022-10-04,86.0999984741211,90.9000015258789,83.80000305175781,85.5999984741211,3917
2022-10-06,86.4000015258789,86.4000015258789,83.55000305175781,84.0,2496
2022-10-07,86.0,86.19999694824219,83.05000305175781,84.0,1909
2022-10-10,86.0,100.80000305175781,82.5,99.69999694824219,32513
2022-10-11,103.4000015258789,119.5,90.9000015258789,111.5,69469
2022-10-12,116.0,122.80000305175781,97.30000305175781,100.44999694824219,152584
2022-10-13,103.94999694824219,103.94999694824219,91.94999694824219,94.55000305175781,11629
2022-10-14,95.9000015258789,99.8499984741211,92.19999694824219,93.1500015258789,8868
2022-10-17,92.0,93.0,89.4000015258789,90.44999694824219,6958
2022-10-18,89.5999984741211,91.75,88.0999984741211,89.30000305175781,2989
2022-10-19,91.8000030517578,91.8000030517578,89.0999984741211,89.1500015258789,5141
2022-10-20,89.19999694824219,89.9000015258789,86.5999984741211,87.05000305175781,3186
2022-10-21,87.05000305175781,88.0,86.25,86.55000305175781,2599
2022-10-24,90.5,90.5,87.3499984741211,88.4000015258789,352
2022-10-25,83.5,90.9000015258789,83.5,88.44999694824219,2601
2022-10-27,86.5999984741211,88.44999694824219,86.19999694824219,86.75,1084
2022-10-28,89.8499984741211,89.9000015258789,86.19999694824219,88.0999984741211,4621
2022-10-31,89.0,89.0,86.55000305175781,87.05000305175781,823
2022-11-01,87.0,89.0999984741211,85.5999984741211,86.25,1328
2022-11-02,83.5999984741211,88.44999694824219,83.5999984741211,84.94999694824219,1572
2022-11-03,82.5999984741211,86.94999694824219,82.5999984741211,85.5999984741211,2002
2022-11-04,98.4499969482422,102.6999969482422,91.0999984741211,102.6999969482422,16723
2022-11-07,120.8000030517578,120.8000030517578,109.0999984741211,110.4499969482422,112414
2022-11-09,115.94999694824219,115.94999694824219,97.6500015258789,99.25,22333
2022-11-10,102.0,109.1500015258789,96.1999969482422,107.8499984741211,33708
2022-11-11,109.0,109.0,99.0,100.5999984741211,7293
2022-11-14,100.5999984741211,104.05000305175781,100.5999984741211,100.94999694824219,2850
2022-11-15,102.5500030517578,103.5,97.3000030517578,100.0999984741211,2081
2022-11-16,99.0,100.94999694824219,95.0999984741211,97.5,5546
2022-11-17,96.1500015258789,100.1500015258789,92.6999969482422,94.0,5302
2022-11-18,93.0999984741211,95.8000030517578,92.5,93.1500015258789,1670
2022-11-21,94.0,99.0,93.4000015258789,94.8499984741211,4262
2022-11-22,95.9000015258789,96.75,91.75,92.5999984741211,3806
2022-11-23,91.19999694824219,96.4000015258789,91.19999694824219,93.69999694824219,4261
2022-11-24,94.9000015258789,110.5999984741211,88.30000305175781,99.1500015258789,7262
2022-11-25,102.0999984741211,103.0,98.0,99.25,7913
2022-11-28,100.30000305175781,100.30000305175781,98.05000305175781,98.5999984741211,1654
2022-11-29,98.0,99.5,95.1500015258789,96.19999694824219,1631
2022-11-30,96.8499984741211,99.0,95.75,96.44999694824219,2346
2022-12-01,97.9499969482422,99.0,96.0500030517578,96.6500015258789,4780
2022-12-02,94.0999984741211,97.75,94.0999984741211,96.4000015258789,4267
2022-12-05,97.8499984741211,99.0,94.30000305175781,98.0,2426
2022-12-06,97.0,97.0,94.55000305175781,96.5999984741211,1132
2022-12-07,97.5999984741211,98.9000015258789,94.25,94.4000015258789,1055
2022-12-08,94.25,96.8499984741211,93.19999694824219,95.30000305175781,3050
2022-12-09,96.75,96.75,88.1500015258789,91.19999694824219,8377
2022-12-12,92.0999984741211,98.94999694824219,91.05000305175781,96.9000015258789,5736
2022-12-13,95.5999984741211,116.25,95.5999984741211,116.25,20583
2022-12-14,131.8000030517578,139.5,126.0999984741211,139.5,93509
2022-12-15,151.89999389648438,152.8000030517578,141.0,148.85000610351562,187721
2022-12-16,147.8000030517578,149.89999389648438,141.4499969482422,144.4499969482422,27582
2022-12-19,142.0,151.64999389648438,137.3000030517578,151.64999389648438,19057
2022-12-20,152.4499969482422,152.5,146.5500030517578,148.64999389648438,7592
2022-12-21,145.1999969482422,149.89999389648438,141.25,143.75,14104
2022-12-22,140.1999969482422,143.0,136.60000610351562,136.60000610351562,3123
2022-12-23,130.14999389648438,143.39999389648438,130.0,130.35000610351562,16527
2022-12-26,130.35000610351562,137.3000030517578,123.5999984741211,130.5,6082
2022-12-27,132.10000610351562,143.5500030517578,132.10000610351562,140.6999969482422,14974
2022-12-28,141.0,142.9499969482422,131.1999969482422,141.0,9402
2022-12-29,147.0,147.0,134.0,139.85000610351562,1073
2022-12-30,146.14999389648438,146.14999389648438,135.9499969482422,139.89999389648438,484
2023-01-02,133.60000610351562,146.8000030517578,133.60000610351562,136.85000610351562,3038
2023-01-03,135.0,142.89999389648438,135.0,141.5500030517578,580
2023-01-04,135.5500030517578,141.9499969482422,134.5,137.35000610351562,3409
2023-01-05,136.8000030517578,136.8000030517578,133.0,134.9499969482422,823
2023-01-06,137.85000610351562,139.8000030517578,130.10000610351562,137.9499969482422,893
2023-01-09,137.85000610351562,143.9499969482422,133.25,137.9499969482422,2172
2023-01-10,138.85000610351562,143.89999389648438,137.64999389648438,140.5,2020
2023-01-11,140.5,141.0,137.1999969482422,137.3000030517578,258
2023-01-12,137.3000030517578,141.0,133.5,135.0,755
2023-01-13,133.5500030517578,136.89999389648438,128.39999389648438,130.64999389648438,1851
2023-01-16,130.6999969482422,134.0,130.0500030517578,130.89999389648438,679
2023-01-17,130.89999389648438,130.89999389648438,127.05000305175781,127.5999984741211,1644
2023-01-18,132.5,132.5,125.1500015258789,126.44999694824219,1036
2023-01-19,125.1500015258789,125.1500015258789,122.05000305175781,123.3499984741211,468
2023-01-20,128.39999389648438,128.39999389648438,121.0,123.0,1456
2023-01-23,123.0,125.0,121.5999984741211,124.05000305175781,100
2023-01-24,124.0500030517578,125.0,122.0,125.0,69
2023-01-25,125.0,125.0,121.30000305175781,121.30000305175781,14
2023-01-27,119.5999984741211,120.0,119.5999984741211,120.0,178
2023-01-30,114.0999984741211,124.0999984741211,114.0999984741211,115.75,1244
2023-01-31,110.5,119.0,110.5,119.0,422
2023-02-01,119.0,119.0,119.0,119.0,0
2023-02-02,113.30000305175781,113.30000305175781,113.0999984741211,113.0999984741211,330
2023-02-03,109.3499984741211,115.0,109.1500015258789,111.0500030517578,619
2023-02-06,116.5,116.5999984741211,116.5,116.5999984741211,487
2023-02-07,121.8000030517578,122.4000015258789,121.8000030517578,122.1999969482422,1165
2023-02-08,117.0,117.0999984741211,116.25,117.0500030517578,455
2023-02-09,119.9499969482422,119.9499969482422,114.0,119.9499969482422,215
2023-02-10,115.0,115.1500015258789,115.0,115.1500015258789,82
2023-02-13,115.1999969482422,115.1999969482422,110.5,110.5999984741211,292
2023-02-14,110.5999984741211,110.5999984741211,110.5999984741211,110.5999984741211,136
2023-02-15,105.55000305175781,106.5,105.55000305175781,106.0999984741211,775
2023-02-16,110.0,111.4000015258789,110.0,111.4000015258789,270
2023-02-17,111.4000015258789,111.4000015258789,107.5,109.5,36
2023-02-20,105.5999984741211,105.5999984741211,105.5999984741211,105.5999984741211,10
2023-02-21,105.5999984741211,110.8499984741211,105.5999984741211,110.8499984741211,475
2023-02-22,107.1999969482422,107.25,107.0,107.0,930
2023-02-23,107.0,107.0,105.0,105.0,350
2023-02-24,109.80000305175781,110.25,109.80000305175781,110.25,146
2023-02-27,106.30000305175781,106.30000305175781,106.1500015258789,106.1500015258789,303
2023-02-28,105.44999694824219,109.6500015258789,105.0999984741211,105.5999984741211,746
2023-03-01,105.5999984741211,110.8499984741211,104.0,110.3499984741211,263
2023-03-02,114.9000015258789,115.0,105.5999984741211,108.0999984741211,2084
2023-03-03,107.5999984741211,111.55000305175781,105.0999984741211,107.75,2374
2023-03-06,107.94999694824219,111.5,105.0999984741211,105.6500015258789,2541
2023-03-08,106.0500030517578,110.9000015258789,106.0500030517578,109.1999969482422,3162
2023-03-09,108.0500030517578,112.3499984741211,105.3000030517578,108.75,2375
2023-03-10,111.0,111.5500030517578,106.0,110.5,2037
2023-03-13,108.0,109.4000015258789,105.0,105.1500015258789,1588
2023-03-14,103.4000015258789,103.4000015258789,99.9000015258789,99.9000015258789,2422
2023-03-15,102.0500030517578,103.6500015258789,94.9000015258789,94.9000015258789,2444
2023-03-16,90.1500015258789,97.9499969482422,90.1500015258789,90.1500015258789,5281
2023-03-17,89.94999694824219,91.0,88.19999694824219,88.69999694824219,1866
2023-03-20,88.6500015258789,91.0,86.25,90.05000305175781,224
2023-03-21,91.0,92.8499984741211,88.1500015258789,91.3000030517578,2150
2023-03-22,90.0,92.5,86.75,91.3499984741211,4358
2023-03-23,90.6500015258789,94.4000015258789,89.1500015258789,93.4000015258789,3055
2023-03-24,93.69999694824219,96.80000305175781,90.4000015258789,92.94999694824219,1979
2023-03-27,97.1500015258789,97.55000305175781,93.05000305175781,97.5,3475
2023-03-28,100.0,102.3499984741211,92.69999694824219,93.55000305175781,3224
2023-03-29,91.19999694824219,98.19999694824219,91.19999694824219,97.25,2822
2023-03-31,102.0,102.0,96.0999984741211,99.0500030517578,1960
2023-04-03,98.25,103.4000015258789,97.0,101.75,4288
2023-04-05,99.19999694824219,104.5999984741211,98.5,102.9000015258789,3048
2023-04-06,101.5,104.44999694824219,97.75,99.19999694824219,2674
2023-04-10,101.94999694824219,104.1500015258789,98.8499984741211,101.4000015258789,4164
2023-04-11,101.5,107.5999984741211,101.5,105.25,5429
2023-04-12,114.69999694824219,114.69999694824219,103.44999694824219,105.8499984741211,6441
2023-04-13,108.0,108.0,100.94999694824219,102.44999694824219,2533
2023-04-17,97.0,105.8499984741211,97.0,102.94999694824219,1937
2023-04-18,102.0,105.05000305175781,97.5999984741211,98.69999694824219,4556
2023-04-19,96.0999984741211,101.80000305175781,96.0999984741211,100.44999694824219,1532
2023-04-20,99.0,107.0,98.1999969482422,103.8000030517578,922
2023-04-21,102.94999694824219,108.75,101.0,104.5,5949
2023-04-24,104.5,104.94999694824219,101.5,103.0,1030
2023-04-25,103.0,105.4000015258789,101.19999694824219,103.94999694824219,1560
2023-04-26,101.94999694824219,107.69999694824219,101.19999694824219,101.6500015258789,3177
2023-04-27,102.4000015258789,103.5,101.0999984741211,101.5999984741211,2202
2023-04-28,102.44999694824219,105.3499984741211,100.05000305175781,100.5999984741211,1236
2023-05-02,104.9000015258789,104.9000015258789,102.0,103.0,506
2023-05-03,101.5,110.5999984741211,101.5,106.0,901
2023-05-04,106.0,108.6500015258789,103.0,104.3499984741211,2763
2023-05-05,103.0,107.9000015258789,102.25,105.75,748
2023-05-08,110.3499984741211,110.3499984741211,105.1500015258789,107.9000015258789,1724
2023-05-09,104.25,114.9000015258789,103.5500030517578,111.1500015258789,9303
2023-05-10,110.8000030517578,116.9000015258789,110.0,115.1500015258789,1230
2023-05-11,111.1500015258789,115.75,110.9499969482422,112.8000030517578,1851
2023-05-12,124.05000305175781,124.05000305175781,116.55000305175781,117.9000015258789,62499
2023-05-15,114.94999694824219,115.0,106.1500015258789,107.0,13188
2023-05-16,107.0,109.9499969482422,102.0999984741211,104.4499969482422,7514
2023-05-17,104.4499969482422,104.5500030517578,100.5,101.9499969482422,2336
2023-05-18,103.5999984741211,105.9499969482422,101.5999984741211,103.3499984741211,3127
2023-05-19,105.94999694824219,105.94999694824219,100.05000305175781,100.8499984741211,2095
2023-05-22,100.8499984741211,103.0,97.25,99.80000305175781,3105
2023-05-23,99.8000030517578,102.9000015258789,98.0999984741211,99.6500015258789,3423
2023-05-24,99.0,104.0,99.0,99.6500015258789,1210
2023-05-25,98.0500030517578,101.6999969482422,98.0500030517578,99.5999984741211,1705
2023-05-26,100.55000305175781,101.6500015258789,99.0999984741211,100.0,1449
2023-05-29,101.5,103.0,99.25,100.4499969482422,2113
2023-05-30,100.0,102.4000015258789,99.5,99.6500015258789,675
2023-05-31,99.94999694824219,102.1500015258789,98.5,99.19999694824219,3526
2023-06-01,98.5,100.9499969482422,98.0500030517578,99.75,5268
2023-06-02,97.05000305175781,101.8499984741211,97.05000305175781,101.4000015258789,2434
2023-06-05,101.4000015258789,103.1500015258789,100.0500030517578,100.5500030517578,2166
2023-06-06,100.3499984741211,102.5500030517578,98.0999984741211,99.5,27718
2023-06-07,102.0,119.4000015258789,100.5,119.4000015258789,157662
2023-06-08,130.0,135.89999389648438,120.25,122.5500030517578,241739
2023-06-09,122.5500030517578,123.6999969482422,116.0,118.0999984741211,15208
2023-06-12,120.0,120.0,113.0,113.55000305175781,8099
2023-06-13,116.0,116.0,110.5,111.4000015258789,9048
2023-06-14,113.69999694824219,113.8499984741211,107.5,111.0,8864
2023-06-15,110.5,124.6999969482422,110.3000030517578,117.75,19963
2023-06-16,138.6999969482422,141.3000030517578,134.5,141.3000030517578,274871
2023-06-19,142.8000030517578,144.0,128.0,128.60000610351562,136629
2023-06-20,129.5,129.5,125.05000305175781,126.5,16515
2023-06-21,126.0,126.0,120.1999969482422,121.8000030517578,5929
2023-06-22,123.0,123.0,116.5500030517578,121.3499984741211,4843
2023-06-23,115.4000015258789,120.8000030517578,115.3000030517578,115.4000015258789,4007
2023-06-26,117.0,118.6999969482422,109.6500015258789,112.25,6267
2023-06-27,110.1999969482422,114.8000030517578,108.5999984741211,111.9499969482422,5876
2023-06-28,110.0,113.0,109.5,110.05000305175781,3332
2023-06-30,111.0,113.3499984741211,108.0,110.5999984741211,2749
2023-07-03,112.0500030517578,113.1999969482422,108.4000015258789,110.1999969482422,2750
2023-07-04,110.19999694824219,112.25,107.5,110.4000015258789,1369
2023-07-05,108.0999984741211,110.5,108.0999984741211,110.4499969482422,2082
2023-07-06,114.8000030517578,114.8000030517578,108.5,112.1500015258789,2773
2023-07-07,110.0,112.5,109.0999984741211,109.1500015258789,2281
2023-07-10,114.0,114.0,105.0,105.05000305175781,16689
2023-07-11,108.0,108.9499969482422,105.3000030517578,106.6500015258789,2292
2023-07-12,107.0,108.30000305175781,105.1500015258789,108.0,867
2023-07-13,106.0500030517578,107.9499969482422,103.1500015258789,103.75,4433
2023-07-14,103.5,105.75,103.5,104.4499969482422,2992
2023-07-17,106.8000030517578,107.0,104.5999984741211,106.5500030517578,3635
2023-07-18,110.5999984741211,110.5999984741211,104.0,104.0,5399
2023-07-19,105.9000015258789,105.9000015258789,102.55000305175781,103.75,3519
2023-07-20,106.0,107.8499984741211,103.80000305175781,105.69999694824219,3151
2023-07-21,105.0,106.9499969482422,104.25,104.9000015258789,2494
2023-07-24,104.6999969482422,106.6999969482422,102.25,104.25,3386
2023-07-25,106.4499969482422,106.4499969482422,103.0500030517578,103.5,2179
2023-07-26,103.5,105.44999694824219,102.0,104.75,1544
2023-07-27,104.0,105.0,102.25,103.0999984741211,1694
2023-07-28,104.9499969482422,104.9499969482422,102.0999984741211,102.3499984741211,1706
2023-07-31,104.0,106.5,102.30000305175781,105.05000305175781,1042
2023-08-01,103.0,104.6500015258789,101.30000305175781,101.30000305175781,2012
2023-08-02,101.5999984741211,104.9499969482422,101.5,101.75,2839
2023-08-03,106.4000015258789,106.4000015258789,101.8000030517578,105.0500030517578,2179
2023-08-04,103.0,106.3000030517578,103.0,103.5,4188
2023-08-07,103.5,104.9000015258789,102.0999984741211,102.5999984741211,1291
2023-08-08,102.75,105.6500015258789,102.75,103.0500030517578,1227
2023-08-09,102.75,108.0,102.75,107.0,4666
2023-08-10,104.0999984741211,105.0,103.5,103.5500030517578,20472
2023-08-11,103.55000305175781,103.55000305175781,102.0,103.25,729
2023-08-14,103.25,103.25,101.1999969482422,102.25,236
2023-08-16,106.4000015258789,106.4000015258789,105.9000015258789,105.9000015258789,62
2023-08-17,105.9000015258789,105.9000015258789,103.0,103.25,1605
2023-08-18,104.0,104.0,101.05000305175781,102.5,519
2023-08-21,102.5,103.75,101.3000030517578,101.6500015258789,6217
2023-08-22,101.4000015258789,106.6999969482422,101.4000015258789,105.75,996
2023-08-23,105.1999969482422,106.0,102.1500015258789,103.0,1652
2023-08-24,98.0999984741211,106.5,98.0999984741211,102.4000015258789,704
2023-08-25,101.0999984741211,105.8000030517578,101.0999984741211,101.6500015258789,206
2023-08-28,101.8000030517578,105.0,101.8000030517578,105.0,556
2023-08-29,105.0,105.0,104.8000030517578,104.8000030517578,366
2023-08-30,101.8499984741211,105.8499984741211,101.8499984741211,103.80000305175781,1067
2023-08-31,104.0,105.3000030517578,102.5500030517578,103.3499984741211,352
2023-09-01,103.5,106.30000305175781,103.0,105.1500015258789,477
2023-09-04,105.0,106.9000015258789,102.0,105.0500030517578,1303
2023-09-05,104.9499969482422,106.0,103.5,104.6999969482422,2393
2023-09-06,109.8000030517578,109.8000030517578,104.0999984741211,104.0999984741211,2272
2023-09-07,104.30000305175781,107.44999694824219,103.25,105.9000015258789,1861
2023-09-08,107.0,108.0,106.25,106.4000015258789,1150
2023-09-11,108.9499969482422,108.9499969482422,106.0999984741211,106.5999984741211,1170
2023-09-12,110.0,110.0,106.9499969482422,107.25,668
2023-09-13,109.4000015258789,110.0,105.0,105.0999984741211,676
2023-09-14,105.0999984741211,107.0999984741211,105.0999984741211,105.3499984741211,708
2023-09-15,102.0999984741211,106.0,102.0999984741211,104.8000030517578,502
2023-09-18,104.80000305175781,104.80000305175781,103.0999984741211,104.0,551
2023-09-20,109.0999984741211,109.0999984741211,102.0500030517578,103.3000030517578,883
2023-09-21,103.30000305175781,103.30000305175781,101.30000305175781,102.55000305175781,1261
2023-09-22,104.94999694824219,105.0,102.5999984741211,102.69999694824219,3706
2023-09-25,105.0,123.19999694824219,103.0,123.19999694824219,36167
2023-09-26,136.0,139.6999969482422,120.5500030517578,121.5500030517578,177209
2023-09-27,120.0999984741211,123.1500015258789,115.5999984741211,118.6500015258789,16405
2023-09-28,119.8000030517578,119.8000030517578,114.3000030517578,114.9499969482422,6408
2023-09-29,118.0,118.0,112.0999984741211,113.25,11216
2023-10-03,113.3000030517578,117.0999984741211,111.1500015258789,112.6500015258789,8770
2023-10-04,111.4000015258789,115.69999694824219,107.0999984741211,108.1500015258789,17842
2023-10-05,106.94999694824219,110.4000015258789,106.75,107.25,13665
2023-10-06,107.3499984741211,110.9499969482422,105.6500015258789,108.5500030517578,8961
2023-10-09,106.5,110.0,105.94999694824219,108.30000305175781,8403
2023-10-10,107.25,109.6999969482422,105.8000030517578,106.6999969482422,5935
2023-10-11,109.9000015258789,112.9499969482422,107.0,109.3000030517578,10849
2023-10-12,113.1999969482422,120.5999984741211,108.8000030517578,116.8000030517578,40523
2023-10-13,115.6500015258789,120.3499984741211,115.6500015258789,116.75,11990
2023-10-16,118.5,118.5,110.0999984741211,113.75,5990
2023-10-17,113.0,117.4000015258789,113.0,113.4000015258789,6236
2023-10-18,110.5500030517578,118.4499969482422,110.5500030517578,116.1999969482422,8294
2023-10-19,117.9499969482422,117.9499969482422,112.5,113.25,3149
2023-10-20,113.3000030517578,115.6500015258789,112.0,114.1999969482422,3329
2023-10-23,117.5,117.5,105.0500030517578,107.4000015258789,5524
2023-10-25,106.9000015258789,109.80000305175781,103.25,104.25,4085
2023-10-26,103.5,105.0,100.9499969482422,103.25,2252
2023-10-27,110.75,111.69999694824219,105.0,105.19999694824219,9224
2023-10-30,106.1500015258789,126.19999694824219,104.25,119.0,119752
2023-10-31,119.69999694824219,119.69999694824219,112.5,114.5999984741211,8156
2023-11-01,113.0,114.69999694824219,110.05000305175781,110.5,4181
2023-11-02,110.5,113.0,110.0,111.25,3647
2023-11-03,111.0,114.75,110.3000030517578,112.9499969482422,3850
2023-11-06,111.6999969482422,113.8000030517578,110.0500030517578,110.6999969482422,5405
2023-11-07,110.0,115.9499969482422,110.0,112.6999969482422,7724
2023-11-08,111.0,115.75,110.5,112.25,11511
2023-11-09,111.25,132.4499969482422,111.25,127.9499969482422,132290
2023-11-10,125.5,143.89999389648438,119.0999984741211,137.5,132794
2023-11-13,161.0,165.60000610351562,148.0500030517578,149.5500030517578,170373
2023-11-15,149.8000030517578,152.64999389648438,142.10000610351562,142.14999389648438,47998
2023-11-16,141.9499969482422,141.9499969482422,135.0500030517578,135.0500030517578,23120
2023-11-17,128.3000030517578,130.1999969482422,128.3000030517578,128.3000030517578,12302
2023-11-20,128.0,128.3000030517578,121.9000015258789,123.5,15267
2023-11-21,121.0,128.0,121.0,125.80000305175781,6520
2023-11-22,129.3000030517578,129.3000030517578,121.0,122.4000015258789,5782
2023-11-23,125.0,127.0,122.1500015258789,126.4499969482422,5177
2023-11-24,124.0,127.0,122.19999694824219,125.5999984741211,2581
2023-11-28,125.5999984741211,127.9000015258789,121.4000015258789,122.4000015258789,2858
2023-11-29,123.0,126.0,121.6500015258789,123.1500015258789,2111
2023-11-30,123.0,126.0,122.0,122.4000015258789,7153
2023-12-01,124.5,125.9499969482422,121.0,122.4499969482422,3283
2023-12-04,122.44999694824219,123.0,120.0,120.1500015258789,5336
2023-12-05,119.0999984741211,125.8499984741211,119.0999984741211,121.0,3175
2023-12-06,122.05000305175781,122.05000305175781,119.94999694824219,120.94999694824219,5190
2023-12-07,120.0,122.0,118.3499984741211,119.0,4623
2023-12-08,121.5,124.94999694824219,121.4000015258789,123.69999694824219,10155
2023-12-11,120.5999984741211,125.5999984741211,120.5999984741211,122.05000305175781,2037
2023-12-12,120.6999969482422,123.8000030517578,120.0500030517578,123.25,4764
2023-12-13,124.9499969482422,124.9499969482422,121.3000030517578,122.0,558
2023-12-14,121.0,124.80000305175781,121.0,123.05000305175781,5017
2023-12-15,123.3499984741211,123.4000015258789,121.0999984741211,123.3499984741211,2830
2023-12-18,122.0500030517578,123.5,121.1500015258789,123.0,2006
2023-12-19,121.1500015258789,122.0,118.3000030517578,118.9499969482422,8666
2023-12-20,119.0,121.8499984741211,115.0500030517578,116.1999969482422,3651
2023-12-21,115.19999694824219,118.4000015258789,115.0999984741211,117.94999694824219,2227
2023-12-22,118.55000305175781,121.9000015258789,118.5,118.5,1381
2023-12-26,118.5,120.0,115.19999694824219,117.69999694824219,2523
2023-12-27,122.44999694824219,122.5,118.19999694824219,118.5,1328
2023-12-28,118.5,121.94999694824219,116.3499984741211,117.5,3449
2023-12-29,117.5,119.25,116.30000305175781,117.30000305175781,2096
2024-01-01,117.30000305175781,120.9000015258789,117.30000305175781,117.94999694824219,1410
2024-01-02,118.1999969482422,121.3000030517578,117.5,117.8000030517578,789
2024-01-03,116.3499984741211,119.9499969482422,116.3499984741211,117.5,3047
2024-01-04,119.8499984741211,120.94999694824219,117.25,119.80000305175781,1601
2024-01-05,122.0,122.0,118.19999694824219,119.8499984741211,902
2024-01-08,119.0,121.9499969482422,119.0,119.1500015258789,2790
2024-01-09,120.0,121.5,118.0,119.4499969482422,2235
2024-01-10,121.94999694824219,121.94999694824219,118.0,120.8499984741211,1672
2024-01-11,120.8499984741211,120.9499969482422,118.0500030517578,118.25,1715
2024-01-12,122.0,122.0,118.25,120.25,2926
2024-01-15,122.0,126.25,118.6500015258789,121.55000305175781,1919
2024-01-16,121.5500030517578,123.9499969482422,118.5500030517578,119.0,2328
2024-01-17,124.75,124.75,117.0,118.5999984741211,883
2024-01-18,118.0,120.0,116.25,117.55000305175781,1002
2024-01-19,115.1999969482422,120.0,115.1999969482422,119.3499984741211,2590
2024-01-23,113.1999969482422,119.9000015258789,113.1999969482422,119.6500015258789,2238
2024-01-24,116.5,120.0,116.0,116.8499984741211,2149
2024-01-25,117.0,118.94999694824219,116.6500015258789,117.8499984741211,1750
2024-01-29,117.0,120.0,116.94999694824219,117.69999694824219,3027
2024-01-30,119.9000015258789,122.0,117.0999984741211,120.0,4562
2024-01-31,122.0,126.0,118.1500015258789,122.9000015258789,8783
2024-02-01,123.0,123.9000015258789,120.1999969482422,121.8499984741211,5264
2024-02-02,123.0,127.9000015258789,121.0,126.69999694824219,14391
2024-02-05,132.89999389648438,132.89999389648438,123.30000305175781,125.5,12085
2024-02-06,123.1500015258789,128.0,123.05000305175781,124.69999694824219,5467
2024-02-07,132.0,132.0,123.25,124.05000305175781,5647
2024-02-08,125.0,127.9000015258789,122.05000305175781,122.4000015258789,3041
2024-02-09,124.8499984741211,124.8499984741211,119.8000030517578,120.6500015258789,1287
2024-02-12,126.0,126.0,117.19999694824219,118.6500015258789,1537
2024-02-13,120.0,121.8499984741211,113.5999984741211,114.3000030517578,3946
2024-02-14,114.30000305175781,125.69999694824219,112.0,121.9000015258789,16770
2024-02-15,120.0,125.0,120.0,121.80000305175781,3073
2024-02-16,120.0,129.0,120.0,126.19999694824219,9077
2024-02-19,127.05000305175781,138.0,125.0,133.8000030517578,51405
2024-02-20,140.9499969482422,145.6999969482422,135.75,139.64999389648438,45685
2024-02-21,136.89999389648438,142.9499969482422,126.1500015258789,126.75,38766
2024-02-22,126.9000015258789,130.5,122.0,124.30000305175781,22013
2024-02-23,124.5,125.5,121.8000030517578,122.3000030517578,5583
2024-02-26,125.0,125.0,120.0,120.4499969482422,4553
2024-02-27,125.44999694824219,125.44999694824219,116.25,119.0999984741211,10267
2024-02-28,119.0,119.8499984741211,115.1500015258789,117.0999984741211,3853
2024-02-29,121.0,122.6500015258789,115.5,117.4499969482422,2200
2024-03-01,118.5,120.8499984741211,111.0999984741211,116.94999694824219,8358
2024-03-04,118.05000305175781,128.6999969482422,118.05000305175781,128.6999969482422,27930
2024-03-05,134.6999969482422,138.0,125.0999984741211,129.6999969482422,63279
2024-03-06,129.6999969482422,129.6999969482422,121.3499984741211,123.25,37391
2024-03-07,123.19999694824219,128.5,123.19999694824219,125.0999984741211,17052
2024-03-11,130.8000030517578,130.8000030517578,121.0,122.5500030517578,11089
2024-03-12,131.0,131.0,116.0999984741211,117.6500015258789,5708
2024-03-13,123.0,123.0,107.0999984741211,108.4000015258789,6341
2024-03-14,103.55000305175781,118.0,101.9000015258789,115.55000305175781,9902
2024-03-15,118.9499969482422,119.0,110.0999984741211,115.5,2915
2024-03-18,115.5,119.69999694824219,115.5,116.44999694824219,4049
2024-03-19,120.0,120.0,113.44999694824219,118.4000015258789,4971
2024-03-20,118.4000015258789,118.6999969482422,114.0999984741211,115.4000015258789,3139
2024-03-21,115.9499969482422,119.0,114.3499984741211,116.6999969482422,2437
2024-03-22,119.44999694824219,122.30000305175781,115.30000305175781,120.55000305175781,5222
2024-03-26,120.0,123.0999984741211,117.75,122.0,77403
2024-03-27,124.94999694824219,124.94999694824219,120.0,122.25,2432
2024-03-28,120.0999984741211,122.0,117.0,118.05000305175781,3067
2024-04-01,120.0,127.94999694824219,120.0,124.5,9700
2024-04-02,121.69999694824219,126.80000305175781,118.55000305175781,122.69999694824219,2230
2024-04-03,134.39999389648438,134.9499969482422,125.44999694824219,126.94999694824219,45584
2024-04-04,134.6999969482422,134.6999969482422,126.0500030517578,130.64999389648438,7789
2024-04-05,133.89999389648438,140.9499969482422,127.5,131.75,50855
2024-04-08,131.9499969482422,136.6999969482422,130.0500030517578,131.25,12882
2024-04-09,131.5500030517578,134.5,127.6500015258789,127.94999694824219,10598
2024-04-10,131.0,138.6999969482422,128.0500030517578,133.60000610351562,25180
2024-04-12,139.0,139.0,128.85000610351562,130.10000610351562,9686
2024-04-15,137.9499969482422,137.9499969482422,127.0,129.0500030517578,5599
2024-04-16,130.0500030517578,132.89999389648438,126.5500030517578,127.4000015258789,7657
2024-04-18,126.6500015258789,128.9499969482422,124.9000015258789,125.44999694824219,10184
2024-04-19,134.5,134.5,124.3000030517578,125.25,10645
2024-04-22,125.5500030517578,150.3000030517578,125.5,149.9499969482422,391086
2024-04-23,148.75,148.75,134.0,135.3000030517578,98082
2024-04-24,138.8000030517578,138.8000030517578,131.10000610351562,133.10000610351562,31388
2024-04-25,139.85000610351562,139.85000610351562,133.0500030517578,134.60000610351562,23641
2024-04-26,134.0500030517578,136.9499969482422,132.0,133.6999969482422,19233
2024-04-29,137.0500030517578,137.0500030517578,131.0,133.25,19763
2024-04-30,135.25,144.6999969482422,134.9499969482422,139.8000030517578,52500
2024-05-02,143.89999389648438,144.9499969482422,135.64999389648438,136.14999389648438,9049
2024-05-03,136.9499969482422,139.9499969482422,134.10000610351562,134.60000610351562,10807
2024-05-06,134.75,143.85000610351562,134.10000610351562,140.0500030517578,38456
2024-05-07,140.60000610351562,142.0,127.0999984741211,132.8000030517578,22100
2024-05-08,135.64999389648438,136.1999969482422,130.0500030517578,132.14999389648438,9735
2024-05-09,132.75,135.1999969482422,128.89999389648438,130.4499969482422,9585
2024-05-10,134.5,134.5,129.10000610351562,132.9499969482422,9431
2024-05-13,131.0,134.1999969482422,129.25,132.14999389648438,6002
2024-05-14,133.89999389648438,133.9499969482422,130.6999969482422,131.8000030517578,1050
2024-05-15,133.85000610351562,141.85000610351562,131.10000610351562,135.39999389648438,15728
2024-05-16,136.0500030517578,138.39999389648438,133.0500030517578,133.9499969482422,4579
2024-05-17,141.35000610351562,141.39999389648438,135.0,135.75,8792
2024-05-21,141.0,141.0,131.5500030517578,133.0500030517578,6413
2024-05-22,135.10000610351562,146.0,133.5500030517578,134.4499969482422,78870
2024-05-23,135.8000030517578,137.4499969482422,131.0,132.6999969482422,12724
2024-05-24,134.5,137.6999969482422,133.0,135.10000610351562,6021
2024-05-27,136.6999969482422,139.75,131.64999389648438,136.1999969482422,12582
2024-05-28,139.89999389648438,139.89999389648438,132.60000610351562,134.0500030517578,8589
2024-05-29,134.85000610351562,137.0,132.0,134.6999969482422,3420
2024-05-30,131.60000610351562,136.89999389648438,131.10000610351562,135.64999389648438,4799
2024-05-31,135.0,136.85000610351562,132.10000610351562,133.39999389648438,1850
2024-06-03,133.5,141.5,133.0,133.75,6552
2024-06-04,132.0500030517578,132.0500030517578,113.8499984741211,125.4000015258789,9286
2024-06-05,135.89999389648438,135.89999389648438,124.1500015258789,130.8000030517578,11510
2024-06-06,137.89999389648438,137.9499969482422,131.5500030517578,135.75,19439
2024-06-07,135.25,141.5,132.85000610351562,134.6999969482422,15216
2024-06-10,136.13999938964844,136.13999938964844,133.52000427246094,134.35000610351562,6419
2024-06-11,135.9199981689453,138.5,135.61000061035156,135.88999938964844,3888
2024-06-12,135.8000030517578,135.8000030517578,131.3000030517578,132.38999938964844,14700
2024-06-13,134.75,135.5399932861328,133.1199951171875,133.47999572753906,6899
2024-06-14,133.11000061035156,137.5800018310547,132.8699951171875,135.17999267578125,7572
2024-06-18,137.0,137.0,134.1999969482422,134.60000610351562,7713
2024-06-19,136.52999877929688,139.41000366210938,133.3300018310547,134.57000732421875,13480
2024-06-20,136.1199951171875,141.0,133.5,138.97000122070312,22701
2024-06-21,140.52999877929688,144.8000030517578,137.92999267578125,140.86000061035156,11945
2024-06-24,144.0,144.0,137.77999877929688,141.69000244140625,11719
2024-06-25,142.99000549316406,145.02000427246094,135.0,137.41000366210938,10178
2024-06-26,136.0,143.33999633789062,136.0,140.6699981689453,19959
2024-06-27,141.3300018310547,143.1999969482422,137.00999450683594,138.05999755859375,21792
2024-06-28,137.0,141.99000549316406,137.0,139.94000244140625,3990
2024-07-01,146.60000610351562,146.60000610351562,139.94000244140625,142.25,14018
2024-07-02,141.0,145.9499969482422,139.3000030517578,143.7899932861328,16791
2024-07-03,142.0,146.1999969482422,135.25,138.13999938964844,14174
2024-07-04,139.02999877929688,141.75,137.30999755859375,139.7899932861328,7168
2024-07-05,139.94000244140625,142.64999389648438,138.02000427246094,141.2100067138672,5782
2024-07-08,138.1999969482422,142.67999267578125,138.00999450683594,139.91000366210938,5463
2024-07-09,138.4600067138672,141.0,135.72000122070312,138.6300048828125,10537
2024-07-10,141.89999389648438,141.89999389648438,136.10000610351562,137.0,4762
2024-07-11,139.10000610351562,141.0,136.10000610351562,139.52000427246094,7147
2024-07-12,139.25999450683594,140.0,138.0,139.17999267578125,2370
2024-07-15,139.22000122070312,142.5800018310547,137.00999450683594,139.63999938964844,8718
2024-07-16,139.99000549316406,142.3000030517578,137.1300048828125,140.0800018310547,5378
2024-07-18,139.52999877929688,141.58999633789062,137.50999450683594,139.10000610351562,4381
2024-07-19,139.63999938964844,139.63999938964844,135.02000427246094,136.1300048828125,1672
2024-07-22,139.5,139.5,132.89999389648438,136.6699981689453,5010
2024-07-23,136.55999755859375,138.27999877929688,130.35000610351562,133.13999938964844,14855
2024-07-24,133.99000549316406,137.97000122070312,131.25999450683594,134.5399932861328,110852
2024-07-25,133.25,138.2899932861328,132.3000030517578,136.22999572753906,110948
2024-07-26,135.85000610351562,139.10000610351562,133.61000061035156,137.86000061035156,19333
2024-07-29,140.0,140.0,135.9499969482422,138.3000030517578,4442
2024-07-30,136.92999267578125,142.60000610351562,136.27000427246094,136.8300018310547,7766
2024-07-31,139.91000366210938,141.9499969482422,138.00999450683594,138.3000030517578,7796
2024-08-01,137.13999938964844,142.0,136.25,139.27000427246094,5675
2024-08-02,137.58999633789062,140.99000549316406,134.08999633789062,138.69000244140625,6316
2024-08-05,135.00999450683594,136.99000549316406,131.0,131.47999572753906,2224
2024-08-06,130.0,136.99000549316406,130.0,131.5399932861328,6592
2024-08-07,133.24000549316406,137.94000244140625,131.55999755859375,135.35000610351562,5449
2024-08-08,137.9600067138672,137.9600067138672,132.07000732421875,136.13999938964844,2467
2024-08-09,135.0500030517578,138.97000122070312,133.75,135.22999572753906,3706
2024-08-12,135.00999450683594,139.75,132.94000244140625,138.1300048828125,9102
2024-08-13,138.13999938964844,139.41000366210938,134.0500030517578,135.36000061035156,1599
2024-08-14,134.9600067138672,137.99000549316406,128.52000427246094,131.39999389648438,2117
2024-08-16,132.9600067138672,133.0,129.0,130.1999969482422,1521
2024-08-19,137.0,137.0,129.0500030517578,131.5399932861328,3493
2024-08-20,130.0500030517578,138.0,130.0500030517578,134.8300018310547,3298
2024-08-21,140.8000030517578,161.0,133.1999969482422,153.33999633789062,143010
2024-08-22,170.99000549316406,182.8000030517578,147.64999389648438,151.10000610351562,737272
2024-08-23,151.5,156.0,148.02000427246094,149.17999267578125,19976
2024-08-26,147.0,153.3000030517578,143.39999389648438,144.9499969482422,30963
2024-08-27,147.60000610351562,173.0,147.60000610351562,163.7100067138672,568895
2024-08-28,162.91000366210938,163.1999969482422,152.0,154.17999267578125,51757
2024-08-29,153.6999969482422,153.9499969482422,150.0500030517578,150.99000549316406,18014
2024-08-30,150.10000610351562,157.8699951171875,145.64999389648438,150.91000366210938,35641
2024-09-02,153.14999389648438,156.0,146.0,147.22000122070312,15825
2024-09-03,148.0,152.27000427246094,145.11000061035156,148.57000732421875,19534
2024-09-04,150.8000030517578,153.0,145.2100067138672,150.25999450683594,12193
2024-09-05,148.75,154.9499969482422,148.75,150.50999450683594,6532
2024-09-06,152.52999877929688,153.07000732421875,148.00999450683594,149.91000366210938,13203
2024-09-09,154.86000061035156,154.9499969482422,145.0,146.1999969482422,5227
2024-09-10,149.99000549316406,154.49000549316406,148.10000610351562,149.9199981689453,14915
2024-09-11,149.97000122070312,150.00999450683594,142.22999572753906,144.13999938964844,16242
2024-09-12,147.99000549316406,149.39999389648438,143.3699951171875,145.6999969482422,11932
2024-09-13,149.0,149.0,142.99000549316406,144.92999267578125,19807
2024-09-16,143.1999969482422,148.77999877929688,140.85000610351562,142.3800048828125,32147
2024-09-17,145.0,145.97000122070312,140.13999938964844,141.8699951171875,8821
2024-09-18,144.77999877929688,144.77999877929688,140.25,142.02999877929688,9607
2024-09-19,140.0500030517578,148.49000549316406,140.0,141.91000366210938,10060
2024-09-20,144.91000366210938,144.99000549316406,139.75,142.22000122070312,6396
2024-09-23,143.74000549316406,147.60000610351562,142.38999938964844,144.92999267578125,4778
2024-09-24,144.07000732421875,148.6999969482422,144.00999450683594,144.6999969482422,4455
2024-09-25,148.25999450683594,148.25999450683594,143.35000610351562,144.27000427246094,2903
2024-09-26,148.47999572753906,148.47999572753906,140.30999755859375,143.0399932861328,4535
2024-09-27,143.9499969482422,147.9600067138672,142.02000427246094,143.9499969482422,4413
2024-09-30,144.11000061035156,145.72999572753906,139.3000030517578,141.1999969482422,3531
2024-10-01,143.94000244140625,169.44000244140625,141.4499969482422,169.44000244140625,253572
2024-10-03,168.0,168.0,151.00999450683594,152.64999389648438,171499
2024-10-04,154.0,157.5,144.64999389648438,146.77999877929688,65970
2024-10-07,150.1999969482422,150.1999969482422,131.35000610351562,135.49000549316406,43709
2024-10-08,143.0,159.0,140.0,151.52000427246094,492268
2024-10-09,153.0,157.60000610351562,145.00999450683594,146.0500030517578,57255
2024-10-10,144.3000030517578,151.0,143.10000610351562,145.36000061035156,12612
2024-10-11,147.19000244140625,147.60000610351562,143.38999938964844,144.5,8244
2024-10-14,144.9499969482422,148.85000610351562,144.91000366210938,148.1300048828125,6104
2024-10-15,148.4600067138672,153.5,145.36000061035156,152.11000061035156,25206
2024-10-16,151.47000122070312,154.7100067138672,150.10000610351562,151.07000732421875,15463
2024-10-17,151.52000427246094,177.0,146.07000732421875,171.22999572753906,390312
2024-10-18,163.36000061035156,169.7899932861328,161.14999389648438,167.22999572753906,132775
2024-10-21,165.0,181.5,159.0,161.3000030517578,230555
2024-10-22,162.00999450683594,172.0,144.0,149.19000244140625,83763
2024-10-23,149.1999969482422,157.89999389648438,146.85000610351562,148.85000610351562,41541
2024-10-24,147.6999969482422,164.5500030517578,146.52999877929688,149.27000427246094,142001
2024-10-25,151.5,151.5,142.10000610351562,143.7899932861328,25740
2024-10-28,145.0,149.99000549316406,143.0,147.3000030517578,22525
2024-10-29,146.35000610351562,149.9499969482422,144.02000427246094,148.0399932861328,13433
2024-10-30,147.99000549316406,171.0,146.41000366210938,155.41000366210938,234834
2024-10-31,154.5,174.5,154.5,170.75,183305
2024-11-01,192.0,198.6999969482422,181.6199951171875,188.69000244140625,693691
2024-11-04,184.6699981689453,184.88999938964844,173.0,174.2100067138672,116431
2024-11-05,170.1999969482422,178.50999450683594,165.5,169.50999450683594,48792
2024-11-06,172.5,172.5,164.0,166.52000427246094,35539
2024-11-07,169.5,169.5,159.0,161.13999938964844,29256
2024-11-08,165.1699981689453,173.1999969482422,157.19000244140625,165.66000366210938,42981
2024-11-11,172.8000030517578,179.99000549316406,165.14999389648438,167.63999938964844,55680
2024-11-12,165.10000610351562,175.5,164.0,165.75,31652
2024-11-13,165.75,170.38999938964844,156.02000427246094,156.86000061035156,21363
2024-11-14,160.8699951171875,165.0800018310547,155.22000122070312,157.38999938964844,13416
2024-11-18,160.0,165.5500030517578,156.0,163.3800048828125,28177
2024-11-19,168.99000549316406,169.0,161.25,162.52999877929688,10634
2024-11-21,167.77000427246094,167.77000427246094,158.41000366210938,159.0399932861328,12458
2024-11-22,163.89999389648438,165.8800048828125,158.5500030517578,162.0800018310547,13532
2024-11-25,162.9499969482422,171.1199951171875,160.39999389648438,162.0399932861328,26433
2024-11-26,162.0,166.0,159.36000061035156,160.6999969482422,9484
2024-11-27,162.89999389648438,168.5,161.8699951171875,163.0,13560
2024-11-28,163.25,168.00999450683594,163.19000244140625,163.58999633789062,15940
2024-11-29,164.66000366210938,176.64999389648438,162.30999755859375,172.17999267578125,40312
2024-12-02,172.17999267578125,192.0,169.60000610351562,181.6199951171875,198337
2024-12-03,183.6999969482422,196.4499969482422,180.6100006103516,188.6999969482422,275158
2024-12-04,188.5,191.5,182.0,182.77999877929688,17139
2024-12-05,181.25,186.4499969482422,179.00999450683594,179.63999938964844,16033
2024-12-06,179.0,181.0,170.72000122070312,171.63999938964844,38105
2024-12-09,172.0,173.80999755859375,170.5,172.94000244140625,6880
2024-12-10,172.94000244140625,172.94000244140625,168.0,171.6300048828125,12467
2024-12-11,174.1999969482422,176.5500030517578,171.5,174.1199951171875,10951
2024-12-12,176.75,176.75,167.0,167.6999969482422,10245
2024-12-13,167.4600067138672,171.8800048828125,166.41000366210938,170.0399932861328,8992
2024-12-16,170.89999389648438,175.52999877929688,167.02000427246094,169.82000732421875,8094
2024-12-17,171.5,171.5,165.10000610351562,166.77999877929688,7459
2024-12-18,170.89999389648438,170.89999389648438,166.64999389648438,167.61000061035156,2935
2024-12-19,169.6999969482422,181.0,165.64999389648438,176.57000732421875,36782
2024-12-20,189.0,194.6999969482422,173.0800018310547,174.50999450683594,238771
2024-12-23,175.8800048828125,177.88999938964844,168.17999267578125,169.11000061035156,13023
2024-12-24,170.1999969482422,175.0,167.77999877929688,169.4199981689453,10161
2024-12-26,169.4499969482422,171.99000549316406,165.35000610351562,167.07000732421875,10402
2024-12-27,166.80999755859375,169.80999755859375,162.85000610351562,164.02000427246094,13161
2024-12-30,163.6999969482422,171.25,163.6999969482422,165.5399932861328,11120
2024-12-31,163.85000610351562,168.60000610351562,163.85000610351562,166.9499969482422,5439
2025-01-01,168.08999633789062,171.0,167.0,167.2899932861328,4867
2025-01-02,168.39999389648438,170.3300018310547,166.05999755859375,166.47999572753906,6124
2025-01-03,167.49000549316406,169.60000610351562,163.00999450683594,164.5399932861328,7119
2025-01-06,162.0500030517578,168.8000030517578,150.85000610351562,154.5800018310547,12066
2025-01-07,155.3000030517578,158.99000549316406,154.50999450683594,156.5800018310547,4124
2025-01-08,159.64999389648438,160.05999755859375,155.41000366210938,156.25999450683594,3481
2025-01-09,159.97999572753906,159.97999572753906,150.5500030517578,151.2899932861328,7871
2025-01-10,154.89999389648438,154.89999389648438,145.0,145.3000030517578,12615
2025-01-13,142.5,149.19000244140625,139.0500030517578,144.58999633789062,8258
2025-01-14,146.69000244140625,163.0,146.69000244140625,150.10000610351562,72882
2025-01-15,150.85000610351562,153.97999572753906,145.8000030517578,146.38999938964844,7971
2025-01-16,154.97999572753906,154.97999572753906,146.10000610351562,147.44000244140625,2417
2025-01-17,152.99000549316406,152.99000549316406,147.0500030517578,149.16000366210938,2444
2025-01-20,153.0,153.97000122070312,145.6199951171875,148.16000366210938,6210
2025-01-21,148.0,153.39999389648438,144.11000061035156,146.1699981689453,5236
2025-01-22,148.0399932861328,148.08999633789062,143.14999389648438,143.92999267578125,4382
2025-01-23,145.1300048828125,147.4499969482422,144.1999969482422,145.17999267578125,1790
2025-01-24,146.82000732421875,148.9499969482422,143.10000610351562,144.58999633789062,7189
2025-01-27,144.0,144.0,134.0,135.88999938964844,6618
2025-01-28,137.0,139.2100067138672,128.0,131.97000122070312,5476
2025-01-29,131.00999450683594,136.77999877929688,126.0,136.02000427246094,1983
2025-01-30,137.97999572753906,138.02999877929688,133.52000427246094,135.3300018310547,2056
2025-01-31,159.5,162.38999938964844,139.99000549316406,150.08999633789062,251336
2025-02-01,150.0,150.0,146.5,148.00999450683594,11281
2025-02-03,147.97999572753906,147.97999572753906,141.35000610351562,142.11000061035156,6253
2025-02-04,142.11000061035156,146.99000549316406,142.11000061035156,143.55999755859375,3408
2025-02-05,144.6999969482422,149.07000732421875,143.72000122070312,148.5,2662
2025-02-06,148.5500030517578,151.0,144.50999450683594,145.83999633789062,8090
2025-02-07,146.0,148.99000549316406,142.5500030517578,145.88999938964844,2967
2025-02-10,147.99000549316406,149.49000549316406,138.0,138.7899932861328,6177
2025-02-11,149.0,149.0,134.00999450683594,135.52999877929688,1912
2025-02-12,138.0,138.2899932861328,130.25,131.69000244140625,5191
2025-02-13,129.02000427246094,149.38999938964844,129.02000427246094,131.8800048828125,8856
2025-02-14,135.0,136.7899932861328,122.0,125.77999877929688,11211
2025-02-17,129.27999877929688,130.1199951171875,123.05999755859375,124.58999633789062,1404
2025-02-18,126.12000274658203,126.31999969482422,118.05999755859375,119.18000030517578,11452
2025-02-19,128.99000549316406,128.99000549316406,121.5,123.22000122070312,10549
2025-02-20,121.0,129.0,121.0,126.83999633789062,2828
2025-02-21,128.61000061035156,130.89999389648438,125.0999984741211,125.83999633789062,6260
2025-02-24,125.6999969482422,130.6999969482422,123.0,125.0500030517578,2849
2025-02-25,129.50999450683594,129.88999938964844,121.0500030517578,121.66000366210938,3443
2025-02-27,123.95999908447266,125.19000244140624,120.0,120.13999938964844,1334
2025-02-28,120.76000213623048,122.79000091552734,117.0,118.0199966430664,2049
2025-03-03,112.5500030517578,127.98999786376952,110.0,113.0999984741211,12263
2025-03-04,110.0,118.4000015258789,107.20999908447266,113.86000061035156,4023
2025-03-05,118.4000015258789,129.88999938964844,111.0199966430664,120.45999908447266,9320
2025-03-06,120.3499984741211,131.0,120.11000061035156,124.91000366210938,6107
2025-03-07,127.13999938964844,128.60000610351562,123.0,124.86000061035156,2928
2025-03-10,128.00999450683594,130.0500030517578,119.69999694824219,127.22000122070312,8691
2025-03-11,125.0,128.89999389648438,120.5199966430664,127.0,3688
2025-03-12,125.0,129.8800048828125,120.01000213623048,121.08000183105467,3925
2025-03-13,120.41999816894533,125.0,120.25,121.37000274658205,6744
2025-03-17,124.38999938964844,127.5500030517578,117.02999877929688,120.30999755859376,6218
2025-03-18,120.30999755859375,120.30999755859375,120.30999755859375,120.30999755859375,0
2025-03-19,122.01000213623048,130.0,116.9499969482422,123.93000030517578,2447
2025-03-20,122.0,129.13999938964844,119.5500030517578,126.54000091552734,4321
2025-03-21,123.0999984741211,130.0,121.62000274658205,129.1999969482422,10640
2025-03-24,128.00999450683594,131.55999755859375,125.5999984741211,127.79000091552734,8013
2025-03-25,130.00999450683594,130.30999755859375,121.04000091552734,121.94999694824219,7075
2025-03-26,123.0,128.9499969482422,120.93000030517578,124.5999984741211,22007
2025-03-27,130.0,138.6999969482422,121.19999694824219,122.76000213623047,151486
2025-03-28,121.48999786376952,124.37000274658205,118.0500030517578,119.16000366210938,11302
2025-04-01,118.93000030517578,121.5999984741211,116.25,120.55000305175781,3016
2025-04-02,126.0,126.0,121.01000213623048,124.9800033569336,3523
2025-04-03,125.0999984741211,130.92999267578125,122.19999694824219,125.54000091552734,7816
2025-04-04,128.0,128.36000061035156,122.08999633789062,122.97000122070312,4934
2025-04-07,120.0,120.0,114.5,116.87000274658203,4340
2025-04-08,118.01000213623047,123.0,118.0,120.98999786376953,2637
2025-04-09,118.8499984741211,120.94999694824219,118.23999786376953,119.33999633789062,1356
2025-04-11,122.44000244140624,124.4800033569336,118.0,118.66999816894533,3413
2025-04-15,120.25,124.11000061035156,120.25,123.79000091552734,3037
2025-04-16,122.1500015258789,125.19000244140625,122.1500015258789,122.69999694824219,802
2025-04-17,123.8499984741211,126.2699966430664,123.29000091552734,124.94000244140624,1146
2025-04-21,127.9000015258789,127.9000015258789,124.11000061035156,127.25,2245
2025-04-22,128.0,133.97999572753906,124.88999938964844,132.52000427246094,32314
2025-04-23,134.8000030517578,134.8000030517578,128.41000366210938,130.4499969482422,7152
2025-04-24,130.80999755859375,133.14999389648438,127.5199966430664,129.97000122070312,7937
2025-04-25,131.5800018310547,131.5800018310547,122.41000366210938,124.12000274658205,9398
2025-04-28,122.87999725341795,129.38999938964844,122.87999725341795,124.55999755859376,10614
2025-04-29,126.75,126.75,122.1500015258789,123.01000213623048,4672
2025-04-30,125.76000213623047,126.48999786376953,119.87999725341797,120.33000183105469,11063
2025-05-02,123.87000274658205,126.5,118.95999908447266,121.0,7362
2025-05-05,120.1999969482422,124.6999969482422,117.4000015258789,120.12999725341795,6168
2025-05-06,121.33000183105469,123.66000366210938,116.5,117.9800033569336,1805
2025-05-07,114.5999984741211,125.18000030517578,114.5999984741211,118.04000091552734,9401
2025-05-08,121.66000366210938,124.33999633789062,115.16000366210938,118.2699966430664,6652
2025-05-09,116.6500015258789,123.83000183105469,115.0,116.37000274658203,11936
2025-05-12,126.87000274658203,126.87000274658203,121.01000213623047,123.73999786376953,10708
2025-05-13,122.12999725341795,125.95999908447266,121.25,122.45999908447266,7198
2025-05-14,124.27999877929688,132.0,123.58999633789062,126.54000091552734,57872
2025-05-15,128.3300018310547,130.8699951171875,125.25,126.9499969482422,9832
2025-05-16,132.1999969482422,132.1999969482422,121.5,123.12000274658203,19742
2025-05-19,123.12999725341797,128.64999389648438,122.6500015258789,123.12000274658203,6499
2025-05-20,123.83999633789062,128.82000732421875,123.0,123.66999816894531,12449
2025-05-21,122.20999908447266,128.0,122.20999908447266,125.4800033569336,8556
2025-05-22,128.25999450683594,128.64999389648438,121.0,123.19000244140625,8512
2025-05-23,122.7300033569336,124.4800033569336,122.0500030517578,123.08999633789062,1403
2025-05-26,120.69999694824219,124.77999877929688,120.69999694824219,123.45999908447266,5566
2025-05-27,124.4000015258789,125.86000061035156,121.62000274658203,122.30999755859375,4834
2025-05-28,121.5999984741211,124.95999908447266,121.12000274658205,122.5999984741211,2530
2025-05-29,125.47000122070312,125.47000122070312,121.22000122070312,122.56999969482422,3888
2025-05-30,122.80000305175781,123.98999786376953,122.12000274658203,123.33000183105469,3761
2025-06-02,121.2300033569336,124.3499984741211,121.2300033569336,122.30000305175781,2941
2025-06-03,123.5,124.45999908447266,121.54000091552734,122.37999725341797,2394
2025-06-04,122.47000122070312,125.75,121.69999694824219,123.02999877929688,4574
2025-06-05,123.63999938964844,124.93000030517578,122.25,123.69000244140625,9296
2025-06-06,124.02999877929688,130.2899932861328,122.63999938964844,124.36000061035156,3318
2025-06-09,128.5500030517578,129.88999938964844,123.5999984741211,129.1999969482422,4108
2025-06-10,127.8499984741211,130.0,125.48999786376953,127.75,7042
2025-06-11,128.0399932861328,131.69000244140625,127.73999786376952,130.41000366210938,4439
2025-06-12,129.0,129.94000244140625,127.0,128.5500030517578,3863
2025-06-13,125.88999938964844,142.0,124.0199966430664,130.32000732421875,62357
2025-06-16,128.50999450683594,139.75,127.91000366210938,133.77000427246094,128191
2025-06-17,135.8000030517578,135.8000030517578,128.52000427246094,128.97999572753906,6971
2025-06-18,131.58999633789062,131.58999633789062,127.75,128.5500030517578,3875
2025-06-19,127.62999725341797,129.32000732421875,124.05000305175781,124.23999786376953,3288
2025-06-20,126.9800033569336,128.0,124.1500015258789,124.55000305175781,4263
2025-06-23,124.5500030517578,126.8499984741211,123.5,124.9499969482422,8768
2025-06-24,126.4800033569336,127.4800033569336,125.0,125.97000122070312,4169
2025-06-25,125.3499984741211,129.58999633789062,125.0500030517578,125.66999816894533,7481
2025-06-26,127.48999786376952,132.35000610351562,125.9000015258789,130.14999389648438,11040
2025-06-27,131.0399932861328,134.6999969482422,125.5500030517578,126.7699966430664,6368
2025-06-30,128.4600067138672,128.77999877929688,125.54000091552734,127.0199966430664,4955
2025-07-01,127.16000366210938,129.83999633789062,125.05999755859375,127.79000091552734,6422
2025-07-02,127.41000366210938,128.8000030517578,125.62999725341797,126.72000122070312,2719
2025-07-03,127.4499969482422,127.66000366210938,125.41000366210938,126.12999725341795,1775
2025-07-04,127.6999969482422,128.63999938964844,125.5500030517578,126.70999908447266,2017
2025-07-07,129.0,129.0,125.5500030517578,128.50999450683594,1199
2025-07-08,125.58999633789062,128.99000549316406,125.0999984741211,125.70999908447266,2491
2025-07-09,127.4800033569336,128.49000549316406,126.01000213623048,126.58999633789062,1853
2025-07-10,128.27000427246094,128.27000427246094,125.38999938964844,126.30999755859375,2401
2025-07-11,126.3499984741211,127.5500030517578,125.3000030517578,126.58000183105467,708
2025-07-14,127.0,127.48999786376952,122.0999984741211,126.83999633789062,4216
2025-07-15,125.83999633789062,128.0,125.01000213623048,125.58000183105467,1600
2025-07-16,127.08999633789062,127.33999633789062,124.0500030517578,125.83999633789062,2909
2025-07-17,126.98999786376952,126.98999786376952,123.25,124.33999633789062,3420
2025-07-18,125.0,127.2699966430664,122.05999755859376,123.7699966430664,2552
2025-07-21,130.0,130.0,124.72000122070312,128.3000030517578,6707
2025-07-22,128.32000732421875,132.99000549316406,122.51000213623048,126.08999633789062,6850
2025-07-23,127.4000015258789,128.60000610351562,124.05000305175781,127.8499984741211,2370
2025-07-24,126.52999877929688,127.98999786376953,125.51000213623047,126.2300033569336,983
2025-07-25,126.25,126.25,122.02999877929688,123.56999969482422,3223
2025-07-28,125.5,125.5,121.11000061035156,121.80999755859375,2933
2025-07-29,123.41999816894531,125.83999633789062,122.5,122.87999725341797,3737
2025-07-30,124.47000122070312,124.87000274658203,122.04000091552734,122.43000030517578,467
2025-07-31,120.01000213623048,124.7699966430664,120.0,121.76000213623048,5803
2025-08-01,120.0999984741211,125.69000244140625,118.1500015258789,119.87999725341797,5855
2025-08-04,117.5999984741211,123.23999786376953,117.01000213623047,118.58999633789062,5690
2025-08-05,119.9000015258789,120.98999786376953,117.33999633789062,118.54000091552734,1139
2025-08-06,120.54000091552734,123.5,117.05000305175781,122.05000305175781,4783
2025-08-07,122.5,124.0,118.19999694824219,119.02999877929688,2108
2025-08-08,118.20999908447266,122.97000122070312,118.20999908447266,118.6500015258789,4692
2025-08-11,120.5999984741211,122.9000015258789,118.0,119.01000213623047,610
2025-08-12,120.9800033569336,122.9800033569336,117.5,118.36000061035156,4566
2025-08-13,115.01000213623047,120.94999694824219,115.01000213623047,118.48999786376953,3263
2025-08-14,117.26000213623048,120.98999786376952,117.26000213623048,119.29000091552734,1885
2025-08-18,119.9000015258789,122.95999908447266,119.9000015258789,120.31999969482422,713
2025-08-19,118.91000366210938,122.5,118.36000061035156,122.0,1323
2025-08-20,126.0,126.9000015258789,120.3499984741211,122.97000122070312,4643
2025-08-21,123.0,124.0199966430664,120.0,121.02999877929688,3392
2025-08-22,121.6500015258789,122.08000183105469,118.0,118.05000305175781,9747
2025-08-25,120.48999786376952,121.08999633789062,117.12999725341795,118.63999938964844,1750
2025-08-26,120.81999969482422,120.81999969482422,117.55000305175781,117.97000122070312,986
2025-08-28,118.66000366210938,119.9800033569336,115.5,116.6500015258789,1268
2025-08-29,119.3499984741211,120.51000213623047,115.0,116.54000091552734,902
2025-09-01,116.55000305175781,122.87999725341797,116.54000091552734,117.55999755859375,8402
2025-09-02,118.8499984741211,122.9499969482422,118.12000274658205,118.83000183105467,2117
2025-09-03,118.83000183105469,123.0,116.16000366210938,120.27999877929688,2068
2025-09-04,124.88999938964844,124.9000015258789,119.61000061035156,120.05999755859375,2836
2025-09-05,119.01000213623047,124.5,116.0,120.31999969482422,1292
2025-09-08,121.88999938964844,123.0,119.5,120.4499969482422,1855
2025-09-09,123.73999786376952,134.8000030517578,119.5,121.44000244140624,74824
2025-09-10,121.5,123.69999694824219,119.5999984741211,120.36000061035156,7636
2025-09-11,120.12000274658203,121.98999786376953,120.12000274658203,121.05000305175781,975
2025-09-12,122.9499969482422,122.9499969482422,119.5,120.47000122070312,9170
2025-09-15,125.0,125.0,119.66000366210938,122.87999725341797,2428
2025-09-16,123.98999786376953,126.9000015258789,120.41000366210938,125.25,4597
2025-09-17,129.69000244140625,129.69000244140625,122.20999908447266,122.8499984741211,3721
2025-09-18,124.87000274658205,124.95999908447266,121.1999969482422,122.75,1035
2025-09-19,122.75,124.0500030517578,121.25,121.25,390
2025-09-22,123.01000213623048,123.01000213623048,119.01000213623048,119.47000122070312,8278
2025-09-23,123.0,123.0,119.3499984741211,119.58000183105469,6281
2025-09-24,122.68000030517578,122.68000030517578,119.26000213623047,120.0999984741211,794
2025-09-25,119.0,121.0,115.0,116.33999633789062,1281
2025-09-26,117.01000213623047,117.01000213623047,114.22000122070312,115.2300033569336,3396
2025-09-29,116.52999877929688,120.0,115.51000213623047,119.70999908447266,8189
2025-09-30,121.0,132.6999969482422,116.02999877929688,117.83000183105467,145279
2025-10-01,119.88999938964844,120.6500015258789,117.98999786376953,118.55999755859375,5074
2025-10-03,124.0,131.83999633789062,119.0,119.95999908447266,105071
2025-10-06,120.0,123.69999694824219,117.5,119.01000213623047,10511
2025-10-07,118.5,119.87999725341797,117.1500015258789,117.95999908447266,14180
2025-10-08,118.0,121.0,116.98999786376953,117.08999633789062,8403
2025-10-09,119.01000213623047,119.01000213623047,115.5199966430664,116.63999938964844,1233
2025-10-10,117.5199966430664,121.47000122070312,117.0500030517578,118.5500030517578,3435
2025-10-13,120.3000030517578,120.3000030517578,117.3499984741211,117.47000122070312,1315
2025-10-14,120.94000244140624,120.94000244140624,113.5999984741211,114.98999786376952,3165
2025-10-15,119.69999694824219,119.69999694824219,115.72000122070312,118.51000213623047,1699
2025-10-16,119.69000244140624,122.69000244140624,116.51000213623048,116.69000244140624,1684
2025-10-17,118.51000213623047,128.89999389648438,118.5,120.38999938964844,45308
2025-10-20,122.98999786376952,122.98999786376952,119.6999969482422,119.97000122070312,5245
2025-10-21,119.37999725341797,122.4000015258789,119.37999725341797,120.91999816894531,536
2025-10-23,121.0,123.38999938964844,118.61000061035156,119.94999694824219,15815
2025-10-24,119.94999694824219,123.44000244140625,119.51000213623047,122.9000015258789,2462
2025-10-27,119.51000213623047,126.0,119.51000213623047,121.16999816894531,17125
2025-10-28,123.98999786376952,124.0,119.0,119.87999725341795,25594
2025-10-29,121.5,121.5,118.5,119.37999725341795,3487
2025-10-30,120.9000015258789,121.0,118.01000213623047,120.48999786376953,13726
2025-10-31,118.98999786376952,124.38999938964844,118.0,118.0199966430664,717
2025-11-03,118.0199966430664,122.79000091552734,118.0199966430664,119.23999786376952,788
2025-11-04,118.4000015258789,119.6999969482422,115.98999786376952,117.37000274658205,9526
2025-11-06,117.36000061035156,117.5,114.7300033569336,116.2300033569336,1116
2025-11-07,115.0999984741211,117.87000274658203,114.98999786376953,115.43000030517578,883
2025-11-10,121.0,121.0,116.0,116.08999633789062,742
2025-11-11,118.88999938964844,118.88999938964844,117.11000061035156,117.11000061035156,403
2025-11-12,117.22000122070312,118.0,116.0,117.80999755859375,704
2025-11-13,116.80000305175781,118.95999908447266,115.41000366210938,117.02999877929688,1723
2025-11-14,117.11000061035156,118.5999984741211,115.26000213623047,116.2300033569336,738
2025-11-17,119.33999633789062,119.33999633789062,113.0999984741211,115.0,21757
2025-11-18,115.5999984741211,118.79000091552734,113.19999694824219,115.3499984741211,754
2025-11-19,115.5999984741211,116.38999938964844,115.0,115.05999755859376,7474
2025-11-20,115.5,117.0,115.0,115.2699966430664,3040
2025-11-21,118.77999877929688,118.77999877929688,113.3499984741211,113.87000274658203,653
2025-11-24,113.0,118.68000030517578,113.0,113.43000030517578,584
2025-11-25,113.4000015258789,117.4000015258789,113.1999969482422,113.56999969482422,1338
2025-11-26,117.98999786376953,117.98999786376953,111.0,112.30000305175781,882
2025-11-27,114.51000213623048,116.97000122070312,111.80999755859376,112.31999969482422,863
2025-11-28,112.31999969482422,115.8000030517578,112.31999969482422,115.58000183105467,605
2025-12-01,115.58000183105467,115.58999633789062,112.0,115.5199966430664,36345
2025-12-02,115.52999877929688,118.0,111.5,111.5999984741211,9710
2025-12-03,114.38999938964844,114.38999938964844,110.3000030517578,110.98999786376952,2012
2025-12-04,113.38999938964844,114.9499969482422,110.20999908447266,111.68000030517578,822
2025-12-05,114.38999938964844,114.4800033569336,108.4000015258789,108.8000030517578,1031
2025-12-08,108.26000213623047,114.0,106.0,107.97000122070312,1271
2025-12-09,108.01000213623047,111.38999938964844,106.55000305175781,110.61000061035156,2076
2025-12-10,109.30999755859376,114.0,108.44000244140624,109.48999786376952,422
2025-12-11,108.98999786376952,109.0,106.5,108.93000030517578,2456
2025-12-12,109.8000030517578,110.51000213623048,108.25,108.9000015258789,573
2025-12-15,108.9000015258789,113.6999969482422,108.0,108.41999816894533,680
2025-12-16,110.01000213623048,110.01000213623048,105.51000213623048,106.56999969482422,5630
2025-12-17,108.51000213623048,110.98999786376952,104.0,105.55999755859376,11586
2025-12-18,105.01000213623048,108.0,105.01000213623048,107.98999786376952,1674
2025-12-19,107.0,108.0,105.19999694824219,106.41999816894531,141
2025-12-22,110.0,110.01000213623048,106.6500015258789,107.98999786376952,4739
2025-12-23,108.0,110.0999984741211,106.0,107.01000213623048,1327
2025-12-24,107.33999633789062,109.97000122070312,107.33999633789062,109.44000244140625,49656
2025-12-26,107.0999984741211,111.01000213623048,106.0999984741211,107.01000213623048,11161
2025-12-29,107.0,109.4000015258789,104.5,106.0,50632
2025-12-30,106.1500015258789,108.0,105.98999786376952,107.54000091552734,43423
2025-12-31,108.6999969482422,108.8000030517578,106.0999984741211,107.0,2323
2026-01-01,106.0999984741211,109.69999694824219,106.0,109.02999877929688,1212
2026-01-02,109.80000305175781,109.80000305175781,106.0999984741211,107.2300033569336,2717
2026-01-05,108.69000244140624,109.38999938964844,106.0,107.18000030517578,1904
2026-01-06,107.0999984741211,108.87999725341797,106.0999984741211,107.27999877929688,370
2026-01-07,106.25,108.58999633789062,105.0999984741211,105.20999908447266,670
2026-01-08,105.05000305175781,106.75,102.51000213623047,104.30000305175781,672
2026-01-09,102.20999908447266,105.88999938964844,101.05000305175781,101.43000030517578,3039
2026-01-12,101.43000030517578,101.5999984741211,99.20999908447266,99.45999908447266,2096
2026-01-13,96.6500015258789,103.41000366210938,96.6500015258789,98.41000366210938,1164
2026-01-14,98.19999694824219,104.25,98.19999694824219,101.2699966430664,3393
2026-01-15,101.2699966430664,101.2699966430664,101.2699966430664,101.2699966430664,0
2026-01-16,101.2699966430664,101.7699966430664,98.11000061035156,99.72000122070312,577
2026-01-19,98.19999694824219,101.98999786376953,96.22000122070312,98.0,2660
2026-01-20,97.43000030517578,97.43000030517578,95.25,95.94000244140624,1756
2026-01-21,100.0,100.0,96.4000015258789,98.31999969482422,1595
2026-01-22,98.0,99.88999938964844,95.41000366210938,97.08999633789062,2918
2026-01-23,97.08999633789062,101.88999938964844,95.0999984741211,97.2300033569336,717
2026-01-27,95.30000305175781,99.4000015258789,95.30000305175781,96.47000122070312,1737
2026-01-28,96.19000244140624,102.38999938964844,96.19000244140624,97.38999938964844,1067
2026-01-29,95.0999984741211,101.69999694824219,95.0999984741211,98.98999786376953,348
2026-01-30,98.51000213623048,103.5,97.0,99.52999877929688,2247
2026-02-02,98.8000030517578,98.8000030517578,94.26000213623048,95.81999969482422,1049
2026-02-03,97.18000030517578,99.7699966430664,96.3499984741211,97.80999755859375,1488
2026-02-04,105.9000015258789,105.9000015258789,97.55000305175781,97.87000274658203,3214
2026-02-05,97.12999725341797,99.97000122070312,94.0,96.6500015258789,6679
2026-02-06,97.5,97.68000030517578,94.0,95.22000122070312,3983
2026-02-09,93.19999694824219,99.4000015258789,93.19999694824219,96.41999816894531,949
2026-02-10,96.41999816894531,98.94999694824219,96.41999816894531,97.56999969482422,261
2026-02-11,97.56999969482422,100.0999984741211,97.56999969482422,99.80999755859376,5662
2026-02-12,99.0199966430664,99.0199966430664,96.4000015258789,98.02999877929688,963
2026-02-13,102.4000015258789,102.4000015258789,95.41999816894533,96.08999633789062,1312
2026-02-16,99.79000091552734,101.0199966430664,93.0500030517578,98.98999786376952,3210
2026-02-17,98.98999786376953,100.79000091552734,97.0999984741211,98.1500015258789,1729
2026-02-18,100.9000015258789,100.9000015258789,95.45999908447266,98.0999984741211,488
2026-02-19,96.0,99.97000122070312,96.0,97.62999725341795,1215
2026-02-20,97.62999725341795,97.98999786376952,95.0,95.77999877929688,2291
2026-02-23,94.36000061035156,99.8499984741211,94.36000061035156,95.13999938964844,1030
2026-02-24,98.79000091552734,98.79000091552734,92.25,94.43000030517578,176
2026-02-25,95.0,95.6500015258789,93.4000015258789,94.43000030517578,351
2026-02-26,98.38999938964844,98.38999938964844,92.0,93.2300033569336,1203
2026-02-27,95.19000244140624,95.1999969482422,92.1999969482422,94.77999877929688,234
2026-03-02,94.98999786376953,95.0,91.0,92.0,2127
2026-03-04,87.0,92.9800033569336,87.0,90.95999908447266,1067
2026-03-05,94.91999816894533,96.69000244140624,89.0,89.20999908447266,867
2026-03-06,89.25,93.4000015258789,88.66000366210938,89.37000274658203,1635
2026-03-09,89.37000274658203,92.77999877929688,85.4000015258789,86.22000122070312,897
2026-03-10,93.0,93.0,88.01000213623047,89.0999984741211,1159
2026-03-11,88.91000366210938,91.76000213623048,87.0,89.83999633789062,510
2026-03-12,89.8499984741211,89.8499984741211,87.1500015258789,88.04000091552734,916
2026-03-13,90.6999969482422,90.6999969482422,85.70999908447266,86.95999908447266,344
2026-03-16,86.95999908447266,94.38999938964844,82.4000015258789,85.08999633789062,2369
2026-03-17,85.51000213623047,92.1500015258789,85.0,85.37999725341797,1714
2026-03-18,88.4000015258789,88.4000015258789,85.05000305175781,85.7300033569336,3104
2026-03-19,87.87000274658203,88.66000366210938,84.0999984741211,86.05999755859375,2662
2026-03-20,91.98999786376953,92.0,86.0999984741211,86.44000244140625,22756
2026-03-23,86.44999694824219,86.45999908447266,82.22000122070312,85.91999816894531,3876
2026-03-24,86.0,87.06999969482422,83.0,84.0,2888
2026-03-25,87.48999786376953,87.48999786376953,84.5999984741211,84.63999938964844,1263
2026-03-27,86.01000213623047,86.5,81.0,81.45999908447266,3214
2026-03-30,82.0,85.33000183105469,79.01000213623047,80.16000366210938,5523
2026-04-01,85.9000015258789,85.9000015258789,83.48999786376953,83.69999694824219,2569
2026-04-02,82.9000015258789,84.3499984741211,82.5999984741211,83.56999969482422,969
2026-04-06,86.05000305175781,87.30000305175781,84.5,86.9800033569336,1287
2026-04-07,88.69999694824219,91.98999786376953,87.4000015258789,91.1500015258789,6295
2026-04-08,93.9000015258789,95.0,91.0,92.41999816894533,2884
2026-04-09,92.41999816894533,95.0,91.41000366210938,93.41000366210938,1109
2026-04-10,94.9800033569336,94.98999786376953,92.98999786376953,93.66999816894531,403
2026-04-13,90.0,98.69000244140625,90.0,95.7699966430664,498
2026-04-15,97.5,98.73999786376953,94.86000061035156,98.25,1690
2026-04-16,97.0,97.4000015258789,94.98999786376952,96.37000274658205,17116
2026-04-17,93.02999877929688,103.0,93.02999877929688,99.9800033569336,11795
2026-04-20,102.0,102.0,95.11000061035156,95.4000015258789,40276
2026-04-21,102.3000030517578,102.3000030517578,96.2699966430664,98.18000030517578,9189
2026-04-22,97.25,102.25,96.4000015258789,100.73999786376953,5400
2026-04-23,100.75,102.94999694824219,98.55000305175781,98.91000366210938,1573
2026-04-24,97.4000015258789,98.37999725341797,95.01000213623047,96.55999755859375,995
2026-04-27,93.08000183105467,100.98999786376952,93.08000183105467,95.04000091552734,17580
2026-04-28,96.0999984741211,98.0,95.04000091552734,97.93000030517578,2734
2026-04-29,98.01000213623047,98.4000015258789,96.4000015258789,96.87999725341797,11149
2026-04-30,97.58999633789062,97.8499984741211,93.0,94.25,15636
2026-05-04,98.9000015258789,98.9000015258789,95.0,95.68000030517578,2473
2026-05-05,98.0,98.0,94.72000122070312,95.19000244140624,925
2026-05-06,97.94999694824219,101.4000015258789,96.4000015258789,100.3499984741211,8611
2026-05-07,100.3499984741211,101.79000091552734,97.62000274658203,99.69000244140625,707
2026-05-08,98.5999984741211,99.8499984741211,97.19999694824219,97.61000061035156,571
2026-05-11,99.0,99.0,97.19999694824219,98.05000305175781,1154
2026-05-12,98.0,98.0,94.44999694824219,95.94999694824219,3968
2026-05-13,94.0,97.80000305175781,93.5,96.94000244140625,344
2026-05-14,96.0,101.4000015258789,95.0999984741211,98.05999755859375,1184
2026-05-15,99.0,108.5,96.20999908447266,101.16999816894531,9082
2026-05-18,101.16999816894531,101.16999816894531,96.0999984741211,96.9000015258789,1733
2026-05-19,94.95999908447266,101.25,94.11000061035156,96.69999694824219,8893
2026-05-20,95.5999984741211,97.9000015258789,94.86000061035156,97.30000305175781,1556
2026-05-21,97.5,98.94999694824219,96.1500015258789,96.1500015258789,217
2026-05-22,96.5,96.5999984741211,95.44000244140625,96.02999877929688,793
2026-05-25,96.02999877929688,97.4800033569336,95.55000305175781,96.5,560
2026-05-26,92.19999694824219,99.80000305175781,92.19999694824219,98.76000213623047,817
2026-05-27,98.76000213623048,100.9000015258789,97.38999938964844,98.9499969482422,2130
2026-05-28,98.9499969482422,98.9499969482422,98.9499969482422,98.9499969482422,0
2026-05-29,106.75,106.75,97.1999969482422,100.0,2861
2026-06-01,100.0,100.9000015258789,96.20999908447266,98.02999877929688,1244
2026-06-02,97.01000213623047,100.0999984741211,94.4000015258789,96.06999969482422,240
2026-06-03,99.80000305175781,99.80000305175781,98.77999877929688,99.20999908447266,59
2026-06-04,99.80000305175781,99.80000305175781,96.1500015258789,99.68000030517578,1977
2026-06-05,99.66999816894531,99.66999816894531,96.1500015258789,97.97000122070312,151
2026-06-08,99.19999694824219,99.19999694824219,96.0,99.0999984741211,25
2026-06-09,99.05000305175781,99.05000305175781,95.4000015258789,95.97000122070312,229
2026-06-10,95.19999694824219,97.0,92.5,92.56999969482422,1338
2026-06-11,93.5,94.4000015258789,91.5999984741211,93.45999908447266,330
2026-06-12,93.0,98.8000030517578,92.98999786376952,97.4499969482422,650
2026-06-15,97.44999694824219,99.4000015258789,96.4000015258789,98.44999694824219,163
2026-06-16,97.95999908447266,100.0,96.0,98.3000030517578,412
2026-06-17,98.3000030517578,98.3000030517578,95.0199966430664,96.37999725341795,126
2026-06-18,96.37999725341795,98.0,95.0,95.01000213623048,2342
2026-06-19,95.5,96.9000015258789,93.0,95.98999786376953,636
2026-06-22,98.80000305175781,98.80000305175781,95.05000305175781,95.25,651
2026-06-23,98.4000015258789,98.4000015258789,92.4000015258789,93.0,1728
2026-06-24,91.5999984741211,94.0,91.5999984741211,92.4499969482422,658
2026-06-25,93.26000213623048,93.5,91.62000274658205,91.62000274658205,213
2026-06-26,91.62000274658205,91.62000274658205,91.62000274658205,91.62000274658205,0
2026-06-29,91.6999969482422,94.4000015258789,90.30999755859376,91.08000183105467,864
2026-06-30,91.0999984741211,96.94999694824219,90.5,93.75,743
2026-07-01,91.0,94.9000015258789,90.0,92.95999908447266,489
2026-07-02,92.0999984741211,93.0999984741211,90.44000244140625,91.33000183105469,734
2026-07-03,92.0999984741211,93.4000015258789,91.8499984741211,91.8499984741211,239
2026-07-06,98.9000015258789,98.9000015258789,91.5,95.72000122070312,869
2026-07-07,97.94999694824219,97.94999694824219,91.9000015258789,92.44000244140625,1565
2026-07-08,91.61000061035156,93.4000015258789,90.61000061035156,90.9000015258789,11845
2026-07-09,91.0,92.25,88.05000305175781,90.22000122070312,2057
2026-07-10,92.9000015258789,93.4000015258789,90.79000091552734,92.58000183105469,297
2026-07-13,90.11000061035156,92.0,90.01000213623047,90.36000061035156,7886
2026-07-14,93.5,94.4499969482422,91.01000213623048,91.01000213623048,423
2026-07-15,93.38999938964844,93.38999938964844,89.31999969482422,89.44999694824219,1017
2026-07-16,91.5,91.5,91.5,91.5,21
2026-07-17,91.5,91.5,90.0,90.48999786376953,494
2026-07-20,90.11000061035156,93.69999694824219,88.19999694824219,89.31999969482422,3814
2026-07-21,89.41000366210938,89.41000366210938,89.05000305175781,89.30999755859375,1194
2026-07-22,92.43000030517578,92.43000030517578,89.3499984741211,89.3499984741211,561
2026-07-23,91.4000015258789,91.4000015258789,88.0,90.11000061035156,434
2026-07-24,89.19999694824219,89.5,88.05000305175781,88.30999755859375,515
2026-07-27,91.4000015258789,91.4000015258789,89.0,89.11000061035156,1245
2026-07-28,88.19999694824219,88.33999633789062,85.9800033569336,86.58999633789062,2341
2026-07-29,86.0,89.98999786376953,85.0,87.54000091552734,3602
2026-07-30,88.0,88.0999984741211,85.0,86.29000091552734,773
2026-07-31,84.5,88.0,84.5,87.06999969482422,1144
2026-08-03,87.80000305175781,91.3499984741211,87.04000091552734,89.01000213623047,1841
2026-08-04,88.0999984741211,89.5,86.01000213623047,88.62999725341797,1786
2026-08-05,87.0,89.80000305175781,86.30000305175781,88.55000305175781,1177
2026-08-06,87.51000213623047,87.9800033569336,85.25,87.0999984741211,3530
2026-08-07,87.0999984741211,94.79000091552734,87.0,92.01000213623047,1785
2026-08-10,98.0,98.0,88.0,90.66000366210938,1113
2026-08-11,92.0,94.38999938964844,86.20999908447266,92.4499969482422,3569
2026-08-12,91.4000015258789,92.5,88.0,89.62000274658203,10054
2026-08-13,90.0,91.0,88.0999984741211,90.33999633789062,437
2026-08-14,91.0,91.0,88.20999908447266,90.8000030517578,984
2026-08-17,92.0,92.0,86.51000213623047,89.77999877929688,1039
2026-08-18,86.51000213623047,88.9800033569336,84.5,86.45999908447266,11363
2026-08-19,87.45999908447266,87.9800033569336,84.55000305175781,86.37000274658203,4755
2026-08-20,87.9000015258789,92.0,86.5999984741211,88.19999694824219,1297
2026-08-21,90.0,91.94999694824219,88.26000213623047,88.91999816894531,2522
2026-08-24,91.9000015258789,93.0,88.0999984741211,92.52999877929688,2893
2026-08-25,94.37999725341795,94.37999725341795,88.19999694824219,89.18000030517578,2473
2026-08-26,90.0,93.3000030517578,89.19999694824219,92.55999755859376,222
2026-08-27,91.9000015258789,91.9000015258789,87.5,89.77999877929688,3706
2026-08-28,89.9000015258789,91.9000015258789,86.4000015258789,91.38999938964844,3854
2026-08-31,90.4000015258789,90.4000015258789,88.0,88.22000122070312,212
2026-09-01,88.22000122070312,91.88999938964844,88.0,90.7699966430664,648
2026-09-02,90.0,90.0,88.0999984741211,88.9800033569336,1459
2026-09-03,91.8000030517578,91.8000030517578,88.4000015258789,88.43000030517578,285
2026-09-04,91.69999694824219,91.69999694824219,89.0,90.16999816894531,427
2026-09-07,90.16999816894531,90.16999816894531,89.19999694824219,89.19999694824219,438
2026-09-08,90.9800033569336,91.9000015258789,88.0,88.13999938964844,285
2026-09-09,88.11000061035156,89.9000015258789,87.98999786376953,88.86000061035156,1181
2026-09-10,88.0,89.88999938964844,86.19999694824219,87.98999786376953,416
2026-09-11,89.9000015258789,89.9000015258789,85.0,85.91999816894531,2205
2026-09-15,87.0199966430664,90.0,84.0,88.72000122070312,1481
2026-09-16,89.0,89.0,88.0,88.0,14
2026-09-18,86.11000061035156,88.5,86.0999984741211,86.11000061035156,305
