Date,Open,High,Low,Close,Volume
2016-09-19,52.0,52.09999847412109,51.400001525878906,51.79999923706055,1896968
2016-09-20,51.79999923706055,52.0,51.34999847412109,51.5,1227429
2016-09-21,51.650001525878906,51.84999847412109,50.900001525878906,51.09999847412109,1641784
2016-09-22,51.70000076293945,52.0,51.34999847412109,51.79999923706055,1609815
2016-09-23,51.95000076293945,52.599998474121094,51.5,51.79999923706055,3101198
2016-09-26,51.70000076293945,52.0,51.0,51.25,1654179
2016-09-27,51.45000076293945,51.95000076293945,51.04999923706055,51.150001525878906,1662148
2016-09-28,51.25,51.849998474121094,51.0,51.45000076293945,2795266
2016-09-29,51.599998474121094,51.900001525878906,46.349998474121094,46.849998474121094,5530064
2016-09-30,46.70000076293945,47.84999847412109,46.20000076293945,47.650001525878906,4153675
2016-10-03,48.0,48.79999923706055,47.54999923706055,48.650001525878906,2957616
2016-10-04,48.70000076293945,48.79999923706055,48.20000076293945,48.650001525878906,1786439
2016-10-05,48.79999923706055,49.29999923706055,48.400001525878906,48.59999847412109,1888644
2016-10-06,48.650001525878906,49.20000076293945,47.70000076293945,47.95000076293945,2638597
2016-10-07,47.79999923706055,48.400001525878906,47.54999923706055,48.04999923706055,2766404
2016-10-10,48.20000076293945,48.650001525878906,47.900001525878906,48.04999923706055,958112
2016-10-13,47.95000076293945,47.95000076293945,46.25,46.599998474121094,3896558
2016-10-14,46.79999923706055,47.349998474121094,46.650001525878906,47.099998474121094,1514652
2016-10-17,47.150001525878906,47.5,46.09999847412109,46.5,1816838
2016-10-18,46.79999923706055,47.45000076293945,46.599998474121094,47.29999923706055,1863294
2016-10-19,47.34999847412109,47.95000076293945,47.20000076293945,47.84999847412109,1918580
2016-10-20,48.04999923706055,48.79999923706055,47.79999923706055,48.70000076293945,3841798
2016-10-21,48.5,48.650001525878906,48.150001525878906,48.400001525878906,1050630
2016-10-24,48.599998474121094,49.099998474121094,48.0,48.45000076293945,1936845
2016-10-25,48.45000076293945,48.70000076293945,47.900001525878906,48.150001525878906,1124538
2016-10-26,47.79999923706055,48.5,47.400001525878906,47.599998474121094,2010347
2016-10-27,47.5,47.70000076293945,46.599998474121094,46.79999923706055,8675372
2016-10-28,46.849998474121094,47.349998474121094,46.79999923706055,47.099998474121094,1677134
2016-11-01,47.150001525878906,47.70000076293945,46.849998474121094,47.099998474121094,1537950
2016-11-02,46.70000076293945,46.79999923706055,46.0,46.150001525878906,2878282
2016-11-03,46.04999923706055,46.54999923706055,45.5,45.79999923706055,2141163
2016-11-04,45.79999923706055,45.900001525878906,43.79999923706055,43.95000076293945,3824770
2016-11-07,44.650001525878906,44.75,44.29999923706055,44.54999923706055,1279823
2016-11-08,44.70000076293945,45.29999923706055,44.349998474121094,44.70000076293945,3103752
2016-11-09,41.95000076293945,43.099998474121094,40.20000076293945,42.79999923706055,7239558
2016-11-10,44.0,44.75,43.54999923706055,44.400001525878906,2176892
2016-11-11,43.0,44.04999923706055,43.0,43.29999923706055,3006254
2016-11-15,43.0,43.29999923706055,41.0,41.29999923706055,3277494
2016-11-16,41.650001525878906,42.5,40.20000076293945,40.400001525878906,2535915
2016-11-17,40.54999923706055,40.79999923706055,40.150001525878906,40.29999923706055,2124207
2016-11-18,40.70000076293945,40.84999847412109,40.0,40.5,1770326
2016-11-21,40.54999923706055,40.84999847412109,39.29999923706055,39.5,2493475
2016-11-22,39.849998474121094,40.04999923706055,38.900001525878906,39.400001525878906,2859753
2016-11-23,39.79999923706055,39.95000076293945,39.150001525878906,39.59999847412109,2122460
2016-11-24,39.400001525878906,41.5,38.04999923706055,38.650001525878906,7200643
2016-11-25,38.650001525878906,39.5,38.45000076293945,39.400001525878906,2591668
2016-11-28,39.400001525878906,40.75,39.29999923706055,40.599998474121094,2883757
2016-11-29,40.75,41.54999923706055,40.599998474121094,41.20000076293945,2298980
2016-11-30,41.25,41.75,41.150001525878906,41.70000076293945,1309869
2016-12-01,41.75,42.150001525878906,40.29999923706055,40.45000076293945,2817487
2016-12-02,40.400001525878906,41.70000076293945,40.04999923706055,41.0,2657811
2016-12-05,41.400001525878906,41.79999923706055,40.45000076293945,41.400001525878906,2609221
2016-12-06,41.400001525878906,42.349998474121094,40.70000076293945,42.099998474121094,2221809
2016-12-07,42.25,43.04999923706055,41.79999923706055,42.04999923706055,2686894
2016-12-08,42.349998474121094,43.0,42.349998474121094,42.599998474121094,2163511
2016-12-09,43.099998474121094,43.20000076293945,42.5,42.849998474121094,2176018
2016-12-12,42.79999923706055,42.79999923706055,42.04999923706055,42.349998474121094,1505734
2016-12-13,42.400001525878906,42.54999923706055,42.099998474121094,42.25,1263305
2016-12-14,42.150001525878906,42.54999923706055,41.70000076293945,41.900001525878906,1854272
2016-12-15,41.29999923706055,42.54999923706055,41.150001525878906,42.25,2507072
2016-12-16,42.349998474121094,42.349998474121094,41.5,41.70000076293945,1681705
2016-12-19,41.70000076293945,43.20000076293945,41.5,42.75,3049194
2016-12-20,42.95000076293945,42.95000076293945,41.29999923706055,41.5,1908726
2016-12-21,41.79999923706055,42.75,41.599998474121094,42.25,2512578
2016-12-22,42.0,42.34999847412109,41.20000076293945,41.400001525878906,1407230
2016-12-23,41.20000076293945,41.70000076293945,40.75,41.20000076293945,2144736
2016-12-26,40.900001525878906,41.20000076293945,39.34999847412109,39.5,2276395
2016-12-27,39.5,40.20000076293945,39.20000076293945,40.099998474121094,1225922
2016-12-28,40.09999847412109,40.70000076293945,39.95000076293945,40.09999847412109,1476993
2016-12-29,40.0,40.650001525878906,40.0,40.400001525878906,3683573
2016-12-30,40.70000076293945,42.0,40.5,41.20000076293945,2041852
2017-01-02,41.20000076293945,42.04999923706055,41.09999847412109,41.900001525878906,1391461
2017-01-03,41.95000076293945,42.20000076293945,41.70000076293945,41.95000076293945,1437898
2017-01-04,42.0,42.599998474121094,41.900001525878906,42.45000076293945,2349076
2017-01-05,42.75,43.400001525878906,42.349998474121094,43.29999923706055,2061124
2017-01-06,43.349998474121094,44.25,43.150001525878906,43.900001525878906,2511536
2017-01-09,44.0,44.25,43.400001525878906,43.79999923706055,1486066
2017-01-10,44.099998474121094,44.150001525878906,43.599998474121094,43.900001525878906,1259294
2017-01-11,44.0,44.650001525878906,43.79999923706055,44.5,2132310
2017-01-12,44.5,45.75,43.95000076293945,45.25,4787636
2017-01-13,46.0,46.0,44.54999923706055,44.79999923706055,2377747
2017-01-16,44.79999923706055,44.79999923706055,44.20000076293945,44.349998474121094,1084101
2017-01-17,44.20000076293945,44.70000076293945,43.59999847412109,44.04999923706055,1798045
2017-01-18,44.150001525878906,44.650001525878906,43.95000076293945,44.20000076293945,1302154
2017-01-19,44.29999923706055,44.54999923706055,43.79999923706055,44.45000076293945,1413122
2017-01-20,44.400001525878906,44.70000076293945,43.25,43.5,1888953
2017-01-23,43.20000076293945,44.0,43.20000076293945,43.70000076293945,969117
2017-01-24,43.79999923706055,44.150001525878906,43.70000076293945,44.04999923706055,801093
2017-01-25,44.150001525878906,44.29999923706055,43.650001525878906,44.0,1743082
2017-01-27,44.099998474121094,45.20000076293945,43.95000076293945,44.45000076293945,2889389
2017-01-30,44.09999847412109,46.400001525878906,43.95000076293945,45.54999923706055,4263459
2017-01-31,45.5,46.20000076293945,44.599998474121094,44.79999923706055,4653422
2017-02-01,44.79999923706055,45.5,43.70000076293945,45.29999923706055,3598038
2017-02-02,45.29999923706055,45.599998474121094,44.849998474121094,45.099998474121094,2518346
2017-02-03,45.0,47.150001525878906,44.95000076293945,46.09999847412109,4307925
2017-02-06,46.70000076293945,46.70000076293945,46.04999923706055,46.5,1858041
2017-02-07,46.5,46.70000076293945,45.45000076293945,45.900001525878906,2909521
2017-02-08,46.25,46.400001525878906,45.650001525878906,46.04999923706055,2607091
2017-02-09,46.400001525878906,46.70000076293945,45.150001525878906,45.650001525878906,2981693
2017-02-10,45.70000076293945,46.099998474121094,45.099998474121094,45.29999923706055,1572246
2017-02-13,45.29999923706055,45.599998474121094,43.29999923706055,43.95000076293945,3900453
2017-02-14,43.900001525878906,44.349998474121094,43.54999923706055,44.150001525878906,2209648
2017-02-15,44.09999847412109,44.20000076293945,42.75,43.0,1871988
2017-02-16,43.0,43.54999923706055,42.650001525878906,43.400001525878906,1534952
2017-02-17,43.54999923706055,44.29999923706055,43.349998474121094,44.0,1946091
2017-02-20,44.099998474121094,45.099998474121094,43.95000076293945,44.95000076293945,1758219
2017-02-21,45.04999923706055,45.400001525878906,44.54999923706055,45.20000076293945,1778336
2017-02-22,45.20000076293945,46.900001525878906,45.20000076293945,46.150001525878906,5417573
2017-02-23,46.04999923706055,46.59999847412109,45.650001525878906,46.0,5593316
2017-02-27,46.0,47.79999923706055,45.900001525878906,46.70000076293945,5205337
2017-02-28,46.75,47.900001525878906,46.5,47.5,3826823
2017-03-01,47.59999847412109,47.84999847412109,47.20000076293945,47.400001525878906,1775110
2017-03-02,47.5,47.70000076293945,45.70000076293945,45.849998474121094,2034005
2017-03-03,45.599998474121094,46.25,45.45000076293945,46.150001525878906,1688479
2017-03-06,46.25,47.150001525878906,46.04999923706055,46.900001525878906,1937233
2017-03-07,47.599998474121094,48.849998474121094,47.29999923706055,47.5,5998354
2017-03-08,47.54999923706055,47.75,46.0,46.150001525878906,2546286
2017-03-09,46.04999923706055,46.45000076293945,45.59999847412109,45.95000076293945,2072085
2017-03-10,46.099998474121094,47.150001525878906,46.0,46.20000076293945,3422791
2017-03-14,47.900001525878906,47.900001525878906,46.84999847412109,47.04999923706055,3594810
2017-03-15,47.099998474121094,47.599998474121094,46.75,46.849998474121094,2304834
2017-03-16,47.25,48.900001525878906,47.150001525878906,48.70000076293945,5026949
2017-03-17,48.70000076293945,48.900001525878906,47.400001525878906,47.79999923706055,3383195
2017-03-20,47.79999923706055,48.59999847412109,47.5,48.150001525878906,3026617
2017-03-21,48.29999923706055,48.45000076293945,47.5,47.95000076293945,2839730
2017-03-22,47.29999923706055,47.75,47.04999923706055,47.25,1800909
2017-03-23,47.29999923706055,48.29999923706055,47.29999923706055,47.95000076293945,2906939
2017-03-24,48.150001525878906,48.650001525878906,48.0,48.150001525878906,3452917
2017-03-27,48.09999847412109,48.150001525878906,47.25,47.59999847412109,2002305
2017-03-28,47.59999847412109,48.34999847412109,47.59999847412109,47.900001525878906,1911528
2017-03-29,48.5,48.5,47.849998474121094,48.0,2061881
2017-03-30,48.25,48.25,47.59999847412109,47.75,11573416
2017-03-31,48.04999923706055,48.349998474121094,47.900001525878906,48.099998474121094,2207780
2017-04-03,48.29999923706055,50.150001525878906,48.150001525878906,49.75,6926598
2017-04-05,50.0,50.79999923706055,49.79999923706055,50.25,4857594
2017-04-06,50.0,50.150001525878906,49.54999923706055,49.900001525878906,2275201
2017-04-07,49.70000076293945,50.29999923706055,48.70000076293945,48.900001525878906,2618529
2017-04-10,49.45000076293945,49.54999923706055,48.70000076293945,49.0,2536457
2017-04-11,49.25,49.75,48.0,49.400001525878906,5018228
2017-04-12,49.400001525878906,49.400001525878906,47.75,48.0,2946445
2017-04-13,48.0,48.400001525878906,47.150001525878906,47.45000076293945,3371387
2017-04-17,48.20000076293945,48.5,47.04999923706055,47.849998474121094,5181770
2017-04-18,48.0,49.25,46.599998474121094,46.95000076293945,4528301
2017-04-19,46.79999923706055,47.5,46.5,47.0,2364779
2017-04-20,47.150001525878906,47.400001525878906,45.45000076293945,47.29999923706055,4889896
2017-04-21,47.34999847412109,48.0,47.04999923706055,47.25,2339950
2017-04-24,47.34999847412109,50.45000076293945,47.150001525878906,49.70000076293945,9881411
2017-04-25,50.0,50.25,48.79999923706055,49.09999847412109,3620302
2017-04-26,49.20000076293945,50.09999847412109,48.150001525878906,48.75,4403180
2017-04-27,48.75,49.099998474121094,48.25,48.79999923706055,3106178
2017-04-28,48.900001525878906,49.650001525878906,48.79999923706055,48.900001525878906,3170144
2017-05-02,49.099998474121094,49.20000076293945,48.099998474121094,48.349998474121094,2309365
2017-05-03,48.400001525878906,48.95000076293945,47.650001525878906,48.04999923706055,2490111
2017-05-04,48.20000076293945,48.45000076293945,47.54999923706055,47.70000076293945,2493584
2017-05-05,47.900001525878906,48.0,45.79999923706055,46.20000076293945,4385085
2017-05-08,46.5,46.95000076293945,46.099998474121094,46.79999923706055,1959107
2017-05-09,47.04999923706055,47.75,46.75,47.54999923706055,2361536
2017-05-10,47.75,48.04999923706055,47.400001525878906,47.70000076293945,1883640
2017-05-11,48.0,48.04999923706055,47.0,47.04999923706055,1590400
2017-05-12,47.45000076293945,47.59999847412109,46.54999923706055,46.70000076293945,1790720
2017-05-15,46.84999847412109,46.95000076293945,46.5,46.70000076293945,1431646
2017-05-16,46.79999923706055,48.0,46.79999923706055,47.34999847412109,2737326
2017-05-17,47.400001525878906,48.5,47.25,47.5,5712304
2017-05-18,47.0,47.400001525878906,46.20000076293945,46.5,3233234
2017-05-19,46.79999923706055,47.20000076293945,45.79999923706055,46.29999923706055,3111518
2017-05-22,46.54999923706055,46.95000076293945,45.75,45.900001525878906,2247079
2017-05-23,45.900001525878906,46.0,44.0,44.20000076293945,4441477
2017-05-24,44.29999923706055,44.599998474121094,41.45000076293945,41.900001525878906,7011989
2017-05-25,42.400001525878906,42.900001525878906,41.54999923706055,42.34999847412109,3784082
2017-05-26,42.45000076293945,43.75,42.29999923706055,43.599998474121094,3051866
2017-05-29,43.54999923706055,43.70000076293945,39.45000076293945,39.900001525878906,10848525
2017-05-30,39.75,41.400001525878906,39.0,40.599998474121094,5656363
2017-05-31,40.900001525878906,41.45000076293945,39.70000076293945,41.29999923706055,10834552
2017-06-01,41.29999923706055,41.70000076293945,40.70000076293945,40.900001525878906,4852018
2017-06-02,41.29999923706055,41.59999847412109,40.75,41.0,2953185
2017-06-05,41.04999923706055,42.45000076293945,41.04999923706055,41.25,3020566
2017-06-06,41.29999923706055,41.5,39.59999847412109,40.150001525878906,2728271
2017-06-07,40.0,40.650001525878906,39.900001525878906,40.45000076293945,1911629
2017-06-08,40.45000076293945,40.54999923706055,40.0,40.150001525878906,1435271
2017-06-09,40.150001525878906,40.29999923706055,39.79999923706055,40.0,1743005
2017-06-12,40.0,40.599998474121094,39.79999923706055,40.400001525878906,1687922
2017-06-13,40.400001525878906,41.0,40.25,40.45000076293945,1854374
2017-06-14,40.650001525878906,40.650001525878906,39.70000076293945,40.150001525878906,3061655
2017-06-15,40.150001525878906,40.59999847412109,39.900001525878906,40.34999847412109,2018794
2017-06-16,40.5,40.75,40.0,40.09999847412109,1746374
2017-06-19,40.20000076293945,40.45000076293945,40.04999923706055,40.099998474121094,1171747
2017-06-20,40.25,40.400001525878906,39.79999923706055,40.09999847412109,1007667
2017-06-21,40.04999923706055,40.900001525878906,39.900001525878906,40.70000076293945,2116579
2017-06-22,40.84999847412109,41.5,40.5,40.70000076293945,2934117
2017-06-23,40.70000076293945,41.04999923706055,39.75,40.59999847412109,2812015
2017-06-27,40.400001525878906,41.400001525878906,39.95000076293945,41.09999847412109,3047240
2017-06-28,40.650001525878906,42.5,40.650001525878906,42.34999847412109,4145062
2017-06-29,42.349998474121094,43.400001525878906,41.849998474121094,43.0,3693108
2017-06-30,42.900001525878906,43.04999923706055,42.20000076293945,42.54999923706055,2158616
2017-07-03,42.09999847412109,43.34999847412109,42.09999847412109,42.5,2079094
2017-07-04,42.54999923706055,42.95000076293945,41.849998474121094,42.099998474121094,2419965
2017-07-05,42.04999923706055,42.75,41.84999847412109,42.45000076293945,1809627
2017-07-06,42.45000076293945,43.150001525878906,42.349998474121094,42.70000076293945,2296673
2017-07-07,42.650001525878906,43.20000076293945,42.400001525878906,42.900001525878906,2488339
2017-07-10,43.20000076293945,44.150001525878906,42.099998474121094,43.849998474121094,831871
2017-07-11,44.0,44.400001525878906,43.5,43.650001525878906,2369929
2017-07-12,43.5,44.400001525878906,43.45000076293945,44.20000076293945,3239584
2017-07-13,44.349998474121094,44.54999923706055,43.599998474121094,43.79999923706055,2058048
2017-07-14,43.900001525878906,44.95000076293945,43.599998474121094,44.400001525878906,5025678
2017-07-17,44.20000076293945,44.54999923706055,44.04999923706055,44.150001525878906,1718117
2017-07-18,44.150001525878906,44.150001525878906,43.29999923706055,43.400001525878906,2006039
2017-07-19,43.5,44.0,43.29999923706055,43.900001525878906,2022618
2017-07-20,43.900001525878906,44.70000076293945,43.75,44.400001525878906,2673383
2017-07-21,44.650001525878906,44.650001525878906,43.599998474121094,43.900001525878906,3343836
2017-07-24,43.900001525878906,44.45000076293945,43.75,44.04999923706055,2485445
2017-07-25,44.0,44.349998474121094,43.849998474121094,44.25,1585062
2017-07-26,44.400001525878906,44.900001525878906,44.04999923706055,44.45000076293945,2645617
2017-07-27,44.5,45.650001525878906,44.25,44.95000076293945,5094877
2017-07-28,44.79999923706055,46.20000076293945,44.59999847412109,45.400001525878906,5273609
2017-07-31,45.400001525878906,45.900001525878906,45.0,45.349998474121094,3526670
2017-08-01,45.29999923706055,45.5,43.79999923706055,44.29999923706055,2986051
2017-08-02,44.29999923706055,44.79999923706055,43.650001525878906,44.0,2331693
2017-08-03,43.650001525878906,44.099998474121094,42.29999923706055,42.54999923706055,3729984
2017-08-04,42.400001525878906,42.79999923706055,42.0,42.45000076293945,2081079
2017-08-07,42.599998474121094,43.04999923706055,42.400001525878906,42.849998474121094,1636304
2017-08-08,43.0,43.0,41.45000076293945,41.79999923706055,2513948
2017-08-09,41.5,41.84999847412109,41.0,41.25,2658505
2017-08-10,41.29999923706055,41.349998474121094,38.29999923706055,39.0,3632908
2017-08-11,38.5,39.25,37.650001525878906,38.70000076293945,2433410
2017-08-14,39.09999847412109,40.34999847412109,38.900001525878906,40.0,2662457
2017-08-16,41.0,41.0,39.70000076293945,40.650001525878906,4439909
2017-08-17,40.45000076293945,41.09999847412109,40.29999923706055,40.650001525878906,2144488
2017-08-18,40.0,41.0,39.79999923706055,40.349998474121094,3261985
2017-08-21,40.25,40.54999923706055,39.09999847412109,39.25,2423704
2017-08-22,39.349998474121094,39.70000076293945,38.349998474121094,38.5,2415881
2017-08-23,38.900001525878906,39.29999923706055,38.650001525878906,39.20000076293945,1636816
2017-08-24,39.29999923706055,39.54999923706055,39.150001525878906,39.5,1337878
2017-08-28,39.79999923706055,40.34999847412109,39.400001525878906,40.25,1564284
2017-08-29,40.400001525878906,41.09999847412109,39.70000076293945,39.75,4516296
2017-08-30,39.900001525878906,40.54999923706055,39.900001525878906,40.400001525878906,1537725
2017-08-31,40.400001525878906,40.79999923706055,40.20000076293945,40.45000076293945,8508492
2017-09-01,40.650001525878906,41.95000076293945,40.5,41.25,3879730
2017-09-04,41.0,41.099998474121094,39.75,40.099998474121094,2964770
2017-09-05,40.29999923706055,40.650001525878906,40.0,40.25,1887477
2017-09-06,40.150001525878906,40.45000076293945,39.45000076293945,40.04999923706055,2003415
2017-09-07,40.400001525878906,40.45000076293945,39.79999923706055,39.900001525878906,1639747
2017-09-08,39.900001525878906,40.20000076293945,39.09999847412109,39.29999923706055,3981995
2017-09-11,39.650001525878906,40.0,39.5,39.59999847412109,2076221
2017-09-12,39.79999923706055,40.5,39.70000076293945,40.400001525878906,2544355
2017-09-13,40.5,41.25,39.84999847412109,40.25,4396963
2017-09-14,40.400001525878906,42.70000076293945,40.25,42.5,8989757
2017-09-15,42.150001525878906,43.0,41.650001525878906,41.95000076293945,5775506
2017-09-18,42.04999923706055,44.20000076293945,41.29999923706055,43.650001525878906,10357100
2017-09-19,42.900001525878906,44.09999847412109,42.70000076293945,43.84999847412109,5157067
2017-09-20,45.75,46.09999847412109,45.150001525878906,45.54999923706055,13838274
2017-09-21,45.54999923706055,45.599998474121094,44.099998474121094,44.79999923706055,5046221
2017-09-22,44.54999923706055,44.59999847412109,42.20000076293945,42.34999847412109,5085497
2017-09-25,42.5,43.0,41.20000076293945,42.20000076293945,6309836
2017-09-26,42.150001525878906,43.0,42.04999923706055,42.70000076293945,3333002
2017-09-27,42.95000076293945,43.0,40.900001525878906,41.04999923706055,4419127
2017-09-28,41.34999847412109,41.75,40.900001525878906,41.04999923706055,3060947
2017-09-29,41.45000076293945,41.650001525878906,41.0,41.099998474121094,1890115
2017-10-03,41.599998474121094,41.599998474121094,40.150001525878906,40.29999923706055,2288938
2017-10-04,40.599998474121094,41.0,40.25,40.599998474121094,1524851
2017-10-05,41.04999923706055,41.04999923706055,40.349998474121094,40.599998474121094,1604375
2017-10-06,40.849998474121094,41.29999923706055,40.75,41.0,1944916
2017-10-09,41.150001525878906,41.45000076293945,40.70000076293945,41.099998474121094,2241211
2017-10-10,41.150001525878906,41.349998474121094,40.75,40.900001525878906,1576904
2017-10-11,41.04999923706055,41.25,39.900001525878906,40.099998474121094,2002109
2017-10-12,41.849998474121094,41.849998474121094,39.849998474121094,40.650001525878906,2643753
2017-10-13,41.0,41.29999923706055,40.599998474121094,40.849998474121094,1836578
2017-10-16,41.0,41.20000076293945,40.400001525878906,40.650001525878906,1778095
2017-10-17,40.400001525878906,40.900001525878906,40.25,40.54999923706055,1336276
2017-10-18,40.650001525878906,40.900001525878906,39.70000076293945,39.849998474121094,2720056
2017-10-19,39.849998474121094,40.0,39.5,39.70000076293945,833309
2017-10-23,39.650001525878906,39.900001525878906,38.75,39.25,13335519
2017-10-24,39.45000076293945,39.79999923706055,39.29999923706055,39.54999923706055,2100970
2017-10-25,39.79999923706055,40.70000076293945,39.400001525878906,40.5,3288703
2017-10-26,40.5,40.54999923706055,39.900001525878906,40.0,3998705
2017-10-27,40.29999923706055,40.900001525878906,40.150001525878906,40.54999923706055,3020587
2017-10-30,40.70000076293945,41.20000076293945,40.599998474121094,40.900001525878906,2127073
2017-10-31,41.0,41.45000076293945,40.70000076293945,40.79999923706055,2809796
2017-11-01,41.0,41.150001525878906,40.599998474121094,40.70000076293945,1823822
2017-11-02,40.79999923706055,42.400001525878906,40.5,41.25,5391332
2017-11-03,41.849998474121094,41.849998474121094,40.900001525878906,41.04999923706055,3164105
2017-11-06,41.45000076293945,41.45000076293945,40.650001525878906,40.849998474121094,2717365
2017-11-07,40.95000076293945,41.099998474121094,39.5,39.650001525878906,3527918
2017-11-08,39.79999923706055,40.099998474121094,39.0,39.099998474121094,2701457
2017-11-09,39.20000076293945,39.5,38.70000076293945,39.25,2521933
2017-11-10,39.04999923706055,39.79999923706055,39.04999923706055,39.400001525878906,2103175
2017-11-13,39.599998474121094,39.70000076293945,38.349998474121094,38.599998474121094,3278046
2017-11-14,38.599998474121094,39.0,38.5,38.54999923706055,1451894
2017-11-15,38.54999923706055,38.650001525878906,34.599998474121094,35.349998474121094,10072807
2017-11-16,35.349998474121094,37.29999923706055,34.650001525878906,36.75,11326368
2017-11-17,37.29999923706055,37.400001525878906,36.5,36.95000076293945,3984991
2017-11-20,36.900001525878906,37.599998474121094,36.400001525878906,37.29999923706055,3545824
2017-11-21,37.650001525878906,38.95000076293945,37.150001525878906,38.150001525878906,4532644
2017-11-22,38.400001525878906,38.5,37.70000076293945,38.349998474121094,2126759
2017-11-23,38.45000076293945,38.70000076293945,37.75,38.04999923706055,2406333
2017-11-24,38.04999923706055,38.5,37.95000076293945,38.400001525878906,1911889
2017-11-27,38.20000076293945,39.400001525878906,38.099998474121094,39.20000076293945,2861457
2017-11-28,39.0,39.099998474121094,38.45000076293945,38.79999923706055,2437003
2017-11-29,38.79999923706055,39.20000076293945,38.599998474121094,38.79999923706055,1718379
2017-11-30,38.79999923706055,38.849998474121094,37.75,38.0,6699409
2017-12-01,38.79999923706055,38.79999923706055,37.29999923706055,37.45000076293945,2978171
2017-12-04,37.5,37.650001525878906,36.400001525878906,36.70000076293945,2475539
2017-12-05,36.5,36.849998474121094,36.20000076293945,36.75,2545677
2017-12-06,37.099998474121094,38.0,36.29999923706055,36.400001525878906,3755837
2017-12-07,36.400001525878906,37.0,36.400001525878906,36.900001525878906,1885990
2017-12-08,36.70000076293945,37.45000076293945,36.70000076293945,37.0,1825222
2017-12-11,37.400001525878906,37.45000076293945,36.79999923706055,37.20000076293945,1818019
2017-12-12,37.150001525878906,37.150001525878906,36.5,36.599998474121094,1772466
2017-12-13,36.45000076293945,36.849998474121094,36.0,36.099998474121094,1472829
2017-12-14,36.29999923706055,36.349998474121094,35.650001525878906,36.04999923706055,1577912
2017-12-15,36.29999923706055,36.54999923706055,36.0,36.099998474121094,1572723
2017-12-18,36.0,36.70000076293945,34.79999923706055,36.349998474121094,3420761
2017-12-19,36.599998474121094,37.099998474121094,36.20000076293945,37.0,3779531
2017-12-20,36.900001525878906,40.45000076293945,36.79999923706055,39.5,9860895
2017-12-21,39.599998474121094,40.650001525878906,38.75,40.29999923706055,9071612
2017-12-22,40.70000076293945,42.849998474121094,40.25,41.650001525878906,15501384
2017-12-26,41.70000076293945,43.650001525878906,41.5,43.20000076293945,12849581
2017-12-27,43.75,45.75,43.04999923706055,44.5,21454904
2017-12-28,44.650001525878906,46.59999847412109,44.09999847412109,44.84999847412109,17809100
2017-12-29,46.54999923706055,51.54999923706055,44.95000076293945,50.25,47047023
2018-01-01,50.900001525878906,63.650001525878906,50.25,60.650001525878906,193482359
2018-01-02,62.59999847412109,65.19999694824219,55.34999847412109,56.84999847412109,136371990
2018-01-03,56.84999847412109,58.59999847412109,55.150001525878906,56.95000076293945,54258958
2018-01-04,57.5,59.0,55.5,58.45000076293945,43274292
2018-01-05,58.75,60.09999847412109,57.54999923706055,58.70000076293945,28059455
2018-01-08,59.0,62.0,58.25,61.29999923706055,58204783
2018-01-09,61.900001525878906,62.150001525878906,56.79999923706055,57.20000076293945,40967364
2018-01-10,57.29999923706055,57.900001525878906,55.79999923706055,56.150001525878906,19168197
2018-01-11,56.099998474121094,57.20000076293945,55.5,55.79999923706055,15128577
2018-01-12,56.0,56.5,53.29999923706055,54.599998474121094,20836932
2018-01-15,54.95000076293945,55.599998474121094,53.70000076293945,54.0,13740123
2018-01-16,54.150001525878906,54.45000076293945,50.79999923706055,51.20000076293945,18749286
2018-01-17,51.0,53.099998474121094,48.650001525878906,52.29999923706055,27253834
2018-01-18,53.0,53.29999923706055,48.0,48.70000076293945,21139555
2018-01-19,48.75,49.400001525878906,46.599998474121094,48.900001525878906,23589935
2018-01-22,49.099998474121094,49.099998474121094,47.650001525878906,48.0,7822291
2018-01-23,48.0,50.79999923706055,47.70000076293945,48.400001525878906,17506799
2018-01-24,48.0,48.75,47.45000076293945,47.650001525878906,7687039
2018-01-25,47.79999923706055,48.400001525878906,46.70000076293945,47.150001525878906,10472765
2018-01-29,47.20000076293945,48.79999923706055,46.400001525878906,46.79999923706055,12771040
2018-01-30,46.75,49.0,46.599998474121094,47.20000076293945,17020692
2018-01-31,47.54999923706055,47.70000076293945,45.099998474121094,45.75,12683291
2018-02-01,45.75,46.25,43.04999923706055,44.20000076293945,12046200
2018-02-02,43.79999923706055,43.79999923706055,40.0,41.25,15203924
2018-02-05,39.5,43.0,39.5,42.599998474121094,14004413
2018-02-06,39.599998474121094,41.400001525878906,39.150001525878906,40.650001525878906,10119828
2018-02-07,41.150001525878906,41.75,40.599998474121094,40.79999923706055,5812376
2018-02-08,41.29999923706055,42.79999923706055,41.04999923706055,42.20000076293945,7641508
2018-02-09,41.25,46.75,41.099998474121094,44.900001525878906,17106102
2018-02-12,45.0,48.95000076293945,45.0,47.349998474121094,18285447
2018-02-14,47.099998474121094,47.75,45.54999923706055,45.95000076293945,14816000
2018-02-15,46.04999923706055,46.54999923706055,43.95000076293945,44.75,9295667
2018-02-16,45.0,45.25,43.650001525878906,44.29999923706055,7852360
2018-02-19,44.04999923706055,44.70000076293945,42.29999923706055,43.20000076293945,9540267
2018-02-20,43.20000076293945,43.849998474121094,42.75,42.900001525878906,4481249
2018-02-21,43.25,45.099998474121094,42.650001525878906,43.849998474121094,8907241
2018-02-22,43.75,44.0,43.04999923706055,43.54999923706055,6080996
2018-02-23,45.95000076293945,45.95000076293945,43.849998474121094,44.349998474121094,7064831
2018-02-26,44.599998474121094,46.650001525878906,44.099998474121094,45.650001525878906,14241507
2018-02-27,45.900001525878906,45.900001525878906,44.0,44.70000076293945,8333651
2018-02-28,44.400001525878906,45.45000076293945,43.95000076293945,44.70000076293945,5336665
2018-03-01,44.900001525878906,45.29999923706055,43.25,43.45000076293945,8698793
2018-03-05,43.400001525878906,43.400001525878906,41.70000076293945,42.400001525878906,5377399
2018-03-06,42.45000076293945,43.099998474121094,40.54999923706055,41.20000076293945,5680107
2018-03-07,40.849998474121094,40.900001525878906,38.849998474121094,39.150001525878906,7470836
2018-03-08,39.5,40.150001525878906,38.25,39.95000076293945,6708230
2018-03-09,39.79999923706055,40.25,38.099998474121094,38.25,5826910
2018-03-12,38.54999923706055,39.349998474121094,37.349998474121094,39.150001525878906,6484927
2018-03-13,38.900001525878906,40.20000076293945,38.599998474121094,39.349998474121094,5920433
2018-03-14,39.349998474121094,40.150001525878906,38.95000076293945,39.75,5383217
2018-03-15,39.650001525878906,40.849998474121094,39.599998474121094,39.95000076293945,5506254
2018-03-16,39.95000076293945,40.5,39.0,39.20000076293945,5143674
2018-03-19,39.20000076293945,39.849998474121094,38.0,38.45000076293945,4648780
2018-03-20,38.25,39.25,38.150001525878906,39.0,4338360
2018-03-21,39.29999923706055,39.95000076293945,39.0,39.45000076293945,6576848
2018-03-22,39.45000076293945,39.75,38.04999923706055,38.20000076293945,5410739
2018-03-23,37.599998474121094,37.599998474121094,36.349998474121094,36.900001525878906,6259951
2018-03-26,37.0,37.20000076293945,36.0,36.900001525878906,5792507
2018-03-27,37.04999923706055,38.150001525878906,37.0,37.75,4695198
2018-03-28,37.45000076293945,37.849998474121094,35.70000076293945,36.099998474121094,7521801
2018-04-02,36.25,37.70000076293945,36.25,37.45000076293945,4570412
2018-04-03,37.29999923706055,38.29999923706055,36.79999923706055,38.04999923706055,4533121
2018-04-04,38.150001525878906,43.900001525878906,38.099998474121094,42.45000076293945,41938075
2018-04-05,42.70000076293945,43.400001525878906,41.79999923706055,42.650001525878906,18370975
2018-04-06,42.5,43.150001525878906,41.0,41.599998474121094,11882489
2018-04-09,41.75,42.29999923706055,41.0,41.650001525878906,6520453
2018-04-10,41.79999923706055,42.20000076293945,41.20000076293945,41.5,4794237
2018-04-11,41.599998474121094,41.599998474121094,40.70000076293945,41.20000076293945,6205657
2018-04-12,41.0,41.349998474121094,39.79999923706055,40.04999923706055,5916344
2018-04-13,40.150001525878906,40.95000076293945,40.04999923706055,40.45000076293945,5051162
2018-04-16,40.099998474121094,40.25,39.29999923706055,39.79999923706055,4424516
2018-04-17,40.0,40.54999923706055,39.599998474121094,40.04999923706055,3339701
2018-04-18,40.150001525878906,40.400001525878906,39.45000076293945,39.599998474121094,2401347
2018-04-19,39.95000076293945,41.0,39.20000076293945,39.900001525878906,6315911
2018-04-20,39.84999847412109,39.84999847412109,37.79999923706055,38.20000076293945,10137914
2018-04-23,38.150001525878906,38.54999923706055,37.79999923706055,38.29999923706055,3651237
2018-04-24,38.29999923706055,38.45000076293945,35.599998474121094,36.70000076293945,9027361
2018-04-25,36.5,37.45000076293945,36.400001525878906,36.84999847412109,5010118
2018-04-26,36.79999923706055,37.0,35.599998474121094,35.95000076293945,6825068
2018-04-27,36.150001525878906,36.95000076293945,36.04999923706055,36.34999847412109,4053960
2018-04-30,36.349998474121094,37.150001525878906,35.70000076293945,37.0,3988153
2018-05-02,37.04999923706055,39.79999923706055,36.0,36.20000076293945,17317772
2018-05-03,36.25,36.34999847412109,34.599998474121094,35.0,7003678
2018-05-04,35.0,36.900001525878906,34.650001525878906,36.650001525878906,12357695
2018-05-07,36.70000076293945,38.900001525878906,36.20000076293945,38.650001525878906,13395333
2018-05-08,38.59999847412109,39.0,37.59999847412109,38.75,9039733
2018-05-09,38.54999923706055,38.70000076293945,37.400001525878906,37.599998474121094,3618695
2018-05-10,37.650001525878906,37.79999923706055,36.0,36.099998474121094,5176473
2018-05-11,36.04999923706055,36.5,35.45000076293945,35.79999923706055,3855295
2018-05-14,35.75,35.79999923706055,33.099998474121094,33.75,14223639
2018-05-15,33.5,34.599998474121094,32.5,33.54999923706055,7772586
2018-05-16,33.099998474121094,33.70000076293945,32.400001525878906,33.29999923706055,5905500
2018-05-17,33.349998474121094,37.150001525878906,33.349998474121094,35.54999923706055,26803930
2018-05-18,35.900001525878906,37.0,33.45000076293945,33.79999923706055,19062844
2018-05-21,33.79999923706055,34.79999923706055,32.70000076293945,33.25,10746426
2018-05-22,33.45000076293945,35.04999923706055,32.900001525878906,33.650001525878906,11258363
2018-05-23,33.599998474121094,34.349998474121094,33.25,33.54999923706055,5780088
2018-05-24,33.70000076293945,34.04999923706055,32.54999923706055,33.099998474121094,7822640
2018-05-25,33.20000076293945,35.04999923706055,33.0,34.650001525878906,8478875
2018-05-28,35.0,36.5,34.849998474121094,35.95000076293945,7015495
2018-05-29,35.95000076293945,36.70000076293945,35.45000076293945,35.75,5941929
2018-05-30,35.75,36.54999923706055,35.400001525878906,35.95000076293945,6247232
2018-05-31,37.5,37.84999847412109,35.54999923706055,36.400001525878906,14591547
2018-06-01,36.0,36.09999847412109,34.349998474121094,35.29999923706055,7740907
2018-06-04,35.20000076293945,35.54999923706055,34.0,34.20000076293945,4161265
2018-06-05,34.099998474121094,34.099998474121094,32.599998474121094,33.25,5173006
2018-06-06,33.650001525878906,34.400001525878906,33.150001525878906,34.150001525878906,4622111
2018-06-07,34.20000076293945,35.70000076293945,34.099998474121094,35.349998474121094,6766673
2018-06-08,35.25,35.70000076293945,34.849998474121094,35.54999923706055,3321344
2018-06-11,35.650001525878906,36.75,35.54999923706055,36.04999923706055,6001067
2018-06-12,36.0,36.70000076293945,35.45000076293945,36.29999923706055,4289744
2018-06-13,36.400001525878906,36.70000076293945,35.599998474121094,35.75,3972075
2018-06-14,35.29999923706055,35.400001525878906,34.400001525878906,34.849998474121094,5533769
2018-06-15,34.900001525878906,35.099998474121094,33.599998474121094,34.599998474121094,7330518
2018-06-18,34.400001525878906,34.849998474121094,34.0,34.70000076293945,2961778
2018-06-19,34.45000076293945,34.849998474121094,33.79999923706055,34.0,3509192
2018-06-20,34.150001525878906,35.70000076293945,33.79999923706055,35.5,6621700
2018-06-21,35.849998474121094,35.849998474121094,34.5,34.79999923706055,4391529
2018-06-22,34.79999923706055,35.0,33.79999923706055,34.79999923706055,3725239
2018-06-25,34.599998474121094,35.45000076293945,34.099998474121094,34.25,4795876
2018-06-26,34.20000076293945,34.29999923706055,33.70000076293945,33.900001525878906,3558421
2018-06-27,34.0,34.04999923706055,32.0,32.29999923706055,9011103
2018-06-28,32.0,32.5,31.399999618530273,31.75,7195327
2018-06-29,32.0,32.95000076293945,31.649999618530273,32.0,6621648
2018-07-02,32.099998474121094,32.20000076293945,30.450000762939453,31.049999237060547,6438288
2018-07-03,31.049999237060547,31.600000381469727,30.75,31.299999237060547,4079607
2018-07-04,31.149999618530273,31.549999237060547,30.549999237060547,30.799999237060547,5064375
2018-07-05,30.799999237060547,31.049999237060547,30.14999961853028,30.700000762939453,4983952
2018-07-06,30.700000762939453,31.350000381469727,30.399999618530277,31.049999237060547,5001794
2018-07-09,31.25,32.04999923706055,31.25,31.899999618530273,4762904
2018-07-10,32.29999923706055,32.54999923706055,32.0,32.45000076293945,3252113
2018-07-11,32.0,33.400001525878906,32.0,32.650001525878906,7763608
2018-07-12,32.849998474121094,33.400001525878906,31.89999961853028,32.099998474121094,5365411
2018-07-13,32.150001525878906,32.29999923706055,30.850000381469727,31.100000381469727,5350617
2018-07-16,31.200000762939453,31.299999237060547,29.049999237060547,29.149999618530273,6882404
2018-07-17,29.25,30.700000762939453,28.799999237060547,30.350000381469727,8463490
2018-07-18,30.600000381469727,30.850000381469727,29.049999237060547,30.0,6389715
2018-07-19,30.049999237060547,30.399999618530277,29.399999618530277,30.149999618530277,4982717
2018-07-20,30.25,31.0,29.600000381469727,30.850000381469727,7176411
2018-07-23,31.0,31.399999618530273,29.700000762939453,31.149999618530273,9486292
2018-07-24,31.299999237060547,32.79999923706055,30.950000762939453,32.0,8558588
2018-07-25,32.04999923706055,32.849998474121094,31.399999618530273,31.799999237060547,6364378
2018-07-26,31.799999237060547,32.900001525878906,31.549999237060547,32.400001525878906,6500627
2018-07-27,32.599998474121094,33.45000076293945,32.25,32.849998474121094,8074585
2018-07-30,32.849998474121094,33.900001525878906,32.599998474121094,33.54999923706055,6772856
2018-07-31,33.650001525878906,34.0,33.099998474121094,33.5,6923676
2018-08-01,33.75,34.0,31.799999237060547,32.29999923706055,9057088
2018-08-02,32.400001525878906,33.70000076293945,31.600000381469727,33.20000076293945,6995102
2018-08-03,33.20000076293945,34.70000076293945,33.04999923706055,33.599998474121094,9322121
2018-08-06,33.79999923706055,34.400001525878906,33.349998474121094,33.95000076293945,6417598
2018-08-07,34.04999923706055,34.349998474121094,33.25,33.400001525878906,5005764
2018-08-08,33.400001525878906,34.04999923706055,33.0,33.75,6651304
2018-08-09,34.20000076293945,34.95000076293945,33.75,34.400001525878906,9728319
2018-08-10,34.5,34.650001525878906,33.150001525878906,33.400001525878906,5915851
2018-08-13,33.099998474121094,33.29999923706055,32.400001525878906,32.650001525878906,5509321
2018-08-14,32.900001525878906,33.04999923706055,32.20000076293945,32.79999923706055,6159970
2018-08-16,32.349998474121094,32.900001525878906,31.850000381469727,32.150001525878906,4179898
2018-08-17,32.54999923706055,32.650001525878906,31.899999618530273,32.54999923706055,5904402
2018-08-20,32.75,33.70000076293945,32.599998474121094,33.29999923706055,8151419
2018-08-21,33.54999923706055,34.29999923706055,33.0,33.75,5829927
2018-08-23,34.349998474121094,34.599998474121094,33.599998474121094,34.04999923706055,8680860
2018-08-24,34.45000076293945,34.45000076293945,33.25,33.70000076293945,6950483
2018-08-27,33.75,34.20000076293945,33.45000076293945,33.79999923706055,5147441
2018-08-28,33.70000076293945,33.79999923706055,33.099998474121094,33.400001525878906,4932745
2018-08-29,33.20000076293945,35.599998474121094,33.20000076293945,34.54999923706055,13121762
2018-08-30,34.79999923706055,38.0,34.45000076293945,36.650001525878906,33087814
2018-08-31,36.900001525878906,38.150001525878906,35.75,37.75,22276840
2018-09-03,37.900001525878906,39.29999923706055,37.25,37.84999847412109,15743192
2018-09-04,38.0,38.0,34.599998474121094,34.95000076293945,12541196
2018-09-05,34.900001525878906,35.54999923706055,33.75,35.400001525878906,11647016
2018-09-06,35.54999923706055,36.0,34.75,35.25,7492679
2018-09-07,35.20000076293945,37.54999923706055,34.849998474121094,36.79999923706055,17052474
2018-09-10,35.75,37.45000076293945,35.70000076293945,36.0,14376213
2018-09-11,36.0,36.5,35.0,35.20000076293945,7267769
2018-09-12,35.5,35.5,33.650001525878906,34.5,7742054
2018-09-14,34.54999923706055,35.25,34.54999923706055,34.75,5687171
2018-09-17,34.70000076293945,35.400001525878906,34.29999923706055,34.900001525878906,5434007
2018-09-18,34.79999923706055,35.29999923706055,33.20000076293945,33.45000076293945,6852367
2018-09-19,33.70000076293945,33.75,31.200000762939453,31.5,10800824
2018-09-21,31.549999237060547,31.950000762939453,28.39999961853028,29.200000762939453,16640362
2018-09-24,29.600000381469727,29.799999237060547,27.100000381469727,27.75,10822093
2018-09-25,27.899999618530273,28.100000381469727,26.25,27.0,10201205
2018-09-26,27.5,27.799999237060547,26.649999618530273,27.25,7652068
2018-09-27,27.299999237060547,27.350000381469727,25.899999618530277,26.100000381469727,9123573
2018-09-28,26.100000381469727,26.64999961853028,24.850000381469727,26.100000381469727,21206651
2018-10-01,26.0,26.75,25.0,26.549999237060547,8013844
2018-10-03,26.549999237060547,28.25,26.100000381469727,27.049999237060547,8584137
2018-10-04,26.899999618530273,27.5,26.0,27.200000762939453,8739724
2018-10-05,26.649999618530273,27.649999618530273,25.700000762939453,25.950000762939453,8177590
2018-10-08,25.5,25.950000762939453,23.700000762939453,24.399999618530273,10898835
2018-10-09,23.100000381469727,25.149999618530273,23.100000381469727,24.649999618530273,9968349
2018-10-10,24.799999237060547,26.799999237060547,24.75,26.399999618530273,9820606
2018-10-11,25.39999961853028,27.14999961853028,24.75,25.89999961853028,10372591
2018-10-12,26.200000762939453,28.850000381469727,26.200000762939453,28.100000381469727,14132888
2018-10-15,28.600000381469727,29.100000381469727,27.700000762939453,28.350000381469727,8196471
2018-10-16,28.350000381469727,28.89999961853028,28.200000762939453,28.600000381469727,5170248
2018-10-17,29.0,29.0,27.14999961853028,27.350000381469727,7727726
2018-10-19,27.350000381469727,28.149999618530273,26.299999237060547,27.350000381469727,10555635
2018-10-22,28.0,28.100000381469727,26.899999618530273,27.200000762939453,6648086
2018-10-23,27.049999237060547,27.549999237060547,26.450000762939453,26.799999237060547,5708278
2018-10-24,27.149999618530277,27.649999618530277,26.950000762939453,27.5,7206246
2018-10-25,27.0,28.399999618530277,26.850000381469727,27.700000762939453,7454322
2018-10-26,27.700000762939453,28.0,26.899999618530273,27.399999618530273,10814081
2018-10-29,27.75,30.399999618530277,27.149999618530277,29.549999237060547,16276323
2018-10-30,29.700000762939453,30.600000381469727,29.450000762939453,29.75,11228703
2018-10-31,29.89999961853028,30.5,28.700000762939453,30.200000762939453,10177197
2018-11-01,30.5,32.150001525878906,30.149999618530273,31.25,10885799
2018-11-02,31.850000381469727,32.099998474121094,31.149999618530273,31.350000381469727,9634117
2018-11-05,31.100000381469727,31.850000381469727,29.799999237060547,31.0,9207439
2018-11-06,31.0,31.350000381469727,30.5,30.700000762939453,5069645
2018-11-07,30.950000762939453,31.149999618530273,30.75,30.899999618530273,638213
2018-11-09,30.600000381469727,31.75,30.600000381469727,31.450000762939453,6370975
2018-11-12,31.75,31.850000381469727,30.399999618530277,30.600000381469727,5154500
2018-11-13,30.5,30.700000762939453,29.75,30.5,5790479
2018-11-14,30.799999237060547,30.899999618530277,30.049999237060547,30.5,5498769
2018-11-15,30.5,31.399999618530277,29.899999618530277,31.049999237060547,5206840
2018-11-16,31.600000381469727,31.600000381469727,29.850000381469727,30.399999618530277,6687895
2018-11-19,30.14999961853028,32.70000076293945,30.0,31.5,15658004
2018-11-20,31.5,31.899999618530277,30.299999237060547,30.5,7723323
2018-11-21,30.549999237060547,31.450000762939453,30.299999237060547,31.100000381469727,5459816
2018-11-22,31.049999237060547,31.950000762939453,31.0,31.149999618530277,6365888
2018-11-26,31.200000762939453,31.450000762939453,29.850000381469727,30.100000381469727,7432868
2018-11-27,30.149999618530277,30.450000762939453,29.549999237060547,30.200000762939453,5957926
2018-11-28,30.299999237060547,30.450000762939453,29.649999618530277,29.899999618530277,6269275
2018-11-29,29.950000762939453,30.049999237060547,29.0,29.299999237060547,6969977
2018-11-30,29.39999961853028,30.299999237060547,28.89999961853028,29.14999961853028,11338887
2018-12-03,29.5,31.549999237060547,29.14999961853028,30.100000381469727,16647600
2018-12-04,30.25,30.5,29.700000762939453,29.950000762939453,8924043
2018-12-05,29.799999237060547,30.649999618530277,28.899999618530277,29.149999618530277,11817082
2018-12-06,29.0,29.049999237060547,27.549999237060547,27.700000762939453,11298200
2018-12-07,28.0,28.049999237060547,26.899999618530277,27.75,9750758
2018-12-10,26.799999237060547,27.399999618530277,26.700000762939453,26.75,6396214
2018-12-11,25.850000381469727,27.299999237060547,25.850000381469727,26.950000762939453,11239076
2018-12-12,27.350000381469727,28.100000381469727,26.950000762939453,27.64999961853028,10141805
2018-12-13,27.950000762939453,28.5,27.700000762939453,28.049999237060547,9605300
2018-12-14,28.0,29.049999237060547,27.799999237060547,28.049999237060547,14189939
2018-12-17,28.200000762939453,28.350000381469727,27.850000381469727,28.049999237060547,7416699
2018-12-18,28.049999237060547,28.350000381469727,27.899999618530277,28.100000381469727,9503060
2018-12-19,28.149999618530277,29.049999237060547,28.049999237060547,28.200000762939453,15967573
2018-12-20,28.100000381469727,28.149999618530277,27.5,28.0,8920833
2018-12-21,28.399999618530277,28.399999618530277,27.700000762939453,28.049999237060547,10085763
2018-12-24,28.200000762939453,28.5,27.5,27.64999961853028,12093058
2018-12-26,27.75,27.850000381469727,26.75,27.649999618530277,9718982
2018-12-27,27.850000381469727,28.899999618530277,27.700000762939453,28.450000762939453,13382122
2018-12-28,28.600000381469727,30.100000381469727,28.549999237060547,29.100000381469727,17430176
2018-12-31,29.25,29.549999237060547,28.5,28.64999961853028,9823948
2019-01-01,28.950000762939453,29.0,28.450000762939453,28.850000381469727,7266908
2019-01-02,28.799999237060547,28.799999237060547,27.600000381469727,27.75,11568301
2019-01-03,27.799999237060547,27.899999618530277,27.0,27.149999618530277,6177344
2019-01-04,27.299999237060547,27.89999961853028,27.0,27.64999961853028,17033814
2019-01-07,27.899999618530277,29.75,27.850000381469727,29.100000381469727,19212100
2019-01-08,28.899999618530277,30.600000381469727,28.700000762939453,30.399999618530277,12856320
2019-01-09,30.549999237060547,30.700000762939453,29.25,29.700000762939453,10133470
2019-01-10,29.649999618530277,30.200000762939453,29.5,29.700000762939453,4945517
2019-01-11,29.700000762939453,29.950000762939453,29.100000381469727,29.450000762939453,4256436
2019-01-14,29.5,29.649999618530277,28.799999237060547,28.899999618530277,4026336
2019-01-15,29.799999237060547,30.350000381469727,29.049999237060547,30.200000762939453,7176813
2019-01-16,29.799999237060547,30.950000762939453,29.799999237060547,30.25,6481904
2019-01-17,30.399999618530277,30.399999618530277,29.100000381469727,29.350000381469727,4845520
2019-01-18,29.299999237060547,29.5,28.399999618530277,28.5,4861476
2019-01-21,28.600000381469727,28.75,27.850000381469727,28.0,4882892
2019-01-22,27.89999961853028,28.25,27.39999961853028,28.14999961853028,5569253
2019-01-23,28.100000381469727,28.549999237060547,27.899999618530277,28.100000381469727,3888323
2019-01-24,28.049999237060547,29.0,28.049999237060547,28.850000381469727,7120092
2019-01-25,28.700000762939453,29.299999237060547,27.649999618530277,28.049999237060547,12002432
2019-01-28,28.049999237060547,28.450000762939453,26.75,26.950000762939453,8916262
2019-01-29,26.5,27.200000762939453,26.5,26.700000762939453,6601816
2019-01-30,26.850000381469727,27.100000381469727,26.450000762939453,26.64999961853028,4160107
2019-01-31,26.64999961853028,26.850000381469727,25.700000762939453,26.5,6743523
2019-02-01,26.5,27.200000762939453,26.14999961853028,26.39999961853028,7711767
2019-02-04,24.950000762939453,25.200000762939453,16.549999237060547,17.200000762939453,86170048
2019-02-05,16.850000381469727,17.600000381469727,11.699999809265137,12.0,209001837
2019-02-06,12.0,13.600000381469728,10.199999809265137,12.75,197150927
2019-02-07,13.100000381469728,13.350000381469728,9.100000381469728,10.0,283770262
2019-02-08,9.899999618530272,11.699999809265137,9.649999618530272,10.899999618530272,160315430
2019-02-11,11.800000190734863,11.800000190734863,10.75,11.050000190734863,57877825
2019-02-12,11.0,11.100000381469728,10.600000381469728,10.75,52397665
2019-02-14,10.350000381469727,11.199999809265137,10.100000381469727,10.649999618530273,44400917
2019-02-15,10.550000190734863,10.699999809265137,10.0,10.199999809265137,32434913
2019-02-18,11.199999809265137,12.199999809265137,11.050000190734863,11.350000381469728,80682460
2019-02-19,11.550000190734863,11.649999618530272,10.699999809265137,10.800000190734863,65983040
2019-02-20,11.050000190734863,11.149999618530272,10.25,10.75,60434670
2019-02-21,10.850000381469728,11.350000381469728,10.5,11.199999809265137,61955364
2019-02-22,11.25,11.899999618530272,11.100000381469728,11.399999618530272,76794124
2019-02-25,11.550000190734863,11.75,10.949999809265137,11.050000190734863,39123929
2019-02-26,10.850000381469727,11.0,10.399999618530273,10.800000190734863,48238885
2019-02-27,10.899999618530272,11.149999618530272,10.300000190734863,10.5,45576247
2019-02-28,10.649999618530272,11.0,10.550000190734863,10.75,52941191
2019-03-01,10.800000190734863,12.550000190734863,10.800000190734863,12.350000381469727,181501193
2019-03-05,12.550000190734863,13.25,12.350000381469728,12.75,112484244
2019-03-06,12.850000381469728,13.199999809265137,12.100000381469728,12.449999809265137,93611460
2019-03-07,12.550000190734863,12.699999809265137,12.199999809265137,12.350000381469728,52819188
2019-03-08,12.350000381469727,12.550000190734863,11.850000381469727,11.949999809265137,56752343
2019-03-11,11.850000381469727,12.350000381469727,11.649999618530273,11.949999809265137,48185035
2019-03-12,12.050000190734863,12.300000190734863,11.800000190734863,11.899999618530272,41767095
2019-03-13,12.0,12.050000190734863,11.449999809265137,11.5,32793164
2019-03-14,11.5,11.600000381469727,10.649999618530273,10.75,61392729
2019-03-15,10.75,11.100000381469728,10.399999618530272,10.800000190734863,61818021
2019-03-18,11.0,11.449999809265137,10.75,11.0,110021128
2019-03-19,11.850000381469728,11.899999618530272,11.050000190734863,11.149999618530272,103484245
2019-03-20,11.199999809265137,11.300000190734863,10.850000381469728,10.899999618530272,38949664
2019-03-22,10.850000381469727,11.100000381469727,10.550000190734863,10.649999618530273,32904978
2019-03-25,10.550000190734863,10.800000190734863,10.300000190734863,10.5,46104099
2019-03-26,10.449999809265137,10.949999809265137,10.399999618530272,10.699999809265137,60360100
2019-03-27,10.75,10.850000381469728,10.25,10.399999618530272,40547925
2019-03-28,10.449999809265137,10.75,10.399999618530273,10.649999618530273,74649229
2019-04-01,11.350000381469728,11.449999809265137,10.899999618530272,10.949999809265137,33866891
2019-04-02,11.0,11.300000190734863,10.699999809265137,10.75,65010417
2019-04-03,10.800000190734863,10.850000381469728,10.399999618530272,10.449999809265137,44214140
2019-04-04,10.449999809265137,10.5,10.199999809265137,10.300000190734863,24014310
2019-04-05,10.350000381469728,10.800000190734863,10.350000381469728,10.5,29621101
2019-04-08,10.550000190734863,10.550000190734863,10.050000190734863,10.199999809265137,20908936
2019-04-09,10.25,10.300000190734863,9.600000381469728,9.850000381469728,41536749
2019-04-10,9.850000381469728,10.0,9.699999809265137,9.899999618530272,20062078
2019-04-11,9.899999618530272,10.0,9.399999618530272,9.649999618530272,29502256
2019-04-12,9.649999618530272,9.699999809265137,9.399999618530272,9.5,24318374
2019-04-15,9.5,9.800000190734863,9.449999809265137,9.550000190734863,17833528
2019-04-16,9.600000381469728,9.699999809265137,9.399999618530272,9.449999809265137,17992575
2019-04-18,9.550000190734863,9.550000190734863,8.0,8.199999809265137,91059674
2019-04-22,8.149999618530273,8.399999618530273,7.849999904632568,7.900000095367432,61661247
2019-04-23,7.900000095367432,8.149999618530273,7.5,7.650000095367432,78890590
2019-04-24,7.650000095367432,7.849999904632568,7.300000190734863,7.75,69622555
2019-04-25,7.849999904632568,8.25,7.800000190734863,7.900000095367432,59261154
2019-04-26,8.0,8.25,7.199999809265137,7.349999904632568,73740558
2019-04-30,7.150000095367432,7.150000095367432,5.800000190734863,6.050000190734863,149731806
2019-05-02,6.099999904632568,6.150000095367432,5.050000190734863,5.349999904632568,204536792
2019-05-03,5.449999809265137,6.650000095367432,5.400000095367432,6.449999809265137,181296564
2019-05-06,6.5,7.0,6.199999809265137,6.599999904632568,139391104
2019-05-07,6.699999809265137,6.800000190734863,6.0,6.050000190734863,79552448
2019-05-08,5.849999904632568,6.099999904632568,5.699999809265137,5.849999904632568,66028921
2019-05-09,5.849999904632568,6.349999904632568,5.650000095367432,6.150000095367432,81965980
2019-05-10,6.150000095367432,6.349999904632568,6.050000190734863,6.150000095367432,42509522
2019-05-13,6.150000095367432,6.25,5.650000095367432,5.699999809265137,46001555
2019-05-14,5.699999809265137,6.150000095367432,5.550000190734863,6.0,56885674
2019-05-15,6.050000190734863,6.199999809265137,5.699999809265137,5.75,39610021
2019-05-16,5.75,5.949999809265137,5.5,5.849999904632568,41470243
2019-05-17,5.849999904632568,6.199999809265137,5.800000190734863,6.0,48751362
2019-05-20,6.550000190734863,7.150000095367432,6.199999809265137,7.050000190734863,99998281
2019-05-21,7.349999904632568,7.349999904632568,6.550000190734863,6.949999809265137,72878273
2019-05-22,7.050000190734863,7.949999809265137,6.75,7.75,124920129
2019-05-23,8.300000190734863,8.5,7.550000190734863,7.650000095367432,150559500
2019-05-24,7.699999809265137,7.849999904632568,7.25,7.550000190734863,69968316
2019-05-27,7.550000190734863,7.599999904632568,7.349999904632568,7.5,42128842
2019-05-28,7.400000095367432,8.550000190734863,7.300000190734863,8.100000381469727,142329479
2019-05-29,8.100000381469727,8.25,7.699999809265137,7.849999904632568,58556584
2019-05-30,7.699999809265137,7.800000190734863,7.099999904632568,7.400000095367432,59818496
2019-05-31,7.449999809265137,7.599999904632568,6.900000095367432,7.449999809265137,75261908
2019-06-03,7.449999809265137,7.849999904632568,7.199999809265137,7.300000190734863,78390491
2019-06-04,7.300000190734863,7.449999809265137,6.949999809265137,7.0,51195744
2019-06-06,7.050000190734863,7.099999904632568,6.5,6.599999904632568,63971168
2019-06-07,6.699999809265137,6.699999809265137,5.949999809265137,6.150000095367432,97785958
2019-06-10,5.550000190734863,6.050000190734863,4.849999904632568,5.75,180723923
2019-06-11,5.599999904632568,6.099999904632568,5.300000190734863,5.949999809265137,91048248
2019-06-12,6.099999904632568,6.25,5.75,6.0,58437340
2019-06-13,5.949999809265137,5.949999809265137,5.400000095367432,5.599999904632568,68954451
2019-06-14,5.550000190734863,5.800000190734863,5.349999904632568,5.400000095367432,37434640
2019-06-17,5.199999809265137,5.400000095367432,5.050000190734863,5.300000190734863,43397723
2019-06-18,5.25,5.400000095367432,4.349999904632568,4.550000190734863,84837402
2019-06-19,4.650000095367432,4.699999809265137,3.950000047683716,4.199999809265137,94090500
2019-06-20,4.150000095367432,5.449999809265137,4.050000190734863,5.25,91698344
2019-06-21,5.300000190734863,5.699999809265137,5.0,5.449999809265137,82777529
2019-06-24,5.400000095367432,5.699999809265137,4.550000190734863,4.599999904632568,93057042
2019-06-25,4.650000095367432,4.699999809265137,3.950000047683716,4.0,119433248
2019-06-26,3.950000047683716,4.650000095367432,3.950000047683716,4.449999809265137,105695676
2019-06-27,4.5,4.75,4.300000190734863,4.349999904632568,94367635
2019-06-28,4.400000095367432,4.5,4.050000190734863,4.150000095367432,36977691
2019-07-01,4.199999809265137,4.25,4.0,4.199999809265137,19075710
2019-07-02,4.25,4.550000190734863,4.150000095367432,4.349999904632568,22659685
2019-07-03,4.400000095367432,4.5,4.349999904632568,4.349999904632568,10930479
2019-07-04,4.349999904632568,4.400000095367432,4.25,4.300000190734863,11550120
2019-07-05,4.300000190734863,4.400000095367432,4.150000095367432,4.150000095367432,15001989
2019-07-08,4.150000095367432,4.150000095367432,3.950000047683716,4.0,16424283
2019-07-09,4.050000190734863,4.099999904632568,3.950000047683716,4.050000190734863,11641609
2019-07-10,4.050000190734863,4.099999904632568,3.950000047683716,4.0,9901291
2019-07-11,4.0,4.5,4.0,4.199999809265137,25702483
2019-07-12,4.25,4.349999904632568,4.150000095367432,4.199999809265137,24368430
2019-07-15,4.25,4.300000190734863,4.0,4.050000190734863,14342324
2019-07-16,4.0,4.050000190734863,3.900000095367432,3.950000047683716,15858116
2019-07-17,3.950000047683716,4.099999904632568,3.900000095367432,3.950000047683716,15879551
2019-07-18,3.950000047683716,3.950000047683716,3.799999952316284,3.799999952316284,10583673
2019-07-19,3.8499999046325684,3.9000000953674316,3.549999952316284,3.6500000953674316,23185351
2019-07-22,3.650000095367432,3.700000047683716,3.5,3.650000095367432,14115937
2019-07-23,3.700000047683716,3.799999952316284,3.5999999046325684,3.700000047683716,11125882
2019-07-24,3.700000047683716,3.700000047683716,3.549999952316284,3.5999999046325684,12985753
2019-07-25,3.5999999046325684,3.75,3.549999952316284,3.5999999046325684,14254685
2019-07-26,3.5999999046325684,3.700000047683716,3.549999952316284,3.650000095367432,10145296
2019-07-29,3.5999999046325684,3.650000095367432,3.3499999046325684,3.400000095367432,15130121
2019-07-30,3.400000095367432,3.400000095367432,3.049999952316284,3.0999999046325684,21059342
2019-07-31,3.0999999046325684,3.700000047683716,2.950000047683716,3.549999952316284,27012964
2019-08-01,3.549999952316284,3.799999952316284,3.3499999046325684,3.5,33746996
2019-08-02,3.450000047683716,3.799999952316284,3.200000047683716,3.75,38711870
2019-08-05,3.700000047683716,3.75,3.549999952316284,3.650000095367432,8786340
2019-08-06,3.650000095367432,3.900000095367432,3.5999999046325684,3.75,9299963
2019-08-07,3.75,3.900000095367432,3.700000047683716,3.75,9825318
2019-08-08,3.799999952316284,3.799999952316284,3.549999952316284,3.5999999046325684,8718386
2019-08-09,3.650000095367432,3.700000047683716,3.5999999046325684,3.650000095367432,4712975
2019-08-13,3.75,3.849999904632568,3.549999952316284,3.5999999046325684,9519025
2019-08-14,3.5999999046325684,3.700000047683716,3.5,3.549999952316284,8102203
2019-08-16,3.5999999046325684,3.650000095367432,3.450000047683716,3.549999952316284,11620491
2019-08-19,3.5999999046325684,3.5999999046325684,3.400000095367432,3.450000047683716,8014605
2019-08-20,3.5,3.5,3.299999952316284,3.299999952316284,5893791
2019-08-21,3.3499999046325684,3.3499999046325684,3.0999999046325684,3.200000047683716,10516767
2019-08-22,3.150000095367432,3.200000047683716,2.700000047683716,2.799999952316284,26093143
2019-08-23,2.799999952316284,3.0999999046325684,2.700000047683716,3.0,18831720
2019-08-26,3.0999999046325684,3.299999952316284,2.900000095367432,3.150000095367432,16429091
2019-08-27,3.150000095367432,3.299999952316284,3.0999999046325684,3.200000047683716,8136023
2019-08-28,3.200000047683716,3.25,3.0,3.049999952316284,7631350
2019-08-29,3.049999952316284,3.0999999046325684,2.900000095367432,2.950000047683716,8206636
2019-08-30,2.950000047683716,3.299999952316284,2.900000095367432,3.25,13202183
2019-09-03,3.3499999046325684,3.5999999046325684,3.299999952316284,3.5,14872830
2019-09-04,3.650000095367432,3.75,3.400000095367432,3.549999952316284,16175401
2019-09-05,3.549999952316284,3.5999999046325684,3.400000095367432,3.450000047683716,8596599
2019-09-06,3.5,3.549999952316284,3.25,3.25,9270140
2019-09-09,3.25,3.400000095367432,3.200000047683716,3.3499999046325684,12690942
2019-09-11,3.3499999046325684,3.5,3.3499999046325684,3.450000047683716,11356918
2019-09-12,3.450000047683716,3.549999952316284,3.299999952316284,3.3499999046325684,16994759
2019-09-13,3.3499999046325684,3.3499999046325684,3.200000047683716,3.299999952316284,10131838
2019-09-16,3.25,3.400000095367432,3.200000047683716,3.3499999046325684,14184983
2019-09-17,3.400000095367432,3.450000047683716,3.200000047683716,3.200000047683716,10680754
2019-09-18,3.25,3.3499999046325684,3.0999999046325684,3.0999999046325684,11852689
2019-09-19,3.1500000953674316,3.1500000953674316,2.950000047683716,3.0,12040852
2019-09-20,3.049999952316284,3.0999999046325684,2.8499999046325684,2.900000095367432,47948742
2019-09-23,2.950000047683716,3.0,2.75,2.799999952316284,24912585
2019-09-24,2.8499999046325684,2.900000095367432,2.75,2.75,17373973
2019-09-25,2.75,2.799999952316284,2.700000047683716,2.75,17670679
2019-09-26,2.700000047683716,2.75,2.5,2.549999952316284,29082041
2019-09-27,2.549999952316284,2.5999999046325684,2.3499999046325684,2.400000095367432,27512665
2019-09-30,2.400000095367432,2.450000047683716,2.150000095367432,2.200000047683716,35821591
2019-10-01,2.25,2.5999999046325684,2.200000047683716,2.549999952316284,47326181
2019-10-03,2.650000095367432,2.799999952316284,2.400000095367432,2.549999952316284,28330855
2019-10-04,2.549999952316284,2.650000095367432,2.3499999046325684,2.450000047683716,16360887
2019-10-07,2.5,2.549999952316284,2.3499999046325684,2.400000095367432,10590272
2019-10-09,2.4000000953674316,2.450000047683716,2.299999952316284,2.299999952316284,12180708
2019-10-10,2.299999952316284,2.3499999046325684,2.200000047683716,2.200000047683716,17213464
2019-10-11,2.25,2.299999952316284,2.049999952316284,2.0999999046325684,26864736
2019-10-14,2.0999999046325684,2.150000095367432,2.0,2.049999952316284,17359574
2019-10-15,2.0999999046325684,2.1500000953674316,1.7999999523162842,2.0,41785178
2019-10-16,1.950000047683716,2.0,1.899999976158142,1.899999976158142,15199902
2019-10-17,1.899999976158142,2.0,1.7999999523162842,1.950000047683716,28688826
2019-10-18,2.0,2.299999952316284,1.950000047683716,2.299999952316284,30403532
2019-10-22,2.549999952316284,2.75,2.450000047683716,2.75,42666113
2019-10-23,3.049999952316284,3.299999952316284,2.799999952316284,3.299999952316284,69484686
2019-10-24,3.5999999046325684,3.5999999046325684,3.5999999046325684,3.5999999046325684,4426978
2019-10-25,3.75,3.900000095367432,3.25,3.25,72129992
2019-10-27,3.3499999046325684,3.549999952316284,3.299999952316284,3.5,9967178
2019-10-29,3.5999999046325684,3.5999999046325684,3.200000047683716,3.3499999046325684,16688524
2019-10-30,3.450000047683716,3.5,3.25,3.299999952316284,11828689
2019-10-31,3.3499999046325684,3.5,3.25,3.3499999046325684,17431984
2019-11-01,3.3499999046325684,3.450000047683716,3.25,3.3499999046325684,17664216
2019-11-04,3.450000047683716,3.650000095367432,3.450000047683716,3.650000095367432,12529598
2019-11-05,4.0,4.0,3.700000047683716,4.0,43734509
2019-11-06,4.199999809265137,4.400000095367432,3.900000095367432,4.400000095367432,29752639
2019-11-07,4.599999904632568,4.599999904632568,4.5,4.599999904632568,4723502
2019-11-08,4.800000190734863,4.800000190734863,4.650000095367432,4.800000190734863,16407456
2019-11-11,5.0,5.0,4.599999904632568,4.599999904632568,31105742
2019-11-13,4.400000095367432,4.400000095367432,4.400000095367432,4.400000095367432,1173923
2019-11-14,4.199999809265137,4.199999809265137,4.199999809265137,4.199999809265137,915996
2019-11-15,4.0,4.0,4.0,4.0,1358053
2019-11-18,3.799999952316284,3.950000047683716,3.799999952316284,3.799999952316284,8872864
2019-11-19,3.650000095367432,3.650000095367432,3.650000095367432,3.650000095367432,1018538
2019-11-20,3.549999952316284,3.650000095367432,3.5,3.5,8943389
2019-11-21,3.3499999046325684,3.650000095367432,3.3499999046325684,3.650000095367432,30587413
2019-11-22,3.799999952316284,3.799999952316284,3.5,3.5,26579382
2019-11-25,3.549999952316284,3.650000095367432,3.400000095367432,3.650000095367432,24627641
2019-11-26,3.700000047683716,3.799999952316284,3.5,3.650000095367432,29785142
2019-11-27,3.700000047683716,3.75,3.650000095367432,3.650000095367432,7123073
2019-11-28,3.75,3.799999952316284,3.5999999046325684,3.799999952316284,20270647
2019-11-29,3.900000095367432,3.900000095367432,3.650000095367432,3.650000095367432,43909305
2019-12-02,3.5,3.5999999046325684,3.5,3.5,9307396
2019-12-03,3.3499999046325684,3.400000095367432,3.3499999046325684,3.3499999046325684,7427154
2019-12-04,3.25,3.5,3.200000047683716,3.450000047683716,29961552
2019-12-05,3.549999952316284,3.5999999046325684,3.4000000953674316,3.549999952316284,29310888
2019-12-06,3.549999952316284,3.549999952316284,3.4000000953674316,3.4000000953674316,7259881
2019-12-09,3.299999952316284,3.3499999046325684,3.25,3.25,8760269
2019-12-10,3.200000047683716,3.400000095367432,3.200000047683716,3.400000095367432,14438164
2019-12-11,3.3499999046325684,3.400000095367432,3.25,3.25,6342189
2019-12-12,3.150000095367432,3.200000047683716,3.0999999046325684,3.0999999046325684,6237262
2019-12-13,3.049999952316284,3.25,3.049999952316284,3.25,14541771
2019-12-16,3.299999952316284,3.4000000953674316,3.25,3.4000000953674316,14544613
2019-12-17,3.5,3.549999952316284,3.450000047683716,3.549999952316284,13615685
2019-12-18,3.6500000953674316,3.700000047683716,3.4000000953674316,3.4000000953674316,22950516
2019-12-19,3.25,3.299999952316284,3.25,3.25,7572976
2019-12-20,3.150000095367432,3.400000095367432,3.150000095367432,3.299999952316284,11191360
2019-12-23,3.3499999046325684,3.400000095367432,3.299999952316284,3.299999952316284,3609915
2019-12-24,3.3499999046325684,3.450000047683716,3.299999952316284,3.3499999046325684,8532794
2019-12-26,3.3499999046325684,3.450000047683716,3.299999952316284,3.3499999046325684,8752554
2019-12-27,3.400000095367432,3.450000047683716,3.299999952316284,3.400000095367432,9008584
2019-12-30,3.5,3.549999952316284,3.400000095367432,3.5,5605029
2019-12-31,3.5,3.549999952316284,3.450000047683716,3.5,6190326
2020-01-01,3.549999952316284,3.650000095367432,3.5,3.650000095367432,18323699
2020-01-02,3.6500000953674316,3.700000047683716,3.5,3.549999952316284,14739717
2020-01-03,3.549999952316284,3.549999952316284,3.4000000953674316,3.450000047683716,9106074
2020-01-06,3.4000000953674316,3.549999952316284,3.299999952316284,3.299999952316284,15665622
2020-01-07,3.1500000953674316,3.25,3.1500000953674316,3.1500000953674316,13551600
2020-01-08,3.0,3.0999999046325684,3.0,3.0,6699653
2020-01-09,2.8499999046325684,2.9000000953674316,2.8499999046325684,2.8499999046325684,26806352
2020-01-10,2.75,2.75,2.75,2.75,4288283
2020-01-13,2.650000095367432,2.650000095367432,2.650000095367432,2.650000095367432,2467930
2020-01-14,2.549999952316284,2.549999952316284,2.549999952316284,2.549999952316284,3400169
2020-01-15,2.450000047683716,2.650000095367432,2.450000047683716,2.5999999046325684,86784608
2020-01-16,2.5,2.5,2.5,2.5,7155688
2020-01-17,2.400000095367432,2.400000095367432,2.400000095367432,2.400000095367432,3179599
2020-01-20,2.299999952316284,2.299999952316284,2.299999952316284,2.299999952316284,1834847
2020-01-21,2.200000047683716,2.200000047683716,2.200000047683716,2.200000047683716,2528966
2020-01-22,2.0999999046325684,2.150000095367432,2.0999999046325684,2.0999999046325684,25625642
2020-01-23,2.0,2.200000047683716,2.0,2.200000047683716,97526532
2020-01-24,2.25,2.299999952316284,2.0999999046325684,2.0999999046325684,81236729
2020-01-27,2.0,2.0,2.0,2.0,6696006
2020-01-28,1.899999976158142,2.049999952316284,1.899999976158142,1.899999976158142,66200601
2020-01-29,1.850000023841858,1.850000023841858,1.850000023841858,1.850000023841858,9841916
2020-01-30,1.7999999523162842,1.7999999523162842,1.7999999523162842,1.7999999523162842,4660995
2020-01-31,1.75,1.75,1.75,1.75,5338930
2020-02-03,1.649999976158142,1.649999976158142,1.649999976158142,1.649999976158142,2502962
2020-02-04,1.600000023841858,1.7000000476837158,1.600000023841858,1.649999976158142,68455168
2020-02-05,1.600000023841858,1.649999976158142,1.600000023841858,1.600000023841858,27020870
2020-02-06,1.600000023841858,1.649999976158142,1.600000023841858,1.649999976158142,23295362
2020-02-07,1.7000000476837158,1.7000000476837158,1.7000000476837158,1.7000000476837158,1218177
2020-02-10,1.75,1.75,1.75,1.75,10294818
2020-02-11,1.7999999523162842,1.7999999523162842,1.7999999523162842,1.7999999523162842,1305857
2020-02-12,1.850000023841858,1.850000023841858,1.75,1.75,42269304
2020-02-13,1.7000000476837158,1.7999999523162842,1.7000000476837158,1.7999999523162842,9839587
2020-02-14,1.7999999523162842,1.850000023841858,1.75,1.75,10171900
2020-02-17,1.7000000476837158,1.7999999523162842,1.7000000476837158,1.75,10629507
2020-02-18,1.7999999523162842,1.7999999523162842,1.7000000476837158,1.7000000476837158,12484282
2020-02-19,1.7000000476837158,1.75,1.649999976158142,1.75,9500518
2020-02-20,1.7999999523162842,1.7999999523162842,1.75,1.7999999523162842,7710936
2020-02-24,1.850000023841858,1.850000023841858,1.7999999523162842,1.850000023841858,10726490
2020-02-25,1.850000023841858,1.899999976158142,1.7999999523162842,1.899999976158142,6304700
2020-02-26,1.9500000476837158,1.9500000476837158,1.850000023841858,1.850000023841858,4105755
2020-02-27,1.850000023841858,1.850000023841858,1.7999999523162842,1.7999999523162842,4670688
2020-02-28,1.75,1.75,1.75,1.75,1139564
2020-03-02,1.7000000476837158,1.75,1.7000000476837158,1.7000000476837158,5914069
2020-03-03,1.649999976158142,1.649999976158142,1.649999976158142,1.649999976158142,1645320
2020-03-04,1.600000023841858,1.649999976158142,1.600000023841858,1.600000023841858,4225939
2020-03-05,1.600000023841858,1.649999976158142,1.5499999523162842,1.649999976158142,16657057
2020-03-06,1.600000023841858,1.600000023841858,1.600000023841858,1.600000023841858,1687841
2020-03-09,1.5499999523162842,1.5499999523162842,1.5499999523162842,1.5499999523162842,2202205
2020-03-11,1.5,1.5499999523162842,1.5,1.5,10797677
2020-03-12,1.4500000476837158,1.4500000476837158,1.4500000476837158,1.4500000476837158,1904280
2020-03-13,1.399999976158142,1.399999976158142,1.399999976158142,1.399999976158142,3639820
2020-03-16,1.350000023841858,1.399999976158142,1.350000023841858,1.350000023841858,9575993
2020-03-17,1.2999999523162842,1.350000023841858,1.2999999523162842,1.2999999523162842,7516935
2020-03-18,1.25,1.25,1.25,1.25,2770030
2020-03-19,1.2000000476837158,1.2000000476837158,1.2000000476837158,1.2000000476837158,2502798
2020-03-20,1.149999976158142,1.25,1.149999976158142,1.2000000476837158,34745083
2020-03-23,1.149999976158142,1.149999976158142,1.149999976158142,1.149999976158142,4070614
2020-03-24,1.149999976158142,1.149999976158142,1.100000023841858,1.100000023841858,5803137
2020-03-25,1.0499999523162842,1.100000023841858,1.0499999523162842,1.0499999523162842,17265019
2020-03-26,1.0499999523162842,1.100000023841858,1.0,1.100000023841858,20951895
2020-03-27,1.149999976158142,1.149999976158142,1.0499999523162842,1.149999976158142,18015590
2020-03-30,1.149999976158142,1.2000000476837158,1.100000023841858,1.2000000476837158,11590105
2020-03-31,1.2000000476837158,1.25,1.149999976158142,1.25,25301192
2020-04-01,1.2999999523162842,1.2999999523162842,1.25,1.2999999523162842,5913315
2020-04-03,1.350000023841858,1.350000023841858,1.2999999523162842,1.350000023841858,8626069
2020-04-07,1.399999976158142,1.399999976158142,1.350000023841858,1.399999976158142,5495622
2020-04-08,1.4500000476837158,1.4500000476837158,1.4500000476837158,1.4500000476837158,883826
2020-04-09,1.5,1.5,1.5,1.5,975456
2020-04-13,1.5499999523162842,1.5499999523162842,1.4500000476837158,1.5499999523162842,20252164
2020-04-15,1.600000023841858,1.600000023841858,1.5499999523162842,1.600000023841858,4163199
2020-04-16,1.649999976158142,1.649999976158142,1.600000023841858,1.649999976158142,6921454
2020-04-17,1.7000000476837158,1.7000000476837158,1.7000000476837158,1.7000000476837158,1115508
2020-04-20,1.75,1.75,1.75,1.75,910659
2020-04-21,1.7999999523162842,1.7999999523162842,1.7999999523162842,1.7999999523162842,2045837
2020-04-22,1.850000023841858,1.850000023841858,1.850000023841858,1.850000023841858,1234888
2020-04-23,1.899999976158142,1.899999976158142,1.899999976158142,1.899999976158142,1171932
2020-04-24,1.9500000476837158,1.9500000476837158,1.9500000476837158,1.9500000476837158,1924118
2020-04-27,2.0,2.0,2.0,2.0,1546933
2020-04-28,2.0999999046325684,2.0999999046325684,2.0999999046325684,2.0999999046325684,2495249
2020-04-29,2.200000047683716,2.200000047683716,2.200000047683716,2.200000047683716,863898
2020-04-30,2.299999952316284,2.299999952316284,2.1500000953674316,2.299999952316284,37354358
2020-05-04,2.25,2.299999952316284,2.200000047683716,2.200000047683716,15819037
2020-05-05,2.0999999046325684,2.1500000953674316,2.0999999046325684,2.0999999046325684,4655115
2020-05-06,2.0,2.0,2.0,2.0,3280676
2020-05-07,1.899999976158142,1.899999976158142,1.899999976158142,1.899999976158142,3059690
2020-05-08,1.850000023841858,1.9500000476837158,1.850000023841858,1.850000023841858,35871986
2020-05-11,1.7999999523162842,1.850000023841858,1.7999999523162842,1.7999999523162842,5877411
2020-05-12,1.75,1.75,1.75,1.75,1500941
2020-05-13,1.75,1.7999999523162842,1.7000000476837158,1.7000000476837158,18100623
2020-05-14,1.75,1.75,1.7000000476837158,1.75,4121944
2020-05-15,1.7999999523162842,1.7999999523162842,1.7999999523162842,1.7999999523162842,1382036
2020-05-18,1.850000023841858,1.850000023841858,1.850000023841858,1.850000023841858,4823607
2020-05-19,1.899999976158142,1.899999976158142,1.7999999523162842,1.850000023841858,12843430
2020-05-20,1.850000023841858,1.850000023841858,1.7999999523162842,1.7999999523162842,9337635
2020-05-21,1.7999999523162842,1.850000023841858,1.75,1.850000023841858,16180007
2020-05-22,1.850000023841858,1.899999976158142,1.7999999523162842,1.7999999523162842,5034951
2020-05-26,1.7999999523162842,1.850000023841858,1.75,1.75,9831045
2020-05-27,1.75,1.7999999523162842,1.7000000476837158,1.7999999523162842,11909335
2020-05-28,1.850000023841858,1.850000023841858,1.850000023841858,1.850000023841858,2007947
2020-05-29,1.899999976158142,1.899999976158142,1.850000023841858,1.899999976158142,16629556
2020-06-01,1.950000047683716,1.950000047683716,1.899999976158142,1.950000047683716,16453828
2020-06-02,2.0,2.0,1.950000047683716,2.0,7980078
2020-06-03,2.0999999046325684,2.0999999046325684,2.0999999046325684,2.0999999046325684,3097155
2020-06-04,2.200000047683716,2.200000047683716,2.200000047683716,2.200000047683716,5275985
2020-06-05,2.299999952316284,2.299999952316284,2.299999952316284,2.299999952316284,2198530
2020-06-08,2.400000095367432,2.400000095367432,2.400000095367432,2.400000095367432,2122268
2020-06-09,2.5,2.5,2.5,2.5,3679284
2020-06-10,2.5999999046325684,2.5999999046325684,2.5999999046325684,2.5999999046325684,5156715
2020-06-11,2.700000047683716,2.700000047683716,2.5999999046325684,2.700000047683716,50056728
2020-06-12,2.6500000953674316,2.700000047683716,2.5999999046325684,2.5999999046325684,10820333
2020-06-15,2.5,2.700000047683716,2.5,2.700000047683716,37105810
2020-06-16,2.799999952316284,2.799999952316284,2.650000095367432,2.799999952316284,24305616
2020-06-17,2.9000000953674316,2.9000000953674316,2.8499999046325684,2.9000000953674316,11728006
2020-06-18,3.0,3.0,3.0,3.0,2031776
2020-06-19,3.150000095367432,3.150000095367432,3.150000095367432,3.150000095367432,1257695
2020-06-22,3.299999952316284,3.299999952316284,3.299999952316284,3.299999952316284,1435136
2020-06-23,3.450000047683716,3.450000047683716,3.450000047683716,3.450000047683716,5144728
2020-06-24,3.5999999046325684,3.5999999046325684,3.5999999046325684,3.5999999046325684,3705614
2020-06-25,3.75,3.75,3.75,3.75,1724830
2020-06-26,3.900000095367432,3.900000095367432,3.900000095367432,3.900000095367432,842895
2020-06-29,4.050000190734863,4.050000190734863,4.050000190734863,4.050000190734863,1772642
2020-06-30,4.25,4.25,4.25,4.25,4183513
2020-07-01,4.449999809265137,4.449999809265137,4.050000190734863,4.449999809265137,83313787
2020-07-02,4.650000095367432,4.650000095367432,4.650000095367432,4.650000095367432,1632832
2020-07-03,4.849999904632568,4.849999904632568,4.449999809265137,4.449999809265137,124038117
2020-07-06,4.25,4.25,4.25,4.25,8226636
2020-07-07,4.050000190734863,4.050000190734863,4.050000190734863,4.050000190734863,4035243
2020-07-08,3.8499999046325684,3.8499999046325684,3.8499999046325684,3.8499999046325684,4545132
2020-07-09,3.700000047683716,4.0,3.700000047683716,4.0,133160880
2020-07-10,4.199999809265137,4.199999809265137,3.799999952316284,3.9000000953674316,81508383
2020-07-13,3.9000000953674316,4.050000190734863,3.75,3.75,33251600
2020-07-14,3.5999999046325684,3.6500000953674316,3.5999999046325684,3.5999999046325684,4468981
2020-07-15,3.5,3.75,3.450000047683716,3.450000047683716,92915226
2020-07-16,3.450000047683716,3.549999952316284,3.299999952316284,3.299999952316284,17556946
2020-07-17,3.25,3.450000047683716,3.150000095367432,3.450000047683716,36530744
2020-07-20,3.5999999046325684,3.5999999046325684,3.5,3.5999999046325684,7752701
2020-07-21,3.75,3.75,3.6500000953674316,3.75,20705974
2020-07-22,3.8499999046325684,3.8499999046325684,3.5999999046325684,3.6500000953674316,36376708
2020-07-23,3.650000095367432,3.75,3.5999999046325684,3.700000047683716,19623106
2020-07-24,3.650000095367432,3.799999952316284,3.5999999046325684,3.700000047683716,27456106
2020-07-27,3.700000047683716,3.75,3.549999952316284,3.549999952316284,11520938
2020-07-28,3.450000047683716,3.549999952316284,3.4000000953674316,3.4000000953674316,20593619
2020-07-29,3.3499999046325684,3.549999952316284,3.299999952316284,3.549999952316284,28289087
2020-07-30,3.450000047683716,3.5,3.400000095367432,3.400000095367432,21932021
2020-07-31,3.3499999046325684,3.400000095367432,3.25,3.299999952316284,21944178
2020-08-03,3.4000000953674316,3.450000047683716,3.299999952316284,3.450000047683716,32828735
2020-08-04,3.5,3.549999952316284,3.299999952316284,3.3499999046325684,16596946
2020-08-05,3.400000095367432,3.5,3.3499999046325684,3.450000047683716,19592243
2020-08-06,3.5,3.5,3.3499999046325684,3.450000047683716,12162419
2020-08-07,3.450000047683716,3.5,3.3499999046325684,3.450000047683716,12080871
2020-08-10,3.450000047683716,3.75,3.400000095367432,3.75,22508807
2020-08-11,3.8499999046325684,4.099999904632568,3.799999952316284,4.050000190734863,59150488
2020-08-12,4.0,4.0,3.75,3.849999904632568,35092508
2020-08-13,3.900000095367432,3.950000047683716,3.700000047683716,3.799999952316284,18765469
2020-08-14,3.849999904632568,3.900000095367432,3.700000047683716,3.75,24769722
2020-08-17,3.799999952316284,3.900000095367432,3.75,3.799999952316284,18182125
2020-08-18,3.849999904632568,3.849999904632568,3.75,3.75,9043360
2020-08-19,3.799999952316284,4.099999904632568,3.700000047683716,3.900000095367432,54247463
2020-08-20,3.849999904632568,4.0,3.75,3.849999904632568,23644784
2020-08-21,3.900000095367432,3.950000047683716,3.75,3.799999952316284,16371823
2020-08-24,3.799999952316284,3.8499999046325684,3.5999999046325684,3.700000047683716,14990139
2020-08-25,3.700000047683716,3.75,3.5999999046325684,3.6500000953674316,13547318
2020-08-26,3.6500000953674316,3.75,3.549999952316284,3.5999999046325684,23239746
2020-08-27,3.5999999046325684,3.8499999046325684,3.5,3.700000047683716,48461606
2020-08-28,3.799999952316284,3.799999952316284,3.6500000953674316,3.6500000953674316,15376509
2020-08-31,3.700000047683716,3.75,3.3499999046325684,3.4000000953674316,27537916
2020-09-01,3.4000000953674316,3.5,3.200000047683716,3.25,23538780
2020-09-02,3.25,3.5,3.200000047683716,3.3499999046325684,13180019
2020-09-03,3.400000095367432,3.450000047683716,3.25,3.299999952316284,8717745
2020-09-04,3.299999952316284,3.3499999046325684,3.1500000953674316,3.299999952316284,8970700
2020-09-07,3.25,3.299999952316284,3.0999999046325684,3.200000047683716,12387543
2020-09-08,3.200000047683716,3.450000047683716,3.1500000953674316,3.25,15724270
2020-09-09,3.25,3.299999952316284,3.150000095367432,3.200000047683716,10696824
2020-09-10,3.200000047683716,3.3499999046325684,3.0999999046325684,3.1500000953674316,20048970
2020-09-11,3.200000047683716,3.200000047683716,3.049999952316284,3.0999999046325684,11594561
2020-09-14,3.150000095367432,3.299999952316284,3.0,3.049999952316284,29901798
2020-09-15,3.0999999046325684,3.150000095367432,3.0,3.049999952316284,11264782
2020-09-16,3.049999952316284,3.0999999046325684,3.0,3.0,6283841
2020-09-17,3.0,3.049999952316284,2.900000095367432,2.900000095367432,9067740
2020-09-18,2.950000047683716,3.0999999046325684,2.900000095367432,3.0,10302266
2020-09-21,2.950000047683716,3.049999952316284,2.700000047683716,2.75,23717515
2020-09-22,2.700000047683716,2.75,2.5,2.700000047683716,17253468
2020-09-23,2.75,2.8499999046325684,2.650000095367432,2.700000047683716,7371631
2020-09-24,2.5999999046325684,2.700000047683716,2.549999952316284,2.650000095367432,11582001
2020-09-25,2.650000095367432,2.900000095367432,2.5999999046325684,2.900000095367432,22119299
2020-09-28,2.9000000953674316,2.950000047683716,2.75,2.8499999046325684,15474666
2020-09-29,2.8499999046325684,2.900000095367432,2.799999952316284,2.8499999046325684,5201102
2020-09-30,2.8499999046325684,2.900000095367432,2.700000047683716,2.75,7864206
2020-10-01,2.799999952316284,2.799999952316284,2.700000047683716,2.700000047683716,4230639
2020-10-05,2.75,2.8499999046325684,2.5999999046325684,2.75,11104212
2020-10-06,2.799999952316284,2.900000095367432,2.75,2.799999952316284,9600789
2020-10-07,2.799999952316284,2.8499999046325684,2.5999999046325684,2.650000095367432,20215445
2020-10-08,2.700000047683716,2.799999952316284,2.650000095367432,2.700000047683716,8697214
2020-10-09,2.6500000953674316,2.8499999046325684,2.549999952316284,2.75,16095127
2020-10-12,2.75,2.799999952316284,2.650000095367432,2.700000047683716,5032870
2020-10-13,2.700000047683716,2.75,2.650000095367432,2.650000095367432,4473441
2020-10-14,2.650000095367432,2.700000047683716,2.5999999046325684,2.650000095367432,6132037
2020-10-15,2.650000095367432,2.75,2.450000047683716,2.5,11300727
2020-10-16,2.549999952316284,2.5999999046325684,2.5,2.549999952316284,5415954
2020-10-19,2.549999952316284,2.5999999046325684,2.5,2.549999952316284,5097482
2020-10-20,2.549999952316284,2.650000095367432,2.400000095367432,2.450000047683716,14685508
2020-10-21,2.5,2.549999952316284,2.450000047683716,2.450000047683716,4551511
2020-10-22,2.450000047683716,2.900000095367432,2.400000095367432,2.75,100085434
2020-10-23,3.0,3.299999952316284,2.950000047683716,3.299999952316284,127816076
2020-10-26,3.5999999046325684,3.75,3.150000095367432,3.3499999046325684,136817748
2020-10-27,3.3499999046325684,3.4000000953674316,3.0,3.049999952316284,32027417
2020-10-28,3.049999952316284,3.0999999046325684,2.8499999046325684,3.0,22457548
2020-10-29,2.900000095367432,3.5999999046325684,2.8499999046325684,3.5,65404806
2020-10-30,3.700000047683716,3.799999952316284,3.450000047683716,3.5,42549966
2020-11-02,3.5,3.549999952316284,3.200000047683716,3.25,15216203
2020-11-03,3.25,3.299999952316284,3.0999999046325684,3.150000095367432,10426349
2020-11-04,3.150000095367432,3.299999952316284,3.0999999046325684,3.200000047683716,16849574
2020-11-05,3.299999952316284,3.299999952316284,3.0,3.049999952316284,22914355
2020-11-06,3.049999952316284,3.200000047683716,3.0,3.0999999046325684,10770233
2020-11-09,3.0999999046325684,3.200000047683716,3.049999952316284,3.0999999046325684,13106308
2020-11-10,3.150000095367432,3.150000095367432,3.0,3.049999952316284,5815353
2020-11-11,3.049999952316284,3.0999999046325684,2.950000047683716,3.0,6404719
2020-11-12,3.049999952316284,3.049999952316284,2.950000047683716,3.049999952316284,4521759
2020-11-13,3.0,3.049999952316284,2.950000047683716,3.049999952316284,3429783
2020-11-14,3.0999999046325684,3.150000095367432,2.900000095367432,3.0999999046325684,6070033
2020-11-17,3.0999999046325684,3.150000095367432,3.049999952316284,3.0999999046325684,6908159
2020-11-18,3.150000095367432,3.150000095367432,3.0,3.049999952316284,5539473
2020-11-19,3.0,3.150000095367432,2.950000047683716,3.0,7568729
2020-11-20,3.049999952316284,3.0999999046325684,2.950000047683716,3.0,5980613
2020-11-23,3.0,3.1500000953674316,2.950000047683716,3.1500000953674316,13170374
2020-11-24,3.299999952316284,3.299999952316284,3.25,3.299999952316284,15092469
2020-11-25,3.450000047683716,3.450000047683716,3.25,3.3499999046325684,21902735
2020-11-26,3.3499999046325684,3.400000095367432,3.200000047683716,3.200000047683716,6499969
2020-11-27,3.200000047683716,3.25,3.049999952316284,3.0999999046325684,12344907
2020-12-01,3.0999999046325684,3.200000047683716,3.049999952316284,3.0999999046325684,6759153
2020-12-02,3.150000095367432,3.150000095367432,3.0,3.049999952316284,11920173
2020-12-03,3.0999999046325684,3.200000047683716,3.0999999046325684,3.200000047683716,7223529
2020-12-04,3.3499999046325684,3.3499999046325684,3.299999952316284,3.3499999046325684,10838127
2020-12-07,3.4000000953674316,3.5,3.3499999046325684,3.5,14035657
2020-12-08,3.6500000953674316,3.6500000953674316,3.6500000953674316,3.6500000953674316,3602696
2020-12-09,3.799999952316284,3.799999952316284,3.700000047683716,3.799999952316284,11255462
2020-12-10,3.950000047683716,3.950000047683716,3.6500000953674316,3.799999952316284,26351765
2020-12-11,3.799999952316284,3.950000047683716,3.799999952316284,3.950000047683716,21794122
2020-12-14,4.099999904632568,4.099999904632568,4.0,4.099999904632568,22142666
2020-12-15,4.25,4.25,3.9000000953674316,3.9000000953674316,14098523
2020-12-16,3.75,3.9000000953674316,3.75,3.75,6154700
2020-12-17,3.5999999046325684,3.5999999046325684,3.5999999046325684,3.5999999046325684,3308115
2020-12-18,3.450000047683716,3.6500000953674316,3.450000047683716,3.5999999046325684,20658823
2020-12-21,3.5,3.549999952316284,3.450000047683716,3.450000047683716,8593809
2020-12-22,3.299999952316284,3.299999952316284,3.299999952316284,3.299999952316284,2905461
2020-12-23,3.299999952316284,3.450000047683716,3.299999952316284,3.450000047683716,8387748
2020-12-24,3.5999999046325684,3.5999999046325684,3.450000047683716,3.5999999046325684,10596454
2020-12-28,3.549999952316284,3.549999952316284,3.450000047683716,3.5,11541804
2020-12-29,3.549999952316284,3.549999952316284,3.3499999046325684,3.450000047683716,7865584
2020-12-30,3.450000047683716,3.5,3.3499999046325684,3.4000000953674316,6648237
2020-12-31,3.4000000953674316,3.450000047683716,3.3499999046325684,3.4000000953674316,4041987
2021-01-01,3.3499999046325684,3.5,3.3499999046325684,3.5,8144537
2021-01-04,3.6500000953674316,3.6500000953674316,3.5,3.6500000953674316,21251406
2021-01-05,3.5999999046325684,3.799999952316284,3.5,3.799999952316284,23490748
2021-01-06,3.950000047683716,3.950000047683716,3.6500000953674316,3.700000047683716,20108536
2021-01-07,3.75,3.75,3.549999952316284,3.6500000953674316,15677662
2021-01-08,3.6500000953674316,3.6500000953674316,3.549999952316284,3.5999999046325684,10726224
2021-01-11,3.6500000953674316,3.6500000953674316,3.450000047683716,3.549999952316284,13109050
2021-01-12,3.5,3.549999952316284,3.4000000953674316,3.450000047683716,8711987
2021-01-13,3.5,3.5,3.3499999046325684,3.4000000953674316,8653739
2021-01-14,3.4000000953674316,3.450000047683716,3.3499999046325684,3.4000000953674316,6374174
2021-01-15,3.450000047683716,3.549999952316284,3.4000000953674316,3.5,11350417
2021-01-18,3.5,3.6500000953674316,3.4000000953674316,3.450000047683716,8940557
2021-01-19,3.549999952316284,3.549999952316284,3.4000000953674316,3.450000047683716,5037559
2021-01-20,3.450000047683716,3.549999952316284,3.4000000953674316,3.5,4671580
2021-01-21,3.549999952316284,3.5999999046325684,3.450000047683716,3.5,12027105
2021-01-22,3.549999952316284,3.5999999046325684,3.3499999046325684,3.4000000953674316,17383094
2021-01-25,3.450000047683716,3.450000047683716,3.299999952316284,3.3499999046325684,8185561
2021-01-27,3.3499999046325684,3.3499999046325684,3.200000047683716,3.200000047683716,10117374
2021-01-28,3.1500000953674316,3.299999952316284,3.1500000953674316,3.200000047683716,6652823
2021-01-29,3.25,3.3499999046325684,3.25,3.299999952316284,5428518
2021-02-01,3.3499999046325684,3.3499999046325684,3.200000047683716,3.25,6937018
2021-02-02,3.299999952316284,3.4000000953674316,3.200000047683716,3.25,13599553
2021-02-03,3.299999952316284,3.4000000953674316,3.200000047683716,3.299999952316284,25787029
2021-02-04,3.299999952316284,3.4000000953674316,3.25,3.3499999046325684,14717195
2021-02-05,3.450000047683716,3.5,3.299999952316284,3.3499999046325684,10608582
2021-02-08,3.3499999046325684,3.6500000953674316,3.299999952316284,3.5999999046325684,24611822
2021-02-09,3.700000047683716,3.75,3.450000047683716,3.5,15203306
2021-02-10,3.5,3.549999952316284,3.25,3.299999952316284,22538547
2021-02-11,3.299999952316284,3.4000000953674316,3.200000047683716,3.25,12880193
2021-02-12,3.25,3.299999952316284,3.200000047683716,3.200000047683716,10722344
2021-02-15,3.25,3.299999952316284,3.200000047683716,3.25,6214974
2021-02-16,3.25,3.299999952316284,3.200000047683716,3.200000047683716,6501744
2021-02-17,3.200000047683716,3.25,3.1500000953674316,3.200000047683716,6168576
2021-02-18,3.200000047683716,3.25,3.1500000953674316,3.25,9046268
2021-02-19,3.25,3.25,3.049999952316284,3.0999999046325684,18302386
2021-02-22,3.0999999046325684,3.4000000953674316,3.0999999046325684,3.4000000953674316,28495020
2021-02-23,3.6500000953674316,3.700000047683716,3.549999952316284,3.700000047683716,80819647
2021-02-24,3.8499999046325684,3.9000000953674316,3.5,3.549999952316284,37185213
2021-02-25,3.5999999046325684,3.9000000953674316,3.549999952316284,3.9000000953674316,32515284
2021-02-26,3.799999952316284,4.25,3.799999952316284,4.25,124153149
2021-03-01,4.449999809265137,4.449999809265137,4.449999809265137,4.449999809265137,4079280
2021-03-02,4.650000095367432,4.650000095367432,4.25,4.5,177823578
2021-03-03,4.599999904632568,4.650000095367432,4.300000190734863,4.300000190734863,23693283
2021-03-04,4.099999904632568,4.5,4.099999904632568,4.5,74307933
2021-03-05,4.650000095367432,4.699999809265137,4.599999904632568,4.699999809265137,40026346
2021-03-08,4.900000095367432,4.900000095367432,4.900000095367432,4.900000095367432,4785295
2021-03-09,5.099999904632568,5.099999904632568,4.949999809265137,5.099999904632568,89691410
2021-03-10,5.349999904632568,5.349999904632568,5.199999809265137,5.349999904632568,47552944
2021-03-12,5.599999904632568,5.599999904632568,5.099999904632568,5.199999809265137,104901039
2021-03-15,5.199999809265137,5.300000190734863,4.949999809265137,5.199999809265137,55284975
2021-03-16,5.349999904632568,5.400000095367432,4.949999809265137,4.949999809265137,45051839
2021-03-17,4.900000095367432,4.949999809265137,4.75,4.75,24273738
2021-03-18,4.550000190734863,4.650000095367432,4.550000190734863,4.550000190734863,8179571
2021-03-19,4.349999904632568,4.449999809265137,4.349999904632568,4.349999904632568,51955075
2021-03-22,4.349999904632568,4.550000190734863,4.25,4.550000190734863,23685407
2021-03-23,4.75,4.75,4.599999904632568,4.75,21013603
2021-03-24,4.800000190734863,4.949999809265137,4.650000095367432,4.900000095367432,70259034
2021-03-25,4.900000095367432,4.949999809265137,4.699999809265137,4.699999809265137,10137026
2021-03-26,4.650000095367432,4.800000190734863,4.5,4.699999809265137,41909488
2021-03-30,4.800000190734863,4.800000190734863,4.5,4.550000190734863,18693199
2021-03-31,4.5,4.550000190734863,4.349999904632568,4.349999904632568,22689877
2021-04-01,4.400000095367432,4.550000190734863,4.400000095367432,4.550000190734863,4136086
2021-04-05,4.75,4.75,4.550000190734863,4.75,39673665
2021-04-06,4.949999809265137,4.949999809265137,4.75,4.949999809265137,37372907
2021-04-07,5.050000190734863,5.099999904632568,4.800000190734863,4.849999904632568,33046936
2021-04-08,4.949999809265137,5.099999904632568,4.800000190734863,4.900000095367432,25085778
2021-04-09,4.900000095367432,4.949999809265137,4.75,4.800000190734863,15335174
2021-04-12,4.599999904632568,4.650000095367432,4.349999904632568,4.349999904632568,37129855
2021-04-13,4.25,4.550000190734863,4.150000095367432,4.5,35200575
2021-04-15,4.5,4.599999904632568,4.199999809265137,4.400000095367432,24783472
2021-04-16,4.400000095367432,4.75,4.300000190734863,4.699999809265137,34681451
2021-04-19,4.449999809265137,4.550000190734863,4.349999904632568,4.449999809265137,21361333
2021-04-20,4.599999904632568,4.800000190734863,4.449999809265137,4.550000190734863,24782654
2021-04-22,4.550000190734863,4.699999809265137,4.449999809265137,4.5,21267712
2021-04-23,4.5,4.599999904632568,4.449999809265137,4.5,14272437
2021-04-26,4.550000190734863,4.599999904632568,4.400000095367432,4.449999809265137,16573231
2021-04-27,4.449999809265137,4.5,4.400000095367432,4.449999809265137,11025910
2021-04-28,4.449999809265137,4.699999809265137,4.300000190734863,4.550000190734863,23019148
2021-04-29,4.699999809265137,4.75,4.449999809265137,4.650000095367432,38126253
2021-04-30,4.599999904632568,5.099999904632568,4.5,4.849999904632568,140857674
2021-05-03,4.849999904632568,5.300000190734863,4.75,5.300000190734863,97302674
2021-05-04,5.449999809265137,5.599999904632568,4.949999809265137,5.050000190734863,98395108
2021-05-05,5.099999904632568,5.25,5.0,5.099999904632568,39744558
2021-05-06,5.099999904632568,5.550000190734863,5.050000190734863,5.5,138623193
2021-05-07,5.599999904632568,6.050000190734863,5.400000095367432,6.050000190734863,152055878
2021-05-10,6.650000095367432,6.650000095367432,6.650000095367432,6.650000095367432,11619097
2021-05-11,7.0,7.300000190734863,6.650000095367432,7.300000190734863,172976218
2021-05-12,7.650000095367432,7.650000095367432,6.949999809265137,6.949999809265137,292590749
2021-05-14,7.199999809265137,7.25,6.650000095367432,6.800000190734863,108015150
2021-05-17,6.900000095367432,6.900000095367432,6.5,6.599999904632568,45769730
2021-05-18,6.599999904632568,6.900000095367432,6.449999809265137,6.900000095367432,58872151
2021-05-19,7.0,7.199999809265137,6.849999904632568,7.0,100621785
2021-05-20,7.0,7.099999904632568,6.75,6.900000095367432,46666488
2021-05-21,6.949999809265137,7.199999809265137,6.949999809265137,7.150000095367432,62671887
2021-05-24,7.300000190734863,7.5,7.150000095367432,7.5,37246804
2021-05-25,7.75,7.849999904632568,7.699999809265137,7.849999904632568,118624245
2021-05-26,8.100000381469727,8.199999809265137,8.0,8.199999809265137,52254342
2021-05-27,8.600000381469727,8.600000381469727,8.5,8.600000381469727,24379515
2021-05-28,9.0,9.0,8.199999809265137,8.25,181511695
2021-05-31,8.199999809265137,8.649999618530273,7.849999904632568,8.649999618530273,136182541
2021-06-01,8.949999809265137,9.0,8.300000190734863,8.649999618530273,87455094
2021-06-02,8.600000381469727,9.050000190734863,8.449999809265137,9.050000190734863,87959859
2021-06-03,9.449999809265137,9.5,9.300000190734863,9.5,12232924
2021-06-04,9.949999809265137,9.949999809265137,9.350000381469727,9.949999809265137,150102762
2021-06-07,10.199999809265137,10.399999618530273,9.600000381469727,10.399999618530273,75490484
2021-06-08,10.850000381469727,10.899999618530273,10.550000190734863,10.899999618530273,90292955
2021-06-09,11.25,11.399999618530273,11.0,11.399999618530273,23622441
2021-06-10,11.949999809265137,11.949999809265137,11.949999809265137,11.949999809265137,3515157
2021-06-11,12.5,12.5,11.399999618530272,12.5,81559807
2021-06-14,13.100000381469727,13.100000381469727,12.5,13.100000381469727,38713411
2021-06-15,13.75,13.75,13.75,13.75,10197153
2021-06-16,14.399999618530273,14.399999618530273,14.399999618530273,14.399999618530273,5790894
2021-06-17,15.100000381469728,15.100000381469728,14.800000190734863,15.100000381469728,29383065
2021-06-18,15.850000381469728,15.850000381469728,14.350000381469728,15.850000381469728,76570822
2021-06-21,15.649999618530273,16.600000381469727,15.199999809265137,16.600000381469727,23976029
2021-06-22,17.399999618530273,17.399999618530273,17.399999618530273,17.399999618530273,13072147
2021-06-23,18.25,18.25,16.549999237060547,16.600000381469727,101156218
2021-06-24,16.100000381469727,16.100000381469727,15.800000190734863,15.800000190734863,11256443
2021-06-25,15.050000190734863,15.050000190734863,15.050000190734863,15.050000190734863,5485899
2021-06-28,14.300000190734863,14.300000190734863,14.300000190734863,14.300000190734863,15355356
2021-06-29,14.100000381469727,15.0,14.100000381469727,15.0,41572639
2021-06-30,15.5,15.75,14.25,15.0,47840028
2021-07-01,14.25,14.800000190734863,14.25,14.25,28177456
2021-07-02,13.649999618530273,14.949999809265137,13.550000190734863,14.899999618530273,60584226
2021-07-05,14.899999618530273,14.899999618530273,14.199999809265137,14.199999809265137,38337447
2021-07-06,13.949999809265137,14.600000381469727,13.5,13.5,31386220
2021-07-07,13.0,13.350000381469728,12.850000381469728,12.850000381469728,27466677
2021-07-08,12.5,13.449999809265137,12.449999809265137,13.449999809265137,28163245
2021-07-09,13.5,14.100000381469727,13.199999809265137,14.100000381469727,20146650
2021-07-12,14.649999618530273,14.75,13.850000381469727,14.050000190734863,20362976
2021-07-13,14.050000190734863,14.199999809265137,13.350000381469728,13.399999618530272,16783397
2021-07-14,13.399999618530273,13.850000381469727,13.149999618530273,13.350000381469727,11748979
2021-07-15,13.75,13.800000190734863,12.899999618530272,13.100000381469728,11691474
2021-07-16,13.399999618530272,13.5,12.800000190734863,13.0,13848856
2021-07-19,12.5,13.649999618530272,12.399999618530272,13.350000381469728,19645291
2021-07-20,13.149999618530273,13.399999618530273,12.75,12.899999618530273,14846148
2021-07-22,13.050000190734863,13.199999809265137,12.300000190734863,12.399999618530272,21336355
2021-07-23,12.300000190734863,12.300000190734863,11.800000190734863,11.800000190734863,13259691
2021-07-26,11.300000190734863,12.350000381469727,11.25,12.350000381469727,30604253
2021-07-27,12.649999618530272,12.649999618530272,11.800000190734863,11.899999618530272,17478912
2021-07-28,11.850000381469727,12.050000190734863,11.350000381469727,11.399999618530273,15168809
2021-07-29,11.399999618530273,11.75,11.100000381469727,11.5,10921526
2021-07-30,11.550000190734863,12.050000190734863,11.25,12.050000190734863,9588851
2021-08-02,12.449999809265137,12.649999618530272,12.199999809265137,12.649999618530272,15198881
2021-08-03,13.25,13.25,12.949999809265137,13.25,20415028
2021-08-04,13.649999618530273,13.649999618530273,12.600000381469727,12.649999618530273,17329565
2021-08-05,12.600000381469727,12.600000381469727,12.050000190734863,12.199999809265137,10139900
2021-08-06,12.5,12.800000190734863,12.199999809265137,12.800000190734863,9989135
2021-08-09,13.050000190734863,13.149999618530273,12.25,12.699999809265137,11999144
2021-08-10,12.25,12.600000381469728,12.100000381469728,12.100000381469728,10214194
2021-08-11,11.5,12.100000381469727,11.5,11.550000190734863,19698501
2021-08-12,11.5,12.050000190734863,11.100000381469727,11.949999809265137,9908038
2021-08-13,12.149999618530273,12.149999618530273,11.5,11.550000190734863,10253577
2021-08-16,11.699999809265137,11.699999809265137,11.0,11.0,9627265
2021-08-17,10.600000381469727,10.800000190734863,10.449999809265137,10.449999809265137,10005324
2021-08-18,10.050000190734863,10.949999809265137,9.949999809265137,10.600000381469727,31955571
2021-08-20,10.199999809265137,10.550000190734863,10.100000381469727,10.100000381469727,10484544
2021-08-23,10.100000381469727,10.149999618530273,9.600000381469727,9.600000381469727,19783988
2021-08-24,9.300000190734863,10.050000190734863,9.199999809265137,10.050000190734863,14025602
2021-08-25,10.550000190734863,10.550000190734863,10.350000381469727,10.550000190734863,5306319
2021-08-26,11.0,11.050000190734863,10.600000381469728,11.050000190734863,9238938
2021-08-27,11.399999618530273,11.399999618530273,10.699999809265137,11.199999809265137,18413485
2021-08-30,11.300000190734863,11.75,11.199999809265137,11.75,13375349
2021-08-31,11.800000190734863,11.899999618530273,11.25,11.399999618530273,11907340
2021-09-01,11.300000190734863,11.350000381469727,10.850000381469727,11.100000381469727,10695638
2021-09-02,11.350000381469728,11.649999618530272,11.100000381469728,11.649999618530272,9341412
2021-09-03,11.75,12.199999809265137,11.399999618530273,12.199999809265137,25619689
2021-09-06,12.25,12.550000190734863,11.800000190734863,12.25,14369301
2021-09-07,12.25,12.25,11.800000190734863,12.050000190734863,8768985
2021-09-08,12.0,12.649999618530272,11.899999618530272,12.649999618530272,13475989
2021-09-09,12.800000190734863,13.25,12.399999618530273,13.25,18768106
2021-09-13,13.899999618530272,13.899999618530272,13.899999618530272,13.899999618530272,4346835
2021-09-14,14.550000190734863,14.550000190734863,13.449999809265137,13.850000381469728,90157300
2021-09-15,13.899999618530272,14.5,13.800000190734863,14.5,37464453
2021-09-16,14.649999618530273,14.850000381469727,14.0,14.050000190734863,25975777
2021-09-17,14.300000190734863,14.300000190734863,13.350000381469728,13.75,74934110
2021-09-20,13.149999618530272,14.300000190734863,13.100000381469728,13.399999618530272,17351202
2021-09-21,13.5,13.600000381469727,12.75,13.100000381469727,14870771
2021-09-22,13.0,13.649999618530273,12.800000190734863,13.399999618530273,10145370
2021-09-23,13.550000190734863,13.850000381469727,13.399999618530273,13.550000190734863,9286294
2021-09-24,13.550000190734863,13.699999809265137,12.899999618530273,13.100000381469727,10959695
2021-09-27,13.300000190734863,13.300000190734863,12.850000381469727,13.0,8057127
2021-09-28,13.0,13.100000381469728,12.649999618530272,12.899999618530272,11185198
2021-09-29,12.75,13.5,12.75,13.5,11578696
2021-09-30,13.949999809265137,13.949999809265137,13.399999618530273,13.649999618530273,13695956
2021-10-01,13.5,13.699999809265137,13.300000190734863,13.600000381469727,10167436
2021-10-04,13.600000381469727,13.850000381469727,13.449999809265137,13.699999809265137,12712082
2021-10-05,13.75,13.800000190734863,13.399999618530272,13.5,8531376
2021-10-06,14.0,14.149999618530272,13.649999618530272,14.149999618530272,30104203
2021-10-07,14.300000190734863,14.850000381469728,14.149999618530272,14.850000381469728,28703626
2021-10-08,15.550000190734863,15.550000190734863,14.949999809265137,15.550000190734863,38481235
2021-10-11,15.899999618530272,16.299999237060547,15.75,16.299999237060547,21696079
2021-10-12,17.100000381469727,17.100000381469727,16.149999618530273,17.100000381469727,40679375
2021-10-13,17.200000762939453,17.700000762939453,16.25,16.950000762939453,49716512
2021-10-14,17.100000381469727,17.200000762939453,16.149999618530273,16.149999618530273,27882021
2021-10-18,16.5,16.950000762939453,16.149999618530273,16.950000762939453,18376097
2021-10-19,17.299999237060547,17.5,16.149999618530273,16.149999618530273,26809484
2021-10-20,15.75,15.899999618530272,15.350000381469728,15.350000381469728,16567771
2021-10-21,15.350000381469728,16.100000381469727,15.0,15.850000381469728,13581770
2021-10-22,16.100000381469727,16.350000381469727,15.149999618530273,15.300000190734863,10470209
2021-10-25,16.0,16.0,14.649999618530272,14.899999618530272,16425421
2021-10-26,15.149999618530272,15.600000381469728,15.050000190734863,15.600000381469728,15385081
2021-10-27,15.75,16.100000381469727,15.350000381469727,15.550000190734863,17537172
2021-10-28,14.800000190734863,14.800000190734863,14.800000190734863,14.800000190734863,4953478
2021-10-29,14.100000381469727,14.600000381469727,14.100000381469727,14.100000381469727,29306333
2021-11-01,13.699999809265137,14.199999809265137,13.399999618530273,14.0,55664798
2021-11-02,14.25,14.699999809265137,13.899999618530273,14.699999809265137,17792708
2021-11-03,15.0,15.050000190734863,14.199999809265137,14.199999809265137,13859422
2021-11-04,14.399999618530272,14.5,14.199999809265137,14.300000190734863,4802166
2021-11-08,14.5,14.600000381469728,13.75,14.100000381469728,14650711
2021-11-09,14.100000381469728,14.300000190734863,14.0,14.149999618530272,14855027
2021-11-10,14.050000190734863,14.199999809265137,13.899999618530272,14.0,9312460
2021-11-11,14.0,14.0,13.649999618530273,13.800000190734863,13341340
2021-11-12,13.949999809265137,14.100000381469727,13.399999618530273,13.949999809265137,10516001
2021-11-15,13.949999809265137,14.100000381469727,13.449999809265137,13.75,7846516
2021-11-16,13.850000381469728,14.350000381469728,13.75,13.899999618530272,10802091
2021-11-17,14.100000381469728,14.149999618530272,13.600000381469728,13.899999618530272,7490092
2021-11-18,13.899999618530272,14.0,13.350000381469728,13.5,8097102
2021-11-22,13.600000381469727,13.75,12.850000381469727,12.850000381469727,12795478
2021-11-23,12.699999809265137,13.449999809265137,12.350000381469727,13.449999809265137,9667425
2021-11-24,13.600000381469727,14.050000190734863,13.449999809265137,13.600000381469727,10044447
2021-11-25,13.949999809265137,14.25,13.649999618530272,14.25,11137133
2021-11-26,14.0,14.199999809265137,13.550000190734863,13.550000190734863,12811677
2021-11-29,13.399999618530272,13.5,12.899999618530272,12.899999618530272,10311277
2021-11-30,12.300000190734863,13.300000190734863,12.300000190734863,12.899999618530273,51967473
2021-12-01,13.0,13.0,12.300000190734863,12.649999618530272,8703043
2021-12-02,12.5,13.149999618530272,12.199999809265137,13.050000190734863,11205673
2021-12-03,12.850000381469727,13.050000190734863,12.550000190734863,12.600000381469727,8797135
2021-12-06,12.5,12.899999618530272,12.199999809265137,12.350000381469728,12557950
2021-12-07,12.550000190734863,12.850000381469728,12.5,12.699999809265137,7159893
2021-12-08,12.949999809265137,13.0,12.600000381469728,12.75,6922762
2021-12-09,12.850000381469728,13.350000381469728,12.449999809265137,13.350000381469728,13744168
2021-12-10,13.800000190734863,14.0,13.649999618530272,14.0,10508684
2021-12-13,14.399999618530273,14.699999809265137,13.699999809265137,13.800000190734863,19473391
2021-12-14,13.699999809265137,14.199999809265137,13.399999618530272,13.949999809265137,8096694
2021-12-15,14.100000381469727,14.199999809265137,13.699999809265137,13.800000190734863,6852304
2021-12-16,14.0,14.100000381469728,13.399999618530272,13.5,8349692
2021-12-17,13.649999618530273,13.699999809265137,12.850000381469727,13.149999618530273,11688801
2021-12-20,12.949999809265137,12.949999809265137,12.5,12.5,10582711
2021-12-21,12.550000190734863,12.949999809265137,12.550000190734863,12.600000381469727,5115585
2021-12-22,12.800000190734863,13.199999809265137,12.699999809265137,13.199999809265137,6555842
2021-12-23,13.399999618530273,13.399999618530273,12.899999618530273,13.0,6146269
2021-12-24,13.0,13.0,12.600000381469728,12.75,6247019
2021-12-27,12.949999809265137,13.350000381469727,12.600000381469727,12.899999618530273,25923488
2021-12-28,13.0,13.5,12.800000190734863,13.5,23992667
2021-12-29,13.649999618530273,13.949999809265137,13.25,13.449999809265137,17252821
2021-12-30,13.449999809265137,13.449999809265137,12.949999809265137,13.100000381469728,12498898
2021-12-31,13.350000381469727,13.699999809265137,13.149999618530273,13.600000381469727,16153721
2022-01-03,13.75,14.25,13.699999809265137,14.25,27795816
2022-01-04,14.800000190734863,14.800000190734863,13.699999809265137,13.899999618530273,26348271
2022-01-05,13.850000381469727,14.149999618530273,13.550000190734863,13.850000381469727,14234815
2022-01-06,13.600000381469727,14.5,13.449999809265137,14.300000190734863,22589016
2022-01-07,14.449999809265137,14.800000190734863,14.0,14.149999618530272,19328941
2022-01-10,14.300000190734863,14.850000381469728,14.25,14.850000381469728,35695334
2022-01-11,15.350000381469728,15.399999618530272,14.149999618530272,14.300000190734863,45398849
2022-01-12,14.649999618530272,15.0,14.0,14.350000381469728,25548681
2022-01-13,14.5,14.550000190734863,14.0,14.25,13391613
2022-01-14,14.25,14.949999809265137,14.0,14.949999809265137,18615828
2022-01-17,15.100000381469727,15.649999618530273,15.100000381469727,15.649999618530273,11999747
2022-01-18,16.399999618530273,16.399999618530273,15.550000190734863,16.100000381469727,103601063
2022-01-19,15.949999809265137,16.149999618530273,15.300000190734863,15.850000381469727,54223128
2022-01-20,15.949999809265137,16.600000381469727,15.800000190734863,16.549999237060547,41363262
2022-01-21,16.5,16.75,15.800000190734863,16.049999237060547,30866131
2022-01-24,16.049999237060547,16.149999618530273,15.25,15.25,15393640
2022-01-25,14.600000381469728,15.199999809265137,14.5,14.75,32146516
2022-01-27,14.350000381469727,15.100000381469727,14.199999809265137,14.800000190734863,16984648
2022-01-28,15.050000190734863,15.5,15.0,15.199999809265137,27226474
2022-01-31,15.5,15.800000190734863,14.449999809265137,14.800000190734863,29815727
2022-02-01,15.050000190734863,15.5,14.649999618530272,15.5,19550315
2022-02-02,15.800000190734863,16.25,15.199999809265137,16.049999237060547,34388912
2022-02-03,16.200000762939453,16.850000381469727,15.949999809265137,16.850000381469727,55246431
2022-02-04,17.049999237060547,17.649999618530273,16.850000381469727,17.649999618530273,25961409
2022-02-07,18.100000381469727,18.5,16.899999618530273,18.5,108059189
2022-02-08,18.89999961853028,19.25,17.600000381469727,17.600000381469727,123634668
2022-02-09,17.600000381469727,18.14999961853028,16.75,17.0,93781605
2022-02-10,17.049999237060547,17.100000381469727,16.149999618530273,16.149999618530273,42666063
2022-02-11,15.399999618530273,16.75,15.399999618530273,15.949999809265137,43839935
2022-02-14,15.199999809265137,15.199999809265137,15.199999809265137,15.199999809265137,4034965
2022-02-15,14.449999809265137,14.899999618530272,14.449999809265137,14.550000190734863,99325716
2022-02-16,14.399999618530272,15.25,14.350000381469728,14.800000190734863,59916365
2022-02-17,15.0,15.100000381469728,14.100000381469728,14.149999618530272,33574601
2022-02-18,13.899999618530273,14.550000190734863,13.800000190734863,14.149999618530273,21275395
2022-02-21,13.850000381469728,14.149999618530272,13.449999809265137,13.600000381469728,28840995
2022-02-22,13.050000190734863,13.5,12.949999809265137,12.949999809265137,28046599
2022-02-23,13.25,13.550000190734863,13.100000381469727,13.550000190734863,22444628
2022-02-24,12.899999618530272,13.100000381469728,12.899999618530272,12.899999618530272,23689825
2022-02-25,13.0,13.350000381469728,12.699999809265137,13.0,31080968
2022-02-28,12.850000381469728,13.199999809265137,12.5,13.050000190734863,17725819
2022-03-02,12.899999618530273,13.550000190734863,12.800000190734863,13.149999618530273,21768761
2022-03-03,13.449999809265137,13.449999809265137,13.0,13.050000190734863,13011725
2022-03-04,13.100000381469728,13.300000190734863,12.800000190734863,12.850000381469728,17914357
2022-03-07,12.399999618530272,12.899999618530272,12.399999618530272,12.649999618530272,15662537
2022-03-08,12.75,13.149999618530273,12.5,12.800000190734863,16589470
2022-03-09,12.949999809265137,13.399999618530273,12.899999618530273,13.350000381469727,19813729
2022-03-10,13.699999809265137,13.800000190734863,13.350000381469728,13.550000190734863,19002571
2022-03-11,13.75,14.199999809265137,13.649999618530272,14.199999809265137,31704543
2022-03-14,14.5,14.600000381469728,13.699999809265137,13.850000381469728,26568431
2022-03-15,14.0,14.199999809265137,13.25,13.449999809265137,16946477
2022-03-16,13.649999618530273,14.100000381469727,13.550000190734863,14.100000381469727,18998154
2022-03-17,14.399999618530273,14.399999618530273,13.550000190734863,13.75,21536170
2022-03-21,13.800000190734863,14.149999618530272,13.399999618530272,13.649999618530272,24197867
2022-03-22,13.149999618530273,13.399999618530273,13.0,13.0,28676620
2022-03-23,12.75,13.25,12.75,12.850000381469727,18912240
2022-03-24,12.850000381469728,13.100000381469728,12.5,13.0,19026292
2022-03-25,13.300000190734863,13.449999809265137,12.899999618530272,13.0,25129848
2022-03-28,12.600000381469727,12.699999809265137,12.350000381469727,12.350000381469727,38902885
2022-03-29,12.399999618530273,12.949999809265137,12.25,12.949999809265137,12862071
2022-03-30,13.25,13.550000190734863,13.199999809265137,13.550000190734863,7927618
2022-03-31,14.199999809265137,14.199999809265137,13.399999618530272,13.5,56122877
2022-04-01,13.5,14.149999618530273,13.399999618530273,14.149999618530273,32275373
2022-04-04,14.100000381469727,14.850000381469727,13.899999618530273,14.850000381469727,44822664
2022-04-05,15.149999618530272,15.550000190734863,14.699999809265137,15.550000190734863,55650471
2022-04-06,15.550000190734863,16.299999237060547,15.25,16.299999237060547,40507650
2022-04-07,16.549999237060547,17.0,15.5,15.5,75310388
2022-04-08,15.5,15.899999618530272,15.149999618530272,15.600000381469728,22755954
2022-04-11,16.0,16.350000381469727,15.600000381469728,15.699999809265137,22446047
2022-04-12,15.699999809265137,15.850000381469728,15.0,15.149999618530272,15694302
2022-04-13,15.399999618530272,15.449999809265137,14.699999809265137,14.850000381469728,19782359
2022-04-18,14.850000381469728,14.850000381469728,14.199999809265137,14.399999618530272,13412485
2022-04-19,14.449999809265137,15.100000381469727,14.0,14.399999618530273,36812250
2022-04-20,14.550000190734863,14.899999618530273,14.449999809265137,14.75,15323821
2022-04-21,15.0,15.449999809265137,14.899999618530273,15.149999618530273,40778175
2022-04-22,14.949999809265137,15.449999809265137,14.699999809265137,14.949999809265137,18813322
2022-04-25,14.800000190734863,15.050000190734863,14.399999618530272,14.550000190734863,21069193
2022-04-26,14.699999809265137,14.899999618530272,14.25,14.5,13307328
2022-04-27,14.5,14.75,14.149999618530272,14.399999618530272,16417709
2022-04-28,14.5,14.550000190734863,13.800000190734863,13.949999809265137,16018649
2022-04-29,14.050000190734863,14.600000381469727,13.800000190734863,14.25,17019794
2022-05-02,14.199999809265137,14.649999618530273,14.149999618530273,14.199999809265137,11778270
2022-05-04,14.350000381469728,14.399999618530272,13.5,13.550000190734863,17210678
2022-05-05,13.75,13.850000381469728,13.350000381469728,13.399999618530272,12688571
2022-05-06,13.25,13.25,12.949999809265137,13.100000381469728,8646080
2022-05-09,13.100000381469728,13.75,12.800000190734863,13.699999809265137,18256241
2022-05-10,13.75,14.050000190734863,13.050000190734863,13.100000381469728,16513068
2022-05-11,13.199999809265137,13.5,12.649999618530273,13.0,23855100
2022-05-12,12.75,12.949999809265137,12.350000381469728,12.399999618530272,18307718
2022-05-13,12.600000381469727,12.949999809265137,12.399999618530273,12.5,18653085
2022-05-16,12.050000190734863,12.25,11.899999618530272,11.899999618530272,37381413
2022-05-17,11.949999809265137,12.449999809265137,11.949999809265137,12.449999809265137,16346984
2022-05-18,12.699999809265137,12.75,12.350000381469728,12.449999809265137,12187753
2022-05-19,12.0,12.550000190734863,11.949999809265137,12.300000190734863,9234735
2022-05-20,12.5,12.899999618530272,12.5,12.850000381469728,17925495
2022-05-23,13.0,13.0,12.350000381469728,12.399999618530272,9598700
2022-05-24,12.5,12.699999809265137,12.350000381469728,12.550000190734863,8950965
2022-05-25,12.449999809265137,12.600000381469728,12.050000190734863,12.100000381469728,8297456
2022-05-26,12.25,12.350000381469728,11.5,11.899999618530272,16053316
2022-05-27,12.100000381469728,12.149999618530272,11.699999809265137,11.850000381469728,9697989
2022-05-30,11.899999618530272,12.149999618530272,11.899999618530272,12.0,9411681
2022-05-31,12.0,12.600000381469728,11.899999618530272,12.600000381469728,16214999
2022-06-01,12.800000190734863,13.199999809265137,12.649999618530273,13.199999809265137,30278115
2022-06-02,13.350000381469727,13.850000381469727,13.300000190734863,13.850000381469727,28026241
2022-06-03,14.199999809265137,14.199999809265137,13.199999809265137,13.25,30514325
2022-06-06,13.050000190734863,13.899999618530272,12.800000190734863,13.800000190734863,20140522
2022-06-07,13.600000381469727,14.699999809265137,13.300000190734863,14.300000190734863,35019589
2022-06-08,14.350000381469727,14.600000381469727,13.75,13.850000381469727,20405726
2022-06-09,13.75,14.100000381469728,13.5,13.949999809265137,16082480
2022-06-10,13.649999618530272,13.899999618530272,13.449999809265137,13.550000190734863,10382115
2022-06-13,13.100000381469727,13.25,12.699999809265137,12.899999618530273,11601678
2022-06-14,12.75,13.300000190734863,12.699999809265137,12.850000381469728,11626321
2022-06-15,12.949999809265137,13.100000381469727,12.5,12.649999618530273,6895709
2022-06-16,12.850000381469728,12.949999809265137,11.899999618530272,12.050000190734863,14153736
2022-06-17,12.050000190734863,12.350000381469728,11.800000190734863,12.149999618530272,13207472
2022-06-20,12.300000190734863,12.75,10.949999809265137,11.100000381469728,22572320
2022-06-21,11.25,11.600000381469728,11.050000190734863,11.449999809265137,13441885
2022-06-22,11.399999618530273,11.600000381469727,11.300000190734863,11.399999618530273,8662663
2022-06-23,11.5,11.800000190734863,11.399999618530272,11.600000381469728,8843330
2022-06-24,11.800000190734863,11.949999809265137,11.699999809265137,11.850000381469727,5828590
2022-06-27,12.050000190734863,12.25,11.75,11.800000190734863,7782308
2022-06-28,11.800000190734863,12.0,11.550000190734863,11.800000190734863,5181067
2022-06-29,11.699999809265137,12.0,11.649999618530273,11.75,4643422
2022-06-30,11.800000190734863,11.850000381469728,11.449999809265137,11.5,4914810
2022-07-01,11.600000381469727,11.600000381469727,11.199999809265137,11.399999618530273,4058897
2022-07-04,11.5,11.600000381469728,11.300000190734863,11.350000381469728,4538113
2022-07-05,11.399999618530272,11.75,11.300000190734863,11.350000381469728,6326043
2022-07-06,11.399999618530272,11.449999809265137,11.100000381469728,11.199999809265137,5987748
2022-07-07,11.350000381469727,11.5,11.300000190734863,11.449999809265137,4844626
2022-07-08,11.600000381469728,11.600000381469728,11.350000381469728,11.399999618530272,5792790
2022-07-11,11.399999618530273,11.75,11.300000190734863,11.649999618530273,12923307
2022-07-12,11.550000190734863,12.050000190734863,11.449999809265137,11.5,13296744
2022-07-13,11.600000381469727,11.699999809265137,11.399999618530273,11.5,4121767
2022-07-14,11.399999618530273,11.550000190734863,11.350000381469727,11.399999618530273,4668633
2022-07-15,11.449999809265137,11.5,11.25,11.300000190734863,3465821
2022-07-18,11.399999618530272,11.600000381469728,11.399999618530272,11.5,6734567
2022-07-19,11.550000190734863,12.149999618530273,11.5,11.800000190734863,18049912
2022-07-20,11.949999809265137,12.100000381469727,11.800000190734863,11.850000381469727,9457351
2022-07-21,11.850000381469728,12.350000381469728,11.699999809265137,11.850000381469728,16229594
2022-07-22,11.949999809265137,11.949999809265137,11.649999618530272,11.75,6013396
2022-07-25,11.850000381469727,11.850000381469727,11.550000190734863,11.550000190734863,4295595
2022-07-26,11.550000190734863,12.550000190734863,11.5,11.899999618530273,35907022
2022-07-27,11.949999809265137,12.199999809265137,11.75,11.899999618530272,14818082
2022-07-28,12.0,12.050000190734863,11.649999618530273,11.75,8829990
2022-07-29,11.800000190734863,12.75,11.699999809265137,12.399999618530272,32009253
2022-08-01,12.5,13.149999618530272,12.25,13.0,33573919
2022-08-02,13.0,13.699999809265137,12.899999618530272,13.300000190734863,32474604
2022-08-03,13.350000381469727,13.399999618530273,12.800000190734863,13.0,14330281
2022-08-04,13.0,13.399999618530273,12.449999809265137,13.199999809265137,31646480
2022-08-05,13.449999809265137,13.649999618530272,13.050000190734863,13.149999618530272,22977419
2022-08-08,13.0,13.5,12.899999618530272,13.300000190734863,18844949
2022-08-10,13.399999618530272,14.25,13.0,14.149999618530272,68998073
2022-08-11,14.199999809265137,14.25,13.449999809265137,13.600000381469728,22969202
2022-08-12,13.550000190734863,13.800000190734863,13.25,13.399999618530273,14431196
2022-08-16,13.300000190734863,13.800000190734863,13.199999809265137,13.399999618530272,15878957
2022-08-17,13.5,13.800000190734863,13.399999618530273,13.649999618530273,21194300
2022-08-18,13.649999618530273,14.550000190734863,13.600000381469727,14.199999809265137,46729902
2022-08-19,14.25,15.100000381469728,14.100000381469728,14.949999809265137,74547754
2022-08-22,15.100000381469728,16.200000762939453,14.899999618530272,15.649999618530272,108715778
2022-08-23,15.600000381469727,16.0,15.149999618530273,15.399999618530273,47006114
2022-08-24,15.25,15.850000381469727,15.100000381469727,15.300000190734863,39217580
2022-08-25,15.350000381469727,15.550000190734863,15.0,15.050000190734863,21609453
2022-08-26,15.149999618530272,16.850000381469727,15.149999618530272,16.25,145645641
2022-08-29,15.699999809265137,16.899999618530273,15.600000381469727,16.299999237060547,109676564
2022-08-30,16.549999237060547,17.149999618530273,16.25,16.799999237060547,66973760
2022-09-01,16.75,20.14999961853028,16.700000762939453,20.14999961853028,278269770
2022-09-02,20.89999961853028,23.75,20.25,21.200000762939453,461789015
2022-09-05,21.549999237060547,23.299999237060547,21.549999237060547,23.299999237060547,153031552
2022-09-06,24.75,25.0,21.399999618530273,21.950000762939453,151536084
2022-09-07,21.75,22.75,21.299999237060547,21.649999618530273,64869145
2022-09-08,22.100000381469727,22.350000381469727,21.149999618530273,21.299999237060547,48143250
2022-09-09,21.200000762939453,21.200000762939453,19.200000762939453,19.200000762939453,115341202
2022-09-12,18.799999237060547,21.100000381469727,18.399999618530273,21.100000381469727,107892593
2022-09-13,20.89999961853028,21.450000762939453,20.049999237060547,20.049999237060547,20777351
2022-09-14,19.049999237060547,19.700000762939453,19.049999237060547,19.049999237060547,21625155
2022-09-15,18.850000381469727,19.25,18.100000381469727,18.100000381469727,26912514
2022-09-16,17.950000762939453,18.850000381469727,17.549999237060547,18.450000762939453,29739338
2022-09-19,18.799999237060547,18.799999237060547,17.549999237060547,17.649999618530273,11444410
2022-09-20,17.700000762939453,18.5,17.649999618530273,18.200000762939453,11716445
2022-09-21,18.149999618530277,18.149999618530277,17.299999237060547,17.299999237060547,11904399
2022-09-22,17.100000381469727,17.700000762939453,16.75,17.299999237060547,10239233
2022-09-23,17.399999618530273,17.450000762939453,16.700000762939453,16.899999618530273,7321524
2022-09-26,16.5,16.75,16.100000381469727,16.350000381469727,10575909
2022-09-27,16.399999618530273,16.600000381469727,15.850000381469727,16.200000762939453,6787950
2022-09-28,16.0,16.75,15.899999618530273,16.100000381469727,5651810
2022-09-29,16.5,16.600000381469727,15.800000190734863,16.049999237060547,6044059
2022-09-30,16.0,16.649999618530273,15.75,16.399999618530273,7267597
2022-10-03,16.700000762939453,17.100000381469727,16.350000381469727,16.450000762939453,6480231
2022-10-04,16.700000762939453,17.0,16.299999237060547,16.399999618530273,5377181
2022-10-06,16.700000762939453,16.899999618530273,16.149999618530273,16.75,11448436
2022-10-07,16.799999237060547,17.549999237060547,16.549999237060547,17.549999237060547,12789925
2022-10-10,17.450000762939453,18.14999961853028,17.25,17.75,11331582
2022-10-11,17.799999237060547,17.799999237060547,16.899999618530273,16.899999618530273,8754664
2022-10-12,16.799999237060547,17.0,16.149999618530273,16.350000381469727,5905236
2022-10-13,16.5,16.899999618530273,16.25,16.5,6040006
2022-10-14,16.700000762939453,16.799999237060547,16.049999237060547,16.200000762939453,5351153
2022-10-17,16.100000381469727,16.5,15.949999809265137,16.200000762939453,4834090
2022-10-18,16.149999618530273,16.700000762939453,16.149999618530273,16.600000381469727,6370915
2022-10-19,16.649999618530273,16.75,16.100000381469727,16.350000381469727,4207433
2022-10-20,16.399999618530273,16.450000762939453,15.949999809265137,16.100000381469727,5483105
2022-10-21,16.299999237060547,16.799999237060547,16.100000381469727,16.350000381469727,5881455
2022-10-24,16.600000381469727,16.700000762939453,16.399999618530273,16.549999237060547,2110028
2022-10-25,16.649999618530273,16.649999618530273,16.25,16.299999237060547,2691089
2022-10-27,16.299999237060547,16.450000762939453,16.100000381469727,16.149999618530273,4856846
2022-10-28,16.200000762939453,16.299999237060547,15.899999618530272,16.0,4659397
2022-10-31,16.149999618530273,16.299999237060547,15.899999618530273,16.100000381469727,5233390
2022-11-01,16.200000762939453,16.25,15.949999809265137,16.049999237060547,4245353
2022-11-02,16.149999618530273,16.25,16.0,16.100000381469727,5872006
2022-11-03,15.850000381469728,16.149999618530273,15.850000381469728,16.0,3715615
2022-11-04,16.100000381469727,16.799999237060547,15.850000381469728,16.799999237060547,12797470
2022-11-07,17.100000381469727,17.399999618530273,16.5,16.850000381469727,13510564
2022-11-09,17.0,17.200000762939453,16.200000762939453,16.450000762939453,7182290
2022-11-10,16.399999618530273,16.450000762939453,15.949999809265137,16.100000381469727,4502473
2022-11-11,15.699999809265137,16.350000381469727,15.600000381469728,16.0,8956145
2022-11-14,16.0,16.149999618530273,15.600000381469727,16.049999237060547,6072616
2022-11-15,16.049999237060547,16.399999618530273,15.899999618530273,16.100000381469727,4219941
2022-11-16,16.399999618530273,16.5,15.899999618530272,16.0,5487243
2022-11-17,16.149999618530273,16.149999618530273,15.449999809265137,15.649999618530273,5538195
2022-11-18,15.699999809265137,15.949999809265137,15.449999809265137,15.5,3653816
2022-11-21,15.600000381469727,16.0,15.5,15.5,5558728
2022-11-22,15.800000190734863,15.800000190734863,14.899999618530272,15.050000190734863,7828491
2022-11-23,15.199999809265137,15.5,15.0,15.199999809265137,4188535
2022-11-24,15.300000190734863,15.550000190734863,15.149999618530273,15.25,2827009
2022-11-25,15.300000190734863,16.0,15.199999809265137,16.0,12205093
2022-11-28,16.100000381469727,16.25,15.899999618530272,16.0,6728703
2022-11-29,16.049999237060547,16.200000762939453,15.699999809265137,15.899999618530272,7027568
2022-11-30,15.899999618530272,16.399999618530273,15.800000190734863,16.049999237060547,16777348
2022-12-01,16.100000381469727,16.25,15.850000381469728,16.0,7038436
2022-12-02,15.949999809265137,16.799999237060547,15.649999618530273,16.799999237060547,24401937
2022-12-05,16.950000762939453,16.950000762939453,16.0,16.049999237060547,19577532
2022-12-06,15.850000381469727,16.299999237060547,15.800000190734863,15.850000381469727,17465360
2022-12-07,15.899999618530273,16.200000762939453,15.5,15.699999809265137,11680369
2022-12-08,15.75,16.049999237060547,15.5,15.850000381469727,11119754
2022-12-09,16.0,16.549999237060547,15.699999809265137,15.899999618530273,21275150
2022-12-12,15.949999809265137,16.200000762939453,15.75,15.949999809265137,25028814
2022-12-13,16.0,16.399999618530273,15.699999809265137,15.75,35437003
2022-12-14,15.800000190734863,16.5,15.699999809265137,16.450000762939453,55553551
2022-12-15,16.200000762939453,16.5,15.850000381469727,15.899999618530273,22792227
2022-12-16,15.899999618530272,16.200000762939453,15.649999618530272,15.75,21493992
2022-12-19,15.850000381469727,16.0,15.75,15.800000190734863,12178836
2022-12-20,15.800000190734863,15.949999809265137,15.449999809265137,15.75,14909860
2022-12-21,15.899999618530273,15.899999618530273,15.0,15.0,24450802
2022-12-22,14.949999809265137,15.050000190734863,14.25,14.25,29006327
2022-12-23,13.850000381469727,13.850000381469727,13.550000190734863,13.550000190734863,14177515
2022-12-26,13.149999618530273,14.199999809265137,12.899999618530273,14.149999618530273,29297031
2022-12-27,14.199999809265137,14.850000381469728,14.100000381469728,14.800000190734863,13932965
2022-12-28,14.800000190734863,15.149999618530273,14.550000190734863,14.600000381469727,12860847
2022-12-29,14.449999809265137,14.550000190734863,14.199999809265137,14.300000190734863,12465598
2022-12-30,14.449999809265137,14.75,14.300000190734863,14.350000381469727,9993716
2023-01-02,14.449999809265137,14.850000381469727,14.399999618530273,14.699999809265137,7616454
2023-01-03,14.699999809265137,15.199999809265137,14.699999809265137,14.800000190734863,11998936
2023-01-04,14.850000381469727,14.899999618530273,14.25,14.449999809265137,10497572
2023-01-05,14.600000381469727,14.800000190734863,14.350000381469727,14.600000381469727,8101094
2023-01-06,14.649999618530273,14.699999809265137,14.350000381469727,14.449999809265137,5920357
2023-01-09,14.699999809265137,14.800000190734863,14.399999618530273,14.550000190734863,8021961
2023-01-10,14.600000381469727,14.649999618530273,14.25,14.300000190734863,4970822
2023-01-11,14.300000190734863,14.449999809265137,14.25,14.25,5254521
2023-01-12,14.300000190734863,14.399999618530273,13.800000190734863,13.949999809265137,8992128
2023-01-13,14.0,14.300000190734863,13.850000381469727,14.149999618530273,9040623
2023-01-16,14.149999618530272,14.699999809265137,14.100000381469728,14.25,10774663
2023-01-17,14.25,14.399999618530272,14.050000190734863,14.149999618530272,8156536
2023-01-18,14.199999809265137,14.300000190734863,14.0,14.0,7538740
2023-01-19,14.0,14.199999809265137,13.949999809265137,14.0,5224360
2023-01-20,14.050000190734863,14.050000190734863,13.75,13.850000381469727,10251629
2023-01-23,13.949999809265137,13.949999809265137,13.199999809265137,13.199999809265137,15531510
2023-01-24,13.300000190734863,13.449999809265137,13.199999809265137,13.199999809265137,6466213
2023-01-25,13.300000190734863,13.300000190734863,12.899999618530272,12.949999809265137,8832009
2023-01-27,13.100000381469728,13.100000381469728,12.350000381469728,12.649999618530272,12988895
2023-01-30,12.75,12.949999809265137,12.399999618530272,12.5,9831771
2023-01-31,12.550000190734863,13.100000381469727,12.399999618530273,12.75,23848822
2023-02-01,12.649999618530273,13.100000381469727,12.149999618530273,12.25,20669121
2023-02-02,12.25,12.600000381469727,11.899999618530273,11.949999809265137,20958060
2023-02-03,12.050000190734863,12.149999618530273,11.350000381469727,11.75,30489212
2023-02-06,11.800000190734863,12.300000190734863,11.649999618530273,12.0,15666539
2023-02-07,12.0,12.25,11.600000381469727,11.649999618530273,14197921
2023-02-08,11.75,11.800000190734863,11.600000381469727,11.699999809265137,12067346
2023-02-09,11.75,12.050000190734863,11.649999618530273,11.699999809265137,17839732
2023-02-10,11.699999809265137,11.899999618530272,11.600000381469728,11.649999618530272,12090065
2023-02-13,11.699999809265137,11.949999809265137,11.300000190734863,11.350000381469728,12281010
2023-02-14,11.399999618530273,11.449999809265137,11.0,11.300000190734863,12757073
2023-02-15,11.350000381469727,11.449999809265137,11.050000190734863,11.100000381469727,12955152
2023-02-16,11.149999618530273,11.25,11.0,11.050000190734863,11944734
2023-02-17,11.100000381469728,11.25,10.949999809265137,11.050000190734863,11076968
2023-02-20,11.149999618530272,11.199999809265137,10.75,10.949999809265137,11564588
2023-02-21,11.0,11.149999618530272,10.5,10.600000381469728,13862209
2023-02-22,10.550000190734863,11.0,10.300000190734863,10.399999618530273,24234889
2023-02-23,10.5,10.5,10.0,10.050000190734863,15912209
2023-02-24,10.100000381469727,10.699999809265137,10.0,10.100000381469727,34920732
2023-02-27,10.199999809265137,10.399999618530273,9.800000190734863,9.899999618530273,21519422
2023-02-28,10.0,10.050000190734863,9.75,9.800000190734863,15580538
2023-03-01,9.899999618530273,10.399999618530273,9.899999618530273,10.0,26222162
2023-03-02,10.100000381469728,10.199999809265137,9.699999809265137,9.800000190734863,22294988
2023-03-03,9.850000381469728,10.75,9.75,10.699999809265137,124274996
2023-03-06,10.800000190734863,11.449999809265137,10.550000190734863,10.699999809265137,58160006
2023-03-08,10.699999809265137,11.75,10.600000381469727,11.699999809265137,76955647
2023-03-09,11.800000190734863,11.899999618530273,11.0,11.199999809265137,46172324
2023-03-10,11.100000381469727,11.899999618530273,11.0,11.449999809265137,50460691
2023-03-13,11.449999809265137,11.5,10.699999809265137,10.75,34671169
2023-03-14,10.800000190734863,10.899999618530273,10.350000381469727,10.699999809265137,26879025
2023-03-15,10.850000381469728,10.949999809265137,10.550000190734863,10.75,23522176
2023-03-16,10.800000190734863,10.800000190734863,10.449999809265137,10.550000190734863,14773665
2023-03-17,10.649999618530273,10.949999809265137,10.600000381469727,10.699999809265137,29476051
2023-03-20,10.600000381469727,10.75,10.149999618530273,10.300000190734863,23034866
2023-03-21,10.399999618530272,10.449999809265137,10.199999809265137,10.25,11116475
2023-03-22,10.350000381469728,10.449999809265137,10.25,10.300000190734863,11202141
2023-03-23,10.300000190734863,10.300000190734863,9.899999618530272,9.949999809265137,16428529
2023-03-24,10.0,10.350000381469727,9.699999809265137,9.850000381469727,39423050
2023-03-27,9.899999618530272,9.949999809265137,9.300000190734863,9.399999618530272,22690733
2023-03-28,9.449999809265137,9.550000190734863,9.050000190734863,9.149999618530272,24270710
2023-03-29,9.25,9.899999618530273,9.100000381469727,9.800000190734863,29919440
2023-03-31,9.949999809265137,10.399999618530273,9.899999618530273,9.949999809265137,30780259
2023-04-03,10.25,10.550000190734863,9.949999809265137,10.399999618530273,32332522
2023-04-05,10.5,10.850000381469728,10.300000190734863,10.800000190734863,34031167
2023-04-06,10.800000190734863,11.550000190734863,10.649999618530272,11.149999618530272,55264569
2023-04-10,11.25,11.300000190734863,10.850000381469728,10.899999618530272,23719805
2023-04-11,10.949999809265137,12.800000190734863,10.899999618530273,12.550000190734863,154537831
2023-04-12,12.649999618530272,12.649999618530272,11.949999809265137,12.149999618530272,69564545
2023-04-13,12.199999809265137,12.949999809265137,11.850000381469728,12.800000190734863,87989459
2023-04-17,12.600000381469728,13.149999618530272,12.350000381469728,12.699999809265137,59186087
2023-04-18,12.75,12.800000190734863,12.149999618530272,12.399999618530272,35999574
2023-04-19,12.399999618530272,12.600000381469728,12.100000381469728,12.25,37469474
2023-04-20,12.25,12.449999809265137,12.050000190734863,12.100000381469727,22356101
2023-04-21,12.100000381469728,12.350000381469728,11.899999618530272,12.0,41595866
2023-04-24,12.100000381469728,12.149999618530272,11.699999809265137,11.800000190734863,24257112
2023-04-25,11.800000190734863,12.25,11.75,11.850000381469728,30992225
2023-04-26,11.850000381469728,12.199999809265137,11.800000190734863,11.899999618530272,33574152
2023-04-27,11.949999809265137,12.75,11.949999809265137,12.5,69405704
2023-04-28,12.600000381469727,12.699999809265137,12.100000381469727,12.199999809265137,36723917
2023-05-02,12.25,12.399999618530273,12.100000381469727,12.149999618530273,17516877
2023-05-03,12.100000381469728,12.149999618530272,11.850000381469728,11.899999618530272,27894500
2023-05-04,12.050000190734863,12.699999809265137,12.050000190734863,12.199999809265137,60912396
2023-05-05,12.149999618530273,12.600000381469727,12.050000190734863,12.399999618530273,40026169
2023-05-08,12.550000190734863,12.550000190734863,12.100000381469728,12.149999618530272,21423800
2023-05-09,12.199999809265137,12.300000190734863,11.949999809265137,12.0,20934654
2023-05-10,12.050000190734863,12.100000381469727,11.850000381469727,11.899999618530273,13335218
2023-05-11,11.949999809265137,12.149999618530272,11.800000190734863,11.850000381469728,19675010
2023-05-12,11.899999618530272,12.0,11.75,11.800000190734863,15011082
2023-05-15,11.850000381469728,11.850000381469728,11.550000190734863,11.600000381469728,15046036
2023-05-16,11.649999618530273,12.050000190734863,11.649999618530273,11.699999809265137,28245933
2023-05-17,11.75,11.850000381469727,11.550000190734863,11.600000381469727,17016164
2023-05-18,11.649999618530273,11.800000190734863,11.300000190734863,11.399999618530273,18992232
2023-05-19,11.399999618530273,11.550000190734863,11.050000190734863,11.449999809265137,28461817
2023-05-22,11.5,11.850000381469727,11.350000381469727,11.5,29174177
2023-05-23,11.550000190734863,13.050000190734863,11.449999809265137,12.949999809265137,303719881
2023-05-24,12.949999809265137,13.149999618530273,11.899999618530273,12.100000381469727,125805073
2023-05-25,12.149999618530272,13.699999809265137,12.0,12.850000381469728,441947341
2023-05-26,12.850000381469728,14.0,12.850000381469728,13.050000190734863,336937268
2023-05-29,13.25,13.649999618530272,13.0,13.300000190734863,193534442
2023-05-30,13.300000190734863,13.350000381469727,12.850000381469727,12.949999809265137,109769357
2023-05-31,13.0,13.149999618530273,12.75,12.949999809265137,72173214
2023-06-01,13.0,13.25,12.850000381469727,12.949999809265137,44995950
2023-06-02,13.0,13.350000381469727,12.949999809265137,13.149999618530273,53056381
2023-06-05,13.25,13.350000381469728,13.0,13.100000381469728,39998339
2023-06-06,13.100000381469728,13.699999809265137,13.050000190734863,13.600000381469728,103474418
2023-06-07,13.600000381469728,15.300000190734863,13.550000190734863,14.75,234230014
2023-06-08,14.600000381469727,15.100000381469727,13.800000190734863,14.050000190734863,130572192
2023-06-09,14.149999618530272,14.449999809265137,13.800000190734863,13.949999809265137,82980361
2023-06-12,14.0,16.25,14.0,15.850000381469727,350896355
2023-06-13,16.299999237060547,16.899999618530273,15.649999618530272,16.049999237060547,269392680
2023-06-14,16.149999618530273,16.350000381469727,15.699999809265137,15.899999618530273,124100769
2023-06-15,15.899999618530273,17.0,15.800000190734863,16.75,311399704
2023-06-16,16.850000381469727,17.450000762939453,15.850000381469727,16.100000381469727,233929319
2023-06-19,16.299999237060547,16.649999618530273,15.399999618530272,15.699999809265137,136156356
2023-06-20,15.699999809265137,15.800000190734863,15.050000190734863,15.300000190734863,102811556
2023-06-21,15.350000381469727,15.649999618530273,14.850000381469727,15.0,134021474
2023-06-22,15.100000381469727,15.199999809265137,14.5,14.75,100194362
2023-06-23,14.800000190734863,14.949999809265137,14.399999618530272,14.75,80172848
2023-06-26,14.800000190734863,15.050000190734863,14.0,14.100000381469727,86234397
2023-06-27,14.100000381469727,14.5,13.800000190734863,13.850000381469727,82890418
2023-06-28,13.949999809265137,14.449999809265137,13.949999809265137,14.149999618530273,73113184
2023-06-30,14.300000190734863,14.449999809265137,13.800000190734863,14.050000190734863,64796886
2023-07-03,14.199999809265137,15.25,14.100000381469728,15.0,223546092
2023-07-04,15.100000381469728,15.300000190734863,14.399999618530272,14.649999618530272,133545307
2023-07-05,14.550000190734863,14.800000190734863,14.300000190734863,14.350000381469728,101420478
2023-07-06,14.350000381469728,15.550000190734863,14.300000190734863,15.300000190734863,284800394
2023-07-07,15.300000190734863,15.649999618530273,14.899999618530273,15.25,145694306
2023-07-10,15.350000381469728,15.5,14.899999618530272,15.050000190734863,60637006
2023-07-11,15.050000190734863,15.600000381469728,14.899999618530272,15.350000381469728,110499183
2023-07-12,15.5,16.25,15.300000190734863,15.899999618530272,201191060
2023-07-13,16.049999237060547,16.200000762939453,15.050000190734863,15.199999809265137,114712259
2023-07-14,15.25,15.449999809265137,15.0,15.25,83402993
2023-07-17,15.350000381469728,15.5,15.149999618530272,15.25,42765404
2023-07-18,15.300000190734863,15.5,14.850000381469727,15.199999809265137,118991946
2023-07-19,15.199999809265137,15.850000381469727,15.199999809265137,15.649999618530273,154585372
2023-07-20,15.75,16.100000381469727,15.5,15.699999809265137,112725727
2023-07-21,15.600000381469728,16.450000762939453,15.5,15.800000190734863,171203870
2023-07-24,15.949999809265137,16.350000381469727,15.600000381469728,15.649999618530272,105234223
2023-07-25,15.75,16.200000762939453,15.699999809265137,15.949999809265137,85396364
2023-07-26,16.0,16.049999237060547,15.649999618530273,15.75,64050635
2023-07-27,15.800000190734863,16.899999618530273,15.75,16.549999237060547,246061577
2023-07-28,16.549999237060547,16.75,15.850000381469728,16.100000381469727,115685551
2023-07-31,16.100000381469727,16.600000381469727,15.949999809265137,16.450000762939453,107623352
2023-08-01,16.5,17.399999618530273,16.399999618530273,17.0,197567994
2023-08-02,16.899999618530273,18.350000381469727,16.700000762939453,18.149999618530273,396882728
2023-08-03,18.350000381469727,18.549999237060547,17.25,18.049999237060547,245776641
2023-08-04,18.200000762939453,19.200000762939453,18.100000381469727,19.049999237060547,291761372
2023-08-07,19.299999237060547,19.5,18.5,18.649999618530277,215951344
2023-08-08,18.649999618530273,18.700000762939453,17.600000381469727,17.799999237060547,123268940
2023-08-09,17.799999237060547,18.5,17.600000381469727,18.25,140190910
2023-08-10,17.5,17.950000762939453,17.299999237060547,17.5,126456625
2023-08-11,17.649999618530273,17.899999618530273,17.200000762939453,17.399999618530273,76829316
2023-08-14,17.399999618530273,17.450000762939453,16.850000381469727,16.950000762939453,61882364
2023-08-16,16.899999618530273,17.200000762939453,16.450000762939453,16.75,87314956
2023-08-17,16.700000762939453,17.25,16.450000762939453,16.549999237060547,79975462
2023-08-18,16.600000381469727,16.850000381469727,16.299999237060547,16.399999618530273,58640566
2023-08-21,16.5,16.649999618530273,16.25,16.350000381469727,47479520
2023-08-22,16.399999618530273,17.549999237060547,16.350000381469727,17.399999618530273,137649420
2023-08-23,17.5,17.799999237060547,17.200000762939453,17.299999237060547,78020081
2023-08-24,17.450000762939453,17.649999618530273,17.200000762939453,17.299999237060547,79846622
2023-08-25,17.350000381469727,18.0,17.25,17.350000381469727,117823049
2023-08-28,17.549999237060547,17.75,17.350000381469727,17.450000762939453,61334510
2023-08-29,17.649999618530273,18.649999618530273,17.600000381469727,18.25,195394729
2023-08-30,18.5,20.600000381469727,18.25,20.200000762939453,569141634
2023-08-31,20.399999618530273,20.649999618530273,18.899999618530273,19.149999618530273,264116104
2023-09-01,19.299999237060547,19.899999618530273,18.899999618530273,19.0,134930310
2023-09-04,19.299999237060547,20.149999618530277,19.0,19.549999237060547,143886986
2023-09-05,19.64999961853028,20.100000381469727,19.100000381469727,19.799999237060547,122485331
2023-09-06,20.0,21.600000381469727,20.0,21.200000762939453,358332671
2023-09-07,21.100000381469727,21.450000762939453,20.75,21.200000762939453,136951787
2023-09-08,21.350000381469727,22.049999237060547,20.899999618530277,21.149999618530277,166587523
2023-09-11,21.299999237060547,21.350000381469727,20.649999618530273,20.799999237060547,91580431
2023-09-12,20.950000762939453,21.0,18.200000762939453,18.399999618530273,177964372
2023-09-13,18.5,19.149999618530277,17.799999237060547,19.0,146455333
2023-09-14,19.200000762939453,19.600000381469727,18.64999961853028,18.75,111473884
2023-09-15,18.899999618530273,19.549999237060547,18.600000381469727,19.149999618530273,97096853
2023-09-18,19.149999618530273,19.450000762939453,18.850000381469727,19.100000381469727,58256083
2023-09-20,19.0,19.399999618530273,18.700000762939453,19.049999237060547,95451417
2023-09-21,19.0,19.700000762939453,18.799999237060547,19.0,109797642
2023-09-22,19.049999237060547,19.399999618530277,18.75,18.899999618530277,83933616
2023-09-25,19.100000381469727,19.200000762939453,18.850000381469727,18.950000762939453,46443309
2023-09-26,19.0,19.649999618530273,18.850000381469727,19.0,69568077
2023-09-27,19.0,19.299999237060547,18.899999618530273,19.200000762939453,67263376
2023-09-28,19.200000762939453,20.14999961853028,19.100000381469727,19.14999961853028,121084044
2023-09-29,19.350000381469727,19.39999961853028,19.049999237060547,19.25,39541489
2023-10-03,19.299999237060547,19.549999237060547,19.149999618530273,19.25,52662477
2023-10-04,19.25,19.25,18.399999618530277,18.799999237060547,68891569
2023-10-05,18.950000762939453,19.100000381469727,18.549999237060547,18.899999618530277,43782204
2023-10-06,18.950000762939453,19.100000381469727,18.75,18.850000381469727,26043912
2023-10-09,18.5,18.5,17.700000762939453,17.850000381469727,50799957
2023-10-10,17.899999618530273,18.100000381469727,17.700000762939453,17.799999237060547,42788219
2023-10-11,17.899999618530273,18.350000381469727,17.850000381469727,18.200000762939453,43594800
2023-10-12,18.299999237060547,18.350000381469727,17.850000381469727,18.0,39860092
2023-10-13,17.850000381469727,18.049999237060547,17.700000762939453,17.75,27054229
2023-10-16,17.899999618530273,18.5,17.700000762939453,18.399999618530277,92471985
2023-10-17,18.450000762939453,18.799999237060547,18.25,18.549999237060547,63936691
2023-10-18,18.649999618530273,18.799999237060547,18.100000381469727,18.149999618530273,44885996
2023-10-19,18.0,18.850000381469727,18.0,18.649999618530273,85820805
2023-10-20,18.649999618530277,19.0,18.299999237060547,18.5,63826654
2023-10-23,18.549999237060547,18.64999961853028,16.299999237060547,16.700000762939453,80110583
2023-10-25,17.049999237060547,17.25,15.949999809265137,16.299999237060547,79888875
2023-10-26,16.100000381469727,16.700000762939453,15.550000190734863,16.5,76547213
2023-10-27,16.600000381469727,16.950000762939453,16.549999237060547,16.799999237060547,33325399
2023-10-30,16.899999618530273,17.149999618530273,16.450000762939453,16.950000762939453,61855118
2023-10-31,17.049999237060547,17.299999237060547,16.799999237060547,17.100000381469727,42272362
2023-11-01,16.899999618530273,17.600000381469727,16.850000381469727,17.399999618530273,74842373
2023-11-02,17.600000381469727,18.350000381469727,17.350000381469727,18.25,77875784
2023-11-03,18.450000762939453,18.649999618530273,18.149999618530273,18.25,68732670
2023-11-06,18.39999961853028,20.25,18.350000381469727,19.299999237060547,259712325
2023-11-07,19.450000762939453,20.850000381469727,19.350000381469727,20.700000762939453,232715280
2023-11-08,20.89999961853028,21.100000381469727,20.100000381469727,20.450000762939453,135784164
2023-11-09,20.600000381469727,21.75,20.25,21.200000762939453,225110596
2023-11-10,21.25,21.649999618530273,20.25,20.5,149791559
2023-11-13,20.649999618530273,22.75,20.25,22.5,294553361
2023-11-15,22.850000381469727,23.200000762939453,22.049999237060547,22.299999237060547,158954240
2023-11-16,22.299999237060547,23.14999961853028,22.14999961853028,22.64999961853028,163568647
2023-11-17,22.600000381469727,23.75,22.350000381469727,22.850000381469727,285161163
2023-11-20,23.0,23.200000762939453,21.799999237060547,22.100000381469727,130712010
2023-11-21,22.200000762939453,22.399999618530277,21.049999237060547,21.350000381469727,126666416
2023-11-22,21.399999618530273,21.450000762939453,20.700000762939453,20.899999618530273,118764772
2023-11-23,21.100000381469727,21.799999237060547,20.950000762939453,21.350000381469727,108417604
2023-11-24,21.39999961853028,21.5,20.700000762939453,20.89999961853028,72667677
2023-11-28,21.0,21.39999961853028,20.75,20.89999961853028,102431117
2023-11-29,21.0,21.64999961853028,20.75,21.5,119348659
2023-11-30,21.549999237060547,21.600000381469727,20.799999237060547,21.149999618530277,105285487
2023-12-01,21.200000762939453,21.450000762939453,20.649999618530273,20.850000381469727,75245066
2023-12-04,21.100000381469727,21.299999237060547,20.799999237060547,20.899999618530277,48218169
2023-12-05,21.0,22.399999618530273,20.649999618530273,22.299999237060547,199210606
2023-12-06,22.399999618530277,23.399999618530277,21.899999618530277,23.200000762939453,222427296
2023-12-07,23.200000762939453,24.350000381469727,22.89999961853028,23.25,267160956
2023-12-08,23.25,24.450000762939453,22.950000762939453,23.950000762939453,265304415
2023-12-11,24.350000381469727,25.200000762939453,23.950000762939453,24.5,246235193
2023-12-12,24.700000762939453,24.799999237060547,22.850000381469727,23.200000762939453,183998905
2023-12-13,23.299999237060547,23.950000762939453,23.0,23.799999237060547,157544783
2023-12-14,23.950000762939453,24.299999237060547,23.549999237060547,23.850000381469727,113211921
2023-12-15,23.89999961853028,24.25,23.39999961853028,23.600000381469727,90282269
2023-12-18,23.350000381469727,24.0,23.100000381469727,23.799999237060547,76259742
2023-12-19,23.799999237060547,24.649999618530277,23.649999618530277,23.75,110705956
2023-12-20,23.899999618530277,24.200000762939453,20.850000381469727,21.399999618530277,153301134
2023-12-21,21.350000381469727,23.100000381469727,20.600000381469727,22.700000762939453,177574729
2023-12-22,22.799999237060547,23.14999961853028,22.200000762939453,22.39999961853028,87841372
2023-12-26,22.600000381469727,22.899999618530273,22.25,22.600000381469727,60927333
2023-12-27,22.649999618530273,23.100000381469727,22.399999618530273,22.600000381469727,75727285
2023-12-28,22.64999961853028,22.799999237060547,22.14999961853028,22.350000381469727,43977932
2023-12-29,22.39999961853028,23.39999961853028,22.200000762939453,23.299999237060547,139420239
2024-01-01,23.5,24.25,23.299999237060547,23.950000762939453,146057646
2024-01-02,24.100000381469727,24.450000762939453,23.299999237060547,24.100000381469727,148872594
2024-01-03,24.100000381469727,26.350000381469727,23.850000381469727,25.950000762939453,493391328
2024-01-04,26.299999237060547,31.0,25.899999618530273,30.399999618530273,773822956
2024-01-05,31.350000381469727,33.0,30.649999618530273,31.399999618530273,686804682
2024-01-08,31.649999618530273,33.150001525878906,30.799999237060547,32.04999923706055,190139992
2024-01-09,32.5,32.849998474121094,31.0,31.299999237060547,93350142
2024-01-10,31.549999237060547,32.20000076293945,30.0,30.799999237060547,81647238
2024-01-11,31.5,31.850000381469727,30.799999237060547,31.100000381469727,52230067
2024-01-12,31.25,31.299999237060547,30.5,30.899999618530273,39833184
2024-01-15,31.049999237060547,31.100000381469727,30.100000381469727,30.799999237060547,45263872
2024-01-16,30.799999237060547,31.549999237060547,29.149999618530273,30.049999237060547,89315314
2024-01-17,29.549999237060547,30.600000381469727,29.149999618530277,29.850000381469727,70734595
2024-01-18,29.700000762939453,30.25,27.950000762939453,29.75,66035062
2024-01-19,29.799999237060547,30.25,29.25,29.549999237060547,43979809
2024-01-23,30.39999961853028,30.600000381469727,28.299999237060547,28.549999237060547,61846576
2024-01-24,28.549999237060547,29.950000762939453,28.049999237060547,29.600000381469727,67606015
2024-01-25,29.799999237060547,30.799999237060547,29.5,30.200000762939453,68958463
2024-01-29,30.350000381469727,31.25,29.89999961853028,30.100000381469727,58502683
2024-01-30,30.5,30.899999618530273,29.899999618530273,29.950000762939453,36255569
2024-01-31,30.049999237060547,30.200000762939453,29.0,29.799999237060547,21102881
2024-02-01,30.100000381469727,30.100000381469727,28.89999961853028,29.0,17065087
2024-02-02,29.5,29.600000381469727,28.549999237060547,28.799999237060547,18707694
2024-02-05,27.399999618530273,27.399999618530273,27.399999618530273,27.399999618530273,15690520
2024-02-06,26.049999237060547,26.700000762939453,26.049999237060547,26.049999237060547,15747961
2024-02-07,25.350000381469727,27.350000381469727,25.350000381469727,27.350000381469727,31099553
2024-02-08,27.700000762939453,28.700000762939453,27.299999237060547,28.549999237060547,27570788
2024-02-09,29.0,29.0,27.149999618530277,27.5,20372214
2024-02-12,27.799999237060547,27.799999237060547,26.149999618530277,26.149999618530277,12892602
2024-02-13,25.5,26.299999237060547,24.850000381469727,26.049999237060547,15523124
2024-02-14,25.0,26.850000381469727,24.950000762939453,26.450000762939453,11805954
2024-02-15,26.799999237060547,27.25,26.700000762939453,26.75,9693881
2024-02-16,26.799999237060547,27.0,25.950000762939453,26.200000762939453,8095675
2024-02-19,26.299999237060547,27.299999237060547,26.0,26.950000762939453,12244046
2024-02-20,27.0,27.200000762939453,26.39999961853028,26.450000762939453,7240914
2024-02-21,26.75,26.799999237060547,25.350000381469727,25.450000762939453,8728553
2024-02-22,25.64999961853028,26.0,25.0,25.64999961853028,7833023
2024-02-23,25.850000381469727,26.100000381469727,25.5,25.600000381469727,6891308
2024-02-26,25.700000762939453,25.950000762939453,25.200000762939453,25.25,7485028
2024-02-27,25.600000381469727,25.600000381469727,24.549999237060547,24.649999618530273,7997782
2024-02-28,24.850000381469727,24.950000762939453,23.450000762939453,23.450000762939453,12691280
2024-02-29,22.5,24.450000762939453,22.299999237060547,24.200000762939453,16894825
2024-03-01,24.450000762939453,24.600000381469727,23.799999237060547,23.950000762939453,7428419
2024-03-04,23.899999618530273,24.149999618530273,23.299999237060547,23.399999618530273,7125877
2024-03-05,23.100000381469727,23.649999618530273,22.899999618530273,23.049999237060547,9124091
2024-03-06,23.0,23.0,21.89999961853028,22.299999237060547,15102450
2024-03-07,22.200000762939453,23.25,22.049999237060547,22.549999237060547,8867505
2024-03-11,23.0,23.399999618530273,22.5,22.549999237060547,10174521
2024-03-12,22.5,22.5,21.450000762939453,21.450000762939453,11834151
2024-03-13,21.5,21.649999618530273,20.399999618530273,20.399999618530273,9065004
2024-03-14,19.5,21.299999237060547,19.39999961853028,21.049999237060547,24175977
2024-03-15,21.100000381469727,22.100000381469727,20.549999237060547,22.100000381469727,12106325
2024-03-18,23.200000762939453,23.200000762939453,22.549999237060547,23.200000762939453,11840823
2024-03-19,23.100000381469727,23.799999237060547,22.450000762939453,22.799999237060547,16126528
2024-03-20,23.399999618530273,23.899999618530273,23.0,23.899999618530273,17497705
2024-03-21,25.049999237060547,25.049999237060547,25.049999237060547,25.049999237060547,6881899
2024-03-22,26.299999237060547,26.299999237060547,26.299999237060547,26.299999237060547,7281236
2024-03-26,27.600000381469727,27.600000381469727,27.049999237060547,27.600000381469727,35487618
2024-03-27,28.450000762939453,28.5,26.600000381469727,27.649999618530277,38074636
2024-03-28,28.200000762939453,28.5,28.0,28.25,18385548
2024-04-01,28.850000381469727,29.149999618530273,28.549999237060547,28.899999618530273,18489103
2024-04-02,29.299999237060547,30.299999237060547,28.39999961853028,30.299999237060547,24909272
2024-04-03,30.549999237060547,31.799999237060547,30.399999618530273,31.799999237060547,28544626
2024-04-04,33.349998474121094,33.349998474121094,32.650001525878906,33.349998474121094,22445936
2024-04-05,33.900001525878906,34.45000076293945,31.700000762939453,32.599998474121094,60527449
2024-04-08,32.75,32.75,31.0,31.0,24935054
2024-04-09,29.450000762939453,30.950000762939453,29.450000762939453,29.799999237060547,38585255
2024-04-10,30.100000381469727,30.649999618530277,28.350000381469727,28.350000381469727,27609034
2024-04-12,26.950000762939453,28.350000381469727,26.950000762939453,27.350000381469727,57177565
2024-04-15,26.5,26.850000381469727,26.0,26.049999237060547,30713779
2024-04-16,25.950000762939453,27.350000381469727,25.5,27.350000381469727,17356288
2024-04-18,28.0,28.700000762939453,27.799999237060547,28.700000762939453,18303341
2024-04-19,28.0,28.450000762939453,27.39999961853028,28.049999237060547,17371911
2024-04-22,28.5,28.799999237060547,27.399999618530273,28.149999618530273,12682029
2024-04-23,28.450000762939453,28.450000762939453,27.700000762939453,28.0,19235006
2024-04-24,28.299999237060547,28.350000381469727,27.5,27.600000381469727,17563089
2024-04-25,27.850000381469727,27.850000381469727,27.399999618530273,27.5,13686489
2024-04-26,27.600000381469727,28.149999618530273,27.5,27.700000762939453,14592264
2024-04-29,28.0,28.200000762939453,27.450000762939453,27.549999237060547,13965640
2024-04-30,27.649999618530273,28.299999237060547,27.100000381469727,27.299999237060547,16661509
2024-05-02,27.350000381469727,27.399999618530273,26.649999618530273,26.950000762939453,15166995
2024-05-03,27.049999237060547,27.450000762939453,26.649999618530273,26.799999237060547,13476771
2024-05-06,26.600000381469727,26.75,25.700000762939453,25.850000381469727,23460897
2024-05-07,25.899999618530273,26.600000381469727,25.25,25.649999618530273,19178047
2024-05-08,25.649999618530273,26.149999618530273,25.299999237060547,25.75,10632092
2024-05-09,25.950000762939453,25.950000762939453,24.5,24.75,14336815
2024-05-10,24.64999961853028,25.39999961853028,24.350000381469727,24.950000762939453,12484660
2024-05-13,25.149999618530273,25.149999618530273,23.899999618530273,24.399999618530273,18866047
2024-05-14,24.600000381469727,25.600000381469727,24.549999237060547,25.600000381469727,9464988
2024-05-15,26.100000381469727,26.600000381469727,25.64999961853028,25.799999237060547,19097211
2024-05-16,26.14999961853028,26.299999237060547,25.350000381469727,25.850000381469727,11829425
2024-05-17,26.0,26.399999618530277,25.850000381469727,26.149999618530277,10975985
2024-05-21,26.350000381469727,26.899999618530277,25.899999618530277,26.100000381469727,18423952
2024-05-22,26.100000381469727,27.399999618530277,26.100000381469727,26.5,26863677
2024-05-23,26.649999618530277,26.850000381469727,26.299999237060547,26.399999618530277,15284470
2024-05-24,26.299999237060547,27.299999237060547,26.149999618530273,26.600000381469727,23146605
2024-05-27,26.049999237060547,26.200000762939453,25.299999237060547,25.299999237060547,43927571
2024-05-28,25.25,25.5,24.5,24.950000762939453,19862818
2024-05-29,24.950000762939453,25.649999618530277,24.600000381469727,25.200000762939453,13254778
2024-05-30,25.299999237060547,25.299999237060547,24.600000381469727,24.700000762939453,11413532
2024-05-31,24.850000381469727,25.049999237060547,24.399999618530273,24.549999237060547,13944625
2024-06-03,25.75,25.75,25.200000762939453,25.75,26919726
2024-06-04,25.450000762939453,25.450000762939453,24.5,24.5,19131713
2024-06-05,23.299999237060547,23.950000762939453,23.299999237060547,23.5,42860301
2024-06-06,24.049999237060547,24.64999961853028,23.850000381469727,24.549999237060547,30501221
2024-06-07,24.950000762939453,25.549999237060547,24.5,25.0,22458559
2024-06-10,25.350000381469727,26.75,25.25,26.07999992370605,37086161
2024-06-11,27.989999771118164,28.68000030517578,27.149999618530273,28.68000030517578,140165379
2024-06-12,29.700000762939453,31.540000915527344,29.559999465942383,31.540000915527344,150557787
2024-06-13,33.0,33.11000061035156,30.559999465942383,31.079999923706055,199703725
2024-06-14,31.280000686645508,32.40999984741211,30.299999237060547,31.31999969482422,76469832
2024-06-18,32.04999923706055,32.29999923706055,30.860000610351562,30.959999084472656,43147340
2024-06-19,31.239999771118164,31.979999542236328,29.82999992370605,30.82999992370605,50994259
2024-06-20,30.81999969482422,31.709999084472656,30.5,30.63999938964844,32822472
2024-06-21,30.780000686645508,31.15999984741211,29.75,29.8700008392334,37995144
2024-06-24,29.799999237060547,30.40999984741211,29.39999961853028,29.700000762939453,26884108
2024-06-25,29.940000534057617,30.290000915527344,29.5,29.549999237060547,17356323
2024-06-26,29.51000022888184,29.790000915527344,29.239999771118164,29.280000686645508,17936077
2024-06-27,29.280000686645508,29.56999969482422,28.520000457763672,28.81999969482422,21336897
2024-06-28,29.049999237060547,30.260000228881836,28.770000457763672,28.93000030517578,36540632
2024-07-01,29.3799991607666,29.3799991607666,28.690000534057617,28.989999771118164,16119720
2024-07-02,29.100000381469727,29.25,28.549999237060547,28.709999084472656,13024490
2024-07-03,28.920000076293945,28.979999542236328,28.31999969482422,28.3799991607666,12523527
2024-07-04,28.440000534057617,28.790000915527344,28.020000457763672,28.110000610351562,16126472
2024-07-05,28.200000762939453,29.3799991607666,28.030000686645508,29.030000686645508,35956538
2024-07-08,29.21999931335449,29.299999237060547,28.11000061035156,28.32999992370605,18544762
2024-07-09,28.40999984741211,28.82999992370605,28.020000457763672,28.09000015258789,18680562
2024-07-10,28.229999542236328,28.270000457763672,26.899999618530277,27.549999237060547,18387825
2024-07-11,27.700000762939453,28.049999237060547,27.5,27.65999984741211,13346581
2024-07-12,27.809999465942383,27.8799991607666,27.25,27.31999969482422,12338785
2024-07-15,27.399999618530273,28.68000030517578,26.850000381469727,28.68000030517578,27514764
2024-07-16,29.190000534057617,29.530000686645508,28.350000381469727,28.489999771118164,24019184
2024-07-18,28.600000381469727,28.739999771118164,27.649999618530273,27.90999984741211,11883885
2024-07-19,27.899999618530273,27.899999618530273,27.0,27.1200008392334,16598630
2024-07-22,27.1200008392334,27.3799991607666,26.600000381469727,27.100000381469727,14317127
2024-07-23,27.200000762939453,27.690000534057617,25.75,26.940000534057617,23115494
2024-07-24,26.989999771118164,28.280000686645508,26.90999984741211,28.280000686645508,12928769
2024-07-25,28.280000686645508,29.690000534057617,28.25,29.690000534057617,46151809
2024-07-26,30.479999542236328,30.579999923706055,29.399999618530273,29.770000457763672,55492192
2024-07-29,30.34000015258789,31.25,30.030000686645508,31.25,71910139
2024-07-30,31.5,31.799999237060547,30.8700008392334,31.280000686645508,54248875
2024-07-31,31.59000015258789,32.84000015258789,31.36000061035156,32.84000015258789,79351737
2024-08-01,33.38999938964844,34.47999954223633,32.27000045776367,32.900001525878906,149866875
2024-08-02,32.25,34.540000915527344,31.8799991607666,34.540000915527344,99408426
2024-08-05,33.5,34.279998779296875,32.810001373291016,32.810001373291016,118747814
2024-08-06,32.45000076293945,32.9900016784668,31.15999984741211,31.15999984741211,71383353
2024-08-07,30.5,32.15999984741211,29.770000457763672,31.86000061035156,109772125
2024-08-08,31.739999771118164,32.220001220703125,30.68000030517578,30.799999237060547,43647855
2024-08-09,31.3700008392334,32.34000015258789,30.90999984741211,32.31999969482422,64445253
2024-08-12,32.0,32.529998779296875,31.14999961853028,31.809999465942383,43855418
2024-08-13,32.0,32.68000030517578,30.209999084472656,30.34000015258789,56317912
2024-08-14,30.5,30.6200008392334,29.260000228881836,29.75,29347558
2024-08-16,30.979999542236328,31.229999542236328,29.93000030517578,31.229999542236328,31051939
2024-08-19,31.899999618530273,32.790000915527344,31.600000381469727,32.790000915527344,44573929
2024-08-20,33.70000076293945,34.41999816894531,33.5,34.41999816894531,20219725
2024-08-21,36.0,36.13999938964844,36.0,36.13999938964844,21769768
2024-08-22,37.939998626708984,37.939998626708984,35.369998931884766,36.29999923706055,230392058
2024-08-23,36.7400016784668,38.11000061035156,34.47999954223633,34.47999954223633,340375309
2024-08-26,32.75,32.75,32.75,32.75,9931761
2024-08-27,31.110000610351562,31.110000610351562,31.110000610351562,31.110000610351562,7812060
2024-08-28,30.549999237060547,32.470001220703125,30.549999237060547,31.26000022888184,216452323
2024-08-29,31.399999618530273,31.530000686645508,30.0,30.56999969482422,51774178
2024-08-30,30.709999084472656,31.270000457763672,30.32999992370605,30.559999465942383,39429788
2024-09-02,30.600000381469727,30.790000915527344,29.61000061035156,30.09000015258789,37044245
2024-09-03,30.0,30.34000015258789,29.520000457763672,29.57999992370605,24914388
2024-09-04,29.26000022888184,31.049999237060547,29.26000022888184,31.049999237060547,32092690
2024-09-05,31.959999084472656,32.25,30.709999084472656,30.850000381469727,54357242
2024-09-06,31.100000381469727,31.15999984741211,29.860000610351562,30.219999313354492,27629229
2024-09-09,30.14999961853028,30.280000686645508,29.209999084472656,29.71999931335449,24414525
2024-09-10,29.81999969482422,30.690000534057617,29.690000534057617,30.030000686645508,27203820
2024-09-11,30.190000534057617,30.68000030517578,29.5,29.559999465942383,21910317
2024-09-12,29.809999465942383,30.100000381469727,29.25,29.670000076293945,24872985
2024-09-13,29.68000030517578,30.32999992370605,29.649999618530277,29.82999992370605,16361976
2024-09-16,30.299999237060547,31.31999969482422,29.920000076293945,31.049999237060547,44099018
2024-09-17,31.700000762939453,31.88999938964844,30.600000381469727,31.39999961853028,44713761
2024-09-18,32.970001220703125,32.970001220703125,32.970001220703125,32.970001220703125,9027669
2024-09-19,34.61000061035156,34.61000061035156,33.5099983215332,34.61000061035156,130356791
2024-09-20,36.310001373291016,36.34000015258789,35.52000045776367,36.34000015258789,51425308
2024-09-23,38.150001525878906,38.150001525878906,38.150001525878906,38.150001525878906,9918715
2024-09-24,40.04999923706055,40.04999923706055,40.04999923706055,40.04999923706055,9236911
2024-09-25,42.04999923706055,42.04999923706055,40.25,42.04999923706055,233068621
2024-09-26,42.70000076293945,44.150001525878906,42.29999923706055,44.150001525878906,158323050
2024-09-27,46.349998474121094,46.349998474121094,46.349998474121094,46.349998474121094,19719095
2024-09-30,46.25,48.65999984741211,44.209999084472656,48.65999984741211,209326581
2024-10-01,51.09000015258789,51.09000015258789,49.619998931884766,51.09000015258789,163084765
2024-10-03,52.09000015258789,53.63999938964844,51.59000015258789,53.63999938964844,53668699
2024-10-04,53.400001525878906,53.400001525878906,50.95000076293945,50.95000076293945,92740727
2024-10-07,48.400001525878906,48.400001525878906,48.400001525878906,48.400001525878906,6420558
2024-10-08,45.97999954223633,45.97999954223633,45.97999954223633,45.97999954223633,7930602
2024-10-09,45.54999923706055,48.27000045776367,45.09999847412109,48.27000045776367,40671279
2024-10-10,48.310001373291016,49.70000076293945,45.849998474121094,46.560001373291016,52197731
2024-10-11,45.81999969482422,45.88999938964844,44.22999954223633,44.22999954223633,26347216
2024-10-14,43.13999938964844,45.79999923706055,43.13999938964844,43.529998779296875,23971906
2024-10-15,43.939998626708984,44.54999923706055,42.20000076293945,44.369998931884766,17211996
2024-10-16,44.369998931884766,44.369998931884766,42.75,43.93999862670898,15458370
2024-10-17,43.779998779296875,43.900001525878906,41.7400016784668,41.7400016784668,15542858
2024-10-18,40.5099983215332,43.0,39.650001525878906,42.45000076293945,24207873
2024-10-21,42.599998474121094,42.95000076293945,40.31999969482422,40.459999084472656,16140502
2024-10-22,40.36000061035156,41.0,38.43000030517578,38.43000030517578,18474553
2024-10-23,37.29999923706055,40.34999847412109,37.29999923706055,40.34999847412109,16409530
2024-10-24,41.08000183105469,42.36000061035156,40.79999923706055,42.36000061035156,12428313
2024-10-25,43.5,44.349998474121094,40.2400016784668,43.20000076293945,27485988
2024-10-28,43.20000076293945,43.97999954223633,41.09999847412109,41.5,16116086
2024-10-29,41.290000915527344,41.45000076293945,40.0,41.08000183105469,10029529
2024-10-30,41.0,42.779998779296875,40.29999923706055,41.93000030517578,9945976
2024-10-31,42.150001525878906,43.20000076293945,41.400001525878906,42.72999954223633,7640086
2024-11-01,43.400001525878906,43.400001525878906,42.66999816894531,43.029998779296875,6231641
2024-11-04,42.5,42.5,40.869998931884766,42.029998779296875,13876998
2024-11-05,42.0,42.5,41.36000061035156,41.52000045776367,7952064
2024-11-06,41.79999923706055,43.59000015258789,41.5,43.59000015258789,13144820
2024-11-07,44.70000076293945,45.7599983215332,43.25,43.77000045776367,53208847
2024-11-08,41.58000183105469,41.58000183105469,41.58000183105469,41.58000183105469,14385057
2024-11-11,39.5,39.5,39.5,39.5,3832048
2024-11-12,38.5,40.72999954223633,37.52000045776367,38.380001068115234,43580968
2024-11-13,37.599998474121094,38.380001068115234,36.459999084472656,36.459999084472656,21183157
2024-11-14,35.5,37.790000915527344,35.150001525878906,35.93000030517578,15505929
2024-11-18,35.93000030517578,36.0,34.130001068115234,34.130001068115234,18813017
2024-11-19,34.04999923706055,35.83000183105469,33.29999923706055,35.7400016784668,12855415
2024-11-21,35.599998474121094,35.599998474121094,34.060001373291016,34.279998779296875,13783304
2024-11-22,34.900001525878906,35.599998474121094,33.810001373291016,35.04999923706055,9763592
2024-11-25,35.93000030517578,36.79999923706055,34.25,34.59000015258789,15889872
2024-11-26,34.599998474121094,36.310001373291016,34.45000076293945,36.310001373291016,9178718
2024-11-27,37.45000076293945,38.119998931884766,36.0,38.119998931884766,13573329
2024-11-28,39.13999938964844,40.02000045776367,38.47999954223633,40.0,21162543
2024-11-29,40.0,40.0,38.29999923706055,38.70000076293945,12356868
2024-12-02,38.70000076293945,39.0,37.34999847412109,38.869998931884766,7614873
2024-12-03,38.88999938964844,39.400001525878906,38.59999847412109,39.13999938964844,8203923
2024-12-04,41.09000015258789,41.09000015258789,41.09000015258789,41.09000015258789,7785254
2024-12-05,42.900001525878906,43.13999938964844,42.099998474121094,43.13999938964844,27780308
2024-12-06,43.79999923706055,45.25,43.20000076293945,44.4900016784668,22579913
2024-12-09,45.38999938964844,45.93999862670898,43.5,44.38999938964844,14247171
2024-12-10,44.79999923706055,45.150001525878906,42.5,44.86000061035156,19552400
2024-12-11,45.29999923706055,45.29999923706055,43.900001525878906,44.040000915527344,11944138
2024-12-12,46.2400016784668,46.2400016784668,45.720001220703125,46.2400016784668,24744101
2024-12-13,46.599998474121094,48.0,44.54999923706055,47.45000076293945,21123733
2024-12-16,47.70000076293945,48.5,46.5,47.22999954223633,14399663
2024-12-17,46.9900016784668,48.0,46.0,46.709999084472656,13400599
2024-12-18,46.84999847412109,47.2400016784668,44.79999923706055,44.880001068115234,10098454
2024-12-19,43.5099983215332,47.119998931884766,43.0099983215332,46.91999816894531,17004748
2024-12-20,47.79999923706055,47.88999938964844,44.599998474121094,44.75,15887901
2024-12-23,44.97999954223633,45.470001220703125,43.599998474121094,43.790000915527344,9908045
2024-12-24,43.93000030517578,45.189998626708984,43.54999923706055,44.439998626708984,8177107
2024-12-26,44.43999862670898,45.380001068115234,44.04999923706055,44.130001068115234,6265768
2024-12-27,45.599998474121094,45.619998931884766,42.95000076293945,43.15999984741211,7827440
2024-12-30,43.0,43.869998931884766,41.2599983215332,41.84999847412109,12743524
2024-12-31,41.650001525878906,42.790000915527344,41.400001525878906,42.59999847412109,16854568
2025-01-01,42.88999938964844,44.72999954223633,42.599998474121094,44.72999954223633,33005564
2025-01-02,44.91999816894531,46.68999862670898,44.150001525878906,46.290000915527344,38974368
2025-01-03,46.189998626708984,47.25,45.599998474121094,45.79999923706055,25173373
2025-01-06,45.79999923706055,46.09999847412109,43.5099983215332,43.5099983215332,36739794
2025-01-07,42.84999847412109,44.18999862670898,42.5,43.400001525878906,24607193
2025-01-08,43.400001525878906,43.5,41.560001373291016,42.380001068115234,17710671
2025-01-09,42.36000061035156,42.36000061035156,40.2599983215332,40.2599983215332,15797608
2025-01-10,40.2599983215332,40.9900016784668,38.79999923706055,38.97999954223633,37685704
2025-01-13,38.38999938964844,39.5,37.02999877929688,37.02999877929688,21074467
2025-01-14,37.38999938964844,38.880001068115234,36.4900016784668,38.880001068115234,22424263
2025-01-15,38.93999862670898,40.45000076293945,38.43000030517578,39.2400016784668,19717894
2025-01-16,40.04999923706055,41.20000076293945,40.04999923706055,41.20000076293945,17556401
2025-01-17,41.5,42.95000076293945,41.09999847412109,42.060001373291016,20349975
2025-01-20,42.38999938964844,42.70000076293945,40.43000030517578,40.77999877929688,24420919
2025-01-21,41.38999938964844,41.58000183105469,39.86000061035156,40.11000061035156,11491641
2025-01-22,40.5,41.0,38.540000915527344,39.45000076293945,14973841
2025-01-23,40.09000015258789,40.540000915527344,39.310001373291016,39.630001068115234,8591590
2025-01-24,39.52000045776367,40.0,38.310001373291016,38.52000045776367,8229512
2025-01-27,38.4900016784668,38.5,36.59000015258789,36.709999084472656,15153131
2025-01-28,36.720001220703125,38.18000030517578,35.189998626708984,36.84999847412109,22096368
2025-01-29,37.59999847412109,38.68999862670898,37.34999847412109,38.650001525878906,12072838
2025-01-30,38.810001373291016,39.75,38.209999084472656,38.66999816894531,14301589
2025-01-31,38.83000183105469,40.400001525878906,38.56999969482422,40.09000015258789,12689576
2025-02-01,40.22999954223633,40.47999954223633,38.5,39.09999847412109,16353318
2025-02-03,38.54999923706055,38.849998474121094,37.619998931884766,38.0,11816377
2025-02-04,38.45000076293945,39.900001525878906,38.310001373291016,39.900001525878906,22124568
2025-02-05,40.20000076293945,40.95000076293945,39.52000045776367,39.91999816894531,16432223
2025-02-06,41.36000061035156,43.939998626708984,40.959999084472656,42.38999938964844,72713447
2025-02-07,42.599998474121094,43.38999938964844,41.5099983215332,41.84000015258789,30242652
2025-02-10,42.400001525878906,42.59000015258789,39.7599983215332,41.0,23468901
2025-02-11,41.0,41.0,38.619998931884766,39.09000015258789,21420452
2025-02-12,39.0099983215332,40.279998779296875,37.119998931884766,39.45000076293945,30838570
2025-02-13,39.650001525878906,40.79999923706055,39.09999847412109,39.560001373291016,18215262
2025-02-14,39.59000015258789,39.75,36.66999816894531,37.27000045776367,29114187
2025-02-17,37.189998626708984,37.88999938964844,35.90999984741211,36.939998626708984,23853325
2025-02-18,37.150001525878906,37.439998626708984,36.06999969482422,36.779998779296875,14308712
2025-02-19,36.279998779296875,38.400001525878906,36.04999923706055,37.95000076293945,19024449
2025-02-20,37.900001525878906,38.650001525878906,37.5,38.15999984741211,13736316
2025-02-21,37.9900016784668,39.150001525878906,37.52000045776367,37.70000076293945,15678732
2025-02-24,37.400001525878906,37.54999923706055,36.70000076293945,36.79999923706055,11570405
2025-02-25,37.0,37.54999923706055,36.209999084472656,36.52000045776367,10968496
2025-02-27,36.70000076293945,36.88999938964844,34.400001525878906,34.75,20814224
2025-02-28,34.33000183105469,34.7599983215332,33.0,33.2599983215332,27889162
2025-03-03,33.459999084472656,34.47999954223633,31.270000457763672,32.91999816894531,32477141
2025-03-04,32.099998474121094,33.900001525878906,32.04999923706055,33.08000183105469,25681936
2025-03-05,33.20000076293945,34.81999969482422,33.20000076293945,34.65999984741211,22570968
2025-03-06,35.150001525878906,36.13999938964844,34.439998626708984,35.189998626708984,36413100
2025-03-07,35.29999923706055,36.369998931884766,34.939998626708984,36.040000915527344,29894193
2025-03-10,36.25,36.75,34.04999923706055,34.41999816894531,19881131
2025-03-11,34.09000015258789,34.34000015258789,33.349998474121094,34.0,17067653
2025-03-12,34.29999923706055,34.88999938964844,33.29999923706055,33.63999938964844,15483657
2025-03-13,34.18000030517578,34.650001525878906,33.31999969482422,33.38999938964844,16251003
2025-03-17,33.75,33.95000076293945,32.900001525878906,33.02000045776367,16760081
2025-03-18,33.02000045776367,33.02000045776367,33.02000045776367,33.02000045776367,0
2025-03-19,35.11000061035156,38.349998474121094,35.11000061035156,37.720001220703125,43889294
2025-03-20,38.11000061035156,38.290000915527344,36.29999923706055,36.45000076293945,25546028
2025-03-21,36.459999084472656,38.099998474121094,36.45000076293945,37.81999969482422,29345685
2025-03-24,38.20000076293945,38.86000061035156,37.79999923706055,38.209999084472656,24370111
2025-03-25,38.58000183105469,38.599998474121094,36.72999954223633,37.25,23119832
2025-03-26,37.119998931884766,41.400001525878906,36.88999938964844,39.470001220703125,101785458
2025-03-27,39.38999938964844,43.599998474121094,38.720001220703125,42.970001220703125,84101250
2025-03-28,43.16999816894531,44.7599983215332,42.400001525878906,42.97999954223633,84943588
2025-04-01,41.95000076293945,43.34000015258789,41.61000061035156,41.9900016784668,34628938
2025-04-02,41.93000030517578,42.7599983215332,41.04999923706055,42.310001373291016,31200326
2025-04-03,41.959999084472656,44.47999954223633,41.90999984741211,43.15999984741211,57383571
2025-04-04,43.09999847412109,43.400001525878906,41.060001373291016,41.34999847412109,35279693
2025-04-07,35.63999938964844,39.43999862670898,35.11000061035156,39.02000045776367,47790336
2025-04-08,40.79999923706055,41.06999969482422,39.34999847412109,39.83000183105469,24440587
2025-04-09,39.79999923706055,40.45000076293945,38.61000061035156,39.0,25018021
2025-04-11,40.5,40.650001525878906,39.20000076293945,40.02999877929688,27790938
2025-04-15,40.25,42.619998931884766,40.150001525878906,41.630001068115234,37743170
2025-04-16,41.84999847412109,42.58000183105469,41.52999877929688,41.83000183105469,28572869
2025-04-17,41.95000076293945,42.970001220703125,41.65999984741211,42.130001068115234,34311985
2025-04-21,42.349998474121094,44.66999816894531,42.04999923706055,44.220001220703125,65646083
2025-04-22,44.349998474121094,44.88999938964844,43.31999969482422,43.56999969482422,38248474
2025-04-23,43.81999969482422,44.130001068115234,42.36000061035156,43.529998779296875,36761938
2025-04-24,43.5,46.84999847412109,43.18999862670898,44.369998931884766,108970603
2025-04-25,44.560001373291016,44.900001525878906,40.90999984741211,41.36000061035156,76761733
2025-04-28,41.36000061035156,42.040000915527344,40.720001220703125,41.36000061035156,37007673
2025-04-29,41.79999923706055,42.619998931884766,40.81999969482422,41.0099983215332,42948903
2025-04-30,41.209999084472656,41.63999938964844,39.59999847412109,39.9900016784668,38773258
2025-05-02,40.75,41.54999923706055,40.119998931884766,40.22999954223633,41005943
2025-05-05,40.790000915527344,41.20000076293945,39.88999938964844,40.7400016784668,34447842
2025-05-06,40.88999938964844,41.13999938964844,38.119998931884766,38.25,43929196
2025-05-07,37.5,39.65999984741211,37.40999984741211,39.11000061035156,42652974
2025-05-08,39.70000076293945,40.09999847412109,37.84999847412109,38.2599983215332,35496065
2025-05-09,37.34999847412109,38.88999938964844,37.0,38.650001525878906,46574438
2025-05-12,42.400001525878906,43.91999816894531,41.2599983215332,42.77000045776367,164808188
2025-05-13,43.0,44.20000076293945,42.560001373291016,43.5099983215332,72440273
2025-05-14,43.709999084472656,44.599998474121094,43.5099983215332,44.310001373291016,51939999
2025-05-15,44.5,45.09999847412109,44.0,44.29999923706055,42282467
2025-05-16,44.400001525878906,45.369998931884766,43.86000061035156,45.06999969482422,66255066
2025-05-19,45.45000076293945,46.72999954223633,45.25,45.68999862670898,52981252
2025-05-20,46.04999923706055,46.810001373291016,44.52000045776367,44.72999954223633,59562425
2025-05-21,44.970001220703125,45.400001525878906,44.43000030517578,44.95000076293945,37308403
2025-05-22,45.0,45.70000076293945,43.849998474121094,44.59000015258789,42543687
2025-05-23,45.0,53.099998474121094,44.400001525878906,51.900001525878906,429237402
2025-05-26,52.900001525878906,55.099998474121094,50.099998474121094,50.68000030517578,237112807
2025-05-27,50.93000030517578,52.38999938964844,49.72999954223633,52.040000915527344,159938245
2025-05-28,52.5,52.720001220703125,50.209999084472656,50.43000030517578,95403583
2025-05-29,51.25,53.09999847412109,50.7599983215332,52.220001220703125,149479562
2025-05-30,52.47999954223633,60.5,52.16999816894531,58.099998474121094,533953928
2025-06-02,58.63999938964844,62.79999923706055,58.54999923706055,61.970001220703125,464241205
2025-06-03,61.97999954223633,62.41999816894531,58.5099983215332,58.88999938964844,168539891
2025-06-04,59.0,62.099998474121094,58.540000915527344,60.93000030517578,244780840
2025-06-05,60.099998474121094,63.43000030517578,59.900001525878906,60.88999938964844,169284176
2025-06-06,61.38999938964844,63.25,61.0,61.63999938964844,136471813
2025-06-09,62.279998779296875,64.94999694824219,62.20000076293945,64.62000274658203,187999844
2025-06-10,65.69000244140625,72.2300033569336,65.3499984741211,71.23999786376953,496220802
2025-06-11,73.18000030517578,76.48999786376953,70.38999938964844,71.2699966430664,460345451
2025-06-12,71.0,72.19999694824219,68.05000305175781,69.72000122070312,219771642
2025-06-13,67.0,69.18000030517578,66.5999984741211,67.05000305175781,153750944
2025-06-16,67.5,69.0,64.66999816894531,66.9800033569336,151517646
2025-06-17,66.0,66.0999984741211,63.630001068115234,63.630001068115234,22295701
2025-06-18,62.02000045776367,66.80999755859375,60.439998626708984,66.80000305175781,43549562
2025-06-19,65.80000305175781,66.9000015258789,63.459999084472656,63.52000045776367,26266935
2025-06-20,62.59999847412109,65.0,61.0099983215332,63.54999923706055,24273563
2025-06-23,62.119998931884766,63.439998626708984,61.400001525878906,62.599998474121094,16936215
2025-06-24,64.0,64.55000305175781,63.099998474121094,63.58000183105469,17540317
2025-06-25,64.16999816894531,66.75,63.59999847412109,66.75,27912726
2025-06-26,66.80000305175781,68.25,65.6500015258789,66.5999984741211,24841653
2025-06-27,66.4800033569336,69.5,65.55000305175781,69.18000030517578,31098403
2025-06-30,70.33999633789062,70.9000015258789,69.18000030517578,70.29000091552734,23480048
2025-07-01,70.19000244140625,70.9000015258789,68.01000213623047,69.62999725341797,15830190
2025-07-02,69.5,69.62999725341797,67.3499984741211,68.05000305175781,15009250
2025-07-03,66.4000015258789,67.0,64.69999694824219,65.54000091552734,22631212
2025-07-04,64.55000305175781,67.0,63.59999847412109,66.08000183105469,13602845
2025-07-07,66.0999984741211,66.69999694824219,65.01000213623047,65.2699966430664,10021212
2025-07-08,65.0999984741211,66.19999694824219,64.75,65.12000274658203,9321274
2025-07-09,65.0999984741211,65.5,64.0,64.30999755859375,9233633
2025-07-10,64.3499984741211,65.25,63.849998474121094,64.41999816894531,7678777
2025-07-11,64.69999694824219,66.1500015258789,64.4000015258789,64.80999755859375,9794974
2025-07-14,65.25,66.0999984741211,64.25,65.29000091552734,9214960
2025-07-15,65.5,65.9000015258789,64.26000213623047,64.52999877929688,6983417
2025-07-16,64.5,66.8499984741211,64.30999755859375,66.05000305175781,12919800
2025-07-17,66.37999725341797,66.5999984741211,65.0,65.11000061035156,8460948
2025-07-18,64.80000305175781,65.0,63.0,64.0199966430664,10004558
2025-07-21,64.0199966430664,64.69999694824219,63.25,63.52000045776367,7135361
2025-07-22,63.25,63.25,61.290000915527344,61.36000061035156,13274778
2025-07-23,60.79999923706055,63.70000076293945,59.0,62.91999816894531,17448889
2025-07-24,62.77000045776367,62.77000045776367,59.77000045776367,59.77000045776367,13853185
2025-07-25,56.77999877929688,58.27000045776367,56.77999877929688,56.77999877929688,9818341
2025-07-28,55.0,56.7400016784668,53.93999862670898,53.93999862670898,39576009
2025-07-29,52.15999984741211,56.5,51.79999923706055,56.16999816894531,25472728
2025-07-30,56.29999923706055,56.4900016784668,53.36000061035156,53.36000061035156,13105188
2025-07-31,52.20000076293945,54.290000915527344,51.25,52.72999954223633,9084527
2025-08-01,50.43000030517578,51.88999938964844,50.09000015258789,50.09000015258789,18167004
2025-08-04,47.58000183105469,47.58000183105469,47.58000183105469,47.58000183105469,4328586
2025-08-05,45.20000076293945,45.20000076293945,45.20000076293945,45.20000076293945,4793501
2025-08-06,43.54999923706055,47.459999084472656,42.939998626708984,47.459999084472656,62422211
2025-08-07,45.79999923706055,46.5,45.08000183105469,45.119998931884766,24245234
2025-08-08,44.150001525878906,45.70000076293945,42.86000061035156,43.02999877929688,17569894
2025-08-11,43.02999877929688,44.68000030517578,42.5,43.81999969482422,11525383
2025-08-12,44.09999847412109,44.650001525878906,43.369998931884766,43.959999084472656,7236259
2025-08-13,44.099998474121094,44.099998474121094,41.7599983215332,42.290000915527344,16455569
2025-08-14,42.0,44.0,41.880001068115234,43.29999923706055,8076717
2025-08-18,44.5,44.91999816894531,43.0,43.27999877929688,10734755
2025-08-19,43.5,45.43999862670898,43.5,45.43999862670898,11440175
2025-08-20,46.77000045776367,47.709999084472656,46.349998474121094,47.709999084472656,9161128
2025-08-21,49.900001525878906,50.09000015258789,48.65999984741211,50.09000015258789,16833636
2025-08-22,50.84999847412109,50.84999847412109,48.09999847412109,48.90999984741211,13414091
2025-08-25,46.61000061035156,47.45000076293945,46.459999084472656,46.459999084472656,6080818
2025-08-26,44.130001068115234,47.459999084472656,44.130001068115234,44.72999954223633,19497581
2025-08-28,44.5,46.2400016784668,43.75,45.18000030517578,11710855
2025-08-29,45.20000076293945,45.5,43.54999923706055,43.91999816894531,6840297
2025-09-01,44.5,44.900001525878906,43.54999923706055,44.040000915527344,8156919
2025-09-02,44.45000076293945,46.2400016784668,44.11000061035156,46.2400016784668,8199350
2025-09-03,46.97999954223633,48.34000015258789,46.66999816894531,47.75,17393883
2025-09-04,48.25,48.47999954223633,45.65999984741211,46.43000030517578,7181505
2025-09-05,46.70000076293945,47.439998626708984,45.70000076293945,46.91999816894531,8776126
2025-09-08,47.09999847412109,47.400001525878906,46.02999877929688,46.16999816894531,4746541
2025-09-09,46.38999938964844,46.939998626708984,45.599998474121094,46.630001068115234,11782922
2025-09-10,46.900001525878906,47.58000183105469,44.599998474121094,46.7599983215332,20098274
2025-09-11,46.70000076293945,47.5,45.900001525878906,46.400001525878906,13210388
2025-09-12,46.45000076293945,46.97999954223633,45.54999923706055,45.790000915527344,13544648
2025-09-15,45.65999984741211,46.70000076293945,45.52000045776367,45.650001525878906,9901944
2025-09-16,45.88999938964844,47.93000030517578,45.77000045776367,47.93000030517578,47950418
2025-09-17,47.93000030517578,49.279998779296875,47.599998474121094,48.83000183105469,25881569
2025-09-18,48.97999954223633,48.9900016784668,47.29999923706055,47.439998626708984,15744830
2025-09-19,47.54999923706055,48.25,46.56999969482422,48.040000915527344,20855537
2025-09-22,47.88999938964844,49.369998931884766,47.70000076293945,48.83000183105469,23188693
2025-09-23,48.9900016784668,49.029998779296875,47.61000061035156,47.84000015258789,10414579
2025-09-24,47.86000061035156,47.9900016784668,46.310001373291016,46.459999084472656,9617394
2025-09-25,46.61000061035156,47.099998474121094,45.90999984741211,46.0099983215332,7077680
2025-09-26,46.22999954223633,46.29999923706055,44.5,44.7599983215332,10410505
2025-09-29,45.02000045776367,45.97999954223633,44.18000030517578,44.88999938964844,15371397
2025-09-30,45.38999938964844,45.779998779296875,44.11000061035156,44.36000061035156,9964236
2025-10-01,44.29999923706055,45.880001068115234,44.119998931884766,45.70000076293945,16463032
2025-10-03,45.880001068115234,47.400001525878906,45.220001220703125,46.47999954223633,18241806
2025-10-06,46.20000076293945,46.599998474121094,45.150001525878906,45.349998474121094,10253061
2025-10-07,45.0,45.290000915527344,44.400001525878906,44.560001373291016,10615798
2025-10-08,45.540000915527344,46.0,44.380001068115234,44.790000915527344,18725334
2025-10-09,44.900001525878906,44.93999862670898,43.75,44.45000076293945,13585817
2025-10-10,44.099998474121094,50.72999954223633,44.099998474121094,48.58000183105469,119816888
2025-10-13,43.54999923706055,47.5099983215332,43.54999923706055,46.220001220703125,82072398
2025-10-14,46.560001373291016,46.709999084472656,44.709999084472656,45.09999847412109,25300657
2025-10-15,45.0,46.400001525878906,44.400001525878906,44.88999938964844,28900377
2025-10-16,45.25,46.08000183105469,44.400001525878906,45.04999923706055,17652238
2025-10-17,45.29999923706055,45.47999954223633,44.5,44.63999938964844,12405278
2025-10-20,45.0,45.06999969482422,44.040000915527344,44.15999984741211,13555368
2025-10-21,44.15999984741211,44.79999923706055,44.15999984741211,44.380001068115234,4186023
2025-10-23,44.54999923706055,46.58000183105469,44.40999984741211,45.08000183105469,32789890
2025-10-24,45.29999923706055,45.349998474121094,44.79999923706055,45.20000076293945,12844107
2025-10-27,45.150001525878906,45.72999954223633,44.5,44.630001068115234,18889482
2025-10-28,44.70000076293945,45.09000015258789,43.27000045776367,43.68000030517578,19638505
2025-10-29,43.68000030517578,47.59999847412109,43.310001373291016,46.29999923706055,86779552
2025-10-30,45.93999862670898,47.75,45.59999847412109,46.54999923706055,37974173
2025-10-31,46.29999923706055,47.59999847412109,45.59999847412109,46.41999816894531,33047813
2025-11-03,46.0,46.58000183105469,43.04999923706055,43.88999938964844,71977053
2025-11-04,43.02000045776367,43.369998931884766,40.400001525878906,40.720001220703125,89467539
2025-11-06,40.150001525878906,41.75,38.5,41.06999969482422,116769837
2025-11-07,41.2400016784668,41.2400016784668,39.0,39.18999862670898,47890590
2025-11-10,39.20000076293945,42.29999923706055,38.0,41.099998474121094,107659989
2025-11-11,41.0,41.72999954223633,39.91999816894531,41.189998626708984,61738021
2025-11-12,41.70000076293945,42.869998931884766,41.5,41.709999084472656,48742959
2025-11-13,41.880001068115234,42.59000015258789,41.0,41.2599983215332,42502044
2025-11-14,41.119998931884766,41.77000045776367,41.0,41.33000183105469,20734393
2025-11-17,41.7400016784668,42.380001068115234,40.70000076293945,40.86000061035156,35597089
2025-11-18,41.099998474121094,41.22999954223633,40.0,40.060001373291016,22517099
2025-11-19,40.20000076293945,40.41999816894531,39.630001068115234,39.93000030517578,25941417
2025-11-20,40.5,41.75,39.0,39.31999969482422,57712412
2025-11-21,39.9900016784668,39.9900016784668,38.75,38.84000015258789,24158857
2025-11-24,39.13999938964844,39.25,36.70000076293945,37.040000915527344,35050485
2025-11-25,37.0,37.86000061035156,36.83000183105469,37.20000076293945,30132335
2025-11-26,37.209999084472656,39.790000915527344,37.209999084472656,39.47999954223633,87191811
2025-11-27,40.0,40.79999923706055,39.5099983215332,40.209999084472656,65442955
2025-11-28,40.0,40.4900016784668,39.209999084472656,39.95000076293945,39216334
2025-12-01,39.86000061035156,40.130001068115234,38.79999923706055,38.91999816894531,21121484
2025-12-02,38.810001373291016,39.619998931884766,38.45000076293945,38.900001525878906,23038039
2025-12-03,38.7599983215332,39.060001373291016,38.04999923706055,38.40999984741211,19042693
2025-12-04,38.79999923706055,38.900001525878906,37.93000030517578,38.18000030517578,19759320
2025-12-05,38.290000915527344,38.29999923706055,37.400001525878906,37.68000030517578,15691246
2025-12-08,37.0,37.20000076293945,35.11000061035156,35.400001525878906,47507226
2025-12-09,35.400001525878906,36.11000061035156,34.5,35.619998931884766,39897531
2025-12-10,35.45000076293945,36.040000915527344,33.75,33.97999954223633,47374011
2025-12-11,33.97999954223633,34.20000076293945,32.400001525878906,33.540000915527344,58073861
2025-12-12,34.04999923706055,34.70000076293945,33.65999984741211,34.529998779296875,36916286
2025-12-15,34.310001373291016,35.06999969482422,34.029998779296875,34.349998474121094,33820011
2025-12-16,34.25,35.45000076293945,34.11000061035156,34.61000061035156,39451200
2025-12-17,34.83000183105469,37.43000030517578,34.5,35.689998626708984,137652546
2025-12-18,36.18999862670898,39.38999938964844,35.689998626708984,37.77999877929688,150046731
2025-12-19,38.0,38.849998474121094,37.68000030517578,38.560001373291016,52165113
2025-12-22,38.29999923706055,38.310001373291016,35.0,35.279998779296875,87976317
2025-12-23,35.45000076293945,36.88999938964844,34.59000015258789,36.27999877929688,81289761
2025-12-24,36.290000915527344,38.70000076293945,36.13999938964844,38.15999984741211,79204456
2025-12-26,38.34999847412109,38.54999923706055,36.2599983215332,36.540000915527344,50050397
2025-12-29,36.54999923706055,36.95000076293945,35.099998474121094,35.29999923706055,40796438
2025-12-30,35.70000076293945,35.70000076293945,33.349998474121094,33.65999984741211,99218059
2025-12-31,34.0,35.20000076293945,33.93000030517578,34.849998474121094,46879229
2026-01-01,35.36000061035156,35.52000045776367,34.54999923706055,34.720001220703125,27715090
2026-01-02,34.790000915527344,36.20000076293945,34.650001525878906,35.93000030517578,38879950
2026-01-05,35.93000030517578,36.40999984741211,35.119998931884766,35.849998474121094,27309057
2026-01-06,35.849998474121094,35.970001220703125,35.040000915527344,35.150001525878906,19164850
2026-01-07,35.16999816894531,35.2400016784668,34.75,35.02000045776367,14886007
2026-01-08,35.02000045776367,35.279998779296875,34.20000076293945,34.34000015258789,19611328
2026-01-09,34.2400016784668,34.689998626708984,33.70000076293945,33.880001068115234,25557023
2026-01-12,33.880001068115234,33.880001068115234,32.630001068115234,33.40999984741211,30498031
2026-01-13,33.900001525878906,34.220001220703125,33.13999938964844,33.459999084472656,39002540
2026-01-14,33.400001525878906,33.79999923706055,33.02000045776367,33.18000030517578,18407414
2026-01-15,33.18000030517578,33.18000030517578,33.18000030517578,33.18000030517578,0
2026-01-16,31.56999969482422,32.650001525878906,31.56999969482422,31.8799991607666,45354347
2026-01-19,31.979999542236328,32.13999938964844,31.0,31.110000610351562,35056032
2026-01-20,31.25,31.3700008392334,29.75,29.93000030517578,49689186
2026-01-21,30.0,30.3799991607666,29.399999618530273,29.610000610351562,58170056
2026-01-22,30.040000915527344,30.389999389648438,29.43000030517578,29.969999313354492,28523882
2026-01-23,30.399999618530273,30.399999618530273,28.0,28.270000457763672,54023006
2026-01-27,28.0,28.5,26.829999923706055,27.43000030517578,59312391
2026-01-28,27.809999465942383,29.68000030517578,27.549999237060547,29.399999618530273,63742888
2026-01-29,29.700000762939453,29.959999084472656,27.61000061035156,27.770000457763672,46966639
2026-01-30,27.770000457763672,28.700000762939453,27.100000381469727,28.25,49788152
2026-02-02,27.200000762939453,27.290000915527344,25.920000076293945,26.81999969482422,51171309
2026-02-03,28.200000762939453,28.399999618530277,27.13999938964844,28.170000076293945,46514007
2026-02-04,27.959999084472656,31.89999961853028,27.68000030517578,28.940000534057617,254948769
2026-02-05,29.139999389648438,29.18000030517578,27.860000610351562,28.1200008392334,57775559
2026-02-06,27.850000381469727,28.09000015258789,27.299999237060547,27.979999542236328,36274661
2026-02-09,28.5,28.850000381469727,27.860000610351562,28.43000030517578,37947374
2026-02-10,28.5,29.450000762939453,28.25,28.459999084472656,33121117
2026-02-11,28.549999237060547,28.579999923706055,27.729999542236328,27.860000610351562,29501355
2026-02-12,27.75,27.799999237060547,27.1299991607666,27.610000610351562,23121247
2026-02-13,27.40999984741211,27.420000076293945,26.700000762939453,26.799999237060547,24365146
2026-02-16,26.799999237060547,26.850000381469727,26.329999923706055,26.65999984741211,22534755
2026-02-17,26.799999237060547,27.5,26.700000762939453,27.329999923706055,36850286
2026-02-18,27.329999923706055,27.899999618530273,27.229999542236328,27.43000030517578,24487656
2026-02-19,27.299999237060547,27.43000030517578,26.649999618530273,26.739999771118164,21694897
2026-02-20,26.5,26.68000030517578,26.0,26.25,17440385
2026-02-23,26.299999237060547,26.5,25.540000915527344,25.89999961853028,31188803
2026-02-24,25.600000381469727,25.75,25.0,25.440000534057617,25481919
2026-02-25,25.399999618530273,25.979999542236328,25.25,25.540000915527344,23816041
2026-02-26,25.15999984741211,25.389999389648438,24.899999618530273,25.239999771118164,28675952
2026-02-27,25.010000228881836,25.299999237060547,23.299999237060547,23.969999313354492,46686630
2026-03-02,22.200000762939453,23.719999313354492,22.190000534057617,22.979999542236328,62641973
2026-03-04,22.739999771118164,24.100000381469727,22.1299991607666,23.170000076293945,81816662
2026-03-05,23.290000915527344,23.43000030517578,22.11000061035156,22.549999237060547,54097347
2026-03-06,22.40999984741211,23.239999771118164,22.290000915527344,22.440000534057617,50662050
2026-03-09,22.0,22.5,21.1299991607666,22.239999771118164,59298429
2026-03-10,22.420000076293945,22.799999237060547,22.100000381469727,22.709999084472656,34606931
2026-03-11,22.729999542236328,23.729999542236328,22.6200008392334,22.860000610351562,50916854
2026-03-12,22.649999618530277,24.280000686645508,22.280000686645508,23.65999984741211,78959343
2026-03-13,23.709999084472656,24.059999465942383,22.049999237060547,22.25,54253273
2026-03-16,22.440000534057617,22.59000015258789,21.8799991607666,22.420000076293945,50187806
2026-03-17,22.600000381469727,22.6200008392334,21.799999237060547,21.940000534057617,37577081
2026-03-18,22.170000076293945,23.040000915527344,22.100000381469727,22.739999771118164,42439197
2026-03-19,22.479999542236328,22.479999542236328,21.700000762939453,21.799999237060547,28699681
2026-03-20,22.0,23.489999771118164,21.969999313354492,22.6200008392334,73413252
2026-03-23,22.549999237060547,22.549999237060547,20.799999237060547,20.96999931335449,52461895
2026-03-24,21.950000762939453,21.950000762939453,20.899999618530273,21.399999618530273,49913772
2026-03-25,21.68000030517578,23.299999237060547,21.6200008392334,22.670000076293945,95720941
2026-03-27,22.600000381469727,22.75,21.209999084472656,21.350000381469727,90416080
2026-03-30,21.149999618530273,21.6299991607666,20.170000076293945,20.360000610351562,70358268
2026-04-01,21.649999618530273,22.670000076293945,21.079999923706055,22.350000381469727,78570171
2026-04-02,21.68000030517578,22.88999938964844,21.18000030517578,22.63999938964844,64121713
2026-04-06,22.64999961853028,23.729999542236328,22.030000686645508,23.299999237060547,92833211
2026-04-07,23.200000762939453,23.649999618530273,22.93000030517578,23.399999618530273,54870544
2026-04-08,24.450000762939453,25.100000381469727,24.170000076293945,24.76000022888184,94607637
2026-04-09,24.8799991607666,25.690000534057617,24.350000381469727,24.6200008392334,76097165
2026-04-10,24.68000030517578,25.68000030517578,24.6200008392334,25.209999084472656,59127901
2026-04-13,24.690000534057617,27.389999389648438,24.030000686645508,26.110000610351562,125266401
2026-04-15,26.950000762939453,29.950000762939453,26.850000381469727,28.940000534057617,250087845
2026-04-16,29.450000762939453,29.75,28.36000061035156,28.88999938964844,134687712
2026-04-17,28.88999938964844,29.479999542236328,28.5,28.68000030517578,74212246
2026-04-20,29.0,29.0,27.76000022888184,28.09000015258789,49129786
2026-04-21,28.0,29.690000534057617,27.899999618530273,28.350000381469727,75753678
2026-04-22,28.399999618530277,30.5,28.32999992370605,30.25,130508684
2026-04-23,30.15999984741211,30.799999237060547,29.799999237060547,30.09000015258789,107829743
2026-04-24,30.100000381469727,30.32999992370605,28.1200008392334,28.39999961853028,89355975
2026-04-27,28.739999771118164,30.09000015258789,28.540000915527344,29.420000076293945,77208573
2026-04-28,29.5,30.170000076293945,29.34000015258789,29.549999237060547,50367662
2026-04-29,29.899999618530277,30.200000762939453,28.81999969482422,28.989999771118164,46865487
2026-04-30,28.5,29.280000686645508,28.200000762939453,28.61000061035156,48139160
2026-05-01,28.610000610351562,28.610000610351562,28.610000610351562,28.610000610351562,0
2026-05-04,28.780000686645508,29.21999931335449,28.229999542236328,28.729999542236328,45478759
2026-05-05,28.75,29.40999984741211,28.25,28.3700008392334,45503753
2026-05-06,28.639999389648438,29.280000686645508,28.420000076293945,29.170000076293945,38433520
2026-05-07,29.31999969482422,29.520000457763672,28.899999618530277,29.1200008392334,33036867
2026-05-08,29.1200008392334,29.190000534057617,28.600000381469727,28.700000762939453,24546660
2026-05-11,28.420000076293945,28.420000076293945,27.649999618530273,27.989999771118164,28089444
2026-05-12,27.989999771118164,28.600000381469727,27.149999618530273,27.299999237060547,44020889
2026-05-13,27.299999237060547,27.899999618530273,27.200000762939453,27.299999237060547,39446561
2026-05-14,27.5,28.299999237060547,26.670000076293945,27.86000061035156,49164002
2026-05-15,27.86000061035156,27.950000762939453,27.0,27.1200008392334,34553897
2026-05-18,26.989999771118164,27.0,25.93000030517578,26.700000762939453,41946417
2026-05-19,26.700000762939453,27.31999969482422,26.700000762939453,27.110000610351562,27438405
2026-05-20,26.790000915527344,27.450000762939453,26.600000381469727,27.1299991607666,21470387
2026-05-21,27.31999969482422,28.040000915527344,27.0,27.260000228881836,33774070
2026-05-22,26.700000762939453,27.579999923706055,26.260000228881836,27.079999923706055,37751721
2026-05-25,27.389999389648438,27.579999923706055,26.600000381469727,26.729999542236328,33773650
2026-05-26,26.75,27.479999542236328,26.649999618530273,26.690000534057617,35614155
2026-05-27,26.649999618530273,28.209999084472656,26.610000610351562,27.649999618530273,75780779
2026-05-28,27.649999618530277,27.649999618530277,27.649999618530277,27.649999618530277,0
2026-05-29,28.0,28.75,27.3799991607666,27.639999389648438,50904392
2026-06-01,28.0,28.15999984741211,26.51000022888184,26.76000022888184,35423613
2026-06-02,26.71999931335449,27.100000381469727,26.25,26.96999931335449,33815045
2026-06-03,27.049999237060547,27.200000762939453,26.280000686645508,27.07999992370605,28985660
2026-06-04,26.950000762939453,27.860000610351562,26.75,27.389999389648438,33322158
2026-06-05,27.440000534057617,28.940000534057617,27.3799991607666,28.59000015258789,66252903
2026-06-08,28.229999542236328,28.739999771118164,26.860000610351562,27.25,44627646
2026-06-09,27.600000381469727,27.89999961853028,26.89999961853028,27.780000686645508,42150173
2026-06-10,27.700000762939453,28.100000381469727,26.31999969482422,26.670000076293945,40894457
2026-06-11,26.450000762939453,26.479999542236328,25.510000228881836,25.719999313354492,36563357
2026-06-12,26.200000762939453,26.76000022888184,26.01000022888184,26.61000061035156,36195666
2026-06-15,27.030000686645508,27.6299991607666,26.450000762939453,26.639999389648438,32436412
2026-06-16,26.90999984741211,27.270000457763672,26.65999984741211,27.0,28763881
2026-06-17,27.100000381469727,27.350000381469727,26.65999984741211,26.850000381469727,37977276
2026-06-18,26.979999542236328,27.350000381469727,26.559999465942383,26.65999984741211,23272022
2026-06-19,26.600000381469727,26.850000381469727,26.020000457763672,26.100000381469727,33990385
2026-06-22,26.420000076293945,27.190000534057617,26.299999237060547,26.479999542236328,43961002
2026-06-23,26.61000061035156,26.63999938964844,25.75,25.850000381469727,33125470
2026-06-24,25.899999618530277,26.040000915527344,25.100000381469727,25.190000534057617,32054826
2026-06-25,25.43000030517578,25.579999923706055,24.81999969482422,24.8799991607666,22994220
2026-06-26,24.8799991607666,24.8799991607666,24.8799991607666,24.8799991607666,0
2026-06-29,24.799999237060547,24.829999923706055,24.010000228881836,24.139999389648438,27464501
2026-06-30,24.200000762939453,25.299999237060547,24.200000762939453,24.84000015258789,42654691
2026-07-01,25.139999389648438,29.399999618530273,24.969999313354492,27.170000076293945,347938381
2026-07-02,27.479999542236328,27.75,26.3799991607666,26.5,71381865
2026-07-03,26.89999961853028,26.89999961853028,25.600000381469727,25.700000762939453,52124005
2026-07-06,25.649999618530273,25.649999618530273,25.1200008392334,25.239999771118164,22786509
2026-07-07,25.25,25.489999771118164,24.799999237060547,24.959999084472656,24319873
2026-07-08,24.899999618530273,25.399999618530273,24.350000381469727,24.6299991607666,39464319
2026-07-09,24.399999618530273,25.049999237060547,24.299999237060547,24.790000915527344,25149964
2026-07-10,25.049999237060547,25.510000228881836,25.030000686645508,25.1200008392334,22117596
2026-07-13,24.82999992370605,25.25,24.51000022888184,24.979999542236328,24104630
2026-07-14,24.770000457763672,25.06999969482422,24.450000762939453,24.520000457763672,20841983
2026-07-15,24.61000061035156,24.739999771118164,24.25,24.32999992370605,19348886
2026-07-16,24.450000762939453,25.399999618530273,24.25,24.59000015258789,30303833
2026-07-17,24.790000915527344,24.799999237060547,24.200000762939453,24.440000534057617,15894598
2026-07-20,24.299999237060547,24.579999923706055,24.1299991607666,24.31999969482422,16576667
2026-07-21,24.309999465942383,24.59000015258789,24.25,24.299999237060547,11124221
2026-07-22,24.350000381469727,24.399999618530273,24.049999237060547,24.170000076293945,12384558
2026-07-23,24.100000381469727,24.14999961853028,23.100000381469727,23.440000534057617,19037939
2026-07-24,23.860000610351562,24.399999618530273,23.139999389648438,24.059999465942383,23575748
2026-07-27,24.059999465942383,24.18000030517578,23.51000022888184,23.76000022888184,18164482
2026-07-28,23.76000022888184,23.799999237060547,23.40999984741211,23.459999084472656,11759749
2026-07-29,23.459999084472656,23.96999931335449,23.450000762939453,23.559999465942383,12003595
2026-07-30,23.579999923706055,23.6200008392334,23.25,23.329999923706055,12241770
2026-07-31,23.5,23.68000030517578,23.200000762939453,23.40999984741211,15624345
2026-08-03,23.559999465942383,24.56999969482422,23.559999465942383,23.8700008392334,31020819
2026-08-04,23.920000076293945,24.350000381469727,23.770000457763672,24.06999969482422,17348078
2026-08-05,24.149999618530277,24.600000381469727,24.01000022888184,24.170000076293945,16682120
2026-08-06,24.260000228881836,24.579999923706055,24.059999465942383,24.239999771118164,18237056
2026-08-07,24.420000076293945,25.299999237060547,24.219999313354492,24.34000015258789,50552570
2026-08-10,24.34000015258789,24.3700008392334,23.770000457763672,23.959999084472656,19181926
2026-08-11,23.899999618530277,24.040000915527344,23.549999237060547,23.6200008392334,16181647
2026-08-12,23.71999931335449,23.799999237060547,23.299999237060547,23.3799991607666,15262302
2026-08-13,23.350000381469727,23.59000015258789,23.200000762939453,23.219999313354492,11313624
2026-08-14,23.299999237060547,23.399999618530273,22.90999984741211,22.979999542236328,11979556
2026-08-17,23.059999465942383,23.1299991607666,22.31999969482422,22.719999313354492,22509176
2026-08-18,22.530000686645508,22.739999771118164,22.3700008392334,22.450000762939453,13059635
2026-08-19,22.399999618530273,22.40999984741211,21.510000228881836,21.700000762939453,17827717
2026-08-20,21.989999771118164,22.6299991607666,21.89999961853028,22.14999961853028,27889519
2026-08-21,22.299999237060547,23.799999237060547,22.06999969482422,23.450000762939453,63810372
2026-08-24,23.63999938964844,23.799999237060547,23.01000022888184,23.09000015258789,23913101
2026-08-25,23.0,23.09000015258789,22.59000015258789,22.700000762939453,12115326
2026-08-26,22.530000686645508,22.950000762939453,22.530000686645508,22.700000762939453,10207973
2026-08-27,22.700000762939453,22.93000030517578,22.600000381469727,22.709999084472656,11093761
2026-08-28,22.81999969482422,22.8799991607666,22.38999938964844,22.450000762939453,10849559
2026-08-31,22.450000762939453,22.450000762939453,21.920000076293945,22.09000015258789,11431023
2026-09-01,22.11000061035156,22.64999961853028,22.01000022888184,22.26000022888184,14834527
2026-09-02,22.1299991607666,22.18000030517578,21.799999237060547,22.049999237060547,10033374
2026-09-03,22.15999984741211,22.51000022888184,21.96999931335449,22.030000686645508,10995033
2026-09-04,22.110000610351562,22.31999969482422,22.040000915527344,22.079999923706055,13517969
2026-09-07,22.07999992370605,22.520000457763672,21.729999542236328,21.940000534057617,19788828
2026-09-08,22.020000457763672,22.040000915527344,21.56999969482422,21.709999084472656,14966105
2026-09-09,21.690000534057617,22.89999961853028,21.6200008392334,22.01000022888184,72139512
2026-09-10,22.139999389648438,22.280000686645508,21.760000228881836,21.84000015258789,14929226
2026-09-11,21.700000762939453,21.770000457763672,21.40999984741211,21.57999992370605,14641908
2026-09-14,21.57999992370605,21.57999992370605,21.57999992370605,21.57999992370605,0
2026-09-15,21.600000381469727,21.739999771118164,20.89999961853028,21.030000686645508,17702828
2026-09-16,21.030000686645508,21.18000030517578,20.510000228881836,20.780000686645508,18909477
2026-09-17,20.8799991607666,21.399999618530273,20.780000686645508,21.049999237060547,14286289
2026-09-18,21.049999237060547,21.31999969482422,20.899999618530277,21.1299991607666,21881312
2026-09-21,21.0,21.81999969482422,20.950000762939453,21.0,21400566
2026-09-22,21.020000457763672,21.31999969482422,20.81999969482422,20.959999084472656,12200191
