Date,Open,High,Low,Close,Volume
2016-09-19,16.46653903684946,16.46653903684946,16.26360611354678,16.379568099975586,353479
2016-09-20,16.408563295643926,16.466544307416736,16.205631413282813,16.321592330932617,363106
2016-09-21,16.408560887707715,16.408560887707715,16.205629035126602,16.263608932495117,817887
2016-09-22,16.234621681095344,16.466544626788966,16.234621681095344,16.4085636138916,798031
2016-09-23,16.466541778503917,16.75644568694904,16.2636088214132,16.52452278137207,768181
2016-09-26,16.524523916865203,17.04635076674496,16.408561903160493,16.756446838378906,599178
2016-09-27,16.814425833155543,17.249281673668186,16.78543588614627,17.017358779907227,691742
2016-09-28,17.36524708582338,17.452218049836862,17.13332304059301,17.33625602722168,1607175
2016-09-29,17.22029164065563,17.53918547974735,16.23461796472482,16.640483856201172,1107096
2016-09-30,16.727457369632436,16.93039034651206,16.234620456037852,16.814428329467773,294047
2016-10-03,16.843416701990737,17.0173597112529,16.785436804798998,16.901397705078125,354275
2016-10-04,16.930386659692637,17.04634754558913,16.756443672004632,16.78543472290039,444351
2016-10-05,16.872408852083616,16.93038985893597,16.669475881048232,16.756446838378906,267969
2016-10-06,16.98836909269616,17.04635009727139,16.582504272460938,16.582504272460938,346949
2016-10-07,16.698460829229013,16.698460829229013,16.4375480353977,16.524518966674805,239112
2016-10-10,16.75644557605898,16.843416526837835,16.582503674501268,16.785436630249023,200451
2016-10-13,16.814427393706143,17.42322518456826,16.640485483715736,16.930389404296875,551780
2016-10-14,17.017361631688026,17.220294612447354,16.785438699061267,16.901399612426758,304494
2016-10-17,16.84341828078097,17.017361306347397,16.756447320945632,16.814428329467773,145801
2016-10-18,16.98836624079724,16.98836624079724,16.55351043832739,16.843414306640625,297969
2016-10-19,16.814425913492837,17.62615659848234,16.669473965962727,17.39423370361328,5038948
2016-10-20,17.539182805418527,18.52485633105641,17.394230881406802,17.916057586669922,5856367
2016-10-21,18.495869934494912,18.95971687152885,18.205966013559586,18.321928024291992,2601761
2016-10-24,18.55385093986112,18.843754860796448,18.263947018925787,18.321928024291992,1089509
2016-10-25,18.437886189543967,19.423559816626508,18.321925301937245,18.81476211547852,2885171
2016-10-26,18.84375730614024,19.075681357701708,18.49587233469386,18.90173721313477,832821
2016-10-27,18.901732951289244,20.177310523684675,18.64082121685094,19.713464736938477,3758988
2016-10-28,19.539523876267683,19.71346577901841,19.278609916245944,19.336589813232425,600685
2016-11-01,19.481539760940286,19.88740563341635,18.81476216710704,19.597501754760746,1338604
2016-11-02,19.713465579257694,20.06134938123397,18.95971586711492,19.0756778717041,2212020
2016-11-03,19.13366160090446,19.27861358272949,18.29293966396092,18.46688270568848,884954
2016-11-04,18.611835213215905,18.814769332636107,17.974047321991048,18.14798927307129,608447
2016-11-07,18.408897071588235,18.524859070302927,17.539185398914775,17.68413734436035,1022203
2016-11-08,17.82908853310933,17.974040472402905,17.220290830434543,17.278270721435547,564031
2016-11-09,16.52452548701131,17.24928537679251,15.046015754216,17.04635238647461,642804
2016-11-10,17.191303118284104,17.97404396368839,17.162313167152583,17.45221710205078,587785
2016-11-11,17.423226343646522,17.510198410323227,17.046351442998617,17.16231346130371,343535
2016-11-15,17.24928437680338,17.30726538580372,16.52452452903853,16.55351448059082,307271
2016-11-16,16.669475123681472,19.5395243264649,16.669475123681472,16.98836898803711,426214
2016-11-17,16.95937660469288,17.133318486485372,16.66947273110839,16.78543472290039,226837
2016-11-18,17.046353484984923,17.394238475677653,16.756449510390294,17.278276443481445,436638
2016-11-21,17.16231177103375,17.974042501536932,17.16231177103375,17.510196685791016,821129
2016-11-22,17.626157760620117,17.916061674794445,17.53918680754695,17.626157760620117,462435
2016-11-23,17.56817976925677,17.742122811127107,17.307266865295052,17.48120880126953,186323
2016-11-24,17.423222729805005,17.94505059804712,17.423222729805005,17.510194778442383,282448
2016-11-25,17.800096710997796,18.17697149224919,17.539182805418527,17.916057586669922,361817
2016-11-28,17.916059986556995,18.23495492563656,17.77110804312871,17.974040985107422,245862
2016-11-29,18.118996785831264,18.756784587975883,17.916063800650793,18.350919723510746,1094562
2016-11-30,18.234955658776123,18.69880145403741,18.205964605387535,18.379907608032227,610585
2016-12-01,18.43788790556092,19.16264766766466,18.43788790556092,18.843753814697266,1403521
2016-12-02,18.7857769366442,19.24962281655569,18.66981491371842,18.93072891235352,1193610
2016-12-05,18.988706316266743,19.68447615036608,18.84375435965402,19.278610229492188,927876
2016-12-06,19.42356389760971,19.51053596395741,17.742121273921157,18.553852081298828,960459
2016-12-07,17.974046065602206,18.495872988263095,17.974046065602206,18.176979064941406,549729
2016-12-08,18.553852221647094,18.7857762591343,18.234958328945844,18.292938232421875,1047760
2016-12-09,18.524861115590515,18.7277929769031,17.829091258275152,18.06101417541504,1064873
2016-12-12,18.263945029166106,18.350915974792542,17.88707019418782,17.945051193237305,347378
2016-12-13,18.09000407469438,18.09000407469438,17.626157164174025,17.829090118408203,237270
2016-12-14,17.771111962264953,18.06101591305524,17.655151045486328,17.713130950927734,242894
2016-12-15,17.684140839375416,17.82909281346866,17.539188865282174,17.597169876098633,201913
2016-12-16,17.539190603421744,17.829094580337806,17.539190603421744,17.626161575317383,213175
2016-12-19,17.56817466967325,17.684136663926065,17.481203726931412,17.510194778442383,174972
2016-12-20,17.452214859859794,17.626156756093053,17.30726291103354,17.365243911743164,206046
2016-12-21,17.22029196291691,17.452214859859794,17.1913009096143,17.365243911743164,309562
2016-12-22,17.365244844562508,17.423224742491065,17.13332082926562,17.249282836914062,339703
2016-12-23,17.336252027661935,17.365243079575254,17.133319087850904,17.220291137695312,279855
2016-12-26,17.220293540599624,17.597168420897145,17.191302484640918,17.42322540283203,418494
2016-12-27,17.42322794920372,17.684141961485626,17.307267026108548,17.452219009399414,198835
2016-12-28,17.51019986119585,18.698805670778462,17.39423783328229,17.48120880126953,747649
2016-12-29,17.452214703804444,17.65514765152572,17.307262756274334,17.39423370361328,338822
2016-12-30,17.6841375986735,17.6841375986735,17.365243756465496,17.39423370361328,124340
2017-01-02,17.68413827434422,17.771109225006132,17.39423436820743,17.56817626953125,155470
2017-01-03,17.65514765152572,17.65514765152572,17.33625270342212,17.39423370361328,524403
2017-01-04,17.39423403756357,17.56817593558096,17.365244089859214,17.481204986572266,625683
2017-01-05,17.56817772120533,17.80010174999536,17.51019781990355,17.74212074279785,331156
2017-01-06,17.80009799865551,17.88706893817493,17.42322208424552,17.481203079223633,490400
2017-01-09,17.713128380535874,17.713128380535874,17.45221552622376,17.539186477661133,223458
2017-01-10,17.626159020631402,17.80010204510777,17.365246142760473,17.45221710205078,818870
2017-01-11,17.5681792881552,17.626160300524177,17.365247403707514,17.423227310180664,921233
2017-01-12,17.45221438135932,18.988704775611353,17.45221438135932,18.72779083251953,4291061
2017-01-13,18.843753300039275,19.16264714429708,18.40889745465375,18.64082145690918,1921215
2017-01-16,18.66981211495454,18.84375401737202,17.91606129072227,18.17697525024414,1075306
2017-01-17,18.321925623623617,18.524858562867777,18.17697368214858,18.263944625854492,721756
2017-01-18,18.40889959716797,18.49587055518804,18.032024708483835,18.118995666503903,576684
2017-01-19,18.32192977101173,18.466881745298384,18.090006833332254,18.350919723510746,588741
2017-01-20,18.379909356999416,18.843755196398636,18.263947344201757,18.408899307250977,807776
2017-01-23,18.408897555525204,18.553849504781308,18.234955658776123,18.379907608032227,545444
2017-01-24,18.466881915529296,18.930728901059876,18.43789085686724,18.69880485534668,622838
2017-01-25,18.81476767391713,18.84375762790942,18.524863710410834,18.611833572387695,547551
2017-01-27,18.698801862276518,18.988705767118017,18.55384990985577,18.843753814697266,736784
2017-01-30,18.669810939295193,19.07567682723901,18.611828834279706,18.72779083251953,704752
2017-01-31,18.785778829388324,19.24962475603419,18.669816794778896,18.93073081970215,1642017
2017-02-01,18.814763866571372,19.07567782328697,18.698801862276518,18.843753814697266,1045560
2017-02-02,18.81476414870682,19.829427830867377,18.81476414870682,19.56851387023925,3239902
2017-02-03,19.655487060546875,19.829428973726912,19.45255298534397,19.655487060546875,678654
2017-02-06,19.655488164940756,19.829430087894163,19.39457417461487,19.510536193847656,766862
2017-02-07,19.539526145707967,20.14832398194067,19.39457417461487,19.510536193847656,2160146
2017-02-08,19.56851279034334,20.11933062976309,19.48154073766979,19.713464736938477,1162127
2017-02-09,19.684477010778313,19.858418923958347,19.59750494829258,19.655487060546875,400086
2017-02-10,19.742455727511647,19.742455727511647,19.220630019259467,19.336589813232425,708025
2017-02-13,19.510535518288588,19.71346738607572,18.872745540487724,19.10466957092285,928909
2017-02-14,19.85842101007914,20.2642869913296,19.59750700700444,20.148324966430664,4293332
2017-02-15,20.293278353965643,20.81510639635577,20.17731632101319,20.69914436340332,3620795
2017-02-16,20.757118380286403,20.84409043325418,20.525196592024304,20.72812843322754,1575925
2017-02-17,20.87307845962632,20.87307845962632,20.525194703348934,20.728126525878903,1792732
2017-02-20,20.98904336932076,20.98904336932076,20.757119358339462,20.84409141540528,2161632
2017-02-21,20.93106745542854,21.220971449059363,20.902077498423846,21.04702949523925,1973734
2017-02-22,21.047026228027303,21.44880594814374,20.83068475285398,20.954309463500977,5411268
2017-02-23,21.016118623725173,21.232460078144342,20.799777169306005,20.8306827545166,799747
2017-02-27,20.830682885403636,20.892494056213206,20.181656160123044,20.243467330932617,896473
2017-02-28,20.459808889247373,20.521622418311754,20.27437301794431,20.36709213256836,736615
2017-03-01,20.397997718128032,20.49071683275208,20.150748317760588,20.36709213256836,545507
2017-03-02,20.459811278637147,20.490719225751423,19.77987888513863,19.841690063476562,604868
2017-03-03,19.872595722512767,19.872595722512767,19.59444073612747,19.656251907348633,395163
2017-03-06,19.903499891457336,19.903499891457336,19.316284374872247,19.40900230407715,557726
2017-03-07,19.47081533353607,19.90350059031476,19.47081533353607,19.81078147888184,365516
2017-03-08,19.810780607066082,20.05802998804315,19.77987502393016,20.027124404907227,514358
2017-03-09,20.02712591966552,20.02712591966552,19.65625182014874,19.687158584594727,247091
2017-03-10,19.93440443555459,19.93440443555459,19.285377785985947,19.34718894958496,425538
2017-03-14,19.779877332391205,19.93440762405051,19.37809880987152,19.50172233581543,596668
2017-03-15,19.563531101017503,19.872592806637748,19.501718759893453,19.74896812438965,473249
2017-03-16,19.872591705643572,20.861584392946156,19.81077818897181,20.707054138183594,972674
2017-03-17,20.892490541942113,20.95430406029922,20.36708860460217,20.42889976501465,817129
2017-03-20,20.490720322610496,20.552531504257153,20.15075174971756,20.181659698486328,378708
2017-03-21,20.243465844803524,20.336184952156135,19.903499714418693,20.027124404907227,452309
2017-03-22,20.027123067557138,20.33618359416793,19.903498385323886,20.150745391845703,973269
2017-03-23,20.18165155109285,21.44879912686156,20.088932458108403,20.27436828613281,1649828
2017-03-24,20.367093409716706,20.79977870851938,20.274374289278565,20.645248413085938,788287
2017-03-27,20.67615055844412,21.572426594336218,20.397995601381776,21.232458114624023,1418171
2017-03-28,21.232461562716225,21.541522152321672,20.95430891842746,21.047025680541992,401722
2017-03-29,20.954305235954195,21.232457831360904,20.768867028423376,21.17064666748047,400428
2017-03-30,21.108838744179554,21.26336903554853,20.707059043442182,20.737964630126953,323990
2017-03-31,20.768870040252004,21.510615904106384,20.70705886740793,20.79977798461914,1179155
2017-04-03,20.768869872820428,21.356085441885593,20.768869872820428,21.077930450439453,389020
2017-04-05,21.01611834647756,21.881488868628153,21.01611834647756,21.6960506439209,1406863
2017-04-06,21.696050471354,21.81967516752722,21.47970902150958,21.757863998413086,894077
2017-04-07,21.35608233840425,21.75786197410011,21.35608233840425,21.63423728942871,607746
2017-04-10,21.696050471354,21.91239427914337,21.572428133125737,21.757863998413086,676805
2017-04-11,21.78877039994739,21.881489515040077,21.60333452770706,21.726959228515625,385792
2017-04-12,21.974207649112742,21.974207649112742,21.603335881392898,21.819677352905273,545040
2017-04-13,21.85058559510858,22.00511591008939,21.665149688720703,21.665149688720703,371218
2017-04-17,21.81967534107741,21.81967534107741,21.57242830470937,21.6960506439209,562772
2017-04-18,21.8505787191451,21.8505787191451,21.41789585971232,21.63423728942871,696744
2017-04-19,21.634238917649107,21.726958027617,21.32517836168269,21.57242774963379,413493
2017-04-20,21.634235382080078,21.757860055852298,21.54151628726478,21.634235382080078,326692
2017-04-21,21.726961316689763,21.726961316689763,21.603336603999647,21.66514778137207,344503
2017-04-24,21.85058559510858,21.85058559510858,21.63424409731364,21.665149688720703,422446
2017-04-25,21.757862091064453,22.097828207279807,21.60333182388068,21.757862091064453,672628
2017-04-26,21.72696022346458,21.912396104196628,21.60333551699483,21.634241104125977,2225232
2017-04-27,21.665140961037,21.75786005585229,21.57242422416624,21.63423538208008,728423
2017-04-28,21.94329864669388,22.03601775316769,21.448802247371432,21.60333251953125,656228
2017-05-02,21.85058247531913,21.85058247531913,21.4488051285014,21.510616302490234,492739
2017-05-03,21.60333570490733,21.94330188219741,21.51061658476223,21.88149070739746,516402
2017-05-04,21.94329753347588,22.561418590756894,21.54151790306534,21.572425842285156,1302413
2017-05-05,21.603331423560267,21.881486370925664,21.448801159240013,21.572425842285156,583746
2017-05-08,21.757862791691064,21.757862791691064,21.572426936688252,21.60333251953125,293021
2017-05-09,21.665142933023397,21.757862036278095,20.861586017280075,21.047021865844727,817783
2017-05-10,21.108839203005136,21.356086259802627,19.934408019895255,20.521623611450195,1403494
2017-05-11,20.676151082540965,20.86158693930134,19.841686190202,20.027124404907227,1390502
2017-05-12,20.1507490297866,20.305279320990316,19.934407565279443,20.212562561035156,328157
2017-05-15,20.676151594118675,20.89249303936778,20.150747236028856,20.336185455322266,973230
2017-05-16,20.459809612194032,20.61433990339775,19.779877274075726,20.212562561035156,1011286
2017-05-17,20.33619001054841,20.33619001054841,19.99622143765548,20.181659698486328,501504
2017-05-18,19.965309547468166,20.39799475631221,19.934403966396026,20.150745391845703,359180
2017-05-19,20.305279320990316,20.367092852238873,19.996218738582883,20.212562561035156,296419
2017-05-22,20.33618634192287,20.367091927170865,20.027125773552886,20.119842529296875,178191
2017-05-23,20.088939140728066,20.21256385318313,18.605448486130364,19.13085174560547,1262517
2017-05-24,19.470813751220703,19.779874286954364,19.285377901369458,19.470813751220703,352267
2017-05-25,19.53262749137628,19.779875701854976,19.53262749137628,19.718063354492188,217856
2017-05-26,19.87259544267349,19.903501027848865,19.03813049526826,19.59444046020508,895930
2017-05-29,19.59444073612747,19.872595722512767,19.501721621350693,19.65625190734864,321767
2017-05-30,20.08893625969646,20.2434665386172,19.19266017036717,19.718063354492188,1205602
2017-05-31,19.90349977317848,20.05803004725914,19.65625039147147,19.841686248779297,431408
2017-06-01,19.96531158605743,20.027125112457973,19.77987572274568,19.872594833374023,261002
2017-06-02,20.0271256706954,20.08893684087393,19.77987627409125,19.996217727661133,315207
2017-06-05,20.243469700708754,20.243469700708754,19.84168996957764,20.02712821960449,337580
2017-06-06,19.996218064955087,20.058031594121285,19.563533971544373,19.65625190734864,332284
2017-06-07,19.594435968641548,19.81077737322302,19.53262363348731,19.748966217041016,274462
2017-06-08,19.8107842933634,19.96531459574212,19.687160758844005,19.90350341796875,330557
2017-06-09,19.996215362641536,21.788767381147903,19.965309781207576,20.397994995117188,2627206
2017-06-12,20.36708597700176,20.52161621604132,20.058025498922657,20.181650161743164,763970
2017-06-13,20.15074608896389,20.39799546198403,19.93440465602985,19.9962158203125,597889
2017-06-14,20.1507469087518,20.18165485009532,19.87259430021909,19.96531105041504,497966
2017-06-15,19.96530995487173,20.212559324383506,19.87259320976337,19.934404373168945,438715
2017-06-16,20.027125112457973,20.119841865141385,19.81078130697348,19.872594833374023,606830
2017-06-19,19.841687980825032,20.088937384115244,19.841687980825032,19.90350151062012,462980
2017-06-20,19.841690063476562,20.05803390354995,19.748973295969662,19.841690063476562,731673
2017-06-21,19.718060678995986,20.058027953875754,19.718060678995986,19.90349769592285,693206
2017-06-22,19.903498507286912,20.24346461705306,19.841684986819164,19.87259292602539,860031
2017-06-23,19.841684867617204,19.965309549865303,19.625343442141553,19.74896812438965,449515
2017-06-27,19.74897165619918,19.934407533761426,19.470816660883255,19.532629013061523,926371
2017-06-28,19.37809702205322,19.748969923613426,19.37809702205322,19.62534523010254,238734
2017-06-29,19.625346234675263,19.779876519987667,19.625346234675263,19.687158584594727,155659
2017-06-30,19.625343442141553,19.9034983877136,19.625343442141553,19.74896812438965,322198
2017-07-03,20.274376389692186,20.367095519735972,19.779879864664654,20.058034896850586,1582211
2017-07-04,20.1507456841476,20.1507456841476,19.779873990012753,19.810779571533203,543461
2017-07-05,19.841684986819164,19.965309669809955,19.77987382429612,19.87259292602539,380832
2017-07-06,19.810778882891057,20.027122661903334,19.810778882891057,19.965309143066406,605106
2017-07-07,20.088933533877412,20.243463791830315,19.810778597973265,19.90349769592285,1256318
2017-07-10,19.965312142571864,20.058031255784666,19.903500972393328,19.996217727661133,81152
2017-07-11,20.058032896279226,20.150749659130092,19.810783479453196,19.93440818786621,639278
2017-07-12,19.903500972393328,20.058031255784666,19.841687444269795,19.996217727661133,771467
2017-07-13,19.996216743401824,20.243466127835784,19.9653111598338,20.08893585205078,2773946
2017-07-14,20.150748216773238,20.305278501742187,20.027125875154095,20.243467330932617,2478823
2017-07-17,20.119843464651066,20.923400508180695,20.088937877966295,20.737964630126953,1369795
2017-07-18,20.985213940799554,21.01611952733897,20.552528655412374,20.61433982849121,709466
2017-07-19,20.76886598733201,20.76886598733201,20.39799430675076,20.55252456665039,848241
2017-07-20,20.707054702760054,20.707054702760054,20.39799418480841,20.42889976501465,771145
2017-07-21,20.45980534522089,20.61433560419671,20.39799418480841,20.42889976501465,564011
2017-07-24,20.39799690246582,20.49071601338228,20.24346662290169,20.39799690246582,873054
2017-07-25,20.397997993734663,20.52162269558873,19.77987684240937,20.42890357971192,2026603
2017-07-26,20.521621597706115,20.521621597706115,20.36709131814198,20.39799690246582,1152540
2017-07-27,20.39799418480841,20.490713283371754,20.39799418480841,20.42889976501465,363498
2017-07-28,20.397997993734663,20.49071710961148,20.27437329188059,20.42890357971192,419519
2017-07-31,20.11984230388399,20.614338736146863,20.11984230388399,20.58343315124512,1219257
2017-08-01,20.459808889247373,20.64524711849548,20.30527860350398,20.36709213256836,642119
2017-08-02,20.49071683275208,20.52162241831176,20.30527860350398,20.36709213256836,434491
2017-08-03,20.243467432384637,20.49071683275208,20.243467432384637,20.36709213256836,202818
2017-08-04,20.212561038577846,20.49071601338228,20.212561038577846,20.39799690246582,362091
2017-08-07,20.490718024093656,20.583434786163277,20.336187729365786,20.521623611450195,320667
2017-08-08,20.552526079157,20.552526079157,20.33618464255432,20.367090225219727,250483
2017-08-09,20.18165126108671,20.36708708644645,20.02712101362952,20.21255683898925,327113
2017-08-10,20.08893369085961,20.212558369776904,19.25447005559867,19.43990707397461,356874
2017-08-11,19.409000066555627,19.409000066555627,18.85269137648655,19.192657470703125,278255
2017-08-14,19.84168407928833,19.84168407928833,19.13084631100724,19.192657470703125,816082
2017-08-16,19.47081232260048,19.563530240723168,19.13084622982653,19.22356414794922,854033
2017-08-17,19.347188340775876,19.40900068140218,18.72906729245751,19.069034576416016,793314
2017-08-18,18.72906836758692,19.192659180437804,18.72906836758692,19.09994125366211,863781
2017-08-21,19.09994156336378,19.22356625371753,18.38910254126079,18.75997543334961,1040895
2017-08-22,18.883597925405905,18.914504685812226,18.51272623230893,18.698162078857425,1028096
2017-08-23,18.883596876202976,19.378094404477796,18.821785716769384,19.22356414794922,456359
2017-08-24,19.22356676130088,19.31628469202812,18.976318553037405,19.06903648376465,178403
2017-08-28,19.19265816191959,19.254470502813923,19.007222318208925,19.038127899169922,282406
2017-08-29,19.223568963249445,19.37809925848622,19.03813190158176,19.285381317138672,275350
2017-08-30,19.285381499304975,19.53262973822476,19.16175679035878,19.37809944152832,680280
2017-08-31,19.22356538325352,20.27437048778908,19.22356538325352,19.934404373168945,1053457
2017-09-01,20.02712804221528,20.058033630964246,19.65625390339187,19.779878616333008,210225
2017-09-04,19.903499891457336,19.93440547486816,19.285378791461426,19.40900230407715,657552
2017-09-05,19.563528060913086,19.903495294779454,19.439904576847994,19.563528060913086,276227
2017-09-06,19.71806392494022,20.058031255784666,19.532628056459618,19.996217727661133,258124
2017-09-07,20.39799406138121,20.39799406138121,19.996214447297373,20.305274963378903,435150
2017-09-08,20.397997993734663,20.676152983420057,20.30527887785784,20.42890357971192,468076
2017-09-11,20.521623705150148,20.70705958808124,20.39799899721436,20.645248413085938,456960
2017-09-12,20.64524205262523,21.32517419987835,20.614334116704622,21.201549530029297,1210181
2017-09-13,21.263365887007737,21.603332006090483,21.20155236484602,21.29427146911621,919114
2017-09-14,21.356996785670415,21.513802932984696,21.20019063835614,21.29427528381348,462732
2017-09-15,21.26290817746484,21.29426891901967,20.13390234012098,20.572959899902344,748565
2017-09-18,20.698405717212232,20.823851078881106,20.102542043788535,20.196626663208008,413885
2017-09-19,20.196628689732066,20.322074063988094,20.07118331547604,20.165267944335938,392646
2017-09-20,20.165267601688072,20.32207371867578,19.78893148531469,19.820293426513672,587998
2017-09-21,19.97710372641713,19.97710372641713,19.883020275791942,19.91438102722168,568508
2017-09-22,19.914374341874026,19.945735082775816,19.726207503792125,19.788928985595703,947618
2017-09-25,19.91437542155713,19.945736164159182,19.75756931587558,19.883014678955078,880169
2017-09-26,19.914376379951598,20.165267118184904,19.381235355709375,19.757570266723633,1358130
2017-09-27,19.851654644357502,19.945738077524595,19.66348777802333,19.88301658630371,1571465
2017-09-28,19.945739707179804,20.322075863268008,19.88301821083429,20.19663047790528,1387467
2017-09-29,20.19663011374549,20.69840925347727,20.008462039094194,20.290712356567383,1594655
2017-10-03,20.44751874028049,21.32563404018012,20.10254572698839,21.074743270874023,1953858
2017-10-04,22.17238530843881,22.454636814398263,21.10610556341449,21.168827056884766,7790575
2017-10-05,21.26291396338709,21.26291396338709,20.57296549808043,20.604326248168945,956113
2017-10-06,20.57296574619427,20.823856535271915,20.447520351655452,20.54160499572754,468784
2017-10-09,20.54160167443251,20.698407794084666,20.102544060872173,20.165267944335938,878488
2017-10-10,20.165270126731645,21.20018919283757,20.10254623647956,20.698410034179688,1087460
2017-10-11,20.698410202903226,21.07474397679639,20.353437178055863,20.41615867614746,603355
2017-10-12,20.54160224292594,20.94929912237325,20.38479611893414,20.63568687438965,606781
2017-10-13,20.47888161185421,21.576524525969823,20.47888161185421,21.388355255126957,1423293
2017-10-16,21.639246554020165,22.07830420901289,21.419718922859666,21.858774185180664,1447061
2017-10-17,21.890136044195984,21.92149679071486,21.356993782688782,21.451078414916992,398882
2017-10-18,21.388354529207657,21.576523793664073,21.32563303616991,21.451078414916992,444217
2017-10-19,21.3569917668823,21.701964731372374,21.32563102332345,21.482437133789062,255198
2017-10-23,21.325633881144785,21.54516150814672,21.168827749665777,21.35699462890625,874641
2017-10-24,21.32563102332345,21.73332786760259,21.012018802392223,21.482437133789062,723353
2017-10-25,22.266468048095703,22.39191341704179,21.607882851968,22.266468048095703,2755048
2017-10-26,22.23510932922364,22.51736083689224,21.98421856848007,22.23510932922364,596058
2017-10-27,22.54872244685766,22.54872244685766,21.9842194099144,22.14102554321289,875833
2017-10-30,22.29783244186729,22.92505699659026,22.23511094346371,22.548723220825195,1339771
2017-10-31,22.580080393801577,22.799607996117192,22.203746677640115,22.235107421875,767198
2017-11-01,22.32918772482788,22.64279992541631,21.85876942394523,21.984214782714844,700690
2017-11-02,22.046937487949137,22.517355763856976,22.015574355418416,22.17238044738769,844660
2017-11-03,22.29783244186729,22.73689010870773,22.29783244186729,22.548723220825195,653037
2017-11-06,22.768249390758506,23.20730702930674,22.7055278963966,22.799610137939453,1041190
2017-11-07,23.520918150205873,23.897251883540555,22.89369366620038,23.207305908203125,2504006
2017-11-08,23.364114663430698,23.489560052909653,22.454638580548032,22.548723220825195,725440
2017-11-09,22.70552599691861,23.019138227835523,22.29782913965805,22.79960823059082,532697
2017-11-10,22.893696122699318,22.893696122699318,22.423277709219192,22.5800838470459,328803
2017-11-13,22.5800838470459,23.081863009557008,22.29783232042347,22.5800838470459,546597
2017-11-14,22.20374996890273,22.20374996890273,21.513801530107088,21.764692306518555,696041
2017-11-15,21.984218872083833,22.203748888934083,21.607885118442912,21.67060661315918,404250
2017-11-16,21.796053055402044,21.858774553169024,21.388356141901355,21.764692306518555,370639
2017-11-17,21.95285607278884,22.109662187594477,21.639243843177567,21.70196533203125,1431258
2017-11-20,21.858774553169024,21.952859192491267,21.67060766719631,21.764692306518555,280254
2017-11-21,21.952854388093076,22.235105851617092,21.764687543300813,21.890132904052734,690242
2017-11-22,21.796052688469587,22.172386454079508,21.73333119175851,21.858774185180664,1768770
2017-11-23,21.984219571274547,22.01558031963009,21.827413436825125,21.858774185180664,183664
2017-11-24,21.921496401912794,21.95285714787545,21.76469027942797,21.796051025390625,430383
2017-11-27,21.92149807456347,21.95285882291901,21.701968050731242,21.858774185180664,377172
2017-11-28,21.890137286915984,21.890137286915984,21.168828112674674,21.26291275024414,1765973
2017-11-29,21.26291416095594,21.73333259467026,21.168829517144324,21.388357162475586,768067
2017-11-30,21.356992251627915,21.60788299113598,20.729767795529174,20.855213165283203,1524841
2017-12-01,21.012019991970373,21.262910739987873,20.85521387262731,21.043380737304688,483614
2017-12-04,21.231549403522408,21.231549403522408,20.980661026888015,21.074743270874023,337353
2017-12-05,21.16882839973457,21.16882839973457,20.855216127145912,20.94930076599121,450119
2017-12-06,20.980662248336284,21.012022998157377,20.823856106558992,20.886577606201172,327857
2017-12-07,20.949299828366406,21.01202132300822,20.792493699090226,20.823854446411133,322611
2017-12-08,20.855215315197547,21.04338219289056,20.72976993251165,20.79249382019043,571117
2017-12-11,20.792492757203448,20.917935740804584,20.667047380930768,20.698408126831055,612940
2017-12-12,20.761128666696433,20.823852548292543,20.54160106278864,20.572961807250977,586516
2017-12-13,20.510240318326304,20.980658663275662,20.447516436730194,20.572961807250977,906080
2017-12-14,20.604326746675195,20.698411391888914,20.322077596377884,20.478883743286133,472812
2017-12-15,20.541604065002446,20.635688704811628,20.384797927101662,20.41615867614746,734921
2017-12-18,20.416160781323498,20.54160618311356,20.071187720904852,20.133909225463867,1263431
2017-12-19,20.22799215597025,20.510243687843733,20.19663140635582,20.32207679748535,1119191
2017-12-20,20.322072748497327,20.510239601365175,20.322072748497327,20.384794235229492,737159
2017-12-21,20.38479588248513,21.012020371176977,20.32207439068456,20.698408126831055,1215487
2017-12-22,20.792495356737902,21.10610764029249,20.635689214960607,20.886577606201172,1226188
2017-12-26,20.949301202755546,21.29427423126094,20.949301202755546,21.2001895904541,721689
2017-12-27,21.325631380491366,21.764688975682823,21.01201915430767,21.13746452331543,1245412
2017-12-28,21.168826249290362,21.54515998109803,20.541601767829906,20.76112937927246,2196532
2017-12-29,20.761131206769285,21.325634246842636,20.72977045847004,21.26291275024414,1435498
2018-01-01,21.388352744773826,21.639243481336134,21.325631256968943,21.419715881347656,976628
2018-01-02,21.482437493583213,21.639243606675063,20.823852297131733,21.13746452331543,1297283
2018-01-03,21.20019033383667,21.827414914084333,21.20019033383667,21.607887268066406,1399717
2018-01-04,24.461754092922458,25.026257067520017,23.520917397040826,24.148141860961914,20986590
2018-01-05,24.806732386876096,25.183068581499406,23.646367836966135,23.928619384765625,8676113
2018-01-08,24.27358967470821,24.27358967470821,23.55228051155168,23.77181053161621,4777208
2018-01-09,23.52092102479584,23.52092102479584,22.893696464134614,23.332754135131836,5750360
2018-01-10,23.332755916807784,23.426838172487944,23.27003202034901,23.364116668701172,2255503
2018-01-11,23.364113667805988,23.646365183937984,23.364113667805988,23.520919799804688,2671267
2018-01-12,23.520918952935048,23.740446572760465,23.520918952935048,23.61500358581543,1721527
2018-01-15,23.67772304873432,23.74044453682797,23.583638423922448,23.6463623046875,1466678
2018-01-16,23.67772459849932,23.803169975568725,23.64636385239985,23.74044609069824,2677304
2018-01-17,23.050505807954973,23.175951216056504,22.611448075935687,22.893699645996094,1191820
2018-01-18,23.08186158503577,23.2073069660895,22.015579435086522,22.20374870300293,1152749
2018-01-19,22.109660490865167,22.17238197490551,21.701963666589226,21.890132904052734,784843
2018-01-22,21.952858092282494,22.046942726889505,21.82741271036369,21.921497344970703,561639
2018-01-23,22.07830420901289,22.07830420901289,21.827413436825125,21.858774185180664,676170
2018-01-24,21.890136752551356,21.92149750008505,21.607885239404784,21.639245986938477,946684
2018-01-25,21.63924419831066,21.70196568819369,21.51379882587312,21.60788345336914,428667
2018-01-29,21.639247210781537,21.7333318513754,21.41971957295827,21.451080322265625,683798
2018-01-30,21.451077454020652,21.733328945390298,21.32563208089287,21.576522827148438,556657
2018-01-31,21.57652343224421,21.701966416218458,21.388354170939746,21.5451602935791,1033578
2018-02-01,21.73333575849922,22.14103035813195,21.4510841786475,22.01558494567871,791988
2018-02-02,21.89013577638225,22.015578760923017,21.54516039088046,21.76469039916992,1167641
2018-02-05,21.513803228114,22.297833975440827,21.513803228114,22.04694557189941,796961
2018-02-06,21.54516240059134,22.01558081451405,21.325634764496122,21.73333168029785,937365
2018-02-07,21.984221000875582,22.548724078670983,21.984221000875582,22.454639434814453,906570
2018-02-08,22.58008732207834,22.956421153710785,22.486002667834153,22.893699645996094,538385
2018-02-09,22.580085257191634,23.583643644886937,22.329194463931845,23.175949096679688,1663722
2018-02-12,23.207303041111967,23.52091524437024,22.86233009606212,23.08185768127441,1042620
2018-02-14,23.113218423065995,23.45819376078708,22.98777545589967,23.08185768127441,1577512
2018-02-15,23.144584416871187,23.33275128353853,23.113221278533693,23.207305908203125,630818
2018-02-16,23.270027399535067,23.30139053787256,23.113221278533693,23.207305908203125,923459
2018-02-19,23.301392330601683,23.33275307868044,23.175946945614943,23.23866844177246,869857
2018-02-20,23.270029031538094,23.677725931803387,23.23866828367269,23.520919799804688,1629954
2018-02-21,23.45484640938895,23.520915391126515,22.99235597611571,23.124496459960938,1218811
2018-02-22,23.124496656520343,23.124496656520343,22.69504071046549,22.76111221313477,877919
2018-02-23,22.82718416378032,23.058430672637872,22.430765177696586,22.992359161376953,490486
2018-02-26,23.124496459960938,23.355740416412505,23.05842747822337,23.124496459960938,1006260
2018-02-27,23.124503311691974,23.28967833534692,23.05843431037834,23.09146881103516,299754
2018-02-28,23.12450290413136,23.12450290413136,22.79415286264377,22.86022186279297,740956
2018-03-01,23.124500008080123,23.124500008080123,22.82718450390214,22.92629051208496,284797
2018-03-05,22.860220650149355,22.926292167164522,22.463801629541013,22.72808265686035,414216
2018-03-06,22.76111787266007,22.89325839048508,22.36469631918504,22.463802337646484,558310
2018-03-07,22.46379954779326,22.46379954779326,22.067380563921553,22.13344955444336,750371
2018-03-08,22.16648252116238,22.46379799874929,21.538817073005628,21.670957565307617,1254906
2018-03-09,21.77006592750333,23.52091944933526,21.571856427722242,23.025394439697266,1672573
2018-03-12,22.8932547272592,23.223604708775955,22.79414872465604,23.05842971801757,916401
2018-03-13,23.223606373151238,23.9503753764256,23.091465867000306,23.421815872192383,1697875
2018-03-14,23.355746195678616,23.454852213178363,23.05843318392082,23.124502182006836,952908
2018-03-15,22.959324495169305,23.322708983105095,22.959324495169305,23.09146499633789,600557
2018-03-16,23.22360752194125,23.289676518099657,22.463801464266336,22.695045471191406,1183922
2018-03-19,22.6289759600604,22.69504495471526,22.0343449266843,22.298625946044922,1000295
2018-03-20,21.968275333825815,22.49683483778361,21.935240837397924,22.166484832763672,451880
2018-03-21,22.397732137373616,22.529870127739226,22.10041661830978,22.199520111083984,684386
2018-03-22,22.265590228846243,22.46379972232205,21.935240232929743,22.034343719482422,550816
2018-03-23,21.77006721496582,22.06738274240569,21.67096119902897,21.77006721496582,874110
2018-03-26,21.935241271286998,22.067381779982878,21.472750751036703,21.70399475097656,979963
2018-03-27,22.034343815324437,22.463799820032058,21.83613432098648,22.3316593170166,389678
2018-03-28,22.3646981418771,22.39773516430388,21.703998019276643,21.869173049926758,498542
2018-04-02,22.199522131724315,22.29862815388994,21.83613758440176,21.935243606567383,506774
2018-04-03,21.83613217462688,22.29862262953573,21.67095719218587,22.133447647094727,930526
2018-04-04,22.9923599363484,23.45485044928158,22.298625427133896,22.46380043029785,2050662
2018-04-05,22.761118472469064,22.959327994244493,22.49683742985461,22.59594345092773,412987
2018-04-06,22.66200993002049,22.66200993002049,22.39773143718048,22.46380043029785,414917
2018-04-09,22.463800087480745,22.66200958417853,22.36469407894661,22.529869079589844,297946
2018-04-10,22.662007838439493,22.662007838439493,22.39772936999096,22.56290435791016,324916
2018-04-11,22.69504792289734,22.69504792289734,22.463803890991382,22.52987289428711,242972
2018-04-12,22.56290999819092,22.59594449995868,21.80310385567801,21.96827888488769,586693
2018-04-13,22.133451854273133,22.397732884561982,21.208470768632843,21.373645782470703,2592359
2018-04-16,21.47275091720855,21.80310093131945,21.373644904827042,21.737031936645508,367904
2018-04-17,21.968272877039983,21.968272877039983,21.670957401697724,21.770063400268555,332992
2018-04-18,21.935241441037928,21.935241441037928,21.67096042160097,21.737031936645508,369374
2018-04-19,21.968274010735417,21.968274010735417,21.670958520049886,21.737030029296875,386365
2018-04-20,21.90220339254063,22.034341360464047,21.737028412266177,21.935237884521484,452321
2018-04-23,22.06738056392156,22.33165904637921,21.96827455776841,22.13344955444336,965424
2018-04-24,22.19952045800729,22.29862647270089,22.067382465576696,22.133451461791992,324446
2018-04-25,22.133453181706777,22.496837729869583,22.001312658637342,22.232559204101562,574666
2018-04-26,22.166481804471864,22.298622292501463,22.067378328727298,22.19951629638672,250374
2018-04-27,22.23255443295612,22.49683290200951,22.13344843182965,22.16648292541504,678131
2018-04-30,22.298627797229933,22.298627797229933,21.96827775578949,22.001312255859375,314747
2018-05-02,21.902205467500522,22.100414958533698,21.803099461798723,21.83613395690918,438010
2018-05-03,21.86917184493668,21.90220886554312,21.67096232315206,21.73703384399414,242959
2018-05-04,21.869174742750875,21.869174742750875,21.60489618547629,21.67096519470215,283936
2018-05-07,21.83613385471857,21.935239859956567,21.505783864419136,21.538818359375,328032
2018-05-08,21.737034385404247,21.869172389637978,21.505787837253468,21.57185935974121,286183
2018-05-09,21.47274858730213,21.703992563940336,21.47274858730213,21.505783081054688,259908
2018-05-10,21.637923576435227,21.670958070187783,21.43971409354958,21.505783081054688,160482
2018-05-11,21.472750836323865,21.571856848332054,21.373644824315676,21.439716339111328,731248
2018-05-14,21.439719763732928,21.472754266222147,21.208473205566406,21.208473205566406,823897
2018-05-15,21.17543204349091,21.47274751313138,21.1423975513909,21.274538040161133,228543
2018-05-16,21.24150675320152,21.27454125028612,21.010260232868177,21.14240074157715,334580
2018-05-17,21.1424004383434,21.27454094515716,21.04329568832572,21.076330184936523,764117
2018-05-18,21.10936546325684,21.241505967075422,21.076329707209567,21.10936546325684,282669
2018-05-21,21.14240065736122,21.14240065736122,20.812050647089954,20.84508514404297,267499
2018-05-22,20.87812364935549,20.94419391214359,20.547773595600454,20.745983123779297,271348
2018-05-23,20.84508166292626,21.076326883535383,20.67990668537475,20.77901268005371,221970
2018-05-24,20.812052605830623,20.977227626511816,20.646877585149426,20.712947845458984,153461
2018-05-25,20.67990915646996,21.274540154857423,20.67990915646996,21.04329490661621,217194
2018-05-28,21.241505967075422,21.47274995848009,21.01025945530027,21.10936546325684,387195
2018-05-29,20.94419198657181,20.977226484836,20.48170144976113,20.745981216430664,323765
2018-05-30,20.77901588798524,20.812050384521484,20.61384088493348,20.646875381469727,138726
2018-05-31,20.54777390632846,20.679913173717445,20.3165286131659,20.382598876953125,358268
2018-06-01,20.18438512341437,20.547770890822385,20.151350626461497,20.283491134643555,132883
2018-06-04,20.481700859739743,20.481700859739743,19.986175838939587,20.05224609375,204296
2018-06-05,20.151350275428776,20.151350275428776,19.688859765033357,19.787965774536133,349412
2018-06-06,19.821001651056513,20.08528142103353,19.65582663729771,19.953142166137695,251959
2018-06-07,20.01921086240554,20.184385873680124,19.655826341675585,19.88707160949707,468752
2018-06-08,19.854034423828125,19.953140431616426,19.68885942442794,19.854034423828125,336333
2018-06-11,19.920108018194792,20.085283045311144,19.85403775531116,19.887073516845703,244640
2018-06-12,20.019209517148127,20.217420273469394,19.78796552505118,20.151350021362305,234751
2018-06-13,20.184381185833093,20.2504514270351,19.953137231903625,19.98617172241211,180742
2018-06-14,20.05224449350424,20.217419487256027,19.854033744890977,20.118314743041992,276993
2018-06-15,20.08528111895244,20.316526386773926,19.754931096403272,19.88707160949707,335143
2018-06-18,19.85403555053708,19.95314156394961,19.75493079730986,19.821001052856445,184384
2018-06-19,19.787964343040002,19.787964343040002,19.68885834070673,19.754928588867188,150095
2018-06-20,19.887070700152623,19.986175450348703,19.688859939575195,19.688859939575195,205648
2018-06-21,19.8210049186199,19.8210049186199,19.35851429977788,19.391550064086914,451364
2018-06-22,19.391547316045777,19.391547316045777,18.99512702181432,19.06119728088379,461991
2018-06-25,19.09423178032584,19.226372298464785,18.99512702181432,19.06119728088379,179436
2018-06-26,19.160299874134452,19.887070121397286,19.028159370928396,19.424579620361328,397329
2018-06-27,19.457614559329738,19.622789551309836,19.325474061671585,19.523683547973633,573442
2018-06-28,19.655826239750304,19.655826239750304,19.02816069608751,19.160301208496094,177004
2018-06-29,19.226372543593804,19.424582063143944,19.127267783818734,19.25940704345703,266510
2018-07-02,19.292439829270037,19.292439829270037,18.037108865030362,18.20228385925293,1110778
2018-07-03,18.36746075175401,18.565671521417304,17.673726208395777,17.772830963134766,831502
2018-07-04,17.772832576394478,17.904973101497884,17.508552786373105,17.706762313842773,628797
2018-07-05,17.805864305048306,18.03710828132842,17.60765356228444,17.938003540039062,714185
2018-07-06,17.93800514424372,18.10318014789272,17.80586589743569,17.87193489074707,539702
2018-07-09,18.103177735611663,18.103177735611663,17.772827772333407,17.90496826171875,549343
2018-07-10,18.070145651237027,18.070145651237027,17.83890039409138,17.87193489074707,466800
2018-07-11,17.871933321617064,17.904969075557535,17.706758332470198,17.805864334106445,885392
2018-07-12,17.938003738164888,17.938003738164888,17.640689511012976,17.706758499145508,624919
2018-07-13,17.838899305250024,18.169249292384283,17.70675880632224,17.772829055786133,891079
2018-07-16,17.739795111469423,17.838899858647082,17.376409358237694,17.475515365600586,1493022
2018-07-17,17.640689344959576,17.838898827861755,17.44247860187224,17.805864334106445,970838
2018-07-18,17.673723838714885,17.938003569312844,17.541583343323328,17.805864334106445,4842368
2018-07-19,17.904969863028345,17.904969863028345,17.640690120807214,17.838899612426758,395151
2018-07-20,17.838898827861755,17.871933321617064,17.673723838714885,17.805864334106445,6119295
2018-07-23,17.805863396838458,17.904968133072856,17.508547927950172,17.60765266418457,600532
2018-07-24,17.640690893786694,18.334425405038363,17.607655136945734,17.87193489074707,2205515
2018-07-25,18.00407378762702,18.4004940129696,17.805864305048306,17.938003540039062,725961
2018-07-26,18.00407398648259,18.136214483118,17.508549014377568,17.706758499145508,1656234
2018-07-27,17.706758332470198,17.904969075557535,17.574619097263795,17.805864334106445,592000
2018-07-30,17.93800711423558,18.03711187527183,17.640692831126838,17.739797592163086,1132845
2018-07-31,17.838898827861755,17.938003569312844,17.673723838714885,17.805864334106445,1607654
2018-08-01,17.97104636669044,18.30139647445912,17.8058713128061,18.103185653686523,899878
2018-08-02,18.103179354647892,18.169249605249476,17.805865117218573,17.838899612426758,1139079
2018-08-03,17.971039804177803,18.00407429881715,17.640689817043544,17.772829055786133,1497691
2018-08-06,17.739794561146784,17.93800404935326,17.70675880632224,17.772829055786133,726078
2018-08-07,17.838898827861755,17.838898827861755,17.739794086410665,17.805864334106445,422555
2018-08-08,17.904969075557535,17.904969075557535,17.772828580165974,17.805864334106445,290034
2018-08-09,17.838898827861755,17.838898827861755,17.772828580165974,17.805864334106445,378562
2018-08-10,17.838901025353724,18.466566565505108,17.772830769519054,18.433530807495117,1163784
2018-08-13,18.33442422988876,18.995124202137003,18.136214742288363,18.86298370361328,777006
2018-08-14,18.79691538059565,19.52368436767325,18.79691538059565,19.424579620361328,904597
2018-08-16,19.457616759547946,19.88707153522083,19.292441748890276,19.58975601196289,961686
2018-08-17,19.62278935273144,20.18438331163242,19.62278935273144,19.754928588867188,1378388
2018-08-20,20.085280242584837,20.514735001123576,19.028159964515048,19.556720733642575,3206561
2018-08-21,19.721895180419118,20.052245179219486,19.490649929221814,19.854034423828125,1900411
2018-08-23,19.82099986979426,20.01920936441811,19.22637012573748,19.424579620361328,401600
2018-08-24,19.4576154136612,19.523684405206005,19.094229659238582,19.29244041442871,361535
2018-08-27,19.292442022373443,19.42458127666155,19.160301507899995,19.22637176513672,293373
2018-08-28,19.1933348827398,19.358509886068664,18.99512538281927,19.2594051361084,592452
2018-08-29,19.25940487072447,19.292440627046187,19.02815961721344,19.06119537353516,517751
2018-08-30,19.16030172218646,19.16030172218646,18.235321891083498,18.565671920776367,667393
2018-08-31,18.499599557361044,18.896019799912967,18.433529306904852,18.79691505432129,335867
2018-09-03,18.829950891381905,19.160300907020183,18.69781038105248,19.09423065185547,588062
2018-09-04,19.160299716593595,19.160299716593595,18.66477472392307,18.69780921936035,237967
2018-09-05,18.631742477416992,18.73084723587642,18.367461441278014,18.631742477416992,215374
2018-09-06,18.69780764804201,18.9620886300716,18.400493433536397,18.631738662719727,432084
2018-09-07,18.631741605440723,19.19333563048969,18.532635591434136,18.86298561096192,1028343
2018-09-10,18.829949209074943,19.061194451398865,18.565669472212683,18.86298370361328,624451
2018-09-11,18.962090050369156,19.094229291096322,18.6978090485444,18.79691505432129,337020
2018-09-12,18.796916358469083,18.962091365976946,18.598705593348463,18.664775848388672,338567
2018-09-14,18.8960222533706,18.8960222533706,18.631742477416992,18.631742477416992,577603
2018-09-17,18.798096280115647,18.831366739308443,18.73155409254339,18.76482582092285,420094
2018-09-18,18.83136830895217,18.897910502070896,18.49865861254534,18.565200805664062,253053
2018-09-19,18.698281863030346,18.698281863030346,18.432114407128253,18.498655319213867,175173
2018-09-21,18.498655319213867,18.631739681758187,18.199217407268968,18.498655319213867,784652
2018-09-24,18.53192710876465,19.862765662080793,18.199217470435613,18.53192710876465,1238792
2018-09-25,18.698284503196522,19.330432141573855,18.498657931193108,19.263891220092773,1035711
2018-09-26,19.36369989117194,19.36369989117194,18.66500893656036,18.864635467529297,178758
2018-09-27,19.03099418734882,19.330432141573855,18.631742312528715,19.263891220092773,1326386
2018-09-28,19.330432249548853,19.330432249548853,18.132677887584908,18.23249053955078,1078156
2018-10-01,18.33229960694228,18.33229960694228,17.799964721088976,18.032861709594727,441570
2018-10-03,17.89977753826441,18.03286189569441,17.733422726070156,17.799964904785156,738277
2018-10-04,17.766693378522884,18.132673435603618,17.40071205225573,17.899776458740234,392174
2018-10-05,18.13267758903392,18.13267758903392,17.500528688347046,17.70015525817871,543971
2018-10-08,17.700152134224144,17.700152134224144,17.20108770150647,17.400712966918945,344282
2018-10-09,17.40071347530981,17.533797835597397,17.20108820406495,17.334171295166016,242074
2018-10-10,17.300902322073963,18.03286382799904,17.300902322073963,17.79996681213379,337801
2018-10-11,17.467256851916044,17.799966506238253,17.134547197593832,17.63361167907715,307936
2018-10-12,17.799964655876927,18.165944729911956,17.700152023793418,17.999589920043945,252242
2018-10-15,18.09940388762301,18.299029152521378,17.833235175509877,18.032861709594727,159310
2018-10-16,17.966323044579543,18.299032730590273,17.93305258365316,18.23249053955078,525792
2018-10-17,18.29903130219361,18.43211567388422,17.733424626288485,17.79996681213379,322516
2018-10-19,17.866506106770878,17.866506106770878,16.469125506894095,16.668750762939453,3654222
2018-10-22,16.968192234555573,17.06800487621564,16.70202476706653,16.868379592895508,411144
2018-10-23,16.8018374087266,16.934921777064417,16.668753040388776,16.868379592895508,315548
2018-10-24,16.801835765258904,17.13454538437294,16.801835765258904,17.001461029052734,308255
2018-10-25,16.835107341709552,20.29528811882282,16.835107341709552,19.29715919494629,13473371
2018-10-26,18.89790624433268,19.297158043905963,18.13267436884267,19.030990600585938,1097519
2018-10-29,18.86463680082703,19.16407471466414,18.798094619134375,18.897907257080078,361279
2018-10-30,18.93118117750429,19.13080647654134,18.36557447131703,18.69828414916992,216608
2018-10-31,18.79809673800536,18.89790938720168,18.531929250419616,18.66501235961914,249232
2018-11-01,18.76482352930455,18.831364439563963,18.49865481152088,18.5651969909668,217357
2018-11-02,18.665010515917917,18.96444970311542,18.665010515917917,18.69828224182129,356287
2018-11-05,18.86463264338195,18.931174810409836,18.598465244456666,18.731548309326172,150646
2018-11-06,18.764821938169792,18.997717642702703,18.66500804287123,18.731550216674805,160934
2018-11-07,18.831368876652608,18.997723729871048,18.798098413683643,18.897911071777344,60797
2018-11-09,18.99772159395152,19.26389034452504,18.79809630020805,19.13080596923828,369605
2018-11-12,19.29716322512059,19.33043368852365,18.598473340161643,18.665014266967773,1133088
2018-11-13,18.897907520495245,18.897907520495245,18.631740059201114,18.69828224182129,243016
2018-11-14,18.764824424441464,18.864637063778442,18.59846960248431,18.69828224182129,221208
2018-11-15,18.63173910372189,18.66500955873251,18.03286202922528,18.199216842651367,480243
2018-11-16,18.26575895614635,18.432113768973963,18.06613241924132,18.165945053100582,148833
2018-11-19,18.29903112206666,18.764825149212093,18.06613410849394,18.39884376525879,192284
2018-11-20,18.465385124900124,18.465385124900124,18.165945939524416,18.29903030395508,117615
2018-11-21,18.09940794404297,18.3655754466228,18.09940794404297,18.16594886779785,189489
2018-11-22,18.16594834851129,18.365574921629765,18.132677887584908,18.23249053955078,151656
2018-11-26,18.066137370198142,18.631744142651723,18.066137370198142,18.099409103393555,608304
2018-11-27,18.498654556804112,18.56519673533378,18.199216657200346,18.432113647460938,451783
2018-11-28,18.432116809188063,18.432116809188063,17.633613068234823,17.70015525817871,1197450
2018-11-29,17.83323860168457,17.966322983309702,17.633613298433595,17.83323860168457,479794
2018-11-30,17.933051486299924,17.99959240408094,17.766696653474085,17.96632194519043,616175
2018-12-03,18.032862794091567,18.032862794091567,17.700153153127467,17.93305015563965,307195
2018-12-04,17.966321125189342,17.966321125189342,17.766695842584095,17.86650848388672,107391
2018-12-05,17.866508997979093,17.899779456308426,17.70015416795915,17.79996681213379,179025
2018-12-06,17.79996982660552,17.86651202371992,17.60034450444917,17.700157165527344,500536
2018-12-07,17.73342310684226,17.966320102752277,17.20108820406495,17.334171295166016,1912003
2018-12-10,17.101275442148197,17.101275442148197,16.435856183997473,16.602210998535156,6196517
2018-12-11,16.435857502303552,16.835108073868323,16.30277313232422,16.635482788085938,2790470
2018-12-12,16.76856587632695,17.134545962015785,16.568939336616797,16.968191146850586,3523033
2018-12-13,17.167816678716786,17.167816678716786,16.63548176975911,16.768566131591797,2244679
2018-12-14,16.835107866217754,16.968192234555573,16.63548258289762,16.868379592895508,1834070
2018-12-17,17.001460369139334,17.001460369139334,16.635480309994037,16.668750762939453,2303662
2018-12-18,16.702022552490234,16.835105633995532,16.635480377144372,16.702022552490234,1801121
2018-12-19,16.73529573494429,16.835108379648403,16.702025276438466,16.801837921142578,1070213
2018-12-20,16.702025276438466,16.96819275204498,16.702025276438466,16.801837921142578,1902736
2018-12-21,16.801835113093976,17.001460369139334,16.668750762939453,16.668750762939453,1700479
2018-12-24,16.735292434692383,16.86837678084431,16.66875026161642,16.735292434692383,1062670
2018-12-26,16.768567462636753,17.367444600048074,16.668753548746004,16.801837921142578,2559792
2018-12-27,16.901650222859402,16.934921949876678,16.003333900378752,16.269502639770508,7594260
2018-12-28,16.36931431528027,16.86837876837304,16.36931431528027,16.768566131591797,2671562
2018-12-31,16.801835765258904,17.068003206712838,16.801835765258904,17.001461029052734,922842
2019-01-01,17.13454736941237,17.13454736941237,16.8683798971229,17.03473472595215,380029
2019-01-02,17.101270112996236,17.26762487569392,17.03472795407994,17.134540557861328,692721
2019-01-03,17.101278826120414,17.23436194257291,16.96819444048115,17.03473663330078,738031
2019-01-04,16.968191146850586,17.101275506657352,16.9016489669472,16.968191146850586,315306
2019-01-07,17.068003782112402,17.16781641737422,16.702023696423566,16.968191146850586,1851530
2019-01-08,17.034732752476025,17.068003206712838,16.835106219495717,17.001461029052734,534193
2019-01-09,17.001464320855053,17.10127824126429,16.63548417664358,16.7020263671875,2485015
2019-01-10,16.73529453767025,17.034733719546793,16.435856624980254,16.502397537231445,1985789
2019-01-11,16.63548258289762,16.968192234555573,16.56894039872871,16.868379592895508,2021000
2019-01-14,16.835110054841884,17.101278826120414,16.835110054841884,17.03473663330078,946243
2019-01-15,17.03473415118567,17.167817248246756,17.001462425030464,17.068004608154297,476010
2019-01-16,17.03473224755501,17.13454487649341,17.03473224755501,17.068002700805664,269942
2019-01-17,17.167811002726417,17.26762487569392,17.03472795407994,17.134540557861328,722620
2019-01-18,17.167817517875704,17.201089244553458,16.835107866217754,16.868379592895508,309014
2019-01-21,16.968189009383714,17.234356426281874,16.968189009383714,17.167814254760742,553394
2019-01-22,17.10127335242597,17.267628146635616,17.068001632072228,17.167814254760742,437422
2019-01-23,17.167818069458008,17.23436025576484,17.167818069458008,17.167818069458008,244484
2019-01-24,17.167814254760742,17.234356426281874,17.167814254760742,17.167814254760742,150205
2019-01-25,17.167816162109375,17.30090051993734,17.167816162109375,17.167816162109375,311349
2019-01-28,17.26763204555471,17.30090250423435,17.167818131142504,17.20108985900879,483879
2019-01-29,17.23435949525951,17.23435949525951,17.03473421433457,17.101276397705078,509902
2019-01-30,17.10127409093315,17.16781499614145,16.735292766355457,16.901647567749023,1008114
2019-01-31,17.068002704917483,17.068002704917483,15.604081185366557,16.103145599365234,3532394
2019-02-01,16.236227779737565,16.73529216601548,16.169685607729903,16.602209091186523,903485
2019-02-04,16.602212927371546,17.10127742896564,16.469128552605124,16.96819305419922,849619
2019-02-05,17.10127742896564,17.10127742896564,16.934922595100943,16.96819305419922,884764
2019-02-06,16.86838040771773,17.068005700680704,16.86838040771773,16.96819305419922,644612
2019-02-07,17.034733073467912,17.23435834102336,16.968190894553928,17.167816162109375,512077
2019-02-08,16.968192030964058,17.300901678630023,16.968192030964058,17.101276397705078,292484
2019-02-11,17.23435943137059,17.633611260927008,16.93492151109321,17.068004608154297,1503188
2019-02-12,17.03473415118567,17.201088974401962,16.968191968061838,17.068004608154297,373541
2019-02-14,17.20108756203304,17.267629739693145,16.96819057481592,17.001461029052734,733805
2019-02-15,17.134547582947384,17.20108976914567,16.63548309024018,16.801837921142578,1495467
2019-02-18,17.049439901590823,17.82763036211941,16.90795023627819,17.54465103149414,1771179
2019-02-19,17.47391003456646,17.82763289883424,17.120187170298685,17.332420349121094,658147
2019-02-20,17.2616786118075,18.004497570011775,17.2616786118075,17.75689125061035,847008
2019-02-21,17.58002921127364,17.686145816302286,17.367794651870508,17.438539505004883,493551
2019-02-22,17.438538827500167,17.473911927365997,17.19093252582252,17.29705047607422,1091997
2019-02-25,17.36779534873163,17.40316845139104,16.978700664899375,17.01407241821289,2974028
2019-02-26,16.907954492329544,17.12018904372194,16.589604689259637,16.76646614074707,1787055
2019-02-27,16.80183726970483,17.014070463899646,16.62497582476057,16.695720672607422,1204092
2019-02-28,16.69571968786501,17.084814304054614,15.457689646276332,15.917529106140137,5552095
2019-03-01,16.094390883625422,17.049442920215192,16.094390883625422,16.872581481933594,6206826
2019-03-05,16.943323174435136,17.120184579807756,16.837205251735213,16.978694915771484,925988
2019-03-06,17.120185218568786,17.261673538538606,16.907950714595824,17.049440383911133,908086
2019-03-07,17.084817162123034,19.38401619541392,16.943328800451127,17.473913192749023,24384506
2019-03-08,17.686141947440902,17.863003366915308,16.801834850068854,17.438535690307617,4041805
2019-03-11,17.403166484283123,17.58002792955156,17.155560191038166,17.261676788330078,1022334
2019-03-12,17.367795277301248,17.50928498866518,17.190933812769277,17.226306915283203,1099210
2019-03-13,17.26167417725596,17.438535595771583,17.08481275874033,17.12018585205078,596893
2019-03-14,17.261675503762152,17.261675503762152,17.049442324972155,17.084814071655273,617370
2019-03-15,17.40316707698013,17.650773378657775,17.19093252582252,17.29705047607422,1566525
2019-03-18,17.26167616561483,17.403165856463634,17.155559572151077,17.19093132019043,500839
2019-03-19,17.367795277301248,17.367795277301248,17.190933812769277,17.226306915283203,517621
2019-03-20,17.261672934126178,17.261672934126178,16.978694954749443,17.014066696166992,853919
2019-03-22,17.014068533197978,17.084813373016935,16.907951948142337,16.94332504272461,660831
2019-03-25,16.943325735577158,17.261675503762152,16.837207796836516,17.084814071655273,881103
2019-03-26,17.261676139571744,17.261676139571744,16.837208417011436,16.9079532623291,572916
2019-03-27,16.90795388255598,17.155560175577797,16.90795388255598,16.97869873046875,835743
2019-03-28,17.0494441986084,17.190932550235274,16.837209647149397,17.0494441986084,2109576
2019-04-01,17.155560175577797,17.155560175577797,16.66034758953416,16.97869873046875,3112328
2019-04-02,16.94332321333189,17.084811528347537,16.872578381151346,17.014066696166992,1424774
2019-04-03,17.08481532766503,17.120188426294284,16.90795388255598,16.97869873046875,1403842
2019-04-04,16.978694954749443,17.261672934126178,16.907950122568895,17.014066696166992,1454561
2019-04-05,17.014067329492715,17.155556999120567,17.014067329492715,17.08481216430664,727227
2019-04-08,17.190930661050274,17.190930661050274,17.084814071655273,17.084814071655273,726027
2019-04-09,17.08481216430664,17.12018525638635,17.08481216430664,17.08481216430664,864345
2019-04-10,17.084814071655273,17.120187167684037,17.084814071655273,17.084814071655273,521597
2019-04-11,17.084814071655273,17.120187167684037,17.084814071655273,17.084814071655273,690367
2019-04-12,17.12018585205078,17.332419014531315,16.978696177500066,17.12018585205078,1826777
2019-04-15,17.261678052205173,17.36779465726679,17.0848165939872,17.155561447143555,604110
2019-04-16,17.120190306433198,17.438540132983213,17.049445450751232,17.226306915283203,1304306
2019-04-18,17.509283081575035,17.509283081575035,17.120188441722775,17.261676788330078,712197
2019-04-22,17.29704797573399,17.332419721140937,17.190930040821957,17.261674880981445,567176
2019-04-23,17.22630246987188,17.2616742139119,17.120185888406265,17.15555763244629,664070
2019-04-24,17.15555763244629,17.297047307297465,17.014067957595113,17.15555763244629,1858385
2019-04-25,17.22630567027963,17.22630567027963,16.23588181035106,16.51885986328125,3822348
2019-04-26,16.66034508443372,17.26167417725596,16.66034508443372,17.12018585205078,1243664
2019-04-30,17.1555582837383,17.1555582837383,16.872580272638544,17.014068603515625,605536
2019-05-02,17.120184579807756,17.120184579807756,16.90795008375335,16.978694915771484,1314449
2019-05-03,16.97869871513635,17.367793354286594,16.97869871513635,17.22630500793457,1453384
2019-05-06,17.155561481548638,17.155561481548638,16.872583417701538,16.907955169677734,461013
2019-05-07,16.978694915771484,17.190928062480452,16.90795008375335,16.978694915771484,658150
2019-05-08,16.97869873046875,17.049443578381517,16.872582133272466,16.97869873046875,823777
2019-05-09,17.049439786929987,17.084811528347537,16.94332321333189,17.014066696166992,445243
2019-05-10,16.978694915771484,17.04943974778962,16.978694915771484,16.978694915771484,348735
2019-05-13,16.97869873046875,17.014070479752263,16.943326981185237,16.97869873046875,611165
2019-05-14,16.90795388255598,17.08481532766503,16.837209034643212,16.97869873046875,488134
2019-05-15,16.90795008375335,17.014066657107833,16.90795008375335,16.978694915771484,487748
2019-05-16,16.978696177500066,17.297047270566406,16.801834758984437,17.12018585205078,1327850
2019-05-17,17.226301192708625,17.226301192708625,16.872578381151346,17.014066696166992,710228
2019-05-20,17.120187824111724,17.297049262999877,17.120187824111724,17.19093132019043,572542
2019-05-21,17.261674250417,17.261674250417,17.15555766872697,17.190929412841797,404035
2019-05-22,17.155558880444936,17.190930627058112,16.943325702074596,17.049442291259766,577259
2019-05-23,17.190930029121176,17.190930029121176,16.978696858132754,17.014068603515625,562790
2019-05-24,17.049439786929987,17.120184619110532,16.978694954749443,17.014066696166992,419582
2019-05-27,17.0494448703377,17.261678080812665,16.9787000170641,17.190933227539062,533656
2019-05-28,18.03986611902913,18.924173281726638,17.75688809683506,18.110610961914062,2029134
2019-05-29,18.1106096651147,18.358215922809435,17.827631663183098,17.933748245239258,748187
2019-05-30,19.313267261423903,19.525501783131947,17.933748942376827,18.075237274169922,8260418
2019-05-31,18.25210190290698,18.25210190290698,17.82763548371748,17.96912384033203,1462935
2019-06-03,18.110610959844376,18.110610959844376,17.756888094805795,17.863004684448242,729720
2019-06-04,17.863007235534656,18.110613546292424,17.863007235534656,17.96912384033203,913385
2019-06-06,18.322843506160577,18.499704932570133,17.898375812908533,18.039865493774414,2595807
2019-06-07,18.145982079751025,18.18135517464029,17.933748907797803,18.03986549377441,832894
2019-06-10,18.11060838191775,18.14598012364841,17.72151247615318,17.79225730895996,573287
2019-06-11,17.827632904052734,18.004494336238395,17.615398375822558,17.827632904052734,571581
2019-06-12,17.792261092514245,17.863005940365035,17.72151624466345,17.75688934326172,439674
2019-06-13,17.686145782470703,17.827635488468804,17.61540092947165,17.686145782470703,580014
2019-06-14,17.686140020331802,17.75688485028221,17.615395190381392,17.650768280029297,288252
2019-06-17,17.650772101015534,17.721515596934882,17.36779271995538,17.403165817260742,429095
2019-06-18,17.403163946150954,17.615397109782027,17.332419108492083,17.438535690307617,389221
2019-06-19,17.580026658096553,17.863004680190844,17.190930697039466,17.3677921295166,709376
2019-06-20,17.261677435594247,17.40316713685276,17.226305684952518,17.367794036865234,515705
2019-06-21,17.43853759765625,17.82763357266484,17.261676158837535,17.43853759765625,737050
2019-06-24,17.438538862682456,17.721516915451055,17.438538862682456,17.615400314331055,616819
2019-06-25,17.72151622863561,17.72151622863561,17.332421589826772,17.47391128540039,546876
2019-06-26,17.61539906194207,17.863005346515383,17.61539906194207,17.721515655517578,1969871
2019-06-27,17.756888694240246,18.075238473914386,17.190931281465627,17.403165817260742,4200629
2019-06-28,17.473910070591003,17.7215149966124,17.438536974483913,17.615398406982422,1119428
2019-07-01,17.79225781375491,17.82763090583462,16.978695586758498,17.08481216430664,1636383
2019-07-02,17.12018902478244,17.3677939771143,17.049444174396573,17.29705047607422,1606162
2019-07-03,17.33242352413321,17.403168379815174,17.155562059601237,17.226306915283203,973050
2019-07-04,17.22630249080598,17.509280491506676,17.190929397377428,17.40316390991211,628719
2019-07-05,17.509280527966492,17.580025365625364,17.26167427083321,17.438535690307617,2061271
2019-07-08,17.332420945524706,17.438537538587354,17.01406981699108,17.120187759399414,640991
2019-07-09,17.226302584470005,18.322842849151964,17.049441164402236,18.18135452270508,4381628
2019-07-10,18.181355806820715,18.464333829046254,17.509281823357618,18.358217239379883,2774234
2019-07-11,18.641196599743846,18.994919490253803,18.181357111950053,18.853429794311523,2012610
2019-07-12,18.711942697865762,19.490132029502146,18.18135832665232,19.030292510986328,10980842
2019-07-15,18.641196584362962,18.782684930842755,18.216728846232094,18.570451736450195,1184082
2019-07-16,18.605822861949132,18.711940804933413,18.358217926574333,18.499706268310547,444464
2019-07-17,18.57044978379078,18.57044978379078,18.181355185201976,18.287471771240234,399476
2019-07-18,18.35821985705019,18.35821985705019,17.721517529574264,17.96912384033203,522609
2019-07-19,17.93375016608693,18.07523850753449,17.403165849630785,17.43853759765625,1277232
2019-07-22,17.50928367788604,17.721516879697855,17.22630562568835,17.29705047607422,527780
2019-07-23,17.367793339047306,17.615399631628268,17.29704984060624,17.47391128540039,376360
2019-07-24,17.332420382759434,17.4739100684794,17.22630379314228,17.3677921295166,538662
2019-07-25,17.36779336997036,17.473911316512385,16.69572068816342,16.97869873046875,3353846
2019-07-26,16.978696858132754,17.12018653835543,16.943325112749882,17.014068603515625,1291464
2019-07-29,17.08481532766503,17.08481532766503,16.66034758953416,16.97869873046875,3214669
2019-07-30,16.978696858132754,17.332419709343853,16.943325112749882,17.014068603515625,3504839
2019-07-31,16.943324490105283,17.509280491506676,16.801834815082163,17.40316390991211,5042168
2019-08-01,17.403167106977538,17.721516910243995,17.226305655380905,17.332422256469727,1778433
2019-08-02,17.26167417725596,17.367790758496227,16.872579596259797,17.12018585205078,3568681
2019-08-05,16.978696858132754,17.190930029121176,16.872580272638544,17.014068603515625,2580072
2019-08-06,16.978699348122063,17.190932550235274,16.872582747065458,17.0494441986084,1720619
2019-08-07,17.120188441722775,17.65077277752808,17.01407049508512,17.261676788330078,2251899
2019-08-08,17.26167737620839,17.50928367788604,17.19093252582252,17.29705047607422,732692
2019-08-09,17.40316778735987,17.54465614456123,16.94332826510022,17.190933227539062,2050584
2019-08-13,17.58002792955156,17.615399678866947,17.190931940353554,17.261676788330078,1285223
2019-08-14,17.403163276710018,17.54465159723964,17.2616736068349,17.33241844177246,646484
2019-08-16,17.50928047022869,17.50928047022869,17.04944105098068,17.15555763244629,1043997
2019-08-19,17.155561447143555,17.33242290536153,17.04944484208194,17.155561447143555,929003
2019-08-20,17.261674880981445,17.403164561300425,17.15555829541501,17.261674880981445,1050186
2019-08-21,17.403168379815174,17.403168379815174,16.978700595069267,17.226306915283203,2109335
2019-08-22,17.226300514120037,17.261672254144205,17.01406602593887,17.12018394470215,1738843
2019-08-23,17.120187167684037,17.261675503762152,16.943325735577158,17.084814071655273,2162193
2019-08-26,17.332419014531315,17.403163851806674,17.014067921464974,17.12018585205078,1555186
2019-08-27,17.120187824111724,17.473910701888034,17.04944297868732,17.19093132019043,3193722
2019-08-28,17.261677400721606,17.33242225120794,17.014071098692334,17.0494441986084,2282692
2019-08-29,17.04943974778962,17.261672894498588,16.801833510398865,16.978694915771484,9371784
2019-08-30,17.04944294028124,17.473910662525782,17.04944294028124,17.403165817260742,2015352
2019-09-03,17.54465419796674,17.580027295351787,17.19093132019043,17.19093132019043,520761
2019-09-04,17.190927424750484,17.297045343513762,17.01406602593887,17.12018394470215,1008093
2019-09-05,17.15556207104843,17.65077471180674,17.12019031785679,17.54465675354004,1012138
2019-09-06,17.54465231190595,18.03986482729541,17.297047403556764,17.933748245239258,1838423
2019-09-09,17.827632904052734,17.969121240193875,17.756888061309343,17.827632904052734,732194
2019-09-11,17.969119392965933,18.00449248537409,17.827631071369808,17.898374557495117,834390
2019-09-12,17.89837831825608,18.570452372425013,17.863006567761204,18.11061286926269,2819057
2019-09-13,18.28747053357032,18.499703691283194,18.145980862198066,18.393587112426758,3486962
2019-09-16,18.28747053357032,18.535076783799013,18.216725697884193,18.393587112426758,1480102
2019-09-17,18.39358901977539,18.53507870581961,18.287472429915045,18.39358901977539,1317415
2019-09-18,18.39358901977539,18.499705609635733,18.252099333731167,18.39358901977539,757216
2019-09-19,18.61126392374447,18.61126392374447,17.99451610034926,18.21219253540039,693081
2019-09-20,18.32103207906088,19.228013865152995,18.21219454151869,19.04661750793457,3173779
2019-09-23,19.155451042979063,19.300568652009485,18.57498337474555,18.865217208862305,2583676
2019-09-24,18.86521933659173,18.97405686366784,17.77684129794221,17.921958923339844,2737684
2019-09-25,17.921962094380213,17.95824081517651,17.63172679223187,17.668006896972656,945744
2019-09-26,17.74056340126013,17.99451718149482,17.6317244852232,17.77684211730957,1088718
2019-09-27,17.849402848486516,17.958240392256755,17.740565304716274,17.776844024658203,718223
2019-09-30,17.88567757210574,17.95823637972173,17.48660620613403,17.595443725585938,2387949
2019-10-01,17.559164076781897,17.813117813970504,17.414046469293492,17.63172149658203,1035203
2019-10-03,17.74056452066506,17.74056452066506,17.30521298088017,17.34149169921875,1118380
2019-10-04,17.45032869648,17.48660879763675,17.232653625316896,17.268932342529297,1881526
2019-10-07,17.414048183686507,17.486606994574043,17.232651848439772,17.377769470214844,754831
2019-10-09,17.414044399270814,17.631719400684137,17.305206898564155,17.4503231048584,736606
2019-10-10,17.414047241210938,17.559164855132018,17.377768529702735,17.414047241210938,507944
2019-10-11,17.414048183686507,17.486606994574043,17.34148937279897,17.377769470214844,632769
2019-10-14,17.341490470721915,17.813120695434396,17.305211754953376,17.59544563293457,2139555
2019-10-15,17.52288802287283,18.10335720271066,17.52288802287283,17.994518280029297,1068754
2019-10-16,18.03079246357377,18.1033512602289,17.70427857059768,17.8131160736084,753586
2019-10-17,17.813119718936708,17.88567853044048,17.522885856865848,17.559165954589844,906979
2019-10-18,17.631722811413685,18.720100796906976,17.595444098808244,18.611263275146484,5806433
2019-10-22,18.7201031410573,18.756383242149948,17.813121372906377,17.849401473999023,1614588
2019-10-23,17.921955290017177,18.139630300040075,17.849396492028227,18.103351593017578,618246
2019-10-24,18.103352947092887,18.13963165682892,17.84939782710847,18.03079414367676,964876
2019-10-25,17.921959483381997,18.13963454433632,17.921959483381997,18.067075729370117,301168
2019-10-27,18.13963278646652,18.321029114331186,18.06707397853182,18.248470306396484,149785
2019-10-29,18.13963357569069,18.13963357569069,17.99451595350748,18.03079605102539,755328
2019-10-30,18.13963549455247,18.13963549455247,17.958239139606942,18.030797958374023,1206426
2019-10-31,18.13963675985531,18.13963675985531,17.63172637700158,17.776844024658203,2080475
2019-11-01,17.921958923339844,18.03079645041595,17.740562583564923,17.921958923339844,720464
2019-11-04,18.13963286730708,18.13963286730708,17.740561497803988,17.776840209960938,3820653
2019-11-05,17.776844024658203,18.357311847395792,17.668006480887964,17.776844024658203,3328210
2019-11-06,17.77684211730957,17.885679649402196,17.668004585216945,17.77684211730957,1705368
2019-11-07,17.849402848486516,18.067077936026998,17.740565304716274,17.776844024658203,2746741
2019-11-08,17.849402848486516,17.885681568428446,17.740565304716274,17.776844024658203,1294274
2019-11-11,17.776844024658203,18.067077936027,17.70428520082989,17.776844024658203,1730718
2019-11-13,18.502426528229147,18.574985340422817,17.74056246005623,17.813119888305664,5579424
2019-11-14,17.921954960563056,17.994512373274244,17.776837367252806,17.8131160736084,1246942
2019-11-15,17.88567773037595,18.030795346892067,17.70428140170288,17.776840209960938,2362237
2019-11-18,17.776839270716877,17.958235589805824,17.74056056047672,17.81311798095703,8628408
2019-11-19,17.77684498110909,17.921962636573507,17.77684498110909,17.81312370300293,688549
2019-11-20,17.92196125538613,17.958239974484087,17.77684361110546,17.88568115234375,1308128
2019-11-21,17.88568115234375,18.10335761876476,17.813122330203417,17.88568115234375,1006722
2019-11-22,17.921959344168545,17.9582380593977,17.849400529765962,17.885679244995117,506781
2019-11-25,17.921960843500912,17.994518280029297,17.849402023028134,17.994518280029297,1779296
2019-11-26,18.03079645041595,18.103355263114764,17.885678825018314,17.921958923339844,565474
2019-11-27,17.99451922921104,17.99451922921104,17.921961788855366,17.958240509033203,381696
2019-11-28,18.103356645870154,18.103356645870154,17.813121372906377,17.849401473999023,773523
2019-11-29,17.885678825018314,17.99451635209442,17.849400110641028,17.921958923339844,495714
2019-12-02,17.885678825018314,18.03079645041595,17.849400110641028,17.921958923339844,461094
2019-12-03,17.958239139606942,18.13963549455247,17.921960422195582,18.030797958374023,3553040
2019-12-04,18.03079414367676,18.103352947092887,17.95823534026063,18.03079414367676,1031923
2019-12-05,18.03079455984952,18.067073270422902,17.958235754758643,17.99451446533203,333481
2019-12-06,18.030798382237883,18.10335720271066,17.958239561765104,17.994518280029297,1164292
2019-12-09,17.99451635209442,18.067075164793234,17.849400110641028,17.921958923339844,347550
2019-12-10,17.92195879856828,17.958237512692996,17.813119888305664,17.813119888305664,471483
2019-12-11,17.813121372906377,17.994517726536564,17.74056393860978,17.849401473999023,580444
2019-12-12,17.994515014715347,18.103353917646626,17.81311868842207,18.067073822021484,3153057
2019-12-13,18.067073822021484,18.13963262932762,17.921957591353348,18.067073822021484,482461
2019-12-16,18.03079933333334,18.10335815763348,17.921961788855366,17.958240509033203,420349
2019-12-17,17.99451270406217,18.139630300040075,17.921955290017177,18.103351593017578,1007403
2019-12-18,18.067077100502075,18.139635920974854,17.958239561765104,17.994518280029297,1190667
2019-12-19,17.99451595350748,18.067074764599088,17.99451595350748,18.03079605102539,335908
2019-12-20,18.030794881268783,18.828938983608037,18.030794881268783,18.35730743408203,1183102
2019-12-23,18.50242665704189,18.574985469740707,17.885678825018314,17.921958923339844,1775423
2019-12-24,17.95823873519897,18.39359025405327,17.95823873519897,18.13963508605957,758497
2019-12-26,18.17591283704897,18.212192935660283,18.030796594436467,18.103355407714844,254370
2019-12-27,18.139634122381903,18.212192935660283,18.06707530910353,18.103355407714844,325508
2019-12-30,18.139635623466287,18.284753262031764,18.1033569057971,18.212194442749023,465451
2019-12-31,18.24847004838975,18.61126269898972,18.17591124148093,18.46614646911621,675788
2020-01-01,18.574987003123823,18.79266207524532,18.35731054705797,18.68382453918457,475381
2020-01-02,18.720098462304747,18.865216062517096,18.42986464582405,18.647541046142575,1903408
2020-01-03,18.647541220527792,18.86521623893793,18.538702327378704,18.828937530517578,1220886
2020-01-06,18.720102849758245,18.937779301093865,18.683824133174472,18.792661666870117,1178125
2020-01-07,18.792662737755858,19.010339201495604,18.792662737755858,18.937780380249023,670252
2020-01-08,18.865217042200776,18.865217042200776,18.611261920613103,18.683820724487305,1276126
2020-01-09,18.86522102355957,19.19173501792969,18.756383486750984,18.86522102355957,716153
2020-01-10,18.865220078751168,19.046616425662236,18.865220078751168,18.901498794555664,439523
2020-01-13,18.937780380249023,19.119176741393275,18.90150027765353,18.937780380249023,787370
2020-01-14,18.974056243896484,19.15545257774625,18.93777753070421,18.974056243896484,1364884
2020-01-15,18.97405761010895,19.046616425662236,18.828941362946672,18.901498794555664,1131552
2020-01-16,19.082896225800503,19.15545504547675,18.865221150716145,19.04661750793457,1418656
2020-01-17,19.010334430037304,19.11917194261753,18.90149553351301,18.97405433654785,707228
2020-01-20,19.119175776842102,19.844761184813763,18.429869085691294,19.627084732055664,6997443
2020-01-21,19.627084582033326,19.73592349955262,19.01033809712707,19.373130798339844,1177597
2020-01-22,19.518242099627376,19.518242099627376,18.6475406678488,18.756378173828125,1792943
2020-01-23,18.86521963497284,19.15545350641434,17.921959206801905,18.284751892089844,7463286
2020-01-24,18.68382359464257,19.082895001338773,18.50242724906352,18.720102310180664,2436279
2020-01-27,18.6112611601645,19.082891290160088,18.6112611601645,18.9014949798584,1122885
2020-01-28,18.86521759822384,19.046613921283686,18.683821275164,18.75638008117676,700114
2020-01-29,18.86522186235596,19.010339507182625,18.683825498294844,18.720104217529297,1084084
2020-01-30,18.82894313214383,18.901500570570434,18.50242912344642,18.647546768188477,925995
2020-01-31,18.79265846258091,18.79265846258091,18.13963198780862,18.39358711242676,2369118
2020-02-03,18.393589580795453,18.64754473949367,18.212193236574482,18.538705825805664,1674001
2020-02-04,18.683820724487305,18.865217042200776,18.5387031167389,18.683820724487305,977433
2020-02-05,18.75638432070818,18.82894314312151,18.683825498294844,18.720104217529297,752483
2020-02-06,18.82893888718952,18.82893888718952,18.683821275164,18.75638008117676,995149
2020-02-07,18.82893946291981,19.0466145036698,18.538704229994277,18.90149688720703,2708146
2020-02-10,18.937776072061016,19.04661358719905,18.21219079254867,18.393587112426758,5969532
2020-02-11,18.792662229122197,18.792662229122197,18.067076804183547,18.212194442749023,3604129
2020-02-12,18.32102981268191,18.611263671539515,18.067074667202426,18.502426147460938,2590911
2020-02-13,18.574983987507377,19.082892867980856,18.21219133690741,18.46614646911621,4667469
2020-02-14,18.53870359448317,18.756380011715322,18.13963223880706,18.17591094970703,2985610
2020-02-17,18.28474887511081,18.574982698663806,17.92195624968357,18.139631271362305,3396468
2020-02-18,18.284751493351298,18.64754417072776,17.95823753013479,18.39358901977539,4423355
2020-02-19,18.538705825805664,18.64754473949367,18.284752051051726,18.538705825805664,1843258
2020-02-20,18.502427649580564,18.865220348591947,18.466148933257152,18.611265182495117,2990796
2020-02-24,18.79265823832657,18.865217042200776,18.611261920613103,18.683820724487305,4501979
2020-02-25,18.64497756958008,18.800352975367787,18.295383647442577,18.64497756958008,4730564
2020-02-26,18.644980301193677,18.683823417446536,18.373074042113956,18.41191864013672,1654943
2020-02-27,18.45075881227534,18.45075881227534,17.868103270835064,18.256540298461918,2037623
2020-02-28,17.82926425643065,18.411919931715705,17.596201097254625,17.984638214111328,4536955
2020-03-02,18.062324335286903,18.21769976098657,17.557356424417804,17.673887252807617,1707975
2020-03-03,17.6350466651832,18.334233217517625,17.59620206230512,18.1400146484375,2392348
2020-03-04,18.373073896800637,18.45076161046182,17.75157515105093,18.06232452392578,1672334
2020-03-05,17.984631967645008,18.140007353130333,17.86810116941576,17.906944274902344,767081
2020-03-06,17.596198652983706,17.90694800694917,17.44082471688587,17.829261779785156,1575305
2020-03-09,17.67388780328836,17.712730920038165,16.50857651955506,16.74163818359375,5840082
2020-03-11,16.974699352225247,17.246605583112604,16.663950009112448,16.70279312133789,4046939
2020-03-12,16.31435743409875,16.858169941276657,15.537483270570236,15.692858695983888,5902038
2020-03-13,15.149043758063822,16.392042516617856,13.40107717059492,16.158979415893555,4821913
2020-03-16,15.692859380318076,15.8482333307374,14.799452867884716,14.993671417236328,3812521
2020-03-17,15.226733556075205,15.382107496194129,14.838296483123132,14.954827308654783,2150349
2020-03-18,15.110205262749142,17.945796074140627,14.682923521835027,16.702796936035156,9513498
2020-03-19,15.420952291720708,15.692858542652932,14.954827501804012,15.34326457977295,1535732
2020-03-20,15.304420786725839,16.353199665367068,15.18788848308144,15.887076377868652,2247530
2020-03-23,14.838296133661368,15.226733197465228,14.02257741061138,14.333328247070312,2270901
2020-03-24,14.488701927463218,15.459794569810214,13.983734049796736,14.682920455932615,1008073
2020-03-25,14.682921061234367,15.149045845130821,14.605233350289984,14.954827308654785,873245
2020-03-26,14.9548265816088,15.498639050011574,14.255640180640786,14.488701820373535,3449930
2020-03-27,15.382105634458297,16.236667387877016,15.110200901717047,15.848230361938477,4876268
2020-03-30,15.537480993294661,15.925918018127028,15.2267316697827,15.80938720703125,1858512
2020-03-31,15.57632752861519,16.31435863081231,15.57632752861519,16.120140075683594,1042443
2020-04-01,16.275511707140524,16.314354816376422,15.92591779693889,16.158979415893555,358458
2020-04-03,16.314356700483575,16.54741834635399,15.925919636186347,16.12013816833496,2259279
2020-04-07,16.58626401654848,16.58626401654848,15.887077551863817,16.31435775756836,1701755
2020-04-08,16.31435744230961,16.663951408781337,16.120138901329735,16.625106811523438,1068249
2020-04-09,16.819326363672864,17.091232633745538,16.70279552843314,16.78048324584961,905553
2020-04-13,16.897012202186005,17.01354302446781,16.392044317784983,16.819324493408203,459969
2020-04-15,16.8193238331761,18.411916614410536,16.8193238331761,17.363136291503906,3278609
2020-04-16,17.4019802564578,17.4019802564578,17.091230900082984,17.16891860961914,635751
2020-04-17,17.401979782448525,17.635042904708637,16.897011906872944,17.13007354736328,1179594
2020-04-20,17.28544840155908,17.363136106459358,16.93585447039269,17.01354217529297,758136
2020-04-21,16.741638002859993,16.85817031539124,16.314357796145107,16.353200912475586,1176606
2020-04-22,16.35320021453462,17.05238813280172,16.197826274074032,16.89701271057129,948810
2020-04-23,16.97470017685678,17.207761825071085,16.353199978668922,16.4697322845459,1112030
2020-04-24,16.430889504740712,16.54742034172781,16.04245239360372,16.15898323059082,1787823
2020-04-27,16.314357212087558,16.392044923737185,16.158981788788306,16.197826385498047,1229677
2020-04-28,16.23666814505521,16.35319896191712,16.197825033357816,16.314355850219727,530075
2020-04-29,16.35319761617001,16.586260712484194,16.31435450766912,16.430885314941406,521776
2020-04-30,16.54741996396548,16.66395228006224,16.353201412830817,16.430889129638672,1271729
2020-05-04,16.314355806906768,16.4308866234593,16.120137285395973,16.2755126953125,1828553
2020-05-05,16.353200327027444,16.46973263538681,16.158981788788306,16.197826385498047,575147
2020-05-06,16.275512738522334,16.39204355538424,16.1201373281933,16.314355850219727,667378
2020-05-07,16.314355806906768,16.353198918501036,16.15898039699024,16.2755126953125,278371
2020-05-08,16.3143565945509,16.353199708020483,15.848231824066916,15.92591953277588,926013
2020-05-11,16.197826686938026,16.23666980260078,15.692858774472835,15.77054500579834,1041422
2020-05-12,15.809387447410913,16.780480024257166,15.615168932041662,16.197824478149414,1321612
2020-05-13,16.43089064304801,16.89701550505882,16.27551667689113,16.702796936035156,3085982
2020-05-14,16.469729905211906,16.625103820985085,16.35319761617001,16.430885314941406,750888
2020-05-15,16.39204216003418,16.430885268425108,16.275511353091794,16.39204216003418,371758
2020-05-18,16.39204194176496,16.43088504963867,16.003604935949532,16.042448043823242,689132
2020-05-19,16.275515475463184,16.275515475463184,16.003609202547644,16.081296920776367,458995
2020-05-20,16.197825877548368,16.197825877548368,16.003607345399754,16.12013816833496,311003
2020-05-21,16.120140112185116,16.236670949172215,16.08129699377941,16.15898323059082,234277
2020-05-22,16.15898128205676,16.15898128205676,15.84823192697294,16.12013816833496,498954
2020-05-26,16.275515549347908,16.275515549347908,16.08129699377941,16.15898323059082,276362
2020-05-27,16.197826425369772,16.27551413721063,16.081295598493416,16.236669540405273,289633
2020-05-28,16.236671941587183,16.43089050902667,16.236671941587183,16.314359664916992,544283
2020-05-29,16.430888626906448,16.50857634133731,16.314357796145107,16.353200912475586,442716
2020-06-01,16.469732522092368,17.20776207326231,16.469732522092368,16.89701271057129,1104815
2020-06-02,17.285449784377526,17.363137495492744,16.780481884783388,16.89701271057129,977525
2020-06-03,17.01354529870287,17.052389899169107,16.430889627639278,16.508577346801758,3959118
2020-06-04,16.58626595568629,16.58626595568629,16.275516544137126,16.314359664916992,3106124
2020-06-05,16.469729905211906,16.625103820985085,16.31435450766912,16.430885314941406,3119631
2020-06-08,16.50857437224615,16.625105189108062,16.23666814505521,16.314355850219727,3726220
2020-06-09,16.353199472702396,16.46973177497387,16.314356359791752,16.392044067382812,1178089
2020-06-10,16.469729650063357,16.780478958565205,16.35319736282678,16.741634368896484,2486976
2020-06-11,16.819325312530214,16.935856140487218,16.39204511609792,16.58626365661621,1524577
2020-06-12,16.314354461482722,16.508572966976562,16.236666762931264,16.39204216003418,5204041
2020-06-15,16.50857634133731,16.50857634133731,16.314357796145107,16.353200912475586,926546
2020-06-16,16.469733186062687,16.741637963272904,16.27551464132973,16.31435775756836,1364862
2020-06-17,16.236668101948506,16.39204351186503,16.197824990354235,16.2755126953125,1268300
2020-06-18,16.314356401490492,16.508574930079664,16.275513288480568,16.43088722229004,674899
2020-06-19,16.58626365661621,16.62510677201192,16.43088823149363,16.58626365661621,884148
2020-06-22,16.70279499035122,16.819325821836895,16.58626415886554,16.663951873779297,2262202
2020-06-23,16.780483278417964,18.256543985115893,16.70279556085071,17.906949996948242,6341805
2020-06-24,18.48960249225617,18.48960249225617,17.440823670751715,17.635042190551758,5805722
2020-06-25,17.518510908868837,18.02348027503966,16.54741825357079,16.819324493408203,5521093
2020-06-26,17.0523864892071,17.440823525573826,16.974698785579815,17.324291229248047,1861688
2020-06-29,17.479664663250524,17.751570854366108,17.207758472134945,17.285446166992188,1659654
2020-06-30,17.47967033140096,17.47967033140096,16.39204669602335,16.93585777282715,3531957
2020-07-01,16.935860136101596,17.285454184220892,16.819329280651903,16.97470474243164,1163095
2020-07-02,17.05238813280172,17.05238813280172,16.819324999456075,16.89701271057129,6328469
2020-07-03,16.935856830423273,17.246607693327867,16.897013713445165,17.05238914489746,1145947
2020-07-06,17.28545088685227,17.28545088685227,17.01354462149162,17.130075454711914,1082455
2020-07-07,17.246605764255445,17.285448876888864,16.97469953051223,17.052387237548828,764558
2020-07-08,17.13007742337078,17.59620229159089,16.974703455144148,17.440828323364258,2693558
2020-07-09,17.51850974743141,17.5573543401299,17.20776041469197,17.324291229248047,1649032
2020-07-10,17.28544909265432,17.984635501171773,17.207761384647984,17.440824508666992,2728968
2020-07-13,17.479666592030043,17.479666592030043,17.207760370911192,17.28544807434082,899011
2020-07-14,17.28545238340489,17.75157723841252,17.207764660608607,17.363140106201172,1798853
2020-07-15,17.363137733571836,17.984636467475717,17.285450021391384,17.32429313659668,1721762
2020-07-16,17.440827863468346,17.596201827597934,17.24660929697881,17.4019832611084,935684
2020-07-17,17.32429031116807,17.557353409699026,17.32429031116807,17.44082260131836,770033
2020-07-20,17.51851128463031,17.635043591181464,17.440825055955983,17.557355880737305,647735
2020-07-21,17.67389001658926,17.71273313820339,17.440828323364258,17.440828323364258,569112
2020-07-22,17.479670984058224,17.63504642995788,17.363140140518517,17.4019832611084,665181
2020-07-23,17.363140140518517,17.518514104648105,17.363140140518517,17.4019832611084,517568
2020-07-24,17.44082102732668,17.44082102732668,17.13007025732991,17.2077579498291,989961
2020-07-27,17.246605849378223,17.285448962203358,17.09123043453815,17.13007354736328,452673
2020-07-28,17.130075454711914,17.24660776970215,17.091232337561795,17.130075454711914,404403
2020-07-29,17.16891860961914,17.324292546921644,17.130074013966155,17.16891860961914,561464
2020-07-30,17.285450021391384,17.518511676162873,17.24660690618609,17.32429313659668,717842
2020-07-31,17.401979782448525,17.44082437704343,17.09123043453815,17.13007354736328,807089
2020-08-03,17.130074013966155,17.246606319155298,17.130074013966155,17.16891860961914,410454
2020-08-04,17.246605849378223,17.285448962203358,17.09123043453815,17.13007354736328,736720
2020-08-05,17.20776125478332,17.20776125478332,17.13007354736328,17.13007354736328,700596
2020-08-06,17.2077579498291,17.324288747693146,17.13007025732991,17.2077579498291,629206
2020-08-07,17.246604448617703,17.285447558288016,17.16891674750742,17.207759857177734,567693
2020-08-10,17.246603060448333,17.324289273536042,17.207758472134945,17.285446166992188,843634
2020-08-11,17.36313714257463,17.36313714257463,17.16891860961914,17.16891860961914,1491397
2020-08-12,17.207763671875,17.24660827192622,17.130075953542544,17.207763671875,741343
2020-08-13,17.207760326933208,17.28544803016429,17.168917216202512,17.246604919433594,457491
2020-08-14,17.324295503917998,17.86810808172191,17.24660926289178,17.363140106201172,3045703
2020-08-17,17.945790682486052,18.062321492535578,17.6350413617641,17.829259872436523,2316049
2020-08-18,18.062325933836668,18.14001365356201,17.82926425643065,17.984638214111328,1207936
2020-08-19,18.06232178464849,18.334228000341216,17.790415568955762,18.256540298461918,1471828
2020-08-20,18.256539147737026,19.499537854149633,18.02347753855885,19.383007049560547,11296953
2020-08-21,19.49954118181043,19.73260283076134,19.111104112379024,19.305322647094727,2730731
2020-08-24,19.3830106688131,19.577229206649825,18.878041285021734,18.99457359313965,1151774
2020-08-25,18.839198522620006,19.033417064090315,18.683823096735807,18.722667694091797,756920
2020-08-26,18.91688781712464,19.111106374832758,18.72266925941652,19.033418655395508,1017667
2020-08-27,19.188795414478136,20.5094808086958,18.83920139384311,20.04335594177246,4049571
2020-08-28,20.15988201253208,20.27641282265112,19.1111017579214,19.266475677490234,3431711
2020-08-31,19.22763833893217,19.22763833893217,18.101170045559424,18.1400146484375,2181566
2020-09-01,18.17885539266141,18.489604766205133,18.0234814467745,18.101167678833008,532627
2020-09-02,18.1400146484375,18.25654549353156,17.9069514764793,18.1400146484375,814162
2020-09-03,18.17885173090008,18.56728874002944,18.101164032720288,18.411914825439453,720686
2020-09-04,18.06232316778987,18.489603338190964,17.94579234693228,18.17885398864746,895006
2020-09-07,18.3730711554389,18.3730711554389,17.945791016709727,18.29538345336914,759286
2020-09-08,18.29538480950505,18.450760225161694,18.06232316778987,18.17885398864746,840462
2020-09-09,18.101167600741913,18.25654302772841,17.906949057893737,18.023481369018555,1167412
2020-09-10,18.06232182892953,18.411915747358616,18.023478718779486,18.29538345336914,773106
2020-09-11,18.17885531423516,18.295386143590086,17.984636771386985,18.023481369018555,1482447
2020-09-14,18.25654302772841,18.25654302772841,17.984636771386985,18.023481369018555,2749403
2020-09-15,18.101167600741913,18.14001219837348,17.984636771386985,18.023481369018555,1494694
2020-09-16,18.06232316778987,18.644978753847607,18.0234800547606,18.17885398864746,3040405
2020-09-17,18.21769687707281,18.56728930690077,18.14000917652117,18.52844619750977,1147069
2020-09-18,18.56729152244646,18.64497923226821,18.10116674528579,18.21769905090332,1198485
2020-09-21,18.376459141016664,18.49552876980764,18.019250254643733,18.09862899780273,679714
2020-09-22,18.0589361439539,18.09862550788018,17.463586600746627,17.542966842651367,1286264
2020-09-23,17.8207986522898,17.8207986522898,17.542968535834163,17.62234878540039,278882
2020-09-24,17.42389978106887,17.503278520512357,17.22544990435534,17.304828643798828,1095848
2020-09-25,17.38420867919922,17.503278300923057,17.225449688251565,17.38420867919922,1058474
2020-09-28,17.463588064151562,17.54296831270817,17.34451844834281,17.423898696899414,1592861
2020-09-29,17.423900827109126,17.463590199213613,17.344520568847656,17.344520568847656,529820
2020-09-30,17.38420781559496,17.463588064151562,17.225448832534056,17.423898696899414,2448756
2020-10-01,17.542970457475086,17.542970457475086,17.265140310586187,17.344520568847656,968812
2020-10-05,17.423900827109126,17.423900827109126,17.265140310586187,17.344520568847656,939899
2020-10-06,17.423899127131975,17.463588495364135,17.225449257866472,17.265138626098633,644409
2020-10-07,17.344519527572977,17.384208897294723,17.18575902058119,17.304828643798828,475985
2020-10-08,17.344517168750258,17.344517168750258,17.18575668334961,17.18575668334961,747703
2020-10-09,17.225452423095703,17.265141798620906,17.185761533517873,17.225452423095703,593593
2020-10-12,17.26513884155341,17.304828210280863,16.868239098069424,16.907928466796875,1783489
2020-10-13,17.0270004402873,17.0270004402873,16.630100677241465,16.749170303344727,1523119
2020-10-14,16.749170093884917,16.868239718499133,16.391959705989848,16.55072021484375,4441327
2020-10-15,16.669789829981468,17.06668958783817,16.590409575599644,16.828550338745117,533981
2020-10-16,16.868242671436107,17.06669258521771,16.78886240311293,16.98731231689453,323872
2020-10-19,17.02700274547192,17.265142029918707,16.987311855362357,17.146072387695312,530607
2020-10-20,17.14607048034668,17.26514010932463,17.066690223010553,17.14607048034668,291412
2020-10-21,17.14607048034668,17.304829480966454,16.987309965674427,17.14607048034668,500572
2020-10-22,17.06668897228194,18.138318582654303,17.02699960354874,18.019248962402344,5687248
2020-10-23,18.17800621012078,18.17800621012078,17.542967286905643,17.662036895751953,804122
2020-10-26,17.781107544325675,17.781107544325675,17.185757951229597,17.423898696899414,541576
2020-10-27,17.344520568847656,17.582659829579573,17.265140310586187,17.344520568847656,668810
2020-10-28,17.225449688251565,17.46358893169924,17.225449688251565,17.38420867919922,231284
2020-10-29,17.22544947411238,17.622349217626006,17.22544947411238,17.46358871459961,363334
2020-10-30,17.78110842764693,17.78110842764693,17.3048284266992,17.38420867919922,444774
2020-11-02,17.384209313271867,17.82079996092001,17.344519942600417,17.70172882080078,566189
2020-11-03,17.74141840272357,17.8207986522898,17.46358828626793,17.62234878540039,852563
2020-11-04,17.622350916514513,17.860490179959637,17.344520766460192,17.542970657348633,1186976
2020-11-05,17.46359017643318,17.70172943685445,17.423900804380462,17.622350692749023,630224
2020-11-06,17.662038372794633,17.860488242151877,17.46358850343739,17.820798873901367,1440791
2020-11-09,17.900182321036834,17.900182321036834,17.70173239945526,17.781112670898438,751971
2020-11-10,17.86048674851321,17.900176113444573,17.463587042990696,17.662036895751953,2023889
2020-11-11,17.66203836877679,17.860488238088887,17.384208248929383,17.54296875,1296578
2020-11-12,17.622347739805846,17.741417350064214,17.46358725009319,17.582656860351562,823049
2020-11-13,17.66204302076004,17.860492942341615,17.503282477873686,17.781112670898438,909777
2020-11-14,17.900176790436376,18.058937284270655,17.900176790436376,17.979557037353516,464059
2020-11-17,18.098625993671924,18.098625993671924,17.860486775617908,17.93986701965332,731447
2020-11-18,17.979554213095557,17.979554213095557,17.662034789355747,17.74141502380371,1005015
2020-11-19,17.820799521907855,18.019249398481204,17.70172838472192,17.860488891601562,937024
2020-11-20,17.939869145041385,17.939869145041385,17.781108638161744,17.860488891601562,826365
2020-11-23,17.939869145041385,18.098628137868623,17.860488891601562,17.860488891601562,894813
2020-11-24,17.93986789616539,18.416147869595893,17.90017701518234,18.178007125854492,1440527
2020-11-25,18.33676932388619,18.45583894978399,18.13831944270572,18.25738906860352,1421719
2020-11-26,18.416150786226794,19.68622889778516,18.25739026525573,19.170259475708008,5627043
2020-11-27,19.289326321017874,19.606847317060367,19.05118708803832,19.20994758605957,3458860
2020-12-01,19.36870744280213,19.36870744280213,19.090877315771795,19.17025756835937,1404074
2020-12-02,19.249637385209404,19.249637385209404,18.971807264468076,19.05118751525879,1269787
2020-12-03,19.20994736073122,19.20994736073122,18.89242636841318,19.011497497558594,1482524
2020-12-04,19.1702569185815,19.329017418375454,19.051187300762205,19.13056755065918,1823902
2020-12-07,19.36870618846818,19.646536297506,19.20994720762678,19.487775802612305,2096941
2020-12-08,19.964058143835597,20.241888285863823,19.646538630397245,19.88467788696289,3440583
2020-12-09,20.24188525360697,20.24188525360697,19.88467490821654,20.003746032714844,1560123
2020-12-10,19.92436642152675,20.083125402487536,19.368706203033266,19.765605926513672,1072940
2020-12-11,19.725919282818648,20.916618617627993,19.725919282818648,20.281578063964844,5554993
2020-12-14,20.519716050541817,20.876924894005185,20.519716050541817,20.599096298217773,4424749
2020-12-15,20.63878736566366,20.75785698996277,20.321267862848547,20.40064811706543,1177075
2020-12-16,20.63878632114727,21.392896426963972,20.599096953073694,20.916616439819336,14809587
2020-12-17,21.0356853893571,21.194445884709012,20.480025169677692,20.599096298217773,2648717
2020-12-18,20.638784644717266,21.3532038103778,20.24188494001116,20.837234497070312,7727095
2020-12-21,21.03568737437064,21.154757000094328,19.44808832724833,19.765607833862305,3426596
2020-12-22,19.76560594096517,20.36095552662106,19.09087610774469,20.04343605041504,2358477
2020-12-23,20.24188419352483,20.440334038559385,19.646534658421157,19.964054107666016,1855888
2020-12-24,20.480023859707064,20.519714738032427,19.9640545538949,20.0831241607666,6788986
2020-12-28,20.400646635822554,20.837235731237076,20.162505890462747,20.241886138916016,1664058
2020-12-29,20.360954252835363,20.40064513116073,20.003745432220263,20.0831241607666,1092915
2020-12-30,20.083127975463867,20.321268748493203,20.003749231839905,20.083127975463867,1179965
2020-12-31,20.20219781748409,20.360956808556494,19.527467941782312,19.72591781616211,2943071
2021-01-01,19.88467702092915,20.083126897441623,19.76560739783214,19.924367904663086,1115965
2021-01-04,20.083125431453322,20.480025155506173,20.003746697884587,20.321266174316406,2370307
2021-01-05,20.003748360033438,20.797547874097422,20.003748360033438,20.40064811706543,3838983
2021-01-06,20.55940413444846,20.75785398422895,20.24188467761012,20.36095428466797,2603559
2021-01-07,20.559405630039798,20.63878587853694,20.44033601432024,20.519716262817383,1445428
2021-01-08,20.59909573803867,21.631034387606327,20.519715492521406,21.234134674072266,5189758
2021-01-11,21.82948687053757,21.988247380671545,21.03568734797257,21.273826599121094,4575938
2021-01-12,21.234135547973167,21.78979577541021,21.03568568303884,21.47227478027344,4028256
2021-01-13,21.55165369110225,21.75010354371654,21.03568437711552,21.11506462097168,3214044
2021-01-14,21.15475780774129,21.27382743801082,20.956307919274572,21.115068435668945,1385515
2021-01-15,21.19445047052208,21.234139845921444,20.55940986576388,20.638790130615234,2460280
2021-01-18,20.59909670888852,20.59909670888852,19.80529724440807,19.88467597961425,4183865
2021-01-19,20.043435821533205,20.12281606819132,19.76560571525595,19.844985961914062,3329278
2021-01-20,19.92436555325869,19.964054918256224,19.76560506516411,19.805295944213867,2156730
2021-01-21,20.083127975463867,20.24188849081676,20.003749231839905,20.083127975463867,2556041
2021-01-22,20.162505008625512,20.480024474499096,19.76560529777048,20.003746032714844,2291386
2021-01-25,20.043437092586142,20.16250671309796,19.76560696869032,19.8052978515625,1194276
2021-01-27,19.765607833862305,20.0434379699192,19.725918463305224,19.765607833862305,2993011
2021-01-28,19.686225679007133,19.84498617402021,19.64653631228001,19.765605926513672,1150823
2021-01-29,19.805296807293086,20.202196530773488,19.686225679007133,19.765605926513672,2016497
2021-02-01,20.003746243130895,20.20219610064588,19.765605505681567,19.924365997314453,1727116
2021-02-02,20.162506931111746,20.321267436212402,19.924367687513147,20.003747940063477,1647830
2021-02-03,20.043434796493433,20.241884645963665,19.9640545538949,20.0831241607666,2435600
2021-02-04,20.321266834401627,21.115066308291905,20.202197216128553,20.916616439819336,5617903
2021-02-05,21.19444483692669,21.19444483692669,20.79754513222059,20.837234497070312,1563213
2021-02-08,20.837234939043952,21.273824017860164,20.837234939043952,20.9563045501709,1952088
2021-02-09,21.075375426165987,21.273825294638556,20.83723618961984,20.916616439819336,1382705
2021-02-10,20.916619409085108,21.19444956719718,20.87692852132478,21.07537841796875,1304793
2021-02-11,21.19444634166206,21.234135709329596,20.87692534411247,20.995996475219727,1351374
2021-02-12,21.15475365549701,22.06762266045594,21.07537341288054,21.67072296142578,7032513
2021-02-15,21.829485982692642,21.90886623453109,21.273825733875878,21.31351661682129,2935662
2021-02-16,21.353206634521484,21.631036767371604,21.234137010172123,21.353206634521484,2515590
2021-02-17,21.3135166163208,21.710416361451347,21.273825733376324,21.591346740722656,2662872
2021-02-18,21.71041597492698,22.46452456881772,21.670725092689146,22.147005081176758,8474815
2021-02-19,22.782046015071256,22.782046015071256,21.988246523452776,22.266075134277344,5579841
2021-02-22,22.70266638715009,22.70266638715009,22.107316752071256,22.186697006225582,7942800
2021-02-23,22.356383712749768,22.356383712749768,21.46552116461311,21.550365447998047,6831960
2021-02-24,21.63521164624089,21.76247727344708,21.33825743724628,21.55036735534668,1810100
2021-02-25,21.63521164624089,21.847321564341293,21.46552306445247,21.55036735534668,6992126
2021-02-26,21.46552146806276,22.10185117504015,21.380678801748537,21.635210037231445,5587230
2021-03-01,21.974586692516986,22.992714923585893,21.762476779233484,22.653339385986328,17964723
2021-03-02,22.99271583947525,23.374512727631885,22.780605917742584,23.035137176513672,6306972
2021-03-03,23.162397995829163,23.162397995829163,22.526068362775945,22.695756912231445,3034198
2021-03-04,22.483649235887054,23.11997893124235,22.39880495285233,22.82302474975586,5055082
2021-03-05,22.78060403146957,24.0532634564872,22.738181079673563,23.03513526916504,9531503
2021-03-08,23.20482709129206,23.20482709129206,22.695762926300404,22.780607223510746,3540243
2021-03-09,22.950289092680638,22.950289092680638,22.18669382424629,22.3988037109375,1990454
2021-03-10,22.610915207322773,22.73818082474366,22.2291183550601,22.27153968811035,1424726
2021-03-12,22.526070930919282,22.65333816665531,22.271539695987475,22.313961029052734,1682782
2021-03-15,22.39880499775392,22.441227948491377,22.05942948320479,22.186695098876953,2276621
2021-03-16,22.229119955763416,22.35638558234861,22.101852710907973,22.144275665283203,1063175
2021-03-17,22.144274745248723,22.18669607959122,21.720054928743078,21.804899215698242,1522926
2021-03-18,22.10184889396151,22.10184889396151,21.42309792387926,21.50794219970703,1782023
2021-03-19,21.50794748246755,22.271542915931114,21.168571914069336,22.059432983398438,4118012
2021-03-22,22.0594326873804,22.229121278437614,21.80490141906491,21.932167053222656,2090140
2021-03-23,22.05943045829356,22.18669607959122,21.72005492874308,21.80489921569824,1433186
2021-03-24,21.80490082703847,21.847322164515823,21.635212240588483,21.72005653381348,1191691
2021-03-25,21.635213265034107,21.804901859518992,21.295837694334704,21.38068199157715,1195300
2021-03-26,21.423103331063185,21.59279192554807,21.295837694334704,21.38068199157715,1561522
2021-03-30,21.55036263399453,23.756305622604657,21.380675707652152,22.483646392822266,4680695
2021-03-31,23.035134375433724,23.035134375433724,21.847319281823548,22.101850509643555,4791172
2021-04-01,22.229118041106908,22.483649272353816,21.974585191589895,22.14427375793457,1596095
2021-04-05,22.144274758601984,22.144274758601984,21.762476276208606,21.889741897583008,1247324
2021-04-06,21.847322167994363,22.017010754471368,21.76247787475586,21.76247787475586,1075023
2021-04-07,21.5927893893735,21.76247634565749,21.168569571258267,21.21099090576172,5421819
2021-04-08,21.380676905080826,21.55036384092656,20.786768583945808,20.956457138061523,4130982
2021-04-09,20.956459668549616,21.33825653400689,20.914036715763135,21.2534122467041,2076781
2021-04-12,21.338257542766392,21.338257542766392,20.78677207663224,20.914037704467773,1673639
2021-04-13,20.956460259257444,21.6352113402716,20.91403730527517,21.4231014251709,2529772
2021-04-15,21.38068008945885,21.507945714865222,21.08372588466382,21.4231014251709,2005834
2021-04-16,21.295832020411783,21.550363226053104,21.295832020411783,21.465518951416016,1203585
2021-04-19,21.338256215423936,21.338256215423936,20.91403640351384,21.083724975585938,1136121
2021-04-20,21.083723068237305,21.423098563409592,20.99887878987673,21.083723068237305,996198
2021-04-22,21.08372587950613,21.50794570960376,21.041302925534232,21.38068008422852,1318022
2021-04-23,21.465521468062754,21.677631370388553,21.380678801748537,21.635210037231445,5673829
2021-04-26,21.550364812019644,21.84731898596837,21.1685679754599,21.295833587646484,1947167
2021-04-27,21.29583827172174,21.63521385162252,21.21099397217894,21.592792510986328,818332
2021-04-28,21.72005492874308,21.932164836995906,21.50794502049025,21.80489921569824,1312150
2021-04-29,21.847322164515823,21.889743501993173,21.55036794736349,21.72005653381348,589110
2021-04-30,21.550363200332963,21.72005174940461,21.338253323128367,21.38067626953125,1278287
2021-05-03,21.3382568359375,21.635211036563987,21.253412547434188,21.3382568359375,1009000
2021-05-04,21.46552085876465,21.8473193194218,21.338255244635626,21.46552085876465,3090258
2021-05-05,21.63521164158309,21.72005593245904,21.4655230598312,21.507946014404297,556397
2021-05-06,21.55036574487712,21.63521002943088,21.46552146032337,21.592788696289062,536028
2021-05-07,21.7200568344036,22.271542320592783,21.50794690754081,21.88974380493164,1847803
2021-05-10,22.14427567011135,22.229119960610063,21.889742798615217,22.186697006225582,1753094
2021-05-11,22.14427431181791,23.41693373642503,22.05943002652341,22.992713928222656,9347312
2021-05-12,23.16240119248193,23.925998152146082,22.950291285524145,23.119979858398438,7166511
2021-05-14,23.33208655833021,23.4169308331054,22.69575692492121,22.738178253173828,2235426
2021-05-17,22.907872565438815,22.95029390436297,22.568496999234533,22.695762634277344,1187980
2021-05-18,22.69575692492121,23.077555352274587,22.69575692492121,22.738178253173828,1384931
2021-05-19,22.65333939713212,23.077559223907848,22.65333939713212,22.738182067871094,1798706
2021-05-20,22.738181449353192,22.865448688540194,22.441228873303977,22.48365020751953,1444310
2021-05-21,22.69575851105135,23.20482257700932,22.4412272872074,22.61091423034668,3403371
2021-05-24,22.61091485130409,22.907869032790583,22.61091485130409,22.82302474975586,1420093
2021-05-25,23.035136568211648,23.077559522400062,22.738182361973696,22.78060531616211,1216063
2021-05-26,22.82302505482046,23.077557907326856,22.82302505482046,22.907869338989254,1648738
2021-05-27,22.95029288416655,23.33209139059346,22.823027254781007,23.035137176513672,3020060
2021-05-28,23.204825456518545,23.289669747751624,22.90787124633789,22.90787124633789,1866202
2021-05-31,23.035135497307696,24.13810798087569,22.950291211145515,23.71388816833496,10749592
2021-06-01,23.84115387276882,23.968419493327147,23.07755853114872,23.16240119934082,2706693
2021-06-02,23.204823472226792,23.841153174655663,23.07755785539504,23.544198989868164,2350130
2021-06-03,23.671465920012764,23.71388887349042,23.33209038354255,23.37451171875,1304015
2021-06-04,23.374511023686246,24.435060555038078,23.20482406963205,23.71388816833496,10087721
2021-06-07,24.010841669424757,24.647171412801065,23.92599899825742,24.095685958862305,6120507
2021-06-08,24.94412359082047,26.13193869166524,24.51990379635662,24.689592361450195,22916966
2021-06-09,25.071389205505607,25.665297565063035,24.604748078903405,24.689592361450195,9109441
2021-06-10,24.816859205776176,25.283500355499797,24.77443787153591,25.113813400268555,2961658
2021-06-11,25.45318830378741,25.45318830378741,24.774437262994464,24.901702880859375,1952869
2021-06-14,24.986546858876764,24.986546858876764,24.095684308215304,24.816858291625977,3018408
2021-06-15,24.81685733077073,25.32592139454312,24.732013050430325,25.156232833862305,4007935
2021-06-16,25.241080031435715,25.36834565752,24.7744388630366,24.81686019897461,1920096
2021-06-17,24.60474906589674,25.113813163327944,24.26537354036599,24.39263916015625,2165481
2021-06-18,24.51990609178335,24.562329046163207,23.84115500440806,24.180530548095703,1747439
2021-06-21,24.01084068949435,24.562327739196043,23.84115373581473,24.435060501098633,1499004
2021-06-22,24.5199031829834,24.81685735533371,24.39263757148185,24.5199031829834,2115618
2021-06-23,24.64716977422537,24.689592725258926,24.01084007315308,24.18052864074707,2296487
2021-06-24,24.350218827174963,24.392640162758628,24.010841669424757,24.095685958862305,916952
2021-06-25,24.138109804269344,24.47748535628434,23.968421219126707,24.3502197265625,1573533
2021-06-28,24.60475099364257,24.94412654576289,24.350219734119896,24.435062408447266,4256279
2021-06-29,24.604749534840124,24.604749534840124,22.950291591223834,23.24724578857422,5935706
2021-06-30,23.374514498168192,23.79873437376668,23.332093157916503,23.67146873474121,2844106
2021-07-01,23.79873215619396,23.96842073792988,23.544200901860325,23.58662223815918,1328737
2021-07-02,23.71389140123643,23.71389140123643,23.45935850804957,23.58662414550781,1012352
2021-07-05,23.75630792047027,23.968417812617325,23.54419802832321,23.88357353210449,1111545
2021-07-06,23.968417501695534,24.095683111678852,23.7563076123,23.798728942871094,1513622
2021-07-07,23.968417812617325,24.010839143738718,23.75630792047027,23.88357353210449,1147282
2021-07-08,23.883573532104492,24.095683424251547,23.629042308836045,23.883573532104492,1365648
2021-07-09,23.84115440528559,24.053264317043876,23.629044493527303,23.968420028686523,1828920
2021-07-12,24.18052956050529,25.750143206507914,24.01084098645683,24.51990509033203,12793293
2021-07-13,24.774436014271643,24.85927867639178,24.39263756165083,24.477481842041016,2919533
2021-07-14,24.60474745349127,24.60474745349127,24.4350588927109,24.477481842041016,1641458
2021-07-15,24.477484755673736,24.604750382272822,24.01084196711676,24.180530548095703,1515499
2021-07-16,24.35021788714606,24.392639221092068,23.586620929956613,23.71388816833496,2967885
2021-07-19,23.671466519673032,23.88357643762399,23.41693526543998,23.50177955627441,2095107
2021-07-20,23.544198054212,23.713886615424254,23.077556938283387,23.247243881225586,2378583
2021-07-22,23.374511404450185,23.45935569199445,23.16240149472461,23.204824447631836,1666503
2021-07-23,23.247245173334644,23.374510792182377,22.992713935639177,23.03513526916504,1723227
2021-07-26,23.119983960837075,23.459359548534724,23.07756261922629,23.2048282623291,1638406
2021-07-27,23.416934972232472,24.0108417640966,23.03513647739321,23.4593563079834,4221073
2021-07-28,23.58662131417576,23.58662131417576,23.16240149472461,23.20482444763184,1549433
2021-07-29,23.20482826166192,23.45935954786022,23.1624053017819,23.247249603271484,884268
2021-07-30,23.204826059183688,23.416935983640084,22.950293178873835,23.11998176574707,1919471
2021-08-02,23.24724608340847,23.586621619711547,23.077559124392035,23.289669036865234,2143900
2021-08-03,23.416934363708776,23.586621320573148,23.119980166358392,23.24724578857422,1909445
2021-08-04,23.416938206923938,23.459359548534724,23.119983960837075,23.2048282623291,1697212
2021-08-05,23.247243550636576,23.289666499471387,22.90786805130824,23.077556610107425,1421901
2021-08-06,23.119981468860797,23.289670053555042,22.99271583947525,23.035137176513672,1127718
2021-08-09,23.247247393382924,23.247247393382924,23.035137468957405,23.077560424804688,1024951
2021-08-10,23.077559212553336,23.077559212553336,22.568495097018882,22.653339385986328,1495385
2021-08-11,22.65333909076127,22.823026048214537,22.27154060451859,22.610916137695312,1467101
2021-08-12,22.82302474975586,22.99271331582531,22.69575913433882,22.82302474975586,1500406
2021-08-13,22.82302536499544,23.162400888012773,22.78060403146957,23.03513526916504,1465267
2021-08-16,23.119979232194176,23.20482351633332,22.738180762703102,22.865447998046875,1081524
2021-08-17,22.780604713418768,22.907870336076265,22.526071849833585,22.610916137695312,1012319
2021-08-18,22.695759801184064,22.7381811348128,22.271539991816137,22.35638427734375,1366454
2021-08-20,22.313960387214316,22.44122761928963,21.974584877643657,22.01700782775879,2085236
2021-08-23,22.059433731066097,22.144278030608895,21.50794821144353,21.592792510986328,1932319
2021-08-24,21.762478169601255,22.059432390824107,21.635212537154413,21.847322463989258,1499389
2021-08-25,21.974584877643657,22.22911772352421,21.889740595683474,22.01700782775879,850541
2021-08-26,22.18669670634412,22.271540995696053,22.017009745910475,22.101852416992188,598763
2021-08-27,22.10185432259683,22.18669861926397,22.059432983398438,22.059432983398438,626448
2021-08-30,22.144272162758806,22.313959098609878,22.101849215093548,22.229116439819336,824385
2021-08-31,22.31396102905273,22.483649597854026,22.144274078521573,22.31396102905273,1102052
2021-09-01,22.356380793498005,22.823021863776926,22.313957848209988,22.483646392822266,2337212
2021-09-02,22.61091485130409,22.907869032790583,22.39880495285233,22.82302474975586,1628887
2021-09-03,22.907869330981384,23.035134948055035,22.78060371390773,22.865447998046875,1316116
2021-09-06,23.11997893124235,23.11997893124235,22.738180466721133,22.82302474975586,844110
2021-09-07,22.780605010302388,22.865449299269834,22.6109164323675,22.653339385986328,591089
2021-09-08,22.738181754159978,22.865448995053004,22.56849479675293,22.56849479675293,1033183
2021-09-09,22.568491321893394,22.823022527949018,22.526068375370826,22.738178253173828,771348
2021-09-13,22.865449905395508,23.119981160774838,22.653339986489318,22.865449905395508,1080720
2021-09-14,22.992714237877802,23.501778338230515,22.82302566500351,23.119979858398438,4593544
2021-09-15,23.289669036865234,23.374511707238348,23.119980459578592,23.289669036865234,2204935
2021-09-16,23.416934672227654,23.54420029612021,23.247246094857445,23.37451171875,3061301
2021-09-17,23.45935344000054,23.501776388835356,22.90786805130824,23.077556610107425,2865147
2021-09-20,23.035137472310453,23.374513027786627,22.950293178873835,23.11998176574707,2235460
2021-09-21,23.249140419214694,23.37830198195688,23.0769239073062,23.20608711242676,722408
2021-09-22,23.163033167052127,23.249141426737957,23.076924907366298,23.119979858398438,658613
2021-09-23,23.2491397857666,23.421356292982875,23.119978226543566,23.2491397857666,10066835
2021-09-24,23.29219409653517,23.42135730371046,22.90470940214451,23.16303253173828,1249858
2021-09-27,24.110224426022054,24.41160255982307,23.50746815842002,23.59357643127441,4486696
2021-09-28,23.722732624051464,23.722732624051464,23.33524794790128,23.421356201171875,4158049
2021-09-29,23.421357350315304,25.229622545826707,23.421357350315304,24.411598205566406,22430813
2021-09-30,24.626872004971517,24.88519517679448,24.196332290347463,24.2393856048584,4990232
2021-10-01,24.239384843057046,24.62687123099214,24.067169948047038,24.454654693603516,3902018
2021-10-04,24.756030506582395,24.756030506582395,24.282437536451337,24.49770736694336,2750109
2021-10-05,24.54076244936957,24.75603229541667,24.15327606953335,24.196331024169922,5580954
2021-10-06,24.454653275214305,24.669923113274958,24.024113599093003,24.11022186279297,4260519
2021-10-07,24.325492603322466,24.45465418247501,24.15327606953335,24.196331024169922,2831978
2021-10-08,24.28243903321432,24.368545656815947,24.024114235273743,24.067169189453125,2461540
2021-10-11,24.23938142139084,24.669921061708187,24.11021985777132,24.28243637084961,4286918
2021-10-12,24.368542350148186,24.5407588587398,24.239380789893644,24.325489044189453,2119763
2021-10-13,24.49770619100828,24.54075949808866,24.23938142139084,24.28243637084961,2494769
2021-10-14,24.454651513124904,24.928246108160412,24.282436640512508,24.411598205566406,6995135
2021-10-18,24.75603069372293,29.061427336109524,24.5407608616036,28.02813148498535,52983314
2021-10-19,28.58783097380708,28.975317282643488,26.435132907778787,26.73650932312012,15985580
2021-10-20,26.822619230494457,26.822619230494457,25.31573049122647,25.83237838745117,5844162
2021-10-21,25.87543264104375,26.262918987981745,25.014353329962383,25.143516540527344,5298862
2021-10-22,25.27267912290816,26.00459689517492,24.928247713129245,25.057409286499023,6802595
2021-10-25,25.10046244405954,25.272678969090084,24.66992277386168,24.756031036376953,3598668
2021-10-26,24.799087524414062,25.143520618613778,24.712980893242847,24.799087524414062,2577567
2021-10-27,24.92824491228033,25.487946095582345,24.79908171104436,24.971298217773438,3503229
2021-10-28,24.971301630923623,24.971301630923623,24.454653682497767,24.540761947631836,2451857
2021-10-29,24.54075977062031,24.62686802811571,24.196328383017107,24.411598205566406,2302929
2021-11-01,24.669922511270272,24.88519234407783,24.4115993688526,24.626869201660156,2309534
2021-11-02,24.62687110900879,24.88519427143357,24.540762840740992,24.62687110900879,1599085
2021-11-03,24.75603013437788,24.88519170225546,24.583813615622127,24.669921875,1234776
2021-11-04,24.88518952440353,25.401837393077376,24.756027967829645,25.31572914123535,1332709
2021-11-08,26.21986768349247,26.349029261551443,25.703219728878018,25.746273040771484,5588691
2021-11-09,25.961539401751683,26.60734884777724,25.875431147139274,26.34902572631836,3968763
2021-11-10,26.47818710390201,26.65040361193564,25.91848591636024,26.04764747619629,2316488
2021-11-11,26.09070446305493,26.262920995385937,25.703219728878018,25.746273040771484,2059217
2021-11-12,25.91848609406805,26.17680921551132,25.358784902688736,25.57405471801757,6377687
2021-11-15,25.617110376772672,25.617110376772672,24.66992277386168,24.75603103637696,3446215
2021-11-16,24.842139707862934,25.444894270635853,24.712978133152916,25.18657112121582,3669481
2021-11-17,25.186573683475057,25.358790228860556,24.62687237454024,24.669925689697266,2452973
2021-11-18,24.75603178927773,24.885193365789554,24.41160037112001,24.540761947631836,1843971
2021-11-22,24.842138329751805,24.885191638140594,23.85189745540366,24.067167282104492,3243139
2021-11-23,24.02411035166601,24.497704916809045,23.894948794764563,24.368541717529297,2076029
2021-11-24,24.712978477899973,24.712978477899973,24.41160037112001,24.540761947631836,1654838
2021-11-25,24.842142482378385,25.05741234506385,24.626872619692918,24.799087524414062,1750334
2021-11-26,24.58381382373427,24.71297703508372,24.110220856714477,24.19632911682129,2101861
2021-11-29,24.11022079966857,24.19632905957165,23.46441131396316,23.722734451293945,2661725
2021-11-30,23.76578830212564,24.411597757931343,23.2491404090054,23.98105812072754,2084423
2021-12-01,24.02411169855636,24.32548977647509,23.93800344166838,24.110219955444336,1404626
2021-12-02,24.196329222380964,24.368544100967444,23.938004440933543,24.024112701416016,1897173
2021-12-03,24.153273164851694,24.45465124154952,24.11021985777132,24.28243637084961,1385122
2021-12-06,24.32549095153809,24.45465252192012,24.153274429443066,24.32549095153809,1506986
2021-12-07,24.454649969589696,24.712974725770888,24.239380160627853,24.368541717529297,1392168
2021-12-08,24.540761947631836,24.626870212765905,24.41160037112001,24.540761947631836,1194107
2021-12-09,24.712976557166385,24.756029865197966,24.45465178184161,24.540760040283203,1641700
2021-12-10,24.540760940061435,24.79908408247911,24.49770763045132,24.62686920166016,1126678
2021-12-13,24.97129949077401,25.44489244485457,24.8851912330198,25.01435279846192,2399052
2021-12-14,25.014351523266544,25.100459776631084,24.75602840555125,24.97129821777344,1357576
2021-12-15,25.05740591173023,25.100459216262166,24.62686629689768,24.712974548339844,1188837
2021-12-16,24.928250755928314,25.143520618613778,24.669925935278528,24.799087524414062,1555783
2021-12-17,24.928249350232928,24.971302663390773,24.368546424909205,24.454654693603516,1446029
2021-12-20,24.36854066523665,24.36854066523665,23.292191666906795,23.679677963256836,2337481
2021-12-21,23.85189845511776,24.153274911227886,23.679681929587538,23.981060028076172,1475185
2021-12-22,24.19632874965602,24.41159857546723,24.024112232055675,24.36854362487793,1020457
2021-12-23,24.454654693603516,24.62687123099214,24.325493111751356,24.454654693603516,1098598
2021-12-24,24.885193365789554,24.885193365789554,24.454653682497767,24.540761947631836,2101821
2021-12-27,24.799082435779628,24.84213738490931,24.626867566396022,24.75602912902832,1454790
2021-12-28,24.842138453173177,25.31573141731655,24.842138453173177,25.143516540527344,2291466
2021-12-29,25.487950638858926,26.478191623117684,25.35878905697798,25.531003952026367,7225894
2021-12-30,25.83238156316777,26.176812988867624,25.53100344978843,25.87543487548828,8067720
2021-12-31,26.17681048126881,26.693458391515765,25.961540655530776,26.39208030700684,5098783
2022-01-03,26.90872902548229,26.90872902548229,26.6073509319212,26.650405883789062,3325751
2022-01-04,26.951782284261803,26.994837236048653,25.91848807705452,26.17681121826172,4554961
2022-01-05,26.262920614941923,26.262920614941923,25.70321935654182,25.78932762145996,2687534
2022-01-06,25.57405445232446,26.779565077166048,25.487946198611848,26.21986389160156,3889882
2022-01-07,26.521243000009306,26.77956778728992,25.87543349537552,26.004596710205078,5224580
2022-01-10,26.607353088479456,27.898973828768515,26.392083238827716,27.38232421875,23661820
2022-01-11,27.554535352072712,27.985074966948847,27.08094243266028,27.21010398864746,12853934
2022-01-12,27.511487442443936,27.81286391805348,27.210109324455775,27.38232421875,5878122
2022-01-13,27.46842977273425,27.597591341286194,26.865675238699033,26.994836807250977,5388079
2022-01-14,26.90873082154809,27.16705398048352,26.77956924208038,26.951784133911133,2821577
2022-01-17,27.210107915696057,27.64064595033051,26.86567650256137,27.037891387939453,4870046
2022-01-18,27.210108414846363,27.33926999184393,26.60735219901964,26.69346046447754,3172663
2022-01-19,26.69345728284852,26.865673793237598,26.349025904448727,26.65040397644043,3311650
2022-01-20,26.77956782821753,26.865676090776002,26.5642979930106,26.607351303100586,2277103
2022-01-21,25.96154138646289,26.60735088185937,25.96154138646289,26.17681121826172,2080357
2022-01-24,26.004594163270895,26.176809028879124,25.143514908094755,25.272676467895508,3998306
2022-01-25,25.057407364303312,25.96153995091275,25.057407364303312,25.832378387451172,3325260
2022-01-27,25.78932608450527,26.09070253018995,25.61710956493249,25.74627113342285,3009022
2022-01-28,26.090702798631252,26.30597262912286,25.832379658992714,25.87543296813965,2038425
2022-01-31,26.736511699711997,26.86567490905756,26.13375717307257,26.392080307006836,2749870
2022-02-01,26.56429645285519,26.65040471042124,26.26291837256321,26.435134887695312,1785054
2022-02-02,26.60734902765398,26.77956553804306,26.521240772459443,26.65040397644043,1566381
2022-02-03,26.564294292921225,27.210103708588456,26.564294292921225,27.080942153930664,3492756
2022-02-04,27.210109581405412,27.296217850554967,26.865678147185825,26.90873146057129,1658162
2022-02-07,27.037888574130964,27.21010508396515,26.86567370667513,26.951780319213867,1942712
2022-02-08,27.037889680263497,27.16705124673402,26.305971947092644,26.56429672241211,2126047
2022-02-09,26.951780953156064,27.03788921009854,26.736511131989072,26.908727645874023,1832191
2022-02-10,26.994836339746524,27.511484247385287,26.77956651509524,27.33926773071289,3005956
2022-02-11,26.65040407204201,26.90872719617394,26.3490259989692,26.47818756103516,3007513
2022-02-14,26.13375785848882,26.262919428843503,25.48794836433693,25.57405662536621,3073621
2022-02-15,26.262921255887235,26.262921255887235,25.272680291108188,25.87543487548828,1868362
2022-02-16,26.004594443449385,26.349025820755145,25.96153949479969,26.17680931091309,1625943
2022-02-17,26.39208067652476,26.478188936501265,25.96154101902067,26.219865798950195,1691639
2022-02-18,26.133758917682282,26.262920493271846,26.00459734209272,26.0907039642334,1479119
2022-02-21,26.22496189363552,26.49347789312491,25.95644760131836,25.95644760131836,2405203
2022-02-22,25.68793132203542,25.68793132203542,25.28515820754201,25.508920669555664,2755717
2022-02-23,25.508919589050404,26.045949816570083,25.329908944153168,25.598424911499023,1624134
2022-02-24,25.06139385129471,25.37466161587029,24.30060119651744,24.434858322143555,3195126
2022-02-25,24.70337529155707,25.329909139177246,24.65862177640217,25.19565200805664,2523125
2022-02-28,25.59842712830557,25.777436081532823,24.971891524079705,25.643178939819336,2654368
2022-03-02,25.508920768211627,26.09070283026273,25.46416895850466,25.956445693969727,2869207
2022-03-03,26.2697154138032,26.2697154138032,25.86694226815523,25.95644760131836,1558101
2022-03-04,25.866941099028583,25.95644642814628,25.41941616061227,25.598426818847656,1259425
2022-03-07,25.598425893257627,25.598425893257627,24.88238499337889,25.0613956451416,3037640
2022-03-08,25.10614685365179,26.09070200043995,25.10614685365179,25.86693954467773,2068885
2022-03-09,25.95644211653715,26.135452745037192,25.687927880958963,25.77743148803711,1595805
2022-03-10,26.045952624909532,26.180209769472384,25.86694196071092,25.91169548034668,2119506
2022-03-11,25.95644756814708,26.045952901195825,25.598427943124324,25.732685089111328,1847000
2022-03-14,25.866942167229304,25.956447500043208,25.240408251876428,25.285160064697266,1748856
2022-03-15,25.50892167462478,25.50892167462478,24.7481289323682,24.971891403198242,3484042
2022-03-16,25.285156112533432,25.3299079183594,24.748125906762045,24.837631225585938,3693655
2022-03-17,25.061395541104403,25.195652675783045,24.56911881155869,24.61387062072754,5383269
2022-03-21,25.016644048265483,25.106147667734938,24.61387093196449,24.65862274169922,3025058
2022-03-22,24.74812775540618,24.83763308091597,24.479613486048898,24.61387062072754,2792952
2022-03-23,24.74812775540618,24.79288127174712,24.479613486048898,24.61387062072754,3319594
2022-03-24,24.5691187591583,24.792881218869496,24.345356299447104,24.390108108520508,3726055
2022-03-25,24.524363641618287,24.56911715494164,24.390106515992176,24.434858322143555,1772922
2022-03-28,24.569118444393315,24.569118444393315,24.25585066337662,24.345355987548828,2800248
2022-03-29,24.434861828442216,24.524367160760583,24.345358203296065,24.39011001586914,1456086
2022-03-30,24.52436747028885,24.70337813718493,24.39011032370292,24.43486213684082,1297773
2022-03-31,24.569120407104492,25.01664535654412,24.43486155653484,24.569120407104492,2614895
2022-04-01,24.613872292946905,25.10614905593696,24.524366961356293,25.016645431518555,2142185
2022-04-04,25.329909915613566,25.464168758021643,24.971890319260247,25.0613956451416,6372791
2022-04-05,25.19565479799108,25.91169575520882,24.92714050601707,25.732685089111328,6205914
2022-04-06,25.77743148803711,26.180204548576263,25.419411938208903,25.77743148803711,6139079
2022-04-07,25.86693960063846,26.538226969377373,25.68793065994465,26.09070205688477,7067210
2022-04-08,26.31446639654991,26.403971726889054,25.77743612168722,25.866941452026367,3786018
2022-04-11,25.956445693969727,26.53822775602083,25.866940367383684,25.956445693969727,6226370
2022-04-12,25.911693784049067,26.135456246062713,25.374663533781895,25.508920669555664,6093725
2022-04-13,25.55367599466258,25.822192010323583,25.41941884041825,25.46417236328125,3944477
2022-04-18,25.37466519492306,26.13545795700884,25.24040805036021,25.91169548034668,7875148
2022-04-19,26.04594948435784,26.940999283083723,26.00119597011833,26.224958419799805,11968312
2022-04-20,26.58297861465018,26.761987542749587,26.13545373364376,26.314462661743164,4615350
2022-04-21,26.53822702581396,26.76198948253612,26.22495924496852,26.3144645690918,6435178
2022-04-22,26.35921890850961,27.075258109529138,26.31446539146332,26.40397071838379,9687935
2022-04-25,26.40397224613454,26.40397224613454,25.86694196071092,25.91169548034668,4179340
2022-04-26,26.04595019215633,26.314464456202167,25.732682412654817,25.86693954467773,3062910
2022-04-27,25.732683445188812,25.956445909929585,25.285158515707266,25.553672790527344,2877534
2022-04-28,25.86693948774038,25.86693948774038,25.464168092558193,25.643177032470703,2107829
2022-04-29,25.64317780532943,25.822188457809187,25.37466353378189,25.508920669555664,3806204
2022-05-02,25.41941616061227,25.73268395893812,25.106148362286415,25.598426818847656,4471718
2022-05-04,25.64317802089492,25.68793153797712,25.061395956203196,25.10614776611328,3008440
2022-05-05,25.464170382299407,25.598427526099222,24.971891912137146,25.016645431518555,3303042
2022-05-06,24.882384287384937,25.64317697503214,24.70337534787339,25.419414520263672,6541892
2022-05-09,25.553674006717813,25.553674006717813,24.703377624537517,25.016645431518555,6096149
2022-05-10,25.19565157062384,25.240405085001747,24.56911773388119,24.7033748626709,2139013
2022-05-11,24.79288395700523,24.92714110622494,24.1663483177502,24.2558536529541,2926150
2022-05-12,24.12159572608626,24.524367160760583,23.85307972913116,24.39011001586914,4158159
2022-05-13,24.524367979227737,24.658625128599827,24.345359015789043,24.479616165161133,2807496
2022-05-16,24.30060119651744,24.56911715494164,24.16634407089133,24.434858322143555,3391727
2022-05-17,25.061396732964695,25.195653874028284,24.56911998000747,24.971891403198242,3589336
2022-05-18,25.195652065495203,25.59842516694727,24.882384287384937,25.419414520263672,3164861
2022-05-19,25.061395541104403,25.061395541104403,24.56911881155869,24.61387062072754,1704162
2022-05-20,24.97189140319824,25.106148544261835,24.792882450837517,24.97189140319824,883594
2022-05-23,25.061396691063944,25.195653831903066,24.658623561374405,24.74812889099121,1549840
2022-05-24,24.792883227584014,24.971892185552992,24.703377895013414,24.837635040283203,811029
2022-05-25,24.92714223390296,24.971894049943298,23.897835100424007,24.166349411010742,1930718
2022-05-26,23.718822584239714,24.524367160760583,22.779020862827405,24.39011001586914,6031524
2022-05-27,24.434858254417165,24.569117086843125,23.942581559428543,24.211095809936523,1712397
2022-05-30,23.7635741323754,24.658624031254657,23.7635741323754,24.569120407104492,2754314
2022-05-31,24.61387093196449,24.748128068340783,24.345356659211905,24.65862274169922,1237445
2022-06-01,24.65862274169922,24.748128068340783,24.43486027868136,24.65862274169922,833581
2022-06-02,24.65862227773928,25.41941497911986,24.52436514388908,25.240406036376957,2146353
2022-06-03,25.106147402854216,25.24040624498613,24.792881323671995,24.83763313293457,666141
2022-06-06,25.419415557000246,25.419415557000246,24.65862283832394,25.10614776611328,1193845
2022-06-07,25.06139731619629,25.55367408060984,24.792883027820217,25.464170455932617,2195042
2022-06-08,25.285158305332576,26.09070283026273,25.195652978746537,25.956445693969727,3395050
2022-06-09,25.77743662861161,26.13545795700884,25.508922339485917,25.91169548034668,3128709
2022-06-10,25.77743572622949,25.911694573264608,25.285158977674605,25.374664306640625,799958
2022-06-13,25.106148980694286,25.3299114554141,24.52436688785721,24.569120407104492,995881
2022-06-14,24.434860229492188,24.61387088241496,24.30060309338616,24.434860229492188,628146
2022-06-15,24.434859148932272,24.65862160160444,24.434859148932272,24.524364471435547,483995
2022-06-16,24.613870460296347,24.658622269173502,23.76357243425364,23.942583084106445,2282773
2022-06-17,23.94258460364933,23.98733641536672,23.22654537313804,23.450307846069336,1290366
2022-06-20,23.450305043318576,23.674067489506072,22.868521317493492,23.13703727722168,1129320
2022-06-21,23.31604741065447,23.674068708730296,23.09228495294312,23.495058059692383,719006
2022-06-22,23.495062163459124,23.58456750361153,23.226547850174253,23.316051483154297,514873
2022-06-23,23.271293955601024,23.450304591974422,23.137036831906947,23.3160457611084,643409
2022-06-24,23.360802515462375,23.58456498839368,23.360802515462375,23.450307846069336,399967
2022-06-27,23.718823265078242,23.897833934853402,23.49506078144543,23.584566116333008,840803
2022-06-28,23.80832976117098,24.21110122705108,23.405556588118525,24.166349411010742,1149258
2022-06-29,24.032088771901517,24.658622641502426,23.71882098351501,24.21109771728516,2948123
2022-06-30,24.34535541320339,24.524364350152634,23.98733412496085,24.076839447021484,475645
2022-07-01,23.987334243587927,24.65862160160444,23.897830628256685,24.524364471435547,834442
2022-07-04,24.61386825012693,24.658620054985665,24.076838055962504,24.121591567993164,749736
2022-07-05,24.16634533920441,24.43485960454897,24.12159353070434,24.345355987548828,808528
2022-07-06,24.52436795139353,24.52436795139353,24.03209116853049,24.2558536529541,678013
2022-07-07,24.345358203296065,24.479615348187508,24.255852870977694,24.39011001586914,929156
2022-07-08,24.434861828442216,24.524367160760583,24.255852870977698,24.39011001586914,490540
2022-07-11,24.479613120221106,24.524364928721177,24.25585066337662,24.345355987548828,533394
2022-07-12,24.34535453281248,24.9718883502358,24.21109570099066,24.837631225585938,2012004
2022-07-13,25.061395332967106,25.195652466530724,24.88238468343422,25.01664352416992,800181
2022-07-14,25.106147555062257,25.64317780532943,24.748127957274846,25.508920669555664,2875177
2022-07-15,25.643179821044267,26.44872440617983,25.240408382062604,26.18021011352539,2812034
2022-07-18,26.359220713280322,26.359220713280322,25.64317975606258,25.732685089111328,1257402
2022-07-19,25.598426259809337,25.77743520696323,25.240406658329427,25.329910278320312,822969
2022-07-20,25.419416899995714,25.55367404399136,25.240407943725586,25.240407943725586,532871
2022-07-21,25.240407166777672,25.50892144650358,25.195653648708586,25.374664306640625,611604
2022-07-22,25.46416994622731,25.508921757670144,25.1956539560538,25.419416427612305,551551
2022-07-25,25.32991160457237,25.55367408060984,25.195654460384333,25.464170455932617,991100
2022-07-26,25.32991078857154,25.553673257400515,25.240407166777672,25.374664306640625,569102
2022-07-27,25.374663483410835,25.374663483410835,25.19565283128643,25.285158157348636,444825
2022-07-28,25.419414462315,25.419414462315,25.106146684918887,25.19565200805664,465880
2022-07-29,25.374662399291992,25.553671336596235,25.10614643257758,25.374662399291992,1071107
2022-08-01,25.37466353378189,25.95644559358296,25.24040639800813,25.508920669555664,1672470
2022-08-02,25.50892233948592,26.04595262490953,25.37466519492306,25.91169548034668,2408127
2022-08-03,25.956447256893803,26.31446687762341,25.508922304188737,25.68793296813965,1706196
2022-08-04,25.687932417785824,26.135457360902844,25.285159286111632,25.419416427612305,1490858
2022-08-05,25.553674728373355,26.627735323448587,24.83763546977137,25.777437210083008,11420616
2022-08-08,25.28515733119439,25.50891978545275,25.106146684918887,25.19565200805664,3582640
2022-08-10,25.10614967346192,25.329912154356126,25.06139786015197,25.10614967346192,1297093
2022-08-11,25.24040790690898,25.329911531327387,24.971891912137146,25.016645431518555,959703
2022-08-12,25.061395695779176,26.13545619418141,25.016643886334123,25.285158157348636,5501576
2022-08-16,25.598426818847656,25.73268395893812,25.41941616061227,25.598426818847656,1489798
2022-08-17,25.643179448565814,25.822190112516726,25.598427636164192,25.68793296813965,1178825
2022-08-18,25.68793054782787,25.732682356012987,25.598425224285588,25.643177032470703,692152
2022-08-19,25.777434941103195,25.866940267343075,25.464168860021772,25.508920669555664,741508
2022-08-22,25.50892223171688,25.598427563438047,25.195654424278896,25.240407943725586,663086
2022-08-23,25.10614858549184,25.329911056689344,25.10614858549184,25.19565391540528,491299
2022-08-24,25.240407166777672,25.46416963560665,25.15090183781165,25.374664306640625,680725
2022-08-25,25.46416917036873,25.77743525526812,25.374663843038,25.553672790527344,1404284
2022-08-26,25.732682412654817,26.00119667670065,25.553671765176222,25.86693954467773,2015540
2022-08-29,25.50892065977576,27.209515028993053,25.374663524053464,26.80674362182617,5397617
2022-08-30,27.075256779912397,28.01505839849509,26.761989004660823,27.567533493041992,11060638
2022-09-01,27.657042395381954,28.552092322139767,27.478033434333746,27.97031021118164,7437850
2022-09-02,27.970308303833008,28.641595703125,27.836051165409035,27.970308303833008,6578921
2022-09-05,28.0598114032737,28.55208810745471,27.79129544057969,27.925554275512695,3799449
2022-09-06,28.01505965386431,28.14931849725407,27.07525799316862,27.254268646240234,2877460
2022-09-07,27.164766360457868,27.70179667261437,27.12001283859432,27.61229133605957,1974656
2022-09-08,27.612290581912966,28.149320879402104,27.612290581912966,27.97031021118164,2848422
2022-09-09,27.970307221234002,28.417832136773747,27.88080189669164,28.059812545776367,2673363
2022-09-12,28.19406973326876,28.731098267212413,28.05981259978285,28.2835750579834,2247045
2022-09-13,28.37307770899566,28.596840146110225,28.149315271881093,28.417829513549805,3040273
2022-09-14,27.836051516657445,28.373081784301966,27.836051516657445,28.23882293701172,1983458
2022-09-15,28.50734035662035,29.715658092733012,28.373083209757223,29.044370651245117,8671226
2022-09-16,29.35763284012132,30.1631790281361,28.328325908646008,28.82060432434082,15608702
2022-09-19,29.044368697130608,29.268131162571763,28.32832778341564,28.820606231689453,3183306
2022-09-20,29.089122772216797,29.22338162767253,28.77585666194612,29.089122772216797,2827068
2022-09-21,29.863008948930656,29.95405679391115,29.043597446267086,29.1346435546875,3289237
2022-09-22,29.043600233034443,29.954059668038152,29.043600233034443,29.81748962402344,3869344
2022-09-23,29.908532617243463,30.09062484310949,28.90703058466083,29.40778160095215,5421055
2022-09-26,29.498826498619696,29.544348682250902,28.22418451822601,28.86150550842285,5102887
2022-09-27,28.86150550842285,29.225686450592487,28.178662334594804,28.86150550842285,2999756
2022-09-28,28.633893966674805,28.86150838060208,28.451801740908923,28.633893966674805,3032270
2022-09-29,28.72493480957144,29.043595297183533,28.58836652532624,28.815980911254883,3097269
2022-09-30,28.815981612916616,29.180164291958217,27.26820479284981,28.26970672607422,7234048
2022-10-03,28.451798909502028,29.225686450592487,27.90552402312759,28.86150550842285,3195515
2022-10-04,28.99807439473826,30.86451348368288,28.86150610446427,30.136144638061523,5600103
2022-10-06,30.818986836284832,30.86451249251422,29.77196273228789,29.90852928161621,4445936
2022-10-07,29.954057246447285,29.999579433065186,29.63539499388155,29.77196502685547,1275112
2022-10-10,29.58987280726365,30.31823821251071,29.45330277428973,29.77196502685547,2824308
2022-10-11,29.817487672288323,29.954057707363702,29.40778104018245,29.498828887939453,1971202
2022-10-12,29.908528774133906,30.04509879426488,29.544347842317777,29.863006591796875,2078526
2022-10-13,29.954053961161414,29.999576142786555,29.407777362300212,29.6809139251709,1827366
2022-10-14,29.86301093766786,30.04510316663518,29.271215534924554,29.453304290771484,1203466
2022-10-17,29.453299459424628,29.726439494631514,29.180162897337564,29.362255096435547,1355847
2022-10-18,29.81748721347337,30.227193839274907,29.40778058767183,29.77196502685547,10326181
2022-10-19,29.908529696369644,29.908529696369644,29.134642153417488,29.180164337158203,3241047
2022-10-20,29.134641061646864,29.45329980901068,27.95104696314144,28.178661346435547,9343911
2022-10-21,28.315231334773543,28.998074525789498,28.22418522865941,28.77046012878418,2562077
2022-10-24,29.589871349340775,29.68091571809073,29.13464255935092,29.49882698059082,1880148
2022-10-25,29.544354824085914,30.227198139867006,29.271218192397622,29.95406150817871,4567573
2022-10-27,30.181668580325866,33.277222105795275,29.817484178214237,33.004085540771484,29820799
2022-10-28,33.00409130283169,33.59589019130306,32.275725844565706,32.54886245727539,13589784
2022-10-31,32.73095428624599,32.91304651684571,31.774974416997942,31.911540985107422,6261421
2022-11-01,32.09362989998421,32.685428720012084,31.774971134196928,32.412288665771484,6177185
2022-11-02,32.54886205564626,32.59438424501609,31.866018795737595,31.911540985107422,3806240
2022-11-03,31.774973417530802,32.41229099490268,31.638403380596646,31.82049560546875,3474859
2022-11-04,31.866017365009903,33.14065944885841,31.683925142585796,32.86751937866211,6520408
2022-11-07,33.140658908491524,35.416802968879125,33.004088875620184,35.098140716552734,17569636
2022-11-09,35.5078497880342,35.87203425203145,34.142163257725194,34.36977767944336,9751736
2022-11-10,34.14216326820918,34.32425550026372,33.231705581056936,33.595890045166016,4254276
2022-11-11,33.96006294544162,34.55186169034745,33.45931203143187,33.73244857788086,4768861
2022-11-14,33.41379842339744,33.41379842339744,32.23020410310587,33.04961395263672,5199696
2022-11-15,33.277214685622944,34.9615628284125,33.00407818150329,34.05110549926758,8813249
2022-11-16,34.142162439156365,34.142162439156365,32.91304598059488,33.09513473510742,4330752
2022-11-17,33.36827576852492,33.45932014838799,32.32124803449724,32.54886245727539,4184008
2022-11-18,32.54885626681807,32.77647064630631,32.04810532656791,32.366764068603516,3436031
2022-11-21,32.23020216620748,33.86902523990338,32.048109941770086,33.64141082763672,4640990
2022-11-22,33.869028149529875,34.36977920491108,33.14066266232807,33.41379928588867,4681636
2022-11-23,33.50484036141043,33.55036254865599,32.86751932061181,33.00408935546875,2773305
2022-11-24,33.32274263908405,36.327255125052346,33.186176099888925,35.41679763793945,31337390
2022-11-25,35.50784305716233,36.14516401178664,34.82499992144767,35.371273040771484,12785734
2022-11-28,35.3712782241371,37.829514567567855,35.32575603637585,36.23621368408203,20355748
2022-11-29,36.3272639041343,36.64592271238509,35.507850578460086,35.6444206237793,6440033
2022-11-30,35.73545753107423,37.010099443723526,34.96157003111417,36.28173065185547,10384736
2022-12-01,36.55487544981208,36.919056420092495,35.32575555817502,35.7354621887207,6241462
2022-12-02,36.327261040966725,36.736964198392165,35.59889215416539,35.7354621887207,9816113
2022-12-05,37.01009673069479,38.55787161715512,36.50934235471341,37.4197998046875,35794761
2022-12-06,37.328757220177046,38.057122520093145,36.91905065362433,37.23771286010742,10130167
2022-12-07,37.46533657864964,37.46533657864964,35.826509903654454,36.008602142333984,8583910
2022-12-08,35.644417872253186,36.23621325233897,35.14366339348488,35.59889221191406,5292692
2022-12-09,35.73545978732536,35.917551996789236,34.3697734260263,34.64291000366211,4822642
2022-12-12,34.73395299335562,35.280226072324446,33.91453990178286,34.55186080932617,5120200
2022-12-13,34.82500367723084,35.96307569282662,34.733959305231245,35.37127685546875,5678896
2022-12-14,35.64441487635885,35.82650360992986,35.05261607289319,35.189186096191406,3685227
2022-12-15,35.37127337593484,35.41679903057637,34.005587091564855,34.187679290771484,5662355
2022-12-16,34.87052575411373,34.91604793997108,33.55036152552965,33.82350158691406,7160368
2022-12-19,34.0511145783892,34.14215894633141,33.09513134939591,33.869022369384766,4656117
2022-12-20,33.86902245484065,34.87052439721195,33.41379366774096,34.64291000366211,8984811
2022-12-21,34.77947783748202,34.87052219991697,32.321241847420445,32.50333404541016,12583369
2022-12-22,32.68542509772735,33.04960600782188,30.54584792430326,30.773462295532227,8986100
2022-12-23,30.181670267686567,30.59137340156752,28.907028262154565,29.22568702697754,14073715
2022-12-26,30.090623792811396,31.820494668477856,29.863009386703716,30.682422637939453,18060968
2022-12-27,31.09213251409396,31.72945013932787,30.59137798980936,31.547361373901367,6110891
2022-12-28,31.501832962036133,32.23020185270077,30.95555976715793,31.501832962036133,6401852
2022-12-29,31.410787636737748,31.683924225911433,31.09212886155514,31.27421760559082,3677382
2022-12-30,31.50182713715854,31.77496715721268,31.137646232285736,31.183168411254883,4907850
2023-01-02,31.31974557705884,32.36676982504653,31.09213115708928,31.911540985107425,4099418
2023-01-03,32.09362937924263,32.2757215880751,31.729444961577688,31.91153717041016,3586439
2023-01-04,32.09362836829157,32.13915055078573,31.183170825928688,31.22869300842285,3307082
2023-01-05,32.2757229521981,32.50333735457874,31.319743156823467,31.5473575592041,9862273
2023-01-06,31.729445847288986,31.729445847288986,31.183172678662647,31.365264892578125,3087322
2023-01-09,31.592876385131554,31.63839856614233,31.0921254477734,31.13764762878418,3084693
2023-01-10,31.137651048359743,31.18317323436983,30.72794442802866,30.818988800048828,2055836
2023-01-11,30.864512040887426,30.955556405774097,30.591371999987622,30.77346420288086,2249827
2023-01-12,30.77346565508974,30.91003568198442,30.500329074420435,30.59137344360352,1542385
2023-01-13,30.68242123589281,30.955557816116897,30.50032902470341,30.72794342041016,1740349
2023-01-16,30.773466614038743,31.04660320321941,30.636900056008496,30.818988800048828,1998445
2023-01-17,30.81898964418822,31.046604053593217,30.72794526967433,30.86451530456543,2593233
2023-01-18,31.18317419183789,31.501832976812945,30.955559781678488,31.04660415649414,2824218
2023-01-19,30.91003799438477,31.046604558376025,30.818990145270277,30.910037994384766,1774826
2023-01-20,30.86451110877187,31.228692030440104,30.86451110877187,31.00107765197754,2635636
2023-01-23,31.137652004430063,31.18317419183789,30.910037594270666,31.04660415649414,1823665
2023-01-24,31.137647119230675,31.456305854211216,30.955554925047625,31.092124938964844,4322573
2023-01-25,31.137649102933263,32.048106658731776,30.818986874531813,31.410785675048828,6446459
2023-01-27,31.683925094551256,31.77497294218541,30.272716450864337,30.86451530456543,4523843
2023-01-30,30.95555786657596,31.137650078062187,30.27271467834267,30.59137344360352,2816324
2023-01-31,30.63690566536688,31.092134555056603,30.454813414866827,30.955564498901367,2045116
2023-02-01,31.137648093495876,31.36526247506658,29.771961804071672,30.13614273071289,4105537
2023-02-02,29.95406150817871,30.5003347715553,29.863013648868808,29.95406150817871,2060787
2023-02-03,30.045098238213118,30.2271904373111,29.225685078832104,29.362255096435547,2885139
2023-02-06,29.498827550740334,30.45480733357208,29.362257521855756,30.3182373046875,2675638
2023-02-07,30.04510070623866,30.22719292029443,29.225687479547744,29.407779693603516,3854376
2023-02-08,29.45330182698252,29.771964069299116,29.134643057786025,29.54434967041016,2262343
2023-02-09,29.635394092893204,29.771964121715058,29.316735323135685,29.407779693603516,1657229
2023-02-10,29.40778210180975,29.58987433077707,29.362259912848018,29.453304290771484,1715543
2023-02-13,29.58987230553647,29.680916677228524,29.22568787252796,29.27121353149414,1709750
2023-02-14,29.31673481933256,29.45330137268743,29.043596502942734,29.36225700378418,2561751
2023-02-15,29.316739493748173,30.136149363888595,29.316739493748173,30.04510498046875,2300490
2023-02-16,30.136146947480224,30.272716984779994,29.863010346001012,29.99958038330078,2044352
2023-02-17,30.093915939331055,30.565609216735183,29.480717377745975,30.093915939331055,2218127
2023-02-20,30.188256779658367,30.188256779658367,29.150535092985546,29.33921241760254,1716125
2023-02-21,29.48071777206844,29.48071777206844,28.96185785902412,29.103364944458008,1811326
2023-02-22,28.91468851988807,29.103365839173843,28.67884277046099,28.96185874938965,1941166
2023-02-23,29.05619635246062,30.093918036339996,29.009027921113507,29.85807228088379,2571884
2023-02-24,29.99957698069776,30.28259114492012,29.716562816475395,30.0467472076416,2436718
2023-02-27,30.04674665622484,30.04674665622484,29.292039233215277,29.716562271118164,1783921
2023-02-28,29.76373055782615,29.85806921017859,29.19770224243178,29.433547973632812,996349
2023-03-01,29.48071866523142,30.424101662518826,29.43355023511116,30.2825927734375,2577723
2023-03-02,30.235423022872197,30.282591450932514,29.99957728385023,30.093915939331055,1420974
2023-03-03,30.282591815188063,30.80145532625387,30.141086529305007,30.65994644165039,2375566
2023-03-06,30.75428265067764,31.41465143370748,30.65994579541067,31.08446884155273,2096378
2023-03-08,30.942960091096506,31.792006186979663,30.942960091096506,31.36748313903809,3482065
2023-03-09,31.556160754316924,31.83917492277529,31.320315014148218,31.41465187072754,1738330
2023-03-10,31.273146938325564,31.273146938325564,30.707114996308913,30.942960739135742,1585010
2023-03-13,30.895792173225164,30.895792173225164,29.386379065958913,29.622224807739258,2829551
2023-03-14,29.52788496552574,29.905239576710592,29.433548112089667,29.716562271118164,2294387
2023-03-15,29.999575392561145,30.093914042094497,29.48071551916782,29.57505416870117,1509169
2023-03-16,29.7637310367739,29.7637310367739,28.77317966953401,29.244871139526367,3317680
2023-03-17,29.339211404079773,29.66939581107313,28.67884259009305,29.197704315185547,9981625
2023-03-20,29.622226798855504,30.32976587111538,28.820350863030622,29.10336685180664,7823459
2023-03-21,29.24486835957178,29.622221139823285,29.009022646994584,29.386375427246094,2175612
2023-03-22,29.52788692281865,29.575057152023565,29.103365656135978,29.197704315185547,1590798
2023-03-23,29.244872745030204,29.43355006312934,29.150534085980635,29.197704315185547,1440046
2023-03-24,29.244871791830157,29.244871791830157,28.678841655342048,28.820348739624023,1566566
2023-03-27,28.914687630972683,29.339210686634555,28.678841888796136,29.103364944458008,79243560
2023-03-28,29.52788384478907,29.81089979243578,28.8203466747124,29.05619239807129,4152094
2023-03-29,29.150532881130847,31.508992062449195,29.0090257980854,30.84862327575684,7030120
2023-03-31,31.037300545483724,31.650497304759018,30.56560906970872,31.36748313903809,6745398
2023-04-03,31.41465012464297,31.508990574699077,30.84862181918714,31.178804397583008,1587840
2023-04-05,31.13163805314129,31.178806481962567,30.75428342513019,30.942960739135742,1521541
2023-04-06,30.848622971497253,31.037300279937057,30.754282517917183,30.801454544067383,1170634
2023-04-10,30.80145402303291,30.84862244966488,30.56560829115278,30.754281997680664,1903198
2023-04-11,30.848623275756836,31.13163744184774,30.65994596545611,30.848623275756836,1689674
2023-04-12,30.8957907107182,31.367482171950535,30.7542818328604,30.99012756347656,1581788
2023-04-13,31.03730024437338,31.508991715572243,30.89579136352559,31.320314407348633,2438487
2023-04-17,31.27314499152845,31.55615914555853,31.131636115153306,31.46181869506836,1566643
2023-04-18,31.4618202990172,31.744838066195967,31.225974558848495,31.41465187072754,1021790
2023-04-19,31.27314645624508,31.50899219543631,30.942960262145128,31.131637573242188,1102253
2023-04-20,31.17880552650084,31.744837451171676,31.03730024437338,31.320314407348633,1867170
2023-04-21,31.3203219705753,31.367490409341347,30.754289909219125,31.037307739257812,1447497
2023-04-24,31.037299263383353,31.55615914555853,30.990127238778157,31.46181869506836,1718067
2023-04-25,31.697666285436323,33.01840388012968,31.650497856780227,32.735389709472656,9389245
2023-04-26,32.97123335158857,33.72593895818146,32.40520144760376,33.49009323120117,10331460
2023-04-27,33.44292448810544,34.90516726175944,33.159910338159534,33.96178436279297,13720295
2023-04-28,34.056121847237975,34.103293872040645,33.301416233758175,33.537261962890625,3358476
2023-05-02,33.537268188907035,33.86745443022193,33.20708554631303,33.34859085083008,3816567
2023-05-03,33.254247345764654,36.22590493104446,33.112738470762686,36.037227630615234,22608506
2023-05-04,36.461752270193394,36.79193486151372,34.99950582620824,35.2353515625,13960726
2023-05-05,35.23535678192603,37.074954517246056,34.48065103374165,35.424034118652344,16039840
2023-05-08,35.94288956095836,36.46175307117473,35.65987539093514,35.84855270385742,5983414
2023-05-09,36.13156968479071,36.13156968479071,34.85800402124708,35.18818664550781,3609732
2023-05-10,35.47119702524933,35.47119702524933,34.10329464428225,34.6693229675293,4368159
2023-05-11,34.90516931355943,35.09384662418761,34.24480052572099,34.7636604309082,4052021
2023-05-12,34.71649078310922,35.141013817426206,34.3863082001517,34.57498550415039,3280214
2023-05-15,34.57499061278875,34.62215904607775,34.00895861715846,34.24480438232422,2330430
2023-05-16,34.24480022613501,35.61270621782191,34.24480022613501,34.71649169921875,7906653
2023-05-17,34.71648932987591,35.56553536296879,34.52781203377526,34.90516662597656,6011003
2023-05-18,34.999506522262855,35.235352263245005,34.10329558550701,34.291969299316406,3266844
2023-05-19,34.197631565318424,34.33914044576649,33.15991177110033,33.6316032409668,3316760
2023-05-22,33.82027548845993,34.150461662330294,33.49009291330973,33.96178436279297,2660265
2023-05-23,34.43347854011902,34.85800159802896,33.6787728809016,33.82027816772461,5973189
2023-05-24,33.820278685727374,34.10329646114909,33.53726450902615,33.86745071411133,2849958
2023-05-25,33.961781978236644,34.15045926452638,33.49009056187224,33.63159942626953,1917099
2023-05-26,33.631604504991934,33.91461867780468,33.207081446412595,33.30141830444336,3658217
2023-05-29,33.49009934387204,34.52781929250368,33.34859044236734,33.820281982421875,5447404
2023-05-30,33.86745019538606,34.19763279669355,33.6787728809016,33.82027816772461,3277433
2023-05-31,33.82027404452836,34.00895133601025,33.67876877495695,33.77310562133789,2353519
2023-06-01,33.773107692023075,34.103293872040645,33.49009353680818,33.537261962890625,3050427
2023-06-02,33.77311265337672,34.57499040945702,33.58443532260955,33.678775787353516,6038664
2023-06-05,33.91461801544276,34.197632182728164,33.678772276251536,33.7259407043457,3585780
2023-06-06,33.77311406013504,34.00895983373755,33.72594562515872,33.867454528808594,2059166
2023-06-07,34.00895265935767,36.41457832287881,33.86744738428004,35.99005889892578,27372537
2023-06-08,35.99005476803012,36.17872844647788,34.81082628413293,34.95233154296875,10440452
2023-06-09,34.95233567540142,35.04667612449896,34.43347580088553,34.48064422607422,3530566
2023-06-12,34.62215218097361,36.08439491531422,34.244797592044385,35.89571762084961,9881684
2023-06-13,36.79193416797122,37.35796248491344,36.037228545808176,36.1787338256836,17566106
2023-06-14,36.36741195915853,36.65042612407518,36.13156622194126,36.273075103759766,5680880
2023-06-15,36.79193435739809,38.348517635083816,36.41457974501358,36.69759750366211,30079215
2023-06-16,36.933446252763225,37.310797297242495,36.461754748123695,36.6032600402832,6919324
2023-06-19,36.791939178070464,37.26363070599445,35.848556122222504,36.32024765014648,8232442
2023-06-20,36.0372313115978,37.31079692182168,35.9428908523868,37.074951171875,8384560
2023-06-21,37.310791555372326,38.77303427498181,37.1692862849895,38.39568328857422,25411081
2023-06-22,38.39567973062522,39.00887637623549,37.263619678865126,37.92398834228516,12894555
2023-06-23,37.64098009712911,37.92399425451018,36.74476559982217,37.16928863525391,9395359
2023-06-26,37.21645608397132,40.471127805149685,37.027778784434,39.6220817565918,45797506
2023-06-27,39.905098351411816,39.95226677950599,38.72586965545568,38.914546966552734,14367151
2023-06-28,39.24472845030712,39.527746208296286,37.97116293423697,38.25417709350586,15309179
2023-06-30,38.72586730572584,39.150390330255775,38.301344281195895,38.5843620300293,11240884
2023-07-03,38.86737845441372,40.942821674552775,38.3013465223465,39.952266693115234,23501710
2023-07-04,40.18811392567642,40.612636990827184,39.43340825358644,39.62208557128906,11866216
2023-07-05,39.62208418412642,41.88620471985037,39.05605584955563,41.50885009765625,30734460
2023-07-06,41.791864508568175,44.999368019755245,41.603187196371216,44.66918182373047,46768102
2023-07-07,44.339003136015535,45.754077704186244,43.01826543290125,45.18804931640625,26119022
2023-07-10,45.28238338706274,45.70690645106056,43.86730890621703,44.29183197021485,12216528
2023-07-11,44.338997954531656,46.03708651815264,44.05598379371487,45.51822662353516,15444570
2023-07-12,45.70690186498853,46.50877588418897,44.95219627067279,45.23521041870117,14527977
2023-07-13,45.47106335481492,45.706909115370266,42.64091422815076,43.06543731689453,11523923
2023-07-14,43.3956096618589,43.67862378773575,42.87674983129804,43.25410079956055,6872910
2023-07-17,43.58429508986697,44.38616919614942,43.254108882376144,43.82014083862305,7465417
2023-07-18,44.10315814044333,44.10315814044333,42.782420414396285,43.20694351196289,7692884
2023-07-19,43.772969022473234,47.31065498014984,43.63146014467807,45.9427490234375,45247722
2023-07-20,46.22577024464799,47.971027477661686,45.471064511418305,47.45216751098633,29278745
2023-07-21,47.12198018701307,47.73517695978731,46.03708832935954,47.3106575012207,17172907
2023-07-24,50.093632839395774,56.367130850533215,50.093632839395774,53.867164611816406,127946570
2023-07-25,56.17846087406827,59.150118972171356,55.659600907387635,56.414306640625,122627086
2023-07-26,57.12183943766983,57.12183943766983,54.008676284260076,54.76338195800781,29606734
2023-07-27,55.046389390279465,55.09356141306853,52.499258503353694,52.82944107055664,20161600
2023-07-28,52.82944727565325,54.99922742615919,52.404924211729785,52.640769958496094,24369257
2023-07-31,53.77282948375937,54.95205820050848,53.11246068263578,54.10301208496094,19709287
2023-08-01,54.33885901835182,54.386031047031224,53.4426480529715,53.72566223144531,13573349
2023-08-02,53.53699097437764,53.53699097437764,51.1313647869031,51.9332389831543,13128605
2023-08-03,51.60305243091405,54.66904727664169,50.98985202228025,54.0086784362793,19138776
2023-08-04,55.32941435155583,55.94261114190312,53.3483078936817,53.772830963134766,19787527
2023-08-07,54.24451926482856,54.2916876922713,52.829444849224345,53.34830474853516,10804825
2023-08-08,53.34831188752287,53.96151232249702,52.35776038378992,52.73511505126953,8143993
2023-08-09,52.97095513130049,53.11246041737138,49.76345159827426,51.46154022216797,24752050
2023-08-10,50.70682989970853,53.536978545273655,50.470984179244766,51.320030212402344,22530111
2023-08-11,53.06529210640791,53.30113784910306,52.26341802073259,52.499263763427734,12201045
2023-08-14,53.11245834683033,54.62187319711968,51.69738394896423,54.29168701171875,20664645
2023-08-16,54.38602859365328,55.093565807280754,53.91433711790163,54.433197021484375,13459343
2023-08-17,54.66904103311506,54.66904103311506,53.06528934645589,53.678489685058594,7734221
2023-08-18,53.96151047915824,54.103015775588624,52.59360435467372,53.01812744140625,7316411
2023-08-21,53.301132507583816,53.39546935571983,51.88605819322319,52.31058120727539,5834798
2023-08-22,52.49926065498606,56.31996074068256,52.0747376235264,55.70676040649414,24899842
2023-08-23,55.94260888105487,56.98033229763751,54.76338017952032,55.04639434814453,24007101
2023-08-24,55.47091883601013,56.3671333921142,54.90489048411308,55.23507308959961,14265718
2023-08-25,54.71621281944987,55.18790430927271,53.159629463546295,53.63132095336914,10308279
2023-08-28,53.772830445801965,57.82937658424994,53.39547581020287,57.35768508911133,40391201
2023-08-29,58.96143735677024,60.18783453404695,57.452025999925134,57.9237174987793,48208655
2023-08-30,58.48974081961113,60.18782934946869,57.68786678012068,58.819923400878906,24459041
2023-08-31,59.33878532864276,59.66896790125652,58.112384690431334,59.10293960571289,12134327
2023-09-01,59.102943680810064,61.602909955725245,58.39540646323638,59.66897201538086,23749326
2023-09-04,60.14066791534424,63.53684536989895,59.99915902193752,61.31989669799805,43045010
2023-09-05,61.74440915875402,61.79158118367195,59.71613804249159,60.37650680541992,19953550
2023-09-06,60.47084926875136,60.98971280123065,57.87654600123718,58.53691482543945,16661114
2023-09-07,58.58407784200451,60.565180532808434,58.58407784200451,59.85764694213867,11792364
2023-09-08,60.04632422331588,60.75386141244189,59.52746073898061,60.37650680541992,12088351
2023-09-11,63.01798997059784,72.45182037353516,62.54629845045097,72.45182037353516,158827225
2023-09-12,75.37629052793527,78.53662160967757,64.48021582203107,66.36698150634766,171217993
2023-09-13,66.41415459932884,72.5461431723255,66.0368000168872,71.6027603149414,129170387
2023-09-14,73.30084754947828,74.0083847157761,70.18768833623201,72.97066497802734,68766476
2023-09-15,73.20651198789218,73.20651198789218,70.75371787440103,71.08390045166016,26849144
2023-09-18,71.08390205131069,76.31968017081687,69.43298193042286,72.310302734375,69977046
2023-09-20,71.64992785452087,78.91398045011377,70.84805383484537,77.12155151367188,156990340
2023-09-21,71.10431824955803,71.7221975408719,67.25441592128398,67.53959655761719,140188157
2023-09-22,66.16122665288488,70.4388922630168,65.9235785634331,68.6802978515625,159457227
2023-09-25,68.72782184736451,69.53582380080988,65.971102901101,66.3513412475586,72178536
2023-09-26,66.54144925768387,67.20686084928374,63.97485340157875,65.16309356689453,43609313
2023-09-27,65.25816312335843,66.87416713926191,64.87792475125063,66.44640350341797,40488851
2023-09-28,67.39699516350949,69.58335309046286,66.39887035281873,68.82288360595703,58070191
2023-09-29,69.72594319421356,70.7240680021704,68.77535090185225,69.53582763671875,44385691
2023-10-03,69.34570819760663,69.96359466816506,68.20500029230182,68.72782897949219,22896169
2023-10-04,68.44264724976647,68.58523754869225,65.73346057995198,66.63652038574219,25690477
2023-10-05,67.20687799461881,69.67842397095258,66.11370256559917,69.10806274414062,34896534
2023-10-06,69.3457049529721,69.9160661313817,68.44264517456295,69.06053161621094,17976537
2023-10-09,67.49205185624162,67.91981548111363,65.82851536682722,66.25627899169922,20508019
2023-10-10,66.77911969569186,68.15747584893106,66.39888126472921,67.53959655761719,19579616
2023-10-11,67.87229794524275,68.01488825391388,66.11370347815047,66.49393463134766,16269121
2023-10-12,66.826652321047,68.30006627116056,66.11370798157259,67.30194854736328,23997128
2023-10-13,68.20500007310851,71.05677707964962,68.01488450698335,69.4407730102539,69842825
2023-10-16,69.91607407754712,72.53020318340118,69.10806473378211,72.10243225097656,56799382
2023-10-17,72.86291582515422,73.86103358840857,70.43890207413838,71.19937896728516,46034251
2023-10-18,71.53207428286774,72.53019915058306,69.48829928143985,70.58148193359375,28707177
2023-10-19,70.53395987267044,72.10243893200744,69.48830958392749,71.19937896728516,27050034
2023-10-20,71.10431475944671,72.57772863499373,70.53395351477612,71.62713623046875,55365013
2023-10-23,71.72218906494207,71.95983714965352,61.64591172366482,63.0718002319336,44075690
2023-10-25,63.45203920170678,65.21063359426154,60.5527332667983,63.40450668334961,44740197
2023-10-26,62.929202094651096,64.64027099248831,60.2675482287792,64.2600326538086,26932375
2023-10-27,64.64028427958894,66.87417500640935,64.06993028055207,65.97111511230469,25340751
2023-10-30,65.9711150189259,66.63652680811963,64.307578293497,66.2087631225586,17563823
2023-10-31,66.06616043139526,68.0148774170396,65.9711026582416,67.53958129882812,21385658
2023-11-01,67.82476227989731,68.91794492576025,67.06429275632087,67.53958892822266,18275724
2023-11-02,68.2050111726318,71.6746752123906,67.91983052459048,71.19937896728516,45746818
2023-11-03,71.57960373848566,71.81725181563542,69.91606719843733,70.20124053955078,15893638
2023-11-06,70.7240661510809,71.91230648543225,69.53582581672956,69.82099914550781,20267823
2023-11-07,70.1061850903081,73.48079079902256,69.96359478878816,72.7203140258789,38537422
2023-11-08,73.52832676367612,74.71656736183652,72.38761869042017,73.1005630493164,27095114
2023-11-09,73.5283166858416,73.62337447017676,69.96359537994323,70.81912994384766,17655562
2023-11-10,70.81913569833817,72.72032054930028,68.96548336962799,72.0549087524414,19770509
2023-11-13,72.43513480835168,73.57584998988634,71.57960748775587,72.67278289794922,16784727
2023-11-15,73.48078007592737,74.14619171599114,71.57959567295325,71.8647689819336,23816049
2023-11-16,72.05489637656645,72.53019250767191,71.29441966582033,71.48453521728516,11142031
2023-11-17,72.91043874686719,74.05115404979978,72.05491133522389,72.43514251708984,26532739
2023-11-20,72.72030789203889,73.48078460103757,72.0073636970189,72.19747924804688,12962640
2023-11-21,72.48267167916327,78.51893206687353,71.53207926369883,77.47328186035156,97612427
2023-11-22,77.75845356821297,79.08927699528157,76.38009037240087,77.0455093383789,57544116
2023-11-23,77.37822416307907,78.51893216204114,76.47515701582655,77.23563385009766,26679526
2023-11-24,77.28315708723446,80.70528792543605,76.2374997526241,78.23374938964844,55902988
2023-11-28,78.80410857026527,82.0836493310877,78.28127986813105,80.18246459960938,46010669
2023-11-29,80.99047295718658,81.9885979197968,79.56458429771186,80.2300033569336,31183007
2023-11-30,80.37258411788355,81.27564392720829,77.75845521964,80.75281524658203,35313652
2023-12-01,81.56081860095901,83.27188031312896,80.18245547600844,80.70528411865234,24563214
2023-12-04,83.17683577582497,83.84224756105377,81.84600495292287,82.4163589477539,23596153
2023-12-05,82.74906651195529,83.08177238213095,80.65775900202648,81.4182357788086,18516727
2023-12-06,81.75094800538078,82.13118642333659,79.94482095942413,80.27752685546875,17196392
2023-12-07,80.46764194906005,87.16931350444459,78.75657285909928,86.40884399414062,69825250
2023-12-08,86.83660830396519,87.54955255482278,82.32129471520048,84.27001190185547,34358360
2023-12-11,84.55518495956237,86.93166578757081,84.17495382903617,85.2206039428711,22010858
2023-12-12,85.60084326916834,88.69026837962498,85.3631951837486,86.59896087646484,33564019
2023-12-13,86.78908499457907,88.35755657985753,85.55331203093239,87.97732543945312,27303712
2023-12-14,88.88037911476474,93.58580804927485,88.21496741274395,92.63521575927734,59200486
2023-12-15,93.110524918424,95.43948070590442,90.97169196698292,91.54205322265624,34800115
2023-12-18,90.1636938616081,90.1636938616081,87.64462237867781,88.59521484375,24984118
2023-12-19,88.59520507062796,90.0210936109435,86.07614111802583,86.7890853881836,22167005
2023-12-20,87.26438714111103,88.16744704000384,77.04551861625883,79.80223083496094,42484587
2023-12-21,78.899161792873,86.21871968472828,77.28315776556275,85.50577545166016,42900547
2023-12-22,86.3613100501307,86.40884256668367,83.8422389741423,85.26812744140625,19350518
2023-12-26,85.60084485942942,88.11990880972171,84.84036807098077,87.0267333984375,18112291
2023-12-27,89.92603212098186,90.87662444203336,87.78719939861601,88.31002807617188,30200399
2023-12-28,88.69027010860432,88.73779537514835,86.40884699361062,86.7890853881836,16418489
2023-12-29,87.16931172351954,87.83473069043997,86.12366163543744,86.45636749267578,14891333
2024-01-01,89.35567817883974,89.54579374207249,87.21684545647389,88.31002807617188,24607805
2024-01-02,89.83097739327884,90.40133135481084,87.50202902850481,88.69026947021484,29129762
2024-01-03,88.88038800287134,89.45074198341695,87.64461500131893,88.11991119384766,12797596
2024-01-04,88.3575561130564,91.20933316568795,88.0248502407382,89.40321350097656,39135556
2024-01-05,89.83097831303337,92.20745922078558,89.35568213148294,90.0686264038086,46219735
2024-01-08,91.73216454290272,92.2074607322442,89.45074138357484,89.783447265625,22160288
2024-01-09,90.4963871143258,90.59145214949031,88.73779275044157,89.45073699951172,18098807
2024-01-10,89.83096699006961,89.83096699006961,84.46011936504242,86.4088363647461,32301729
2024-01-11,86.40884336575098,89.07049751112443,86.40884336575098,88.54767608642578,21381314
2024-01-12,89.35568544659185,90.78157404414384,89.02297955765194,89.49827575683594,21610624
2024-01-15,90.16368187976798,98.6714876630298,88.88038367294685,97.43571472167967,115323467
2024-01-16,98.14865655796709,98.57642019888868,92.49263518272278,94.91664123535156,67344615
2024-01-17,94.108644908948,99.66960883944243,91.82722176369677,96.39006805419922,72622449
2024-01-18,96.48512749620939,97.29312957647694,91.9222811274306,95.62959289550781,30447421
2024-01-19,96.34253255910289,101.99856135415165,96.10488447323809,100.23995971679688,78843768
2024-01-23,106.4663448614046,110.74401050315744,97.43571739548187,98.76654815673828,59032672
2024-01-24,99.47949671631986,108.3675342599592,97.53077938347438,107.55953216552734,61539848
2024-01-25,108.36753136634499,113.02543548082588,106.8465850081834,110.69647979736328,73902690
2024-01-29,114.07108162968122,127.75960562328773,113.3106048511724,122.8165283203125,135868902
2024-01-30,126.90407871197928,128.0447866308846,120.44004783166488,121.62828826904295,54326487
2024-01-31,122.24619304396448,126.28621089605262,120.91535493093116,125.2880859375,43866759
2024-02-01,125.81090850256372,125.81090850256372,119.58452545282145,121.24806213378906,40747230
2024-02-02,122.43630613993874,139.11920594964144,122.19865803582584,135.22177124023438,150820832
2024-02-05,137.83588190088497,162.0759852696613,128.4250240420208,140.97283935546875,238154964
2024-02-06,144.49002322305714,151.90464573679662,136.79022013092634,139.6895294189453,94207941
2024-02-07,141.06790210683423,149.62323344901148,138.40625507095652,139.6420135498047,74842579
2024-02-08,147.86465286343096,153.4731423027384,140.8302602985743,143.2067413330078,80234599
2024-02-09,143.91967703671136,144.4425057339986,130.7539815962128,133.6057586669922,68554166
2024-02-12,118.82404905989166,124.24242279604496,106.89411163330078,106.89411163330078,117827264
2024-02-13,101.95102219776363,108.36752009832219,95.67711458992844,102.80655670166016,158431484
2024-02-14,100.95289752830654,117.11296633525406,99.19430325568625,114.59390258789062,166998522
2024-02-15,116.92285995020224,121.86593730728192,116.637679342029,118.7765121459961,103105342
2024-02-16,119.20429103166111,119.67958724211236,112.74025966854634,114.54638671875,55011256
2024-02-19,115.49697569720765,122.15112244519491,114.9741469803166,120.05982208251952,60306871
2024-02-20,119.72709907462985,120.05981218656078,115.78214677258512,117.06544494628906,31893112
2024-02-21,118.02499952947858,118.02499952947858,114.33072255308316,115.91398620605469,27013817
2024-02-22,116.10590271078792,118.40883117086592,111.0202693331493,116.68163299560547,34354009
2024-02-23,117.06543926414587,117.16139307806988,114.1867809215849,114.66655731201172,18339054
2024-02-26,115.09837035922328,122.48693226995812,113.56308714426793,115.48219299316406,52788418
2024-02-27,116.39377197139744,121.76726685217584,116.10590316745254,117.35332489013672,26174798
2024-02-28,117.92905032756944,119.36837964648818,111.50004164391463,113.08330535888672,29143381
2024-02-29,114.18678451598814,117.59319992356939,109.96475068316836,116.24982452392578,30018100
2024-03-01,117.92905006982666,119.12849116630413,115.96196374328062,116.29780578613281,14130712
2024-03-04,118.98456192367037,120.71176010572418,116.82556785650699,117.35332489013672,24900057
2024-03-05,117.06545101620138,118.60073415553106,115.33825290895084,116.29780578613281,16109330
2024-03-06,116.96950031288618,117.01747356554051,112.0757819728763,114.61859130859376,18223921
2024-03-07,114.85846515040215,118.69667628085244,113.4191359764833,117.2573471069336,22891665
2024-03-11,117.8810702277754,117.92905080025466,114.2827469160557,115.0503921508789,14752739
2024-03-12,115.1463359993546,115.1463359993546,106.51036079940302,107.80575561523438,24775563
2024-03-13,107.61385912890633,109.7248725792051,94.70786823984736,97.10675048828125,50527598
2024-03-14,96.33911186198124,115.14634708902754,94.08416402898264,113.8509521484375,97307324
2024-03-15,112.07577939832703,122.82276873425099,108.95723253593393,119.56028747558594,119509864
2024-03-18,122.82275772159196,125.50950847507451,117.25734858400958,118.6487045288086,63037512
2024-03-19,117.2573515568279,119.22443776415692,113.22723264523555,113.75498962402344,30678573
2024-03-20,114.85847672139164,115.86601017295776,110.58846933692242,113.08330535888672,34239826
2024-03-21,114.85847841758562,119.22444701110402,114.33072871867294,115.81803131103516,30305264
2024-03-22,115.91398711170052,119.75219850850112,114.95443426250036,117.92904663085938,24076684
2024-03-26,117.92904482796773,118.74466327315727,115.53016274164132,116.48971557617188,19125648
2024-03-27,117.06544653515529,122.007145127645,116.58567011492924,117.83309173583984,44973081
2024-03-28,118.88859766249828,119.70421610768784,116.10589297819823,116.48971557617188,18585313
2024-04-01,117.7371370611479,121.09557218717194,117.7371370611479,120.32793426513672,19806573
2024-04-02,120.75973392540396,129.20379525741808,119.08051630973658,127.14076232910156,68386748
2024-04-03,126.6609729511515,130.45120368310936,125.50951248900932,127.95637512207031,43916185
2024-04-04,128.86793562651798,130.25928416813124,125.701408663169,126.37309265136719,23550235
2024-04-05,126.27715763337058,131.93851344452642,123.49444565575389,129.92344665527344,48760930
2024-04-08,130.883027342004,131.55472617581876,127.95640231588517,129.6356201171875,21045516
2024-04-09,130.2113312992896,130.2113312992896,124.98177069378458,125.41356658935547,20383640
2024-04-10,125.7014089371792,128.14827135244687,125.26961313251145,127.0447769165039,18015899
2024-04-12,125.70142218670972,128.72400777959172,124.93377698549091,125.5574951171875,18246054
2024-04-15,117.20937382543198,122.10309155113949,116.77757068090068,119.17645263671875,41098936
2024-04-16,118.64871009189964,123.20657875962264,117.59320343240144,122.34298706054688,19899223
2024-04-18,122.8227608427145,125.17366232114676,121.191523978595,122.7747802734375,25152210
2024-04-19,119.94409779090323,121.52736134590451,117.59319640252423,119.17645263671875,23340179
2024-04-22,120.855682320027,123.92624860801776,120.71175524465828,123.44647216796876,15646667
2024-04-23,123.97423004627547,125.79738931616508,122.34299306703797,124.1661376953125,16476180
2024-04-24,124.83783230738672,126.37310809060538,123.63839123849029,124.4540023803711,15583301
2024-04-25,125.12567774458036,128.96388889799218,124.21410552396776,127.57254028320312,25448191
2024-04-26,128.19626987948382,131.84255908899715,126.42109120515632,129.15582275390625,35340965
2024-04-29,130.49917362141687,135.58480610998586,129.9234361164419,131.5546875,29352480
2024-04-30,132.13044068465842,133.61775071247422,128.48413648015992,128.9639129638672,22527023
2024-05-02,129.53964348168756,133.04200576362032,128.24424119022447,131.60267639160156,20225776
2024-05-03,132.03447945380253,134.09751224711223,127.62053043911216,129.68356323242188,19293037
2024-05-06,130.88301216485385,131.36278862387695,125.22165580502758,127.09278106689452,18424655
2024-05-07,126.80490709081636,127.28468353026948,120.51984012646484,121.4793930053711,22142878
2024-05-08,121.71927645409691,124.9337770082734,120.1839933721865,123.0146713256836,14655120
2024-05-09,123.20657835116847,124.31007289812295,118.02499889066314,118.45679473876953,14126991
2024-05-10,119.32039836730932,120.75972767770102,115.00241043613427,120.13601684570312,14316298
2024-05-13,120.08803192329893,120.27993955104358,115.96195203952844,118.50476837158203,11861165
2024-05-14,119.08051726452594,126.08524926784635,118.9845634355943,125.26963806152344,17989336
2024-05-15,125.55750032341743,126.46907263195673,123.63839456160204,124.0701904296875,10558012
2024-05-16,124.88580695749464,128.05233452881942,124.59795279415064,126.46907806396484,14514506
2024-05-17,126.99682272037626,130.4032235485752,125.98928932203515,129.29974365234375,19367924
2024-05-21,129.8754948382861,145.0843999828253,128.1003160624227,142.1577606201172,82857438
2024-05-22,142.97335640033677,146.81156731041293,138.70334969119958,140.28660583496094,33312243
2024-05-23,140.28661937812296,145.85202866333623,138.99123185588414,141.43807983398438,31445912
2024-05-24,141.4380740747559,143.69302896694262,137.74380465256053,138.99122619628906,15046518
2024-05-27,139.75886011754315,141.24616989282777,136.20851766924733,138.65538024902344,16544136
2024-05-28,139.42303960518277,139.5669666838534,132.03448518724414,133.3778533935547,18723285
2024-05-29,133.71369531723505,135.77672808520543,130.4991874175826,134.04953002929688,16472648
2024-05-30,128.48412872290913,131.0749332918012,126.18120759680002,128.29222106933594,32562990
2024-05-31,130.01939619321058,137.6958181086769,125.26961306133836,134.0495147705078,30917309
2024-06-03,146.81161944844936,146.81161944844936,135.63283205951197,137.36001586914062,47119535
2024-06-04,137.2160611763511,137.2160611763511,109.91678480070772,118.21691131591795,91763944
2024-06-05,121.81523112337209,123.15861389551976,112.0757755729702,121.14354705810548,26386273
2024-06-06,123.59040491717572,128.38816896953804,123.30253614571122,125.89332580566406,20232853
2024-06-07,125.701420125764,129.25176265137495,123.8782756141734,127.95637512207033,17454204
2024-06-10,129.5396200067056,129.92343524637664,126.59378606450488,127.03518676757812,14138283
2024-06-11,128.10028967830462,129.92343401183763,126.85286819880757,128.20584106445312,12882797
2024-06-12,128.86795621888822,131.06532589746658,128.1482915504748,128.704833984375,12171563
2024-06-13,129.53965153289397,129.91387660721324,127.0831982612992,127.73568725585938,8994923
2024-06-14,128.33060367361665,133.23391933209018,126.5170493693382,129.56842041015625,19486439
2024-06-18,130.01941676002667,130.7294911705094,128.34019920039535,128.704833984375,9005824
2024-06-19,128.58008510033832,129.05986153727986,125.22165004174738,126.57462310791016,9063500
2024-06-20,127.04479100928103,128.94471618715383,125.9125256784811,126.92964935302734,8799777
2024-06-21,126.6609643776556,128.7719775222939,125.95089006395165,126.6033935546875,11534887
2024-06-24,126.6034002652112,127.23670863465468,125.43274466409947,125.88373565673828,6611342
2024-06-25,126.40189708723953,127.14075690627158,123.48486276732324,124.10856628417969,5687103
2024-06-26,124.74186322443506,126.90085701101182,123.12021665985922,124.42520904541016,10653386
2024-06-27,125.7014087519,128.01393436582663,124.45398726344408,127.00640106201172,16665695
2024-06-28,127.1407449645882,127.88919497116386,125.22163938021706,126.30593872070312,9005418
2024-07-01,127.09278887430962,127.52458478563287,125.23125375628588,126.44989013671875,8431793
2024-07-02,127.38064113646062,127.42862170739615,125.23123747643477,125.70142364501953,6830983
2024-07-03,125.98929240035206,131.45874072862142,125.32719858979044,130.8350372314453,37265683
2024-07-04,130.97895661830444,136.25649699486615,130.83502955558913,134.72120666503906,47117085
2024-07-05,135.24897626651048,138.36752314400752,133.80964693843492,136.4196319580078,35158182
2024-07-08,137.5039183620721,141.53403717011886,136.25649680106358,137.23524475097656,30388072
2024-07-09,138.36750609641757,142.97336230711713,137.22563596083685,139.4805908203125,40997969
2024-07-10,140.09471405601553,140.9391252370122,130.5087759533933,137.11050415039062,31536147
2024-07-11,137.55190143601345,145.420231564899,136.5731534682698,143.87535095214844,60668031
2024-07-12,146.61967351103053,150.6497924180963,143.93292269244867,144.5950164794922,87200911
2024-07-15,145.42022943670338,151.60934205426685,141.55323283285085,147.56002807617188,62528081
2024-07-16,148.39482927069395,149.69023136026462,144.41269115205017,145.20912170410156,22878049
2024-07-18,145.7560565422565,147.19538566403628,138.37710821022023,140.51690673828125,25911911
2024-07-19,139.13516125475985,141.52445308797792,134.5101095561095,135.20098876953125,21169916
2024-07-22,134.31820845662372,138.93365548098694,132.54304440812288,138.34832763671875,14036159
2024-07-23,139.1351725349701,143.14609668765794,124.8378399725056,140.66085815429688,33060907
2024-07-24,138.46348745582813,142.2537185114527,137.6190762120621,138.63619995117188,14271564
2024-07-25,137.2160571715609,137.7917947366188,134.9035312954513,135.3353271484375,9982023
2024-07-26,150.1988025369347,153.19260266583768,141.53404169787845,142.11936950683594,105299846
2024-07-29,143.35720181432714,146.09193352011852,141.91787242004028,144.7293701171875,25730974
2024-07-30,143.8273732549558,145.7560691743119,143.28043575491748,144.74855041503906,15490158
2024-07-31,145.37224163500386,147.4832547568265,141.0542542597067,142.4647979736328,19842731
2024-08-01,143.5491052172886,143.93292048192822,140.0947092690768,140.58407592773438,11503150
2024-08-02,137.2160507057389,139.0871757415853,136.50597636117578,137.9932861328125,11812640
2024-08-05,134.33739665588598,136.44840996072705,131.0749228794602,133.8576202392578,22974955
2024-08-06,134.40457409473845,137.95491669470158,129.53963414016616,130.11537170410156,13822499
2024-08-07,133.37784839238412,135.7287499860852,131.21885444358654,134.90353393554688,8869977
2024-08-08,134.72120034717005,137.5902683428616,132.76371917797135,134.18385314941406,11181186
2024-08-09,136.06459290150713,136.9761651528354,132.89806566492263,133.68490600585938,8861770
2024-08-12,132.41828036545098,136.16053025826417,131.4587276091796,134.86514282226562,12376316
2024-08-13,135.30654308442567,137.52312248288547,130.17294408483005,131.57388305664062,9445769
2024-08-14,138.36752295997832,142.81984775657253,135.0858538533245,136.38125610351562,77316074
2024-08-16,138.17560179941844,138.78971499952908,136.25649621887098,137.17767333984375,10909616
2024-08-19,137.93569979523062,137.93569979523062,134.99947089355183,135.44085693359375,11478780
2024-08-20,136.0645907377495,136.0645907377495,132.5622142129758,132.90765380859375,8504210
2024-08-21,132.41827232109176,132.89804867008124,130.49916692513392,130.99813842773438,11552938
2024-08-22,130.99816281441136,131.1804802036256,127.62053258909296,127.9179916381836,20320367
2024-08-23,127.90841387461806,130.40324281253172,126.56503093117253,128.3018341064453,14522068
2024-08-26,128.96388884605827,129.78910482937403,127.9083895642632,128.21543884277344,7200371
2024-08-27,128.5128878490813,129.05983992357153,127.14073449719872,127.34224700927734,5502648
2024-08-28,127.34225733055122,127.95637053110079,126.66096840665995,126.95842742919922,7422106
2024-08-29,127.38064912955753,130.97897255129644,126.99683382121825,128.31141662597656,18034863
2024-08-30,128.7719862386812,128.85834247897867,127.18872993343747,127.95637512207031,7628424
2024-09-02,134.33740007002604,134.33740007002604,129.84669972423163,130.9309844970703,27209402
2024-09-03,130.97897272689372,131.31482210335247,129.54923361442445,130.2976837158203,5889109
2024-09-04,127.43819712245707,129.25175121632773,127.33264573533812,128.32098388671875,4878488
2024-09-05,128.91592097323507,128.9638868986182,127.09276191866138,127.41900634765625,5039825
2024-09-06,126.9008743084235,127.8604272332509,124.54997257091952,125.2312469482422,7226505
2024-09-09,124.83782300832964,124.83782300832964,119.71380733686759,121.10515594482422,12382417
2024-09-10,121.86321142633302,129.00228694231353,121.86321142633302,128.2058563232422,24670862
2024-09-11,128.7239956493254,128.91591791275513,125.70141034127579,126.49784088134766,7434710
2024-09-12,127.2885910011079,127.77074475489998,124.69460145144015,126.83536529541016,7846440
2024-09-13,127.09572385600877,128.10824961340023,125.55282606244428,125.90962982177734,4785993
2024-09-16,126.13140954735579,127.57787063227003,124.87780699759749,125.14781188964844,6108302
2024-09-17,125.3599765231296,127.48145010607266,124.5885275709235,125.099609375,6791823
2024-09-18,125.41782152553816,127.09572174460277,124.1063628370444,124.4535140991211,5328689
2024-09-19,126.22783875505377,126.32427538528826,121.03022956843736,124.17387390136719,8065441
2024-09-20,124.39566642203421,126.32428140532156,123.26742842251086,125.6492691040039,6597480
2024-09-23,125.98675946607018,126.7099900364016,123.2384921273089,124.23172760009766,5043734
2024-09-24,124.3956586871545,126.1603430528347,123.91350497131282,124.76210021972656,5439398
2024-09-25,125.3599716098774,126.13142053184798,122.11989790893246,122.41883087158203,7744852
2024-09-26,122.85277245435604,123.38313714560613,121.30988198250164,121.49309539794922,5843848
2024-09-27,122.57312664641546,130.07543780293082,122.57312664641546,129.0629119873047,35532267
2024-09-30,128.24325843858938,130.18151119709125,125.28282738041948,127.78038024902344,16081941
2024-10-01,128.25289828367775,128.49397516015082,125.64927096060146,126.16999053955078,7161741
2024-10-03,122.46705207785637,124.76210862847802,122.08132760776948,122.44776916503906,6910638
2024-10-04,121.5220252663552,123.41207439942588,119.6705566723766,122.1488265991211,6079979
2024-10-07,122.1874016923682,122.9492054955434,113.17112809411148,113.7882843017578,12710176
2024-10-08,114.2704369698658,117.25978870188044,112.21646467541277,116.23762512207033,10965315
2024-10-09,117.934806826542,119.3812680352547,116.24726874971051,116.69084930419922,6747216
2024-10-10,118.0987397734117,118.83161552763148,114.36686712920928,114.8104476928711,6102757
2024-10-11,114.75258773517884,116.4015526088597,114.1547144614544,115.90011596679688,3995606
2024-10-14,116.40155597545116,117.08621340897436,114.65616177671008,114.8586654663086,4213161
2024-10-15,115.52404009494067,118.99554558301992,115.24439004035364,116.98978424072266,8648171
2024-10-16,116.29547889093428,117.88658768074109,114.35721882491212,115.49510192871094,5051985
2024-10-17,115.23474911965195,115.9290517140751,114.31865991467183,114.65616607666016,3367212
2024-10-18,113.7882807484844,119.43912307591638,111.39679500072218,117.89623260498048,11128401
2024-10-21,118.59053742637654,118.59053742637654,114.5597318555352,115.12866973876953,4534966
2024-10-22,114.75259422790307,115.43725168036254,106.07382659722134,106.98027801513672,9842266
2024-10-23,106.98027055483269,109.14031717674328,102.40944795765539,107.867431640625,9896931
2024-10-24,107.86743823436824,110.55785705957274,106.73920021779028,107.82886505126952,5834815
2024-10-25,107.81922448680857,108.14709287850503,102.71803667980797,103.45091247558594,6877354
2024-10-28,104.12592125092146,105.88096050826928,102.4287380860645,104.9359359741211,4983337
2024-10-29,105.39880924443847,107.75171446464108,104.14520659262038,107.23098754882812,4446340
2024-10-30,106.3823977090436,109.92140428881356,105.89059884900901,109.41996765136719,5043181
2024-10-31,109.25603746865312,109.7864021540438,108.06029092872956,109.28496551513672,3453974
2024-11-01,109.73818302881168,110.99177821132706,109.49710618328008,110.79891967773438,1191170
2024-11-04,110.88571745880289,110.99179187245916,106.54633370513268,107.43350219726562,4296481
2024-11-05,106.21846742494024,112.67932441754648,105.25415997188964,109.50675201416016,11375103
2024-11-06,110.41320396948004,111.6668066080362,109.07281719108086,111.28108215332033,7126848
2024-11-07,111.6668014798364,113.20969187076209,110.41319889885084,110.86642456054688,5278150
2024-11-08,110.87607883835202,110.87607883835202,107.03813177715405,107.4817123413086,3626568
2024-11-11,106.09310583266894,107.13455967794846,104.54057755662583,105.22523498535156,4677441
2024-11-12,106.02560160926735,107.78064088101247,103.80769887963451,104.75271606445312,4305092
2024-11-13,103.3737592631729,104.53093265734024,99.67082205883486,100.47119903564452,6363826
2024-11-14,99.80582521238163,102.54445495251028,99.75760689504996,100.0661849975586,5101719
2024-11-18,100.28798331013472,101.61872505550794,98.0700730440968,100.88585662841795,5543260
2024-11-19,101.34871798991928,104.10663806144896,101.15585943044715,102.05266571044922,5049335
2024-11-21,101.83087096428389,101.83087096428389,99.17902532793752,99.74797058105469,4789835
2024-11-22,101.73444401771279,106.36312308647018,101.25229025459566,103.73056030273438,27960948
2024-11-25,105.92918424031753,110.1239206646319,105.8327549555104,108.94747161865234,10377460
2024-11-26,109.54533184514746,110.13356001578363,108.20494499260468,108.80281829833984,5158383
2024-11-27,108.4942366839981,110.08534549813628,107.5781401633332,109.62247467041016,4539803
2024-11-28,109.9310459508036,115.42759530551108,109.64175078178457,113.74970245361328,9646657
2024-11-29,114.75258801096658,114.94544656058916,110.38427638398475,110.7892837524414,7526829
2024-12-02,110.4132000996963,111.15571357940797,109.55496708050102,109.7478256225586,4666093
2024-12-03,109.93104730081237,113.69184775883546,109.8056899831416,112.85289764404297,6261955
2024-12-04,113.74971066590028,114.65616206099253,112.63111780290428,113.03612518310547,6000744
2024-12-05,113.64363394508592,113.69185226145146,112.29360201475475,112.8721923828125,3270035
2024-12-06,113.40255488495534,118.41695804965634,112.54432184123303,116.30512237548828,20024908
2024-12-09,116.82585645563512,120.05628514680328,116.53656125943635,117.90587615966795,14027054
2024-12-10,117.74194213330539,118.13731173250122,114.79116359133542,115.12866973876953,6551124
2024-12-11,115.0418829159995,116.86442342675636,114.85866214434094,115.90011596679688,4952625
2024-12-12,115.9001252195354,116.29548748399937,113.63399662205148,114.20294189453124,3381492
2024-12-13,113.78828953184494,114.27044330104766,110.89536691662856,113.8461456298828,4333788
2024-12-16,113.84614016498567,114.99366843487043,112.92040585540389,113.12290954589844,3770291
2024-12-17,113.45078075819511,115.66868363131996,112.43825492329992,113.81721496582031,6282544
2024-12-18,113.78828370270286,113.92328616259711,111.02071856070614,111.57037353515625,5738171
2024-12-19,108.05064994581991,110.94357222166964,107.8095730894991,110.19140625,4171712
2024-12-20,110.22035157209673,111.2232249104139,107.0381338394425,107.5588607788086,4865491
2024-12-23,108.28208684083654,108.6967393478007,105.4277376084879,105.8520278930664,4755898
2024-12-24,106.06418086434516,107.69386290896624,105.44702464709697,106.0063247680664,3571079
2024-12-26,105.99667984930991,107.14420814173006,104.45378930304067,104.98416137695312,4244013
2024-12-27,105.5434510316337,106.17025236676328,103.18090064200936,103.62448120117188,2957351
2024-12-30,103.66304627939122,104.24162925232498,99.04401291581321,99.80581665039062,9762940
2024-12-31,99.70939697436314,101.57051074370145,99.42010178152165,100.683349609375,5336257
2025-01-01,103.4509011224979,108.32065664375288,102.69874249543903,106.89347839355467,70715703
2025-01-02,107.65529428596628,108.4845993674754,103.51841401390332,105.44702911376952,17092773
2025-01-03,105.59166627968358,107.799931233588,105.0130832783346,105.19629669189452,7370301
2025-01-06,105.54345169676257,105.63988833129966,98.5618675384663,99.17902374267578,12191154
2025-01-07,100.16262012230798,101.64765451733257,99.8058237078463,100.5194091796875,6529601
2025-01-08,100.51940703783096,101.19442667050372,98.14721158164951,99.33331298828125,6771947
2025-01-09,99.30438157142395,99.70938892303263,96.74896543127662,97.08647155761719,5329003
2025-01-10,96.43073899803032,97.08646831750018,93.15209240068096,93.4606704711914,8282410
2025-01-13,91.57062994261618,93.49924474517444,86.94195883072534,87.36624908447266,11287576
2025-01-14,87.66519944514654,91.6092136377292,87.65555431004368,90.68347930908205,10042149
2025-01-15,91.80207241670412,93.63425816525424,90.49061360871556,91.3488540649414,8555894
2025-01-16,92.57351426644188,95.4664365872682,92.5638691320562,93.78854370117188,6647070
2025-01-17,93.0556755356988,97.4529154658136,92.96889139043299,97.16362762451172,10420509
2025-01-20,96.62360486735882,98.58115519755418,96.14145113577104,97.90613555908205,6182385
2025-01-21,98.34007915306196,98.71615847827475,94.80106514226865,95.37001037597656,6200896
2025-01-22,95.17713523017576,95.46643038630016,90.64489349810316,92.31314849853516,8542598
2025-01-23,92.2938664195738,95.2253619905374,91.937070009642,94.75285339355467,6538648
2025-01-24,94.98429116762108,95.49537297849638,91.61885996694431,92.05279541015624,4561538
2025-01-27,90.35560442790096,90.99205087141006,87.27946868885286,87.87733459472656,9305249
2025-01-28,88.71629728634429,89.47810115676177,85.01335971361844,86.73946380615234,10596590
2025-01-29,86.8358968645346,89.89274999868812,86.48874556178907,88.13771057128906,11064396
2025-01-30,88.71628342072258,91.71528011188094,88.35948702363326,91.26205444335938,11978051
2025-01-31,91.26206721281498,94.26106432359524,90.47133530509986,94.02963256835938,6967787
2025-02-01,94.31891036825938,99.7093928987669,91.76350148330144,94.08747863769531,26754733
2025-02-03,91.60922189995874,92.51567339723546,89.246671225372,90.63526916503906,8918062
2025-02-04,90.84741068061497,93.17139533788179,90.84741068061497,92.18779754638672,4707808
2025-02-05,92.718171086106,94.95536427602528,92.42887588238466,92.97853088378906,5272527
2025-02-06,93.6342522384247,94.20319746152039,92.47708623736658,93.91390228271484,7349816
2025-02-07,93.87533231759572,94.05855309425456,91.42599041960366,91.98529052734375,6559395
2025-02-10,92.38065766298453,92.93031262121156,90.3363231980809,90.93419647216797,4667772
2025-02-11,90.6641804617694,91.11740612665484,87.04802763395809,87.57839965820312,5925094
2025-02-12,86.60445230941774,87.45304759922239,83.17152003944716,86.97089385986328,8647865
2025-02-13,87.35660587153902,89.87344883279205,87.35660587153902,89.26593780517578,7728469
2025-02-14,89.24666435378901,90.06632427836725,85.41836230359806,86.54660034179688,11088301
2025-02-17,85.82336626404437,87.5012592298977,83.50902682595705,85.4569320678711,9103990
2025-02-18,85.6787237779068,86.78767892446933,83.75975382611558,86.31517028808594,8114134
2025-02-19,84.8590623306587,87.655555628881,84.62763058428547,86.76839447021484,6948254
2025-02-20,86.30551936178229,91.00169943258751,85.96801321558281,90.56775665283203,9156417
2025-02-21,91.22186143696746,93.4770227351696,90.39203334439968,90.78253936767578,8791330
2025-02-24,89.3279016408157,89.3279016408157,87.86350981063839,88.62499237060547,4682847
2025-02-25,88.17591801599038,89.62078797951237,86.94582672458621,87.40467071533203,5834609
2025-02-27,87.41443709690853,87.8537516995857,85.20808448850535,85.89147186279297,6591109
2025-02-28,84.84687702918258,85.4716836938258,80.83444230725887,82.11334228515625,8528372
2025-03-03,82.49408196239936,83.71440861864788,78.62808800919801,80.05342864990234,8862458
2025-03-04,79.07716980574679,82.86506118419572,78.78428841974562,80.93206787109375,7362054
2025-03-05,80.64894548005319,84.88591588862515,80.64894548005319,84.52470397949219,8090516
2025-03-06,84.9444964254591,86.27221236786025,84.69066640604294,85.3740463256836,6158861
2025-03-07,84.91520656678586,87.27775699764709,84.71018515036599,85.67668914794922,6175552
2025-03-10,85.68644242272089,86.81890899222181,83.0310182098245,83.76321411132812,5654494
2025-03-11,82.98220378176174,84.64184487808417,82.42573518374473,84.03656768798828,5587489
2025-03-12,84.44660302828832,86.04767097538979,82.84553508118685,84.29039764404297,6313074
2025-03-13,84.64184027601485,85.36427890300993,83.15792657807886,83.39222717285156,3596563
2025-03-17,83.4800996119271,84.93472675473637,83.47033491413747,84.21229553222656,4673615
2025-03-18,84.2123031616211,84.2123031616211,84.2123031616211,84.2123031616211,0
2025-03-19,86.19410905699655,89.76722145840913,85.8621763496447,89.53292083740234,9211611
2025-03-20,90.23582746562975,90.54823076711062,88.30282691702301,88.90811157226562,5538285
2025-03-21,88.83977206513674,94.55089877966768,88.42974413550074,92.9693603515625,21495051
2025-03-24,93.72107459466726,95.52715631334563,93.62344996495418,94.62899780273438,9209244
2025-03-25,95.0878463546088,95.0878463546088,90.84111144629252,91.28042602539062,8796395
2025-03-26,91.67092706117329,92.55932086932428,89.13264946152246,89.35718536376953,7445890
2025-03-27,89.03503067616211,90.64586336682235,88.64453210121177,90.18701934814452,9560355
2025-03-28,90.69467115077104,93.8870421446985,89.04478726325955,89.41576385498047,11724143
2025-04-01,89.32790061779792,90.74347639144479,88.41021269794628,89.12288665771484,6079541
2025-04-02,89.76721760739674,91.37805013531387,87.57062982795034,91.10469818115234,6696982
2025-04-03,90.6360905060887,93.72107961871347,90.30416525761456,93.4965362548828,8044837
2025-04-04,93.6722598288163,93.83822989469432,89.55244379198795,90.22605895996094,6542740
2025-04-07,81.1956476728542,87.8635139045302,81.1956476728542,86.79939270019531,6304022
2025-04-08,88.91788085629305,89.87461275779904,87.40467286428246,88.44927215576172,4027939
2025-04-09,88.43951097228238,88.59571636142874,86.91654566951992,87.89280700683594,2524732
2025-04-11,89.8258005788826,90.3041665105546,88.35164399140749,89.25956726074219,3123108
2025-04-15,90.32368679763594,92.20787129189796,90.14795947621268,91.87594604492188,4722031
2025-04-16,91.88571498889664,93.28176892685926,91.62212027043994,92.77410888671876,5980819
2025-04-17,92.73505943609383,93.41844681974004,91.19257223223296,91.9442901611328,4951325
2025-04-21,92.40313722085487,94.11159456400964,91.58307382303347,93.59417724609376,6038998
2025-04-22,94.01395544071633,98.50475541858289,92.90101828158406,96.74748229980469,23034145
2025-04-23,97.6261300768638,98.47548008991429,95.1854768249422,97.63589477539062,10896395
2025-04-24,97.47968745782458,99.36387202885192,96.17150091592832,96.42532348632812,11489970
2025-04-25,97.09894264663365,97.43087534342574,91.29994846115096,94.34588623046876,11624755
2025-04-28,93.7210851908559,95.77123243974934,92.9400731682857,95.6833724975586,5850616
2025-04-29,95.72242190901068,97.11847584355051,94.18969199052562,94.4728012084961,5139780
2025-04-30,94.47280551810148,94.52162156385842,91.05589086703492,91.7978515625,4504690
2025-05-02,91.0363661456709,93.81870935858984,90.79230082088355,91.0851821899414,3826284
2025-05-05,92.64719500630008,92.64719500630008,90.48965851682964,91.89546966552734,3897468
2025-05-06,92.1590572645718,92.44217390174192,87.8635065650677,88.07828521728516,4991228
2025-05-07,85.91098950964465,90.10891583999698,85.91098950964465,89.66959381103516,5306267
2025-05-08,90.2065348301964,90.92896602034851,86.39911472551726,87.22893524169922,4072354
2025-05-09,84.2025341585081,87.63897053619661,84.2025341585081,86.79939270019531,5521740
2025-05-12,90.30416654442607,94.50209294147989,89.81603591445621,94.18968963623047,8214781
2025-05-13,94.6973464787146,95.18547713066675,92.91078650498196,93.64298248291016,5083501
2025-05-14,94.10181760809344,96.55223533519273,93.77964962061672,96.34722137451172,8450772
2025-05-15,96.30817830403866,96.83536029747542,95.46859299393005,96.01529693603516,5893730
2025-05-16,96.25935612409148,102.94674408326034,96.10315819985335,101.7264175415039,25340944
2025-05-19,102.507435648299,104.9480888780204,102.11692964188704,102.64411163330078,12467928
2025-05-20,102.64411004064752,103.13224067901784,98.86597621827958,99.13933563232422,6749629
2025-05-21,99.23695458364192,99.74460714121214,96.95249945387098,98.65119934082033,8841631
2025-05-22,97.84089982022367,99.65674626969835,97.04036592462701,98.64143371582031,4914365
2025-05-23,98.94407373741994,99.03194112084174,96.845110612458,97.97757720947266,5509883
2025-05-26,98.46571158479432,100.39870471455022,98.26069761335246,99.5493621826172,4996220
2025-05-27,100.04725548995788,100.8965980047226,98.55356953116186,100.29132080078124,6536574
2025-05-28,100.7111190674184,101.48235893827746,99.77390166693756,100.1839370727539,5295612
2025-05-29,100.66229318552212,100.96493177484656,98.92454943679921,99.73484802246094,6228776
2025-05-30,95.77122758120375,97.5187361206331,93.5648750604131,94.01396179199219,25301938
2025-06-02,93.867523043693,96.35698482498661,92.85221042430163,95.31238555908203,8074090
2025-06-03,95.3221432907055,96.11291248189806,94.21897081240014,94.63876342773438,4059822
2025-06-04,94.99022053570069,96.6498616452456,94.14087058531544,96.3667449951172,7959826
2025-06-05,96.73772558727325,101.24805533223864,96.56200570917302,100.06678009033205,25588717
2025-06-06,100.1839351387726,101.93144372208832,99.38340118787266,101.26758575439452,8989554
2025-06-09,102.06811866136066,102.89793925042001,100.75015998948018,100.91613006591797,8310321
2025-06-10,101.49211918620001,103.15176778883607,100.79897458887426,101.57998657226562,7771155
2025-06-11,101.96072617009112,103.33725064377839,100.06677698325053,100.71111297607422,6772287
2025-06-12,101.04304002066256,101.14066465662994,97.13799499570942,97.58707427978516,4979404
2025-06-13,95.18546985060026,96.9134489491055,94.96092649063165,96.1129150390625,4651906
2025-06-16,96.11292561738519,97.13800300021823,93.84799961420589,96.82559967041016,4890893
2025-06-17,96.84511946660037,97.13800084040716,94.94141288170448,95.18547821044922,3587523
2025-06-18,95.13665802950808,95.5955020193261,93.3305761649694,93.77965545654297,3813325
2025-06-19,93.72108221685883,94.12135291400223,90.67514436342925,91.14375305175781,5752102
2025-06-20,91.5049757478527,95.00975027114583,91.14375638222762,94.66806030273438,8872778
2025-06-23,92.76433715276563,96.11291341023104,92.76433715276563,95.83956146240234,8736270
2025-06-24,96.84511451406256,97.8701918216824,95.43930335721652,96.15196990966795,8221479
2025-06-25,96.84511767889046,99.8715336580854,96.30817843453327,98.39737701416016,13751282
2025-06-26,98.6121551403287,99.1783810287062,96.7474924983806,97.62612915039062,6411097
2025-06-27,98.30950447202426,99.06122980232276,96.93297998856312,97.2356185913086,5910689
2025-06-30,97.83114374079808,99.0709997598149,97.13799911328114,98.14354705810548,4978388
2025-07-01,98.16307703525426,98.6219135912905,96.65963373423855,98.06544494628906,5166244
2025-07-02,98.0654379810234,98.38760597584763,95.82004161167735,96.54247283935548,4463370
2025-07-03,96.64986978483368,97.52850645435235,95.6833731725045,95.94696044921875,4183429
2025-07-04,95.96648181330264,97.04036767580683,95.18546985060026,96.1129150390625,4787509
2025-07-07,95.67360598540712,97.51873921926308,95.46859200923228,96.25936126708984,3434013
2025-07-08,96.06411701952064,98.10449963801778,95.45883230939371,96.82559967041016,5604480
2025-07-09,97.12823761685526,97.76280897088556,95.66384562214662,95.96649169921875,3528294
2025-07-10,96.34721817033297,96.86463540364637,94.94139968866506,95.29285430908203,3312767
2025-07-11,95.67360728653566,96.74749322560557,94.9804626581516,95.50764465332033,5482720
2025-07-14,95.78100040666048,96.49366701191276,94.6094897811122,95.97624969482422,4188949
2025-07-15,95.97624412850718,97.01108615094962,95.2245262195628,96.67915344238281,5790329
2025-07-16,95.9176676845866,97.38205955763372,95.83956499710303,96.72796630859375,3327655
2025-07-17,96.69867706298828,97.17704297646983,96.16173041132797,96.69867706298828,3255044
2025-07-18,96.69867653576418,97.59683506793355,95.08784403784787,96.52294921875,5599277
2025-07-21,96.5522321155824,97.55777993846505,95.73216885192204,96.73771667480469,3676240
2025-07-22,97.43087711403244,98.11425701943196,96.30817517091978,96.65962982177734,3869091
2025-07-23,96.6498677870245,97.2356230718348,96.10316384763922,96.43508911132812,2954697
2025-07-24,96.43508240918534,96.94274241614627,95.3807185008345,96.4448471069336,3747516
2025-07-25,96.347227571368,96.45461690743396,92.74482108473173,92.93031311035156,5008743
2025-07-28,92.93030968608636,94.78520008080667,92.159062413796,92.38359832763672,3705271
2025-07-29,92.34454394446227,94.19944172640444,91.90522938086526,93.87728118896484,3490526
2025-07-30,93.72108014638792,95.41001538877016,93.72108014638792,94.52161407470705,3675458
2025-07-31,92.74482088240684,93.95538277472129,90.00152909028287,91.3975830078125,5324324
2025-08-01,90.9875430232107,92.25668559268748,89.81603253467988,90.15772247314452,2836340
2025-08-04,90.32368884827616,91.13398748480664,89.44505966949424,90.88015747070312,2819243
2025-08-05,91.23161970098509,92.30551313899433,90.54823973887282,91.13399505615234,3146482
2025-08-06,90.98754173658666,91.4659150919547,89.66959059355567,89.97223663330078,2243403
2025-08-07,89.80627555805673,91.36829215982014,88.556662276646,91.09494018554688,3683887
2025-08-08,91.08518382040374,91.70999046718097,89.53292445386334,89.91366577148438,2100336
2025-08-11,89.91366165564398,92.54957155884048,89.52315565721312,90.80206298828125,5526424
2025-08-12,90.7825275816459,96.55223489198569,90.40178630666003,95.66383361816406,40276916
2025-08-13,96.16173557668836,96.62057956761197,90.98754784045713,91.23161315917969,10371223
2025-08-14,91.67093440881004,91.76855904579804,89.42553051667437,89.77698516845703,5003409
2025-08-18,90.30416921549195,91.11446787279715,89.71841393185878,90.47989654541016,4156632
2025-08-19,90.694677067898,92.94007360893868,90.3041710547614,92.62767028808594,4174921
2025-08-20,92.64719881510683,96.74749329382216,92.64719881510683,95.25381469726562,13513219
2025-08-21,95.24404595282046,97.3332444492049,94.82425331392363,95.03903198242188,8226952
2025-08-22,95.18547384449049,98.1142576550902,95.04879786252509,97.17704772949219,13565811
2025-08-25,97.56755413868325,97.94829543980426,96.66938810561705,97.0110855102539,5623889
2025-08-26,96.64986154759914,99.04169857628244,96.03481965549597,96.87440490722656,11982324
2025-08-28,96.74749270202352,97.9287679734358,93.23295353486824,93.88704681396484,7407024
2025-08-29,94.50208991107121,94.50208991107121,91.18280024405965,91.43663024902344,4893478
2025-09-01,91.96380765575375,92.29574035705508,91.14375177303694,91.89546966552734,3110425
2025-09-02,91.89547158109256,92.74482157585312,91.32924569953467,91.66117095947266,3773184
2025-09-03,91.86618435547453,92.35431499227118,91.38781841693287,91.73927307128906,2858302
2025-09-04,92.19811839486616,92.74482233253384,89.91366310851578,90.1382064819336,3762609
2025-09-05,90.30416829059901,90.99731290476538,89.81603765119036,90.47013092041016,2837155
2025-09-08,90.65562531608597,91.57331332560804,90.19678131132494,90.66539001464844,2061067
2025-09-09,90.79230027435636,91.26090897237157,89.81603898108371,90.31393432617188,2710361
2025-09-10,90.50918489092093,91.96381215303661,90.4994201923304,91.09494018554688,1973797
2025-09-11,91.573314447912,92.59838436105352,91.1828084317369,91.35853576660156,3304116
2025-09-12,91.67093078349673,92.09072340939768,90.76300754367757,90.84111022949219,2713935
2025-09-15,91.08518296138008,93.31105755056711,91.03636691669614,91.69046020507812,4224163
2025-09-16,92.40313577273618,93.281772453674,91.96381370812584,92.21764373779295,4143342
2025-09-17,92.71553293926956,93.04745819208358,91.96380759896108,92.14929962158203,2820696
2025-09-18,93.04063250542244,93.44222215601812,91.58121207385592,92.00238800048828,3183350
2025-09-19,92.0023857550006,92.70761124031924,91.82607938367092,92.51171112060548,2911508
2025-09-22,92.56068349031383,93.44221530383422,91.77709799544569,91.89463806152344,2834523
2025-09-23,91.97300095943751,92.06115040711221,90.38624364586477,90.79762268066406,3836407
2025-09-24,90.79762005507422,91.37551604014588,90.35685788379551,90.54296112060547,2476038
2025-09-25,90.6409109922856,91.2873627003548,89.70061284329606,90.11199188232422,2712116
2025-09-26,90.11198928516303,90.40583571761431,88.10405610000487,89.18148803710938,3394960
2025-09-29,89.3284064935218,89.8671224784355,87.7710397835765,88.18241882324219,4180724
2025-09-30,88.34892873936103,89.46553326537622,88.15303609272958,88.46646881103516,2027688
2025-10-01,88.88764160098005,89.38717754699644,88.50564572250433,89.08353424072266,1981163
2025-10-03,89.46552805180156,90.26870728553163,89.01496901254505,89.59286499023438,2216867
2025-10-06,90.01404327119587,90.01404327119587,88.74071869001334,88.88764190673828,1772243
2025-10-07,88.88764530388482,89.32840749807967,88.54482943364155,88.65257263183594,1626600
2025-10-08,89.03456070951111,89.03456070951111,87.93754254821893,88.07466888427734,1852462
2025-10-09,88.08446972747079,88.6917488665448,87.82980331781714,88.02570343017578,1768701
2025-10-10,88.1530302456809,89.48512107833052,88.12364709791767,88.2509765625,2474144
2025-10-13,88.15303494244019,89.08353621103579,87.99631484891967,88.19221496582031,2360986
2025-10-14,88.62318964681693,88.62318964681693,86.3410036776542,86.7229995727539,2874857
2025-10-15,87.34005869775945,87.95713467145708,86.99724286394115,87.51636505126953,2038480
2025-10-16,87.90816443390185,88.05508765175476,87.02663259960964,87.14417266845703,1591026
2025-10-17,87.23232147353755,89.37738100905904,86.08633383380356,88.21179962158203,6208459
2025-10-20,88.64277660873161,88.64277660873161,87.08540986631901,87.38904571533203,2026337
2025-10-21,87.71226926085933,88.32933779064443,87.58493232174291,87.94734191894531,498354
2025-10-23,88.15303440227764,88.54482716085282,87.2715025636898,87.42822265625,2163949
2025-10-24,87.80042050220779,87.80042050220779,86.68381601241624,87.15396881103516,1908280
2025-10-27,87.31068324697648,87.38904329384906,86.14510183642943,86.26264190673828,2178603
2025-10-28,86.66423227787193,87.27150396422493,86.13531316623113,86.35079956054688,2332089
2025-10-29,86.5662728781652,88.29015644827007,86.34099709710956,87.0951919555664,4265956
2025-10-30,87.17355437667158,87.51637023077885,86.2430531336911,86.48792266845703,2461592
2025-10-31,86.48792061246826,86.57607005593243,86.19407418860439,86.22345733642578,1692629
2025-11-03,86.48792223631229,87.00704445177018,85.96879254802926,86.20387268066406,1822616
2025-11-04,86.21366283754911,86.38996920215862,85.36152163595744,85.51823425292969,1857026
2025-11-06,85.51823446210742,85.70433770099078,83.99025094697096,84.16655731201172,2068241
2025-11-07,84.12737703670916,84.12737703670916,82.61897980096462,83.10871887207031,2376356
2025-11-10,83.52010030614153,83.64743725090815,81.53176081578216,82.50144958496094,3617159
2025-11-11,82.47206059608601,82.6483669691717,80.21926524313054,80.55228424072266,4047345
2025-11-12,81.2868922506349,81.98232086327708,80.31721094262122,81.04202270507812,3673816
2025-11-13,81.10079031331738,81.49257557816946,80.31720483796337,80.44453430175781,2306864
2025-11-14,80.66001850882184,82.40348829806398,80.21925636132119,81.72765350341797,3737752
2025-11-17,81.97252758097977,82.66795616069757,81.5415548098997,81.66888427734375,1892839
2025-11-18,81.82560202068363,81.82560202068363,80.31720483796337,80.44453430175781,2112048
2025-11-19,80.49351752311902,80.69920704518117,79.98419215508306,80.3661880493164,1936748
2025-11-20,80.60126161508799,80.73838796465006,80.0233655937973,80.16049194335938,1406556
2025-11-21,80.31720618215412,80.31720618215412,79.23978174012926,79.36711120605469,1687023
2025-11-24,79.36711633469588,79.54342270735273,77.1437041371919,77.76077270507812,2892113
2025-11-25,77.57467212237906,77.86851857784085,76.10545479072168,76.2817611694336,3148292
2025-11-26,76.44827048927833,77.22205163036229,76.20340095852833,76.95759582519531,3365715
2025-11-27,77.32000423675089,77.89789273351438,77.08492411039717,77.26123046875,1636846
2025-11-28,77.26123330304367,77.26123330304367,76.10544879429233,76.26216888427734,1475058
2025-12-01,76.28174898905374,77.37876711174083,76.00749632658811,76.24256896972656,1842079
2025-12-02,76.27196563366637,77.27103005080266,75.51776327928806,75.7822265625,2473058
2025-12-03,75.66468654472554,75.92914235528538,73.9505997945214,74.4305419921875,2882411
2025-12-04,74.44034036938699,74.53828669109744,73.4608622066319,73.83306121826172,2123823
2025-12-05,74.15628549056503,74.15628549056503,72.38343253434525,72.54994201660156,3153252
2025-12-08,72.1973350426259,72.48138460877773,69.24910365736423,69.77802276611328,4689166
2025-12-09,69.78781962044488,75.61571174347819,68.56347190780549,72.28549194335938,5613560
2025-12-10,72.47158373592315,73.24537234457412,71.72718574793547,72.33445739746094,2725500
2025-12-11,72.21692468559392,72.21692468559392,70.34611789954228,70.60078430175781,2841138
2025-12-12,70.80647967594314,71.38436822454821,70.62037642742428,70.81627655029297,1895347
2025-12-15,70.97298739663846,71.29621698665002,70.55181148406064,70.93380737304688,2110780
2025-12-16,71.06114269907638,71.40395855666131,70.52242672799632,71.05134582519531,2475151
2025-12-17,71.01216212793932,71.03174840186271,69.68986818977713,70.22857666015625,2155017
2025-12-18,70.22858069845091,70.22858069845091,68.5830570997452,68.9258804321289,2456145
2025-12-19,68.95526273954319,71.50190441595745,68.41654677193672,71.34518432617188,3985309
2025-12-22,71.50190353140059,72.12876893713754,71.01216446611701,71.45292663574219,2326548
2025-12-23,71.54108676427585,74.56767073661166,71.25703719692363,73.7253189086914,6909243
2025-12-24,73.94080177754884,74.19546818317585,72.96132364971814,73.4804458618164,2085817
2025-12-26,73.79387814281523,74.63622992577004,72.48138104596592,72.6185073852539,6091168
2025-12-29,72.61851023665461,72.62830711065273,71.50190573127983,71.61944580078125,2508768
2025-12-30,71.61944110297762,72.47158226428523,70.57139983868417,71.67820739746094,2107744
2025-12-31,71.78595778923247,74.73418924779098,71.75657463904237,73.22579193115234,3727495
2026-01-01,73.41188152343346,73.95059747429673,73.06906567871364,73.20619201660156,1601702
2026-01-02,73.42167647303832,82.2663623991725,73.13762693119214,81.33586120605469,82265437
2026-01-05,82.27616074946853,86.97765863856812,82.08026811776642,85.85125732421875,101751319
2026-01-06,85.58679724727182,85.58679724727182,81.88437107094276,82.62877655029297,20012455
2026-01-07,82.5602111990959,82.64836064247818,80.51309805314949,81.30648040771484,6922260
2026-01-08,80.99305047334272,81.87457482854288,77.52569693165972,78.47579193115234,7005736
2026-01-09,78.34845657748889,78.66188929238213,76.20340447077366,76.52662658691406,6961354
2026-01-12,76.3992942644157,79.33772865920092,74.45013487493253,78.87737274169922,8728718
2026-01-13,78.87737485646376,79.70992979607601,77.42775136761956,77.79015350341797,7059809
2026-01-14,77.78035807416138,77.93707068140364,76.61477676534362,77.09471893310547,3672850
2026-01-15,77.09471893310547,77.09471893310547,77.09471893310547,77.09471893310547,0
2026-01-16,77.28082801927663,77.67262077632438,73.60778493350136,74.90069580078125,8676362
2026-01-19,74.90069424611487,75.37083956655343,72.82419790784,72.99070739746094,4271612
2026-01-20,72.99071160356644,73.24537802596052,69.46459160578326,70.3363265991211,7273564
2026-01-21,70.33632265980178,70.94360179524492,69.1413581364468,69.90535736083984,7450301
2026-01-22,71.6977989939865,71.6977989939865,70.48324815660897,71.03175354003906,3680823
2026-01-23,71.5998517316481,71.5998517316481,69.15115634087473,69.40582275390625,3451164
2026-01-27,69.59192507953308,70.62037264643506,68.31860050394947,70.0914535522461,4552913
2026-01-28,70.51262935173345,72.951535305801,70.43427677971887,72.69686889648438,5749693
2026-01-29,72.97112376285709,73.17681328209387,70.81627477509751,70.93380737304688,5207484
2026-01-30,70.93380883547863,72.608715646217,69.88576746947886,71.01216888427734,6686901
2026-02-02,69.8171975072862,70.03268388412008,66.73184000943482,69.17074584960938,6158282
2026-02-03,71.94266826476348,72.36384417482931,69.9445393832876,70.6497573852539,5171109
2026-02-04,70.59098526350526,72.87317099427243,69.95432301390255,72.4617919921875,5600113
2026-02-05,72.4324026913076,72.44219956472365,70.52242338054772,70.70852661132812,3321595
2026-02-06,70.5224255730202,71.05134466155687,70.22857914400257,70.77709197998047,3106246
2026-02-09,71.38435849705061,71.92307442049709,70.92401008489811,71.80553436279297,3300872
2026-02-10,72.18753168112204,72.3638380348606,71.20805359875769,71.3060073852539,3603081
2026-02-11,71.50190355273644,76.84985325048977,70.43427597705573,75.7920150756836,26862506
2026-02-12,77.28083184467782,79.82747368230905,76.44827686525568,77.35919189453125,53121380
2026-02-13,76.39929587065355,76.47765591630665,74.53828588693156,75.09658813476562,6444203
2026-02-16,74.69500160801606,76.7519041127012,74.01915933124423,76.21318817138672,5948963
2026-02-17,76.21319318169931,76.82047233066545,75.7136647009045,75.95853424072266,3516148
2026-02-18,76.2719680460978,76.28175744739661,74.93987713256612,75.0770034790039,2773487
2026-02-19,75.07699834695741,75.69406686374641,73.04947896570795,73.59798431396484,3925513
2026-02-20,74.10528229670501,75.36855021281647,73.11058052091032,74.90104675292969,4761094
2026-02-23,75.00052010609754,75.09003962881432,73.1105850960248,73.5383071899414,2710062
2026-02-24,73.46867499292019,74.25449031958367,72.52371132574024,73.79692840576172,4242452
2026-02-25,74.10528061472047,75.44812646376997,74.10528061472047,74.76178741455078,4181386
2026-02-26,74.69215177051687,74.69215177051687,73.35925505027613,73.66761016845703,2560658
2026-02-27,73.67756485813662,73.85661149258665,72.5137655286978,72.64307403564453,2964768
2026-03-02,69.13177406129606,71.1112284886425,69.002465561269,69.86785125732422,4672987
2026-03-04,68.72394349578384,68.83336130054579,67.4905153927076,67.87844848632812,4209237
2026-03-05,68.15696662684255,72.66297232945382,68.15696662684255,72.28498077392578,8398954
2026-03-06,71.67820693033194,72.81216633804951,70.22594326060543,70.61387634277344,3487613
2026-03-09,68.6344235797291,69.24119227936335,67.98786589777775,68.60458374023438,3475625
2026-03-10,69.63907495144676,70.39504285330813,68.78363079868092,69.4898681640625,3764230
2026-03-11,69.66891689409087,71.51906289996869,69.47992111843445,70.15631866455078,4769277
2026-03-12,70.15631780476448,72.96137661978746,68.78363203195667,71.9666748046875,8792807
2026-03-13,72.41429254562438,73.41893587833816,69.18151176392637,69.51970672607422,7881201
2026-03-16,70.02700719019826,70.94213101115471,68.08733415583207,68.7935791015625,7850313
2026-03-17,69.12182234575161,69.92753592215762,68.15696043592615,68.67420959472656,4125024
2026-03-18,69.13177325362255,71.15101663945683,68.77368000806874,70.0667953491211,6994709
2026-03-19,69.62912796790704,70.28563481716849,68.1370752257376,68.36585998535156,4523592
2026-03-20,69.08203511334236,71.46932088682343,69.08203511334236,69.70870208740234,9815044
2026-03-23,69.61918106073615,69.61918106073615,65.6602719075194,66.16756439208984,6771812
2026-03-24,67.63972432956112,67.83866165964723,65.71000035404062,66.57539367675781,4996355
2026-03-25,67.18216025645496,68.81347059584407,66.94343395017111,67.52035522460938,4989064
2026-03-27,67.14237514807391,67.53030826403383,65.70006049529702,65.81941986083984,7389422
2026-03-30,65.26238674939114,65.63042915331035,62.68610889438828,63.01435852050781,7455143
2026-04-01,64.91424468180078,67.62977647519244,64.16821829630176,66.90364837646484,6848942
2026-04-02,66.04820080384445,67.26173820978157,64.4666210011809,66.98321533203125,4373002
2026-04-06,66.8539072879522,67.54025396068845,65.50111222836995,67.33136749267578,5552166
2026-04-07,66.64501995866819,68.1171819476493,66.54555129741988,67.17221069335938,4059061
2026-04-08,69.56944741086036,70.37515345301732,68.74384308256695,70.17621612548828,6361101
2026-04-09,70.61388187698783,71.17092007088932,69.3406647291664,70.30552673339844,5462318
2026-04-10,70.6934585476753,72.29492909640685,70.6934585476753,71.76773834228516,4074194
2026-04-13,69.82806602237903,72.96137833123626,69.57939056277088,72.1059341430664,7623544
2026-04-15,73.30951949469366,75.22929426885563,73.30951949469366,74.86125946044922,7979685
2026-04-16,75.22929469900399,76.67161686808231,74.38379968346015,75.92559051513672,6658685
2026-04-17,76.48262318640295,79.25784220585744,76.19415874470631,78.20346069335938,9792864
2026-04-20,78.38250823409263,78.74060150455387,75.92559346858408,76.57215118408203,7067252
2026-04-21,76.79097876352172,77.93488739360872,76.1145812109551,76.40304565429688,3511490
2026-04-22,76.29362452784282,81.01845804709055,76.25384313439751,80.42163848876953,16968781
2026-04-23,80.172966485702,81.65507009683442,78.29298062226637,78.55160522460938,8426676
2026-04-24,78.58143905965873,79.25783656018683,76.42293806127206,77.43753051757812,3627404
2026-04-27,77.43753641094969,80.76978604358924,77.26843892019157,79.98397827148438,7429262
2026-04-28,80.043652898565,81.87390051843029,79.75518847367861,81.35665893554688,8736216
2026-04-29,82.05295185554446,82.5602519139037,79.68556423148921,80.17296600341797,5539650
2026-04-30,80.07349739911847,80.42164152218965,78.1636717048656,78.56155395507812,5294246
2026-05-01,78.56155395507812,78.56155395507812,78.56155395507812,78.56155395507812,0
2026-05-04,79.56619815576833,80.5211110126807,78.34271914086953,79.4368896484375,3553696
2026-05-05,79.42693881526469,80.16301603720851,78.60133448324828,78.93953704833984,2765593
2026-05-06,79.5661947699605,79.67561257495848,78.08409121449574,79.51646423339844,3159380
2026-05-07,79.88450115569208,80.17296559568528,79.09868580308422,79.46672821044922,3590142
2026-05-08,79.07879598685525,79.66566642757279,78.0840941505426,78.37255859375,2986750
2026-05-11,77.74589836101045,77.92493740427241,76.49257193536803,76.9600830078125,2684784
2026-05-12,77.0694955471983,77.4275811982156,73.6178792327829,73.85660552978516,3331792
2026-05-13,73.60792973297117,75.94547733507517,73.50846107545077,75.29891967773438,2753584
2026-05-14,75.69680324061517,77.98462034906007,75.59733458132892,76.52240753173828,4835435
2026-05-15,77.28832669064957,79.02905483763692,75.25914170045722,77.00981140136719,12186612
2026-05-18,75.5774445968243,75.84601073832366,70.12647550231893,72.74253845214844,11944192
2026-05-19,73.1105813033986,74.5031653222102,72.8619058567884,74.16496276855469,3851232
2026-05-20,73.84666192189343,73.84666192189343,72.82212024862623,73.1901626586914,2306540
2026-05-21,73.60793261791969,74.19480303257201,72.85195713098553,73.08074188232422,2179822
2026-05-22,73.27968002692884,73.53830462069622,72.61323164007878,72.70275115966797,2062639
2026-05-25,73.58804613279064,74.3539632174207,73.36921051176124,73.87650299072266,1836904
2026-05-26,73.79693009542225,74.80157346467674,72.93153678420022,73.3990478515625,2382386
2026-05-27,73.3990432640217,75.72664172331844,73.35925428322533,75.119873046875,4499727
2026-05-28,75.119873046875,75.119873046875,75.119873046875,75.119873046875,0
2026-05-29,75.39839592949235,77.3877994359278,73.85660517641604,74.76178741455078,7861333
2026-06-01,75.14972431313319,75.28898195854823,72.26508756430125,72.52371215820312,4049759
2026-06-02,71.94678199450165,72.11587947674893,70.83271326227906,71.65831756591797,3313764
2026-06-03,71.96667566277394,73.16032240850976,71.56879341419533,72.8420181274414,3543740
2026-06-04,72.21535278028202,73.9262411762352,71.916946778715,73.33937072753906,2285055
2026-06-05,73.40899402020845,73.75713812361477,72.69280752807417,73.28962707519531,2515042
2026-06-08,72.21535282583635,72.76244187918027,71.72795104402176,71.90699768066406,1407442
2026-06-09,72.61322911210891,72.77238503780103,71.49916039918081,72.40434265136719,2180975
2026-06-10,72.45407656740166,72.80222827385619,70.93218400457157,71.42953491210938,1725173
2026-06-11,71.08139296842666,71.34996671653519,69.67886731254397,69.94743347167969,1734123
2026-06-12,70.92223913219694,72.61322910311902,70.72329422510641,72.22529602050781,2256153
2026-06-15,73.45872453186274,73.48856437086333,72.6132295412996,72.75248718261719,2191028
2026-06-16,72.75248761532127,73.66761143198602,72.56349184856379,73.27967834472656,3160897
2026-06-17,73.11058004982087,73.90634450091801,72.86190460747453,73.47862243652344,2063731
2026-06-18,73.84665807649102,74.80157087531525,73.40899445347095,73.81681823730469,3318247
2026-06-19,73.78698136940672,73.78698136940672,72.3446667648572,72.49386596679688,2745661
2026-06-22,72.51376425000278,75.09003832302183,72.51376425000278,73.7471923828125,4061124
2026-06-23,74.50316442262373,74.50316442262373,72.36455408980413,72.57344055175781,2256485
2026-06-24,72.57344269500992,73.10063343679151,71.71799853661895,72.52371215820312,2429416
2026-06-25,73.0508994014777,73.0508994014777,71.61852644412413,71.70804595947266,1679408
2026-06-26,71.70804595947266,71.70804595947266,71.70804595947266,71.70804595947266,0
2026-06-29,71.69810952111175,72.49386642943466,71.02171197510229,71.4096450805664,3049472
2026-06-30,72.61322912995597,74.18485974617684,72.21534690460011,72.76243591308594,8697531
2026-07-01,72.76243501532309,73.2597858936384,71.90699089750301,72.24518585205078,1887208
2026-07-02,72.47397357239522,72.68286003919187,72.0363023530275,72.1755599975586,1380776
2026-07-03,72.38444691856894,72.81216899773342,71.98657226825337,72.16561889648438,1781989
2026-07-06,72.4640283060669,72.4640283060669,71.13113146882912,71.36985778808594,2633315
2026-07-07,71.33006670084472,72.0363040833514,70.88245391681052,71.41959381103516,1312405
2026-07-08,70.82276836864804,70.87250649651543,69.38045372816774,69.76838684082031,2216333
2026-07-09,69.77833132061376,70.50445936952138,69.4998160367055,69.6987533569336,1314603
2026-07-10,69.82806564575591,70.90234544682237,69.82806564575591,70.50446319580078,1244716
2026-07-13,69.52965757015743,70.57408991026435,69.4301889076195,70.19610595703125,1368755
2026-07-14,69.83801310950162,70.60393775236908,69.6788647663039,70.00711059570312,1720449
2026-07-15,69.92753980114401,70.31547289727752,69.48986857926108,69.65896606445312,1437138
2026-07-16,69.85791015140725,70.2159958144681,69.52965673888136,69.67886352539062,1467710
2026-07-17,69.68880589051587,69.93748134126874,68.64437355073726,68.76373291015625,1673666
2026-07-20,68.93283926582895,69.36056135263465,68.30617226133883,68.73389434814453,2393600
2026-07-21,68.72394138764588,69.03230409568512,68.13707098826384,68.2862777709961,2090333
2026-07-22,68.39569515969539,68.73389011547373,67.29157559870023,68.29622650146484,2151266
2026-07-23,68.19675362242884,68.37580025167564,67.14237213296023,67.32141876220703,2449655
2026-07-24,66.94343143793408,67.38109505153453,66.45602211180653,67.2219467163086,1605432
2026-07-27,67.33136790842168,67.93813661928849,67.33136790842168,67.67951202392578,1134315
2026-07-28,67.72924384413226,67.93813790636473,67.2020530893853,67.29158020019531,1128657
2026-07-29,67.61982898171867,68.89304602024116,67.50046203849263,68.65431213378906,1983997
2026-07-30,68.88309813731306,68.88309813731306,67.95802518006894,68.08733367919922,1086414
2026-07-31,68.47526722691636,69.03230538693802,67.20205015653372,68.25643920898438,5494583
2026-08-03,68.8333646970607,70.05685130660122,68.64437650685119,69.05220031738281,2713188
2026-08-04,69.37049948898114,69.38044863161834,68.38574685912201,68.6344223022461,1402588
2026-08-05,69.25114312944751,69.50976013742586,68.18681249038595,68.74384307861328,1577078
2026-08-06,69.0720947812714,69.0720947812714,67.73919043534055,68.06744384765625,1220038
2026-08-07,68.08733154064579,68.74383833631535,67.4308323339483,67.59992980957031,1763773
2026-08-10,67.6397213462027,67.73919000685854,67.15231959670851,67.54025268554688,1245987
2026-08-11,67.54025008129761,67.73918739493854,66.54554833514881,66.88374328613281,2242721
2026-08-12,66.89369795646823,67.11253357294063,66.6052335155703,66.75444030761719,1127777
2026-08-13,66.74449029893226,67.04290387915644,66.55550211449803,66.77433013916016,960366
2026-08-14,66.77432676155688,67.1523182892508,66.6350691215556,66.8539047241211,1313507
2026-08-17,66.9235382197403,67.02300688540885,65.6503210856482,66.20735168457031,1620783
2026-08-18,66.13771905818366,66.49581230518586,65.75973511478016,65.93878173828125,1069394
2026-08-19,65.94873385163042,66.0482025160622,65.6105312857952,65.69010925292969,1212546
2026-08-20,65.75973596750161,66.34660638110444,65.47127153762192,65.56079864501953,1684377
2026-08-21,65.68015924443354,66.2968770981413,65.5707414383084,65.70999908447266,1156420
2026-08-24,66.5,66.79000091552734,65.66999816894531,65.80000305175781,1173125
2026-08-25,65.80000305175781,66.29000091552734,65.5,65.86000061035156,1165561
2026-08-26,66.2300033569336,66.45999908447266,65.5,65.8499984741211,1270331
2026-08-27,65.86000061035156,66.0,65.0,65.26000213623047,1317235
2026-08-28,65.44999694824219,65.45999908447266,64.75,64.87999725341797,1275895
2026-08-31,64.5999984741211,65.08999633789062,64.0,64.70999908447266,1918159
2026-09-01,64.91999816894531,65.37000274658203,64.36000061035156,64.91999816894531,1601993
2026-09-02,64.30999755859375,64.83999633789062,63.79999923706055,63.91999816894531,1760999
2026-09-03,64.5199966430664,66.05000305175781,64.26000213623047,64.9800033569336,2436292
2026-09-04,65.05000305175781,65.55000305175781,64.75,65.2300033569336,1260938
2026-09-07,65.0,66.06999969482422,64.69999694824219,65.55999755859375,2007816
2026-09-08,65.55999755859375,66.19000244140625,64.75,65.87000274658203,2380457
2026-09-09,65.94999694824219,68.33000183105469,65.58999633789062,66.87999725341797,5367026
2026-09-10,66.94999694824219,68.29000091552734,66.37000274658203,67.19999694824219,3722427
2026-09-11,66.80000305175781,66.83999633789062,66.0999984741211,66.18000030517578,1187604
2026-09-14,66.18000030517578,66.18000030517578,66.18000030517578,66.18000030517578,0
2026-09-15,66.16999816894531,66.7699966430664,64.37999725341797,64.58000183105469,1708205
2026-09-16,64.55000305175781,64.55000305175781,63.20000076293945,64.05999755859375,1560643
2026-09-17,64.0999984741211,64.95999908447266,63.79999923706055,64.75,1251682
2026-09-18,64.83999633789062,65.2300033569336,63.70000076293945,63.95000076293945,4062726
2026-09-21,64.0,64.75,63.20000076293945,63.349998474121094,2552770
2026-09-22,63.400001525878906,63.90999984741211,62.84999847412109,63.11000061035156,2784240
2026-09-23,63.59000015258789,63.59000015258789,63.060001373291016,63.25,1763204
2026-09-24,63.20000076293945,63.20000076293945,62.0099983215332,62.2400016784668,2315850
2026-09-25,62.5,62.689998626708984,61.209999084472656,61.7599983215332,1907772
