Date,Open,High,Low,Close,Volume
2019-09-17,94.93158982585798,95.66711348417155,90.02809877043418,90.51844787597656,43203
2019-09-18,90.51844900016788,91.401071415399,87.42924810045793,88.45897674560547,94930
2019-09-19,91.25397589050435,91.25397589050435,87.33118285890194,89.58678436279297,61051
2019-09-20,91.20494409179688,94.63738822428385,89.14547910873158,91.94046783447266,692515
2019-09-23,94.14703275240385,97.08912752591647,91.94046167226938,95.61808013916016,314764
2019-09-24,97.04009581544707,101.50227616633792,96.64782247297552,97.87369537353516,312236
2019-09-25,97.57946952124205,100.32542743529618,93.31343390794609,94.539306640625,718230
2019-09-26,94.14704046150857,96.5497483970995,94.14704046150857,95.42195129394531,50349
2019-09-27,95.42193961520452,97.0891235931424,94.63737804786103,95.76518249511719,49011
2019-09-30,95.12773307679561,95.81421887934152,92.18563823936894,92.38177490234375,59189
2019-10-01,92.430817598306,93.75475884731902,89.83196552749703,91.0578384399414,49274
2019-10-03,90.7145933288237,93.16633909446759,86.3014509506647,88.7531967163086,84408
2019-10-04,88.75319287430553,90.22424027001225,87.38021380855247,88.70415496826172,24171
2019-10-07,88.3118785634046,88.40994688993239,86.79179331475596,87.67442321777344,16789
2019-10-09,88.21379850122159,90.22423276770309,85.32074185641488,88.40994262695312,43009
2019-10-10,90.17520241942438,90.17520241942438,88.50801836278507,88.80223083496094,20528
2019-10-11,89.19450864661874,89.19450864661874,86.54662619223141,87.77249908447266,26664
2019-10-14,91.2049382668463,91.2049382668463,88.26284348404481,89.2925796508789,27256
2019-10-15,91.15590246835019,96.35360636431713,90.714591233581,91.7933578491211,121405
2019-10-16,94.04896642440785,94.83352055809283,91.9895015355504,92.57791900634766,317661
2019-10-17,93.16634063909858,93.50958355555258,91.64625524634373,92.03853607177734,43336
2019-10-18,91.98949771668438,94.14703084741753,91.64624734767949,92.52887725830078,92827
2019-10-22,92.87212377162489,93.99992828578296,92.6759871092209,92.97019958496094,78925
2019-10-23,93.01923037514638,93.16633661359467,91.94046376341579,92.28370666503906,97589
2019-10-24,92.38177090381636,93.06826415878312,91.79335345822611,92.82308959960938,40803
2019-10-25,93.0682602171794,93.75474596093852,91.79334957061708,92.87211608886719,86577
2019-10-27,93.16633221606959,93.31343844757436,92.92115765760626,93.11729431152344,5964
2019-10-29,93.21537333002198,94.63738282521565,92.33274339273824,94.14703369140625,70390
2019-10-30,95.17677028328858,95.56904360635183,92.67598669702323,93.5586166381836,180229
2019-10-31,93.36246432797321,95.32386070025949,93.31343390794609,94.539306640625,194438
2019-11-01,94.14703337516191,95.61808077164882,93.65668424299962,94.63738250732422,65144
2019-11-04,95.56903986333518,96.99105679121443,92.67598306731483,93.31343841552734,102793
2019-11-05,94.04896178903815,95.52000913459516,93.41150644287004,93.80378723144531,108257
2019-11-06,94.63737863322774,102.92427563468281,92.97019464497771,94.78448486328125,82527
2019-11-07,96.69683965728656,97.7265757455902,93.90185132320529,94.539306640625,104403
2019-11-08,93.9509048461914,95.37291445967722,93.41151776127768,93.9509048461914,18921
2019-11-11,93.16633615336868,93.9999281909457,92.38177454027615,93.06826782226562,16888
2019-11-13,94.14703147078302,94.14703147078302,91.25397464239894,91.54817962646484,18905
2019-11-14,91.25396886617833,102.23778551632596,90.07712655800536,95.12772369384766,147498
2019-11-15,97.62852069545445,99.93316024976703,95.12773698796855,97.97176361083984,125762
2019-11-18,98.06981997809399,100.03121637765587,97.57947087820352,98.80534362792969,70720
2019-11-19,98.26595807323972,99.00148173391406,95.91228834478868,96.35359954833984,44833
2019-11-20,96.35360373987297,96.35360373987297,95.12773091875499,95.71614837646484,27333
2019-11-21,96.10843341257831,96.10843341257831,94.49027972093968,95.07869720458984,142060
2019-11-22,94.29414343729735,95.27484174141456,94.29414343729735,94.6864242553711,20173
2019-11-25,95.37291075964174,95.37291075964174,93.26440789423565,93.70572662353516,41151
2019-11-26,96.20649552335365,98.60921069253668,92.28370257657362,92.82308959960938,84781
2019-11-27,93.16633230586528,94.83351631216938,92.23467197566013,93.01922607421875,49366
2019-11-28,95.12773774584241,97.57948356403423,90.81266360939793,91.45011901855469,197022
2019-11-29,92.18563187002758,93.01922385327666,90.02809879783781,90.32230377197266,135909
2019-12-02,91.49914573529081,91.69528238390028,89.97906052110001,90.91072082519531,2085253
2019-12-03,90.95976756169246,91.20494213733045,88.26284722967462,89.24354553222656,2185791
2019-12-04,89.2435456288564,90.02810726460116,88.311885233277,89.14547729492188,50808
2019-12-05,89.73388985229607,91.20493722692389,88.85125993109263,90.8616943359375,92734
2019-12-06,91.15589664709132,91.64624575758054,88.26283988805842,88.85125732421875,2076992
2019-12-09,90.12616882376592,90.12616882376592,87.28214246064404,87.47827911376953,35753
2019-12-10,87.52731507527581,87.52731507527581,83.75162847041611,84.29100799560547,121066
2019-12-11,84.63425465783294,85.4188087007892,82.86899496744822,84.04582977294922,66320
2019-12-12,85.22267604766199,85.22267604766199,83.65356040620635,83.9968032836914,33196
2019-12-13,83.94777248299916,86.44855612594087,83.94777248299916,84.68329620361328,33603
2019-12-16,85.32074952736475,89.19450470270759,84.8794382985251,87.91960144042969,69424
2019-12-17,89.19450559373813,89.19450559373813,85.36978828656243,86.54662322998047,23962
2019-12-18,87.28214620037787,87.77249533633506,86.35048583491285,87.6253890991211,10020
2019-12-19,88.55706024169922,89.24354606472802,86.1053144706902,88.55706024169922,27543
2019-12-20,88.75319809563416,88.75319809563416,86.39952062761034,86.79180145263672,17562
2019-12-23,86.44855809801535,87.87056766412137,86.44855809801535,87.38021850585938,12263
2019-12-24,87.62538192044558,87.62538192044558,86.79178995403689,86.93889617919922,6721
2019-12-26,88.1647842886392,88.1647842886392,86.3504938143699,87.03697967529297,9219
2019-12-27,87.28214648060026,88.75319389319465,86.69372901198932,87.33118438720703,62029
2019-12-30,89.24353922721714,89.24353922721714,86.64468741263516,86.98793029785156,327362
2019-12-31,87.28214285068456,87.38021117768555,86.10530796240523,86.88986206054688,27001
2020-01-01,88.21380679496943,88.26284470154613,85.81109901539207,87.23310852050781,28391
2020-01-02,88.0176711355259,92.72502589941604,86.64469203921342,91.59722137451172,102700
2020-01-03,91.94046196254668,91.98949986844694,88.3609118137114,89.2925796508789,49385
2020-01-06,90.6165264029086,90.6655568297029,86.10531562044137,86.79180145263672,31157
2020-01-07,88.753189175476,90.763623525343,86.88986105547573,88.65512084960938,38782
2020-01-08,87.28214805104065,95.4709772987283,85.3697893731131,90.61652374267578,206479
2020-01-09,92.87212475280833,92.87212475280833,90.66555360784805,91.49915313720703,41439
2020-01-10,91.00880380543721,95.12773360798066,90.95976589835264,91.6952896118164,143840
2020-01-13,93.55861591299394,96.35360446989228,91.79335604435607,94.63738250732422,175869
2020-01-14,94.73545265668845,95.02966513448966,91.69528947532379,91.989501953125,206191
2020-01-15,92.72502566549392,92.77405609037136,91.10687200185549,91.989501953125,69389
2020-01-16,93.11729880196954,93.11729880196954,91.40107680996384,92.18563842773438,204268
2020-01-17,92.62694210791079,92.62694210791079,91.49914516226895,91.89141845703125,66043
2020-01-20,91.89142291671835,92.18563538420233,90.46941344885813,90.95976257324219,23512
2020-01-21,92.03852645096326,92.03852645096326,86.25240545651201,88.94932556152344,60905
2020-01-22,89.24354675417544,89.43968342451768,87.33118803086829,87.57636260986328,93230
2020-01-23,88.26284848715783,89.93003263239484,86.30145185410987,87.38021850585938,1116162
2020-01-24,88.21380257559987,90.02810028228113,86.79179313850051,87.87055969238281,145368
2020-01-27,87.82153768306414,88.65512975991116,86.25241438295865,86.79180145263672,96524
2020-01-28,87.42925331607435,87.91960245695851,85.6639934160377,86.25241088867188,51885
2020-01-29,86.79179770558585,88.55705760092597,86.39951689749536,86.64469146728516,50339
2020-01-30,87.18407169810186,87.23310211894643,84.5852199650673,85.17363739013672,56469
2020-01-31,85.76205691075528,87.47827880705391,80.66242912603568,81.74119567871094,2189348
2020-02-03,82.72190123274497,83.26128829792881,81.39796000617976,82.42769622802734,109228
2020-02-04,82.86900289011511,84.24198194921836,82.62382832535145,83.4574203491211,38601
2020-02-05,84.29101162035073,85.27170987064979,83.26128294681703,84.73233032226562,43752
2020-02-06,85.46785463737882,90.81265714788944,83.94776934540333,89.78292846679688,90879
2020-02-07,87.67441612202835,87.96862107780083,85.22267074659206,86.49757385253906,176801
2020-02-10,86.88986245412922,87.6744240379584,85.90916421540962,86.30144500732422,37030
2020-02-11,87.28214315498245,87.28214315498245,85.8110957984378,86.3995132446289,27310
2020-02-12,87.52731780572371,87.77249236540361,85.46785300083931,86.30144500732422,61282
2020-02-13,86.44855508718109,87.42925336954926,85.7620618002429,86.3504867553711,21749
2020-02-14,86.6937296047481,86.98793459999813,85.3207505138456,86.25241088867188,21689
2020-02-17,85.45882773499757,87.64117430362616,84.31805256895711,85.75641632080078,34514
2020-02-18,84.61565517656112,86.50040573495139,84.21886279704232,84.71485137939453,47747
2020-02-19,85.35963888071481,85.80602558190148,84.31805982036562,84.46685791015625,15938
2020-02-20,85.2108363119605,86.05401535220683,83.92126302580624,84.41725158691406,26216
2020-02-24,84.41725359087269,85.85562499314138,83.42527644510876,84.2684555053711,25213
2020-02-25,84.02046364078436,85.31003699472286,83.37568453200032,84.46685791015625,19996
2020-02-26,84.81405042042633,96.66817490805384,83.77247133535745,91.60909271240234,1651903
2020-02-27,93.04745948899024,93.24585189127212,86.20281565567475,88.38516235351562,184870
2020-02-28,86.9467933685674,86.9467933685674,82.334098390864,85.75641632080078,106985
2020-03-02,87.29399171349597,87.78998030277721,83.52447540768455,84.81404876708984,157276
2020-03-03,87.6907893802019,87.6907893802019,84.5164576766999,85.55803680419922,61599
2020-03-04,86.6988072845343,86.74840160275978,84.21886432770084,85.16123962402344,39194
2020-03-05,88.23636988599115,88.23636988599115,85.26043825316601,85.3596420288086,30018
2020-03-06,82.83009671297941,84.36766440977597,79.35817649147728,81.83811950683594,45794
2020-03-09,83.82206619134215,83.82206619134215,75.48945691430549,79.01097869873047,126487
2020-03-11,83.32608763685256,83.32608763685256,77.37422423422024,79.8045654296875,22072
2020-03-12,78.36618834731986,78.36618834731986,67.85123294346826,73.05911254882812,153898
2020-03-13,64.52812262398521,74.29909694474627,64.47852073460737,72.86072540283203,91217
2020-03-16,71.42235246255244,72.41432958008788,69.43839822748153,71.47195434570312,37854
2020-03-17,67.5536501024917,71.22397051681995,67.5536501024917,68.84322357177734,44487
2020-03-18,70.77757619626064,71.62075535611207,65.47049935323413,66.61127471923828,36065
2020-03-19,66.56166949501137,68.94241632043321,59.518632794618604,67.6032485961914,51294
2020-03-20,68.44642393050655,79.75496505005336,65.71848674487042,69.1904067993164,33501
2020-03-23,65.47049062392291,76.3822390612434,59.766622122596296,67.4544448852539,45005
2020-03-24,67.45445070004779,70.13278615645194,63.833732347364,68.89281463623047,47018
2020-03-25,69.63679423805199,69.63679423805199,63.68493122392156,64.8257064819336,25029
2020-03-26,66.41286931472195,70.67837422505183,64.7761130187953,68.69441986083984,39993
2020-03-27,73.60470679654318,73.60470679654318,69.83519789634259,72.41433715820312,981858
2020-03-30,67.50405079314615,71.32316146023807,65.47049452678256,67.15685272216797,21737
2020-03-31,67.15685430932045,69.33920871936778,66.76006947857141,67.6032485961914,18529
2020-04-01,68.14882461465524,70.08318452531518,66.66085894561748,69.24000549316406,8668
2020-04-03,67.65283765049807,69.43839952263993,65.56968717845585,68.7440185546875,22657
2020-04-07,73.30711100109306,73.30711100109306,68.2976234959889,68.99201202392578,23784
2020-04-08,68.99201615742801,71.67035152629214,66.95845990345633,67.75204467773438,25981
2020-04-09,70.72797854070669,71.2735614686928,66.9584620919592,68.89281463623047,28851
2020-04-13,70.38077301260077,75.93585088988708,68.04962831490994,73.95189666748047,90266
2020-04-15,73.95189951035229,75.83665003954468,71.76954524089972,72.61272430419922,62132
2020-04-16,73.40631282682568,74.10069383980527,71.42235842610067,71.96794891357422,40048
2020-04-17,72.41432833752775,74.94387297111253,71.81914359085624,72.31513214111328,11240482
2020-04-20,79.15978276665402,79.15978276665402,74.49748543407507,75.39026641845703,374106
2020-04-21,75.34066361258611,75.39026549874096,71.76954728680911,72.46393585205078,88591
2020-04-22,76.38224204215304,77.07662303344398,73.90229911870651,74.94387817382812,154161
2020-04-23,76.3822354821399,76.3822354821399,74.39828131377264,75.0430679321289,65784
2020-04-24,73.40631366249741,77.3742225091189,73.40631366249741,74.89427947998047,106188
2020-04-27,74.89427457536969,77.27502124107143,74.5966784040876,76.38224029541016,80786
2020-04-28,78.06860365786132,78.06860365786132,75.88625681591954,77.12622833251953,64423
2020-04-29,77.17582702636719,77.87020801965049,76.03505176467156,77.17582702636719,66761
2020-04-30,77.77100853752067,81.24292849394405,77.17582377291363,78.16780090332031,119680
2020-05-04,74.39828636003305,78.11820067803471,73.05911871918947,76.72943115234375,45931
2020-05-05,74.94388280333237,77.96940881592167,71.42236060722944,73.10871887207031,109209
2020-05-06,73.10871818587056,73.10871818587056,71.967950435872,72.41433715820312,20302
2020-05-07,72.91031980330558,73.0095160036867,69.58719789733613,70.97596740722656,34331
2020-05-08,70.97596627257141,71.91834151340414,68.49602346176437,68.99201202392578,47191
2020-05-11,69.43839831229968,70.72797159394487,66.66085935253376,67.70243835449219,137925
2020-05-12,68.19842729719359,69.8351910659632,65.96647876746725,68.99201202392578,43375
2020-05-13,73.25750778884226,73.25750778884226,70.18238027285584,71.7199478149414,60279
2020-05-14,71.42234922509908,71.47195110600141,69.43839507995744,70.57917022705078,15858
2020-05-15,72.91032723246059,73.20792343211227,68.94241826742872,70.62877655029297,121980
2020-05-18,72.66232350467699,72.66232350467699,68.69441505390965,69.24000549316406,33905
2020-05-19,71.67034469132196,71.67034469132196,68.4464191515739,68.79360961914062,32836
2020-05-20,69.33920808722003,69.83519668932006,68.00004037518707,69.14080810546875,17555
2020-05-21,69.43839864527925,71.6207452897141,69.43839864527925,69.93438720703125,46187
2020-05-22,70.87675800844752,72.31512928836159,68.942405766027,70.82716369628906,46556
2020-05-26,71.5215523038128,79.35817344515931,69.4384017645144,75.8862533569336,482359
2020-05-27,76.43184283364613,77.07662192996298,72.66232661670027,72.95992279052734,131435
2020-05-28,72.95991715501003,75.39025797019652,72.31513054031224,72.81111907958984,84174
2020-05-29,72.81112388849995,75.2910667486792,72.41433151723426,73.20791625976562,69212
2020-06-01,75.19187370790807,75.39026611778601,72.9599250399473,74.10069274902344,81842
2020-06-02,74.00148975976263,76.28304010511717,73.25750693864936,74.79507446289062,53473
2020-06-03,74.89427689643334,78.86218560617816,74.29909210360867,76.58063507080078,201539
2020-06-04,77.32461397156237,77.32461397156237,74.39828447610935,74.99346923828125,49448
2020-06-05,74.99346954733889,77.572608572836,74.89427334793226,77.22541809082031,362492
2020-06-08,85.31003784967771,91.80749143410752,81.3421291124834,88.3355712890625,1340968
2020-06-09,92.15468515276771,92.15468515276771,85.31004082847397,86.05402374267578,241291
2020-06-10,86.8972029733384,91.26190425572771,86.8972029733384,88.28597259521484,555960
2020-06-11,88.38516558672488,90.6667161373529,80.35015190941995,84.21886444091797,157723
2020-06-12,80.35014979738706,88.28596706132653,78.11820119190409,87.19479370117188,238211
2020-06-15,85.75642249252496,87.78997869869535,83.82207005694642,84.36766052246094,235110
2020-06-16,85.80602280719211,87.29398852061163,82.33410280921323,82.97888946533203,105615
2020-06-17,82.33411077969316,87.78998559039573,82.33411077969316,85.55803680419922,238917
2020-06-18,86.30201573776559,86.89720053956137,84.56605565108639,84.91324615478516,101797
2020-06-19,85.70682881001007,86.79800218093334,83.9708687663914,86.0044174194336,152774
2020-06-22,87.09559914703743,88.93075541041135,86.00441819805029,86.69880676269531,144017
2020-06-23,86.69880877475703,87.98837459356494,85.90522398765567,86.55001068115234,95479
2020-06-24,87.29399697124094,88.78196282870528,84.81405387546705,85.55803680419922,142520
2020-06-25,86.6988071199683,87.69078430081876,85.85562802988245,87.0459976196289,124763
2020-06-26,94.23783000928113,94.23783000928113,86.35161463051533,87.19479370117188,715400
2020-06-29,85.01243797757654,86.74839797475843,84.31805700597776,84.8636474609375,410650
2020-06-30,85.31003370306007,87.24438609114618,84.66524705096973,85.45883178710938,100022
2020-07-01,85.31004165914018,86.64920940410583,85.1116492406955,85.8060302734375,63281
2020-07-02,86.79799808844407,89.12914280918247,86.7483962051196,87.244384765625,153017
2020-07-03,88.43476458338462,90.76590937612906,86.30201219369648,89.67473602294922,325645
2020-07-06,90.26992282180575,92.15468096578819,88.28596847407375,89.52593994140625,265402
2020-07-07,90.1211282320319,90.1211282320319,87.29399469035633,87.59159088134766,90040
2020-07-08,87.64118076068159,88.93075409872661,87.2939902675726,87.54198455810547,89260
2020-07-09,88.78195309267646,89.52593593982179,87.88917216246507,88.88114929199219,81495
2020-07-10,88.58356099651101,92.15467716136511,87.19479149679417,91.11309814453125,312063
2020-07-13,91.06351048204614,91.8074933860884,87.78998267698603,89.129150390625,187791
2020-07-14,89.12915334847648,89.12915334847648,84.31806525631228,85.55803680419922,79730
2020-07-15,87.88917275123231,87.88917275123231,84.31805657464888,84.51644897460938,54556
2020-07-16,84.61565472128352,86.99639384921635,84.31805854619935,85.3100357055664,49700
2020-07-17,86.30201830188139,87.88918034322141,86.00442210804894,87.34359741210938,86569
2020-07-20,87.59158820972475,88.18677300536822,85.80602625460907,86.10362243652344,76112
2020-07-21,86.9963990733905,88.38516869353766,85.55803513320791,86.05402374267578,133435
2020-07-22,85.7068304037856,87.19479618312846,85.7068304037856,86.45081329345703,44958
2020-07-23,85.35963396885741,87.145188239043,85.35963396885741,85.95481872558594,31243
2020-07-24,86.99639674516311,86.99639674516311,84.61565753797994,84.91324615478516,50861
2020-07-27,84.96284780713616,86.2028192941983,83.32608393057703,83.6236801147461,49736
2020-07-28,85.26043558123267,85.26043558123267,82.63170210916607,83.87167358398438,41638
2020-07-29,83.82206607073624,85.01243557937812,83.2764756311676,83.72286987304688,64425
2020-07-30,84.9628420946961,99.54490277485438,83.97086497174153,95.13060760498047,3509129
2020-07-31,94.33702270158027,94.83301126212295,84.81404385279782,88.186767578125,676465
2020-08-03,88.28596132868792,91.2618926094302,87.49237662654946,87.98836517333984,227417
2020-08-04,88.23636694127275,95.2298090722934,88.23636694127275,89.87313079833984,543320
2020-08-05,90.76591650734485,91.1131070240637,87.3435980925389,88.03797912597656,268807
2020-08-06,88.03797676390649,89.4267463617066,87.59159004984254,87.83958435058594,112700
2020-08-07,87.9387781257385,89.67473818294299,86.30201427245152,87.64118194580078,109900
2020-08-10,89.0299441488735,89.0299441488735,87.39318043082831,87.98836517333984,96771
2020-08-11,89.32754671377727,92.15468011970196,89.32754671377727,89.77393341064453,310626
2020-08-12,89.27793924051768,89.42673731955549,86.30200793250043,87.74037170410156,218923
2020-08-13,88.53396052032902,88.98034720996424,87.29398908447007,87.44278717041016,112009
2020-08-14,88.48435782137645,88.48435782137645,86.30201114162094,86.74839782714844,339824
2020-08-17,86.84760474627558,88.28596862354235,86.64920477025535,87.64118194580078,110726
2020-08-18,88.78196302024267,93.14666439185822,87.64118768008844,92.2538833618164,962289
2020-08-19,92.99786073939376,93.7418436253089,90.26992349103821,91.16270446777344,437896
2020-08-20,91.11310376271949,92.05548663800785,89.77393606434697,91.26190185546875,104200
2020-08-21,92.0058848773423,92.10508108324953,89.77393618759545,90.31952667236328,97954
2020-08-24,91.36109406910634,91.75788644303756,89.32754545100951,90.61711120605469,329651
2020-08-25,91.70828659040791,92.65066944540014,89.82353601679388,90.46831512451172,113171
2020-08-26,91.21230093384347,91.21230093384347,89.07955599854515,90.071533203125,84466
2020-08-27,90.07152432186527,91.01389954602158,89.72432627994847,89.97232055664062,72795
2020-08-28,89.77393059973404,90.66671153369988,88.88114966576822,89.22834014892578,70375
2020-08-31,89.22834376197237,94.23783151726974,84.36766166457716,89.52593994140625,318348
2020-09-01,90.66671003264604,90.66671003264604,85.45883016694803,85.95481872558594,87650
2020-09-02,85.95482837136383,87.34359800503347,85.31004165914018,85.8060302734375,57097
2020-09-03,87.19479262628568,87.19479262628568,83.32608024416938,84.2684555053711,164931
2020-09-04,83.32608381254582,85.75642489647095,83.27648192585946,84.56605529785156,76449
2020-09-07,85.3100398691003,85.70683226584948,83.67327596262581,84.070068359375,42392
2020-09-08,84.31805945997203,84.31805945997203,83.37568417563466,84.11966705322266,366691
2020-09-09,83.32608160084605,83.4748796887703,81.8381158579738,82.48290252685547,43137
2020-09-10,82.43330122500865,87.1451927774583,82.43330122500865,85.06204223632812,57280
2020-09-11,84.3676579557499,87.19479126334933,84.3676579557499,86.99639129638672,91155
2020-09-14,90.26992153448147,91.21229680894102,88.28596721504232,90.3691177368164,219524
2020-09-15,91.55949330545177,91.55949330545177,88.48435810829974,88.9803466796875,98720
2020-09-16,89.77393142118189,90.81551044837015,88.53395999271252,88.9803466796875,64450
2020-09-17,89.02995300292969,90.71631120245199,87.49238532769408,89.02995300292969,94349
2020-09-18,90.17072265191337,90.76590741641682,86.40120652974997,87.93877410888672,112290
2020-09-21,90.2699202466275,90.66671261849143,84.51644977506295,85.2108383178711,117709
2020-09-22,84.31805899987573,88.28596765869341,81.34212750576246,84.71485137939453,85195
2020-09-23,84.36766454898327,86.79800568077066,82.8796987373129,84.070068359375,51050
2020-09-24,83.82207633195672,83.82207633195672,81.34213324521244,82.03651428222656,65148
2020-09-25,82.3341064453125,83.82207222444465,81.83811785226844,82.3341064453125,74046
2020-09-28,82.83009289650917,86.00441678263428,82.58209860639987,84.36766052246094,35658
2020-09-29,85.31003629947136,85.80602488260783,82.38370668624032,82.83009338378906,65774
2020-09-30,83.9708625056091,83.9708625056091,82.8796892160426,83.27647399902344,33192
2020-10-01,84.26845109284473,84.26845109284473,83.12768348949794,83.27647399902344,40202
2020-10-05,83.37568176158086,84.31805701863277,83.37568176158086,83.9212646484375,33551
2020-10-06,84.11966386750217,84.8140448330131,82.83009056791339,83.22688293457031,77308
2020-10-07,83.32607995149291,85.16123615107333,82.43329900980422,82.97888946533203,135460
2020-10-08,84.61565718453792,85.70683057796991,84.0204648170429,84.56605529785156,108600
2020-10-09,85.7564200816615,85.7564200816615,82.33410200163846,83.22688293457031,46412
2020-10-12,84.02046054681055,85.26043196909633,81.29252341778184,82.63169860839844,45926
2020-10-13,81.98691547733665,84.96284701866877,81.8877192729293,82.92929077148438,118946
2020-10-14,82.92928639312936,83.7228711228604,81.24292830268199,82.87969207763672,36882
2020-10-15,83.32607715857763,83.62367331856073,80.94533058326704,81.49092102050781,46932
2020-10-16,82.135714035369,82.87969692493508,81.83811785226844,82.3341064453125,34332
2020-10-19,82.83009388950178,83.77246917594059,80.74694334124716,81.29252624511719,73679
2020-10-20,81.83811950683594,85.31003972833807,81.09413660222835,81.83811950683594,151095
2020-10-21,82.33410162992351,83.42527495716504,80.94533213698662,82.87969207763672,214564
2020-10-22,82.33410988646375,88.58356944728887,81.34213265891599,83.57408142089844,3514663
2020-10-23,82.92928865338749,86.69880487007173,82.48290196086295,84.96284484863281,717390
2020-10-26,85.50843059940979,86.05402108021845,83.62367999629333,84.56605529785156,248496
2020-10-27,85.21083719967002,85.21083719967002,82.53249440087446,83.22688293457031,143337
2020-10-28,84.16925697089913,84.16925697089913,81.44131989567845,82.185302734375,103055
2020-10-29,82.03650708293652,83.02848423058114,81.04452993529189,82.38370513916016,266871
2020-10-30,82.73089317669306,84.16925697089913,81.78851037343321,82.185302734375,92122
2020-11-02,82.43330348106706,82.9292920791098,81.54052249095304,82.08611297607422,119372
2020-11-03,82.38370916217403,83.32608447118108,81.88772056413129,82.08611297607422,115568
2020-11-04,82.43330110187273,82.43330110187273,81.3917296169561,81.8877182006836,55268
2020-11-05,82.23490905761719,83.27648054711835,81.98691476466188,82.23490905761719,73986
2020-11-06,82.92928313065502,86.6491972145796,82.334098390864,85.75641632080078,404394
2020-11-09,86.64919968040509,87.1947901221807,84.3676568515816,85.95481872558594,180925
2020-11-10,86.10362092361774,86.20281712645115,84.26845711436644,84.71485137939453,122816
2020-11-11,84.31805649974059,87.09559550582955,84.31805649974059,86.40120697021484,270674
2020-11-12,88.28596050003162,103.6616053062169,75.53905648079879,83.52446746826172,1193868
2020-11-13,84.11967133891419,86.2524163087764,83.9212713538716,85.11164855957031,211704
2020-11-14,86.10362326520547,86.74840238524999,85.31003848458633,85.85562896728516,32719
2020-11-17,86.89720070874436,88.98035130317807,86.0044197202198,87.14519500732422,222918
2020-11-18,87.78998098122854,87.93877907279989,86.05402090532853,86.45081329345703,470361
2020-11-19,86.20281749424245,87.29399086643586,84.81404794409393,85.06204223632812,166747
2020-11-20,85.80602391683756,86.10362009064397,84.41725438604941,84.96284484863281,106943
2020-11-23,85.06204235424855,90.12112440920238,85.06204235424855,88.23636627197266,526336
2020-11-24,89.1291466454555,92.25387622477024,87.69078278535412,90.71630859375,623133
2020-11-25,91.26189513985264,92.253872260938,87.78997521605389,88.186767578125,266611
2020-11-26,87.44278584917905,90.2699191665834,87.39318396522015,89.22834014892578,238000
2020-11-27,88.6331574353621,90.96430223991364,88.6331574353621,89.07955169677734,161552
2020-12-01,89.27794364865154,91.01390366404199,88.63315698644094,89.67473602294922,211652
2020-12-02,89.57554110191315,90.36911829366773,88.63315825346154,88.83155822753906,141998
2020-12-03,90.07152995005158,91.85708431289598,89.27794518777506,90.12112426757812,264523
2020-12-04,89.57553799618249,98.65212269429806,89.57553799618249,94.88261413574219,2636106
2020-12-07,95.57699970893549,98.70172933727004,95.27941109606594,97.1641616821289,840564
2020-12-08,98.05694203534168,98.70172871141511,94.2378314330094,95.52740478515625,412390
2020-12-09,96.2217841275496,97.11456508154532,95.72579554957254,96.02339172363281,220662
2020-12-10,95.4778001890399,95.52740207355495,91.50989160975512,93.09705352783203,215375
2020-12-11,94.83302010094623,96.02339729810754,92.35307706709206,92.99786376953125,167192
2020-12-14,93.24585807291666,94.83302010094623,92.74986946614584,92.99786376953125,157581
2020-12-15,92.74986467734117,93.6922399542754,92.20427421078864,92.60106658935547,123592
2020-12-16,92.7498650403218,93.94023461249571,92.7498650403218,92.94825744628906,107180
2020-12-17,93.94023566484688,93.94023566484688,90.46831554422995,90.81551361083984,186435
2020-12-18,90.81550796921545,91.50988892292852,88.83155373782404,89.72432708740234,120447
2020-12-21,92.20427089500566,93.14665370623574,74.74547497957194,85.70682525634766,374647
2020-12-22,85.3100373980744,90.26992329331128,81.78851538518211,88.93075561523438,364317
2020-12-23,89.97232299378703,91.26189629479174,88.93075154437699,90.17072296142578,161174
2020-12-24,90.56751644198202,93.54344787948612,90.56751644198202,91.21229553222656,158007
2020-12-28,91.26190036094785,92.05548513049106,88.3355707136046,89.87313079833984,113526
2020-12-29,91.50988809940588,91.70828049348573,89.47633200325632,89.97232055664062,97129
2020-12-30,91.65869661740962,103.16563085273096,91.26190421587738,100.98328399658203,9137963
2020-12-31,102.17364966946143,107.13353557574597,97.80894855829398,99.39611053466797,6032504
2021-01-01,100.14009518282839,104.15760586489121,97.21376547389846,102.07445526123047,2050205
2021-01-04,102.81843949066115,103.11602811321445,100.58649076467654,101.23127746582031,575417
2021-01-05,102.66964083268981,106.14156105408512,101.67766362657687,105.94316864013672,1760963
2021-01-06,106.14155058019301,107.13352768841912,103.56241161244209,105.39756774902344,1046915
2021-01-07,106.14155058019301,106.5383429371204,104.85197731222519,105.39756774902344,525216
2021-01-08,106.43915288199106,106.98473578208737,104.1576023741406,104.95118713378906,436918
2021-01-11,105.64556978533797,107.13353555696244,103.661615423172,104.4552001953125,659652
2021-01-12,105.00077826647498,106.73673825339229,103.6616106473472,104.05840301513672,514082
2021-01-13,105.05038182550632,105.05038182550632,101.82645608411278,102.62003326416016,179672
2021-01-14,103.21522606559793,103.86000516217827,100.73528317664253,102.02484893798828,316597
2021-01-15,102.22324817133065,103.06642723384549,100.68568056401503,101.3304672241211,258408
2021-01-18,104.85198072816905,106.5383464080039,99.19771405434535,100.63607788085938,830075
2021-01-19,99.79289486396404,102.91762424628331,99.79289486396404,100.93367004394531,182984
2021-01-20,101.8760525998896,102.6696373652526,99.89209825466733,100.58648681640625,246479
2021-01-21,101.57846487434433,101.62805919249601,98.30493714892243,99.39611053466797,176547
2021-01-22,98.70172809641825,99.54490717455967,97.01536994013543,98.0073471069336,169783
2021-01-25,99.14811594651073,101.82645886890482,92.105079494026,93.98983764648438,270071
2021-01-27,93.4938489043629,97.80894810938877,91.85708504916407,95.87459564208984,181941
2021-01-28,95.87459947144772,96.37058807961022,93.34505454254476,94.28743743896484,151326
2021-01-29,95.37860381877145,97.31295622046274,94.68421527771908,95.92418670654297,158158
2021-02-01,96.96576366183125,98.40412746125455,95.22980369857595,97.9577407836914,244934
2021-02-02,99.19771796661165,102.96723427661699,98.45373508186205,101.28086853027344,514337
2021-02-03,101.97525870311945,102.47124730076462,100.88407773375178,101.72726440429688,240068
2021-02-04,102.17364630638534,102.17364630638534,100.04089392324612,100.3880844116211,221357
2021-02-05,102.57043377451109,103.16561852157555,100.3880796110285,100.93367004394531,279336
2021-02-08,101.77685592977979,102.57044069150545,100.68568255854588,101.18167114257812,326869
2021-02-09,96.86657036004563,98.20573800096726,93.74184081910511,95.67619323730469,724707
2021-02-10,96.1225866760658,97.015367618456,95.3290019343445,95.92418670654297,335320
2021-02-11,95.92419315558013,97.01537414085385,95.32900834336704,95.82499694824219,174092
2021-02-12,96.32098365300467,96.32098365300467,94.53542925158884,95.03141784667969,269877
2021-02-15,97.21376356836647,98.60253313298018,96.22178638909742,97.1641616821289,468741
2021-02-16,97.95774241440168,99.79289860675601,97.21375956062141,97.46175384521484,263728
2021-02-17,96.22177967791102,97.66014346025538,95.22980256782947,95.97378540039062,171503
2021-02-18,96.66817036645843,97.41215322992994,95.87459318633317,96.61857604980469,159138
2021-02-19,96.61857687049674,97.75935211781332,95.42819973792005,96.3705825805664,144394
2021-02-22,98.30493126270551,100.18968930787679,96.96576366183125,97.9577407836914,665273
2021-02-23,100.18969337893675,100.18969337893675,98.05694096663919,98.60253143310547,286622
2021-02-24,98.60252499530307,102.17364103230999,94.43621664530781,98.70172119140625,83588
2021-02-25,100.09049890188375,100.1896951061736,94.23783203055933,97.1641616821289,710536
2021-02-26,98.20573752267019,98.20573752267019,96.22178322928292,97.21376037597656,210927
2021-03-01,98.45373255191429,98.70172684045815,97.46175539773883,97.90814208984375,227804
2021-03-02,98.45373300991751,98.45373300991751,96.91616538651881,97.31295776367188,137627
2021-03-03,97.41216067048495,101.18167716060528,97.41216067048495,98.50334167480469,313788
2021-03-04,97.70975146942855,111.1014432951878,97.21376288328932,105.64556884765625,3242353
2021-03-05,107.13353448936752,108.52230404268155,101.18167146218045,102.47124481201172,885537
2021-03-08,103.66162032257274,104.95119374620437,100.33849812251974,100.73529052734375,265971
2021-03-09,101.03287152678975,102.96723151619203,99.39610771058324,99.79290008544922,216104
2021-03-10,101.18167160633588,102.96723354431002,99.29691346473768,100.58648681640625,406095
2021-03-12,101.82645468473403,102.37203756948408,98.6025289876462,99.34651184082031,364128
2021-03-15,99.39611053466797,101.03287439737892,97.21376376317689,99.39611053466797,164926
2021-03-16,99.99130097377727,99.99130097377727,98.10654285202163,98.60253143310547,176327
2021-03-17,98.94972411137145,99.94170129544534,95.52740585359062,96.56897735595703,141341
2021-03-18,99.0985194211436,99.0985194211436,94.23782984197322,95.08100891113281,534450
2021-03-19,94.23782903153766,96.71777190078866,90.22031855607705,95.3290023803711,358367
2021-03-22,95.82499422486369,97.4121562017194,94.63462463426823,95.27941131591797,201127
2021-03-23,95.92418508189046,97.7097469364291,95.62659648492392,96.42017364501953,163894
2021-03-24,96.02339539326164,97.70975359555545,94.78342390093226,95.37860870361328,205125
2021-03-25,95.37860689047854,95.57699929820566,91.80749057409344,92.70026397705078,236383
2021-03-26,93.64264229082853,96.17217942345404,93.39464800910928,95.47779846191406,147120
2021-03-30,95.47780408142526,97.41215656541118,94.4858268961637,95.62660217285156,150847
2021-03-31,95.22980256782947,98.70172245311491,94.4858197352683,95.97378540039062,191179
2021-04-01,96.91616535765597,100.18969300796245,95.97379008436008,98.25534057617188,271526
2021-04-05,97.31295298536378,98.20573389807413,93.59303882255794,95.97378540039062,288984
2021-04-06,96.32098198262835,96.5193819581353,94.73382001949892,95.52740478515625,113984
2021-04-07,96.22177963402957,99.19771096291709,95.72579107921499,96.9161605834961,223946
2021-04-08,97.90814415600833,103.11602432533186,96.91616698089909,101.87605285644531,1002033
2021-04-09,105.84395531324463,107.13352859209002,99.74330210074291,101.38005828857422,1360891
2021-04-12,97.36256213049028,98.94972411137145,94.73382107905738,96.56897735595703,400918
2021-04-13,95.87459257316664,103.76080784825436,95.42819831702761,100.0408935546875,787317
2021-04-15,99.34651154106929,99.64410014053007,96.71777062081527,97.11456298828125,190583
2021-04-16,97.11456336042104,99.29691003756918,96.965765276028,97.46175384521484,194886
2021-04-19,97.21376168340295,97.21376168340295,93.98983591329011,95.4281997680664,130932
2021-04-20,98.99931778179928,102.57043383445786,94.88261129590504,96.2217788696289,510372
2021-04-22,96.22177967791102,98.70172245311491,95.03141017308704,95.97378540039062,135243
2021-04-23,97.01536924802231,97.56095214495798,95.7257959131105,96.3705825805664,313935
2021-04-26,96.22178161930917,98.55292636139772,95.72579305426117,97.70974731445312,143625
2021-04-27,98.20574116965523,98.90012217085341,97.21376398612335,97.51136016845703,81890
2021-04-28,97.51135617557308,98.60252951913985,96.71777143396909,96.86656951904297,90281
2021-04-29,96.96576246625145,98.7017224081025,94.48581969217852,96.9161605834961,260495
2021-04-30,97.9577483729334,106.33995267478619,96.12259206895098,102.07445526123047,1865977
2021-05-03,101.77684988109155,101.82645176382096,99.79289566287072,100.68567657470703,316877
2021-05-04,101.62805180108803,104.05840025931938,99.19771091104141,100.68567657470703,317926
2021-05-05,101.57845748654336,102.07444604109857,99.74330134832603,100.68567657470703,159284
2021-05-06,100.68568389757607,101.18167248820451,98.99932571671343,99.39611053466797,150435
2021-05-07,101.18166431923757,102.17364142040655,100.18968721806857,100.93367004394531,430857
2021-05-10,105.14957933852851,105.14957933852851,101.28086688696449,101.77685546875,309496
2021-05-11,101.47926567792666,102.91762952106755,99.59450757547009,101.67765808105469,229903
2021-05-12,101.62805256772258,102.52083348629363,100.3880811719808,101.38005828857422,200271
2021-05-14,103.16562562141267,103.16562562141267,98.99932453705277,99.29691314697266,189268
2021-05-17,100.18969038460702,101.5784598837732,99.39610565131636,100.88407135009766,155829
2021-05-18,100.78488065697746,107.9271209422629,100.78488065697746,106.09195709228516,2278469
2021-05-19,105.14958226284473,108.12551383632147,104.15760507168582,105.49677276611328,761568
2021-05-20,105.84396486497705,107.62952686325454,103.909612340331,105.94316864013672,632637
2021-05-21,106.93514169442841,111.99422373554543,106.29035502185214,107.18313598632812,3141444
2021-05-24,108.4727064512273,113.68058680619336,108.42311213161511,111.6966323852539,2549326
2021-05-25,113.48218802092921,113.77977662645337,109.1174870262425,109.91107177734375,847489
2021-05-26,110.35745883644836,111.9942226609181,109.61347596788804,110.25826263427734,380117
2021-05-27,110.90305106592325,113.77977881559764,109.51428150886842,112.93659973144531,1144097
2021-05-28,113.08540100160293,113.53178771512455,109.11749219452913,109.71267700195312,529397
2021-05-31,109.71267416863702,114.37497143745674,109.1174893765836,110.10946655273438,1216291
2021-06-01,110.15906413812779,111.99422032872384,107.33192324192352,108.17510986328125,370349
2021-06-02,108.17510743463187,110.357454060693,107.72871319190247,108.9190902709961,305919
2021-06-03,109.06788360675924,109.8118664623802,108.27430643500786,108.52230072021484,216906
2021-06-04,108.12550790960138,110.10946218317206,108.12550790960138,109.11748504638672,254611
2021-06-07,110.40706748720396,114.07738016973872,110.35746559898637,113.68058776855469,1282979
2021-06-08,115.06934441571532,117.0036967471539,112.78779404226778,113.87897491455078,1023675
2021-06-09,114.97015832952901,116.30932602815643,108.37350847399651,109.9606704711914,1633736
2021-06-10,111.59743279170392,111.84542708679659,108.6215012505918,109.5142822265625,792797
2021-06-11,110.60545177837511,114.27576419128036,110.1094632053779,112.04381561279297,967437
2021-06-14,110.10946856396899,112.09342295250897,108.17511606241666,109.9606704711914,301515
2021-06-15,111.25024062188534,111.54782923061735,109.7126729881219,110.01026916503906,244770
2021-06-16,109.11748511655938,110.80384322290496,107.480721326174,108.17510986328125,325555
2021-06-17,107.87751770019531,110.30785874984517,107.23273102329273,107.87751770019531,281990
2021-06-18,109.01829568022784,109.01829568022784,100.23929898299751,105.248779296875,364953
2021-06-21,104.0584062068535,107.03433770427628,102.3720404840695,104.00880432128906,438422
2021-06-22,105.69516838091475,107.57991891174369,104.1576007708332,104.50479125976562,253520
2021-06-23,104.50479326724776,105.89356281784008,104.15760277164598,104.35599517822266,151034
2021-06-24,105.44717888663558,105.59596941138082,101.08247771372109,101.72726440429688,412848
2021-06-25,102.62004046210643,104.30640627833868,102.47124993353835,103.2152328491211,258075
2021-06-28,103.661615158672,108.02631625793735,103.661615158672,107.28233337402344,405346
2021-06-29,109.01829227136272,109.06788658884912,105.2983778915495,106.24075317382812,230937
2021-06-30,106.24075294364343,111.59743115260552,105.94316433481424,109.06788635253906,2961230
2021-07-01,110.2086603828679,111.59742991320256,109.56387371862128,109.91107177734375,532042
2021-07-02,110.90304493206698,111.10143732859412,105.99275365207984,107.38152313232422,372884
2021-07-05,108.0263178037505,108.7703006983105,106.33995203516992,107.72872161865234,432712
2021-07-06,108.72069025854843,113.68057583209702,108.32389789902759,109.86146545410156,1725398
2021-07-07,110.10946481882206,112.53980583484633,109.01829145587617,111.5478286743164,508231
2021-07-08,111.54782794098114,112.78779938349176,109.66307740291306,110.85344696044922,261421
2021-07-09,111.10144575823898,111.10144575823898,109.21668757548892,109.9606704711914,137381
2021-07-12,111.05184471070343,111.79582761202977,109.41508838233385,109.71267700195312,380033
2021-07-13,110.90304775005482,111.79582112529665,107.67912203136935,108.86949157714844,182846
2021-07-14,110.01026276822412,111.29982846744821,108.81988569795797,109.16708374023438,241678
2021-07-15,110.15906775628615,110.30785827723868,108.12551153050262,108.47270202636719,209659
2021-07-16,109.71266702214933,109.71266702214933,106.9847299654277,107.6295166015625,140189
2021-07-19,107.13353412739784,112.1926161697768,107.13353412739784,111.29983520507812,853385
2021-07-20,112.490205451069,116.55731007626338,110.15906076318068,113.87897491455078,4269172
2021-07-22,116.06133152055267,118.29328020364022,115.36695051308847,115.9621353149414,1376080
2021-07-23,116.55731425431556,116.75570665555955,112.19261331328292,112.63900756835938,426264
2021-07-26,112.78779689948385,113.43258354902578,111.29983120124166,111.59742736816406,307108
2021-07-27,111.94462164699881,111.94462164699881,108.42310724931659,109.06788635253906,406793
2021-07-28,109.01828973981264,109.81186691483377,106.53834687752476,107.92711639404297,391654
2021-07-29,108.1255104977622,112.09341913988192,108.1255104977622,111.5478286743164,446715
2021-07-30,113.28378508522339,113.28378508522339,109.66307461953824,110.30785369873047,200554
2021-08-02,111.29983985628436,112.09342465099927,108.47270632341397,109.46468353271484,376727
2021-08-03,110.40706427341271,112.58941106412155,109.66308138091853,110.55585479736328,305569
2021-08-04,111.64703351129306,111.64703351129306,108.12551153050262,108.47270202636719,259368
2021-08-05,108.52230723710544,109.51428443750277,106.68715093000745,107.48072814941406,191964
2021-08-06,107.97671249998011,112.49021161142466,107.62952200714248,110.60545349121094,1264196
2021-08-09,113.08539230304663,113.43258278332253,110.30785332446979,110.90304565429688,469211
2021-08-10,111.49823743002777,116.06133098058463,107.13353628977043,109.26628875732422,3197895
2021-08-11,111.00224524917908,111.54782814396552,104.75278614027935,108.02631378173828,765897
2021-08-12,108.02631134455078,112.09341607799136,106.93513801141086,107.82791137695312,1143275
2021-08-13,109.11748517806895,117.45009465075847,109.11748517806895,115.11894989013672,9354868
2021-08-16,116.06132908894044,119.03726060404148,115.16854812077308,115.76373291015625,2368487
2021-08-17,116.06133122508608,116.06133122508608,113.77978066090854,114.67256164550781,868852
2021-08-18,115.76372979687083,117.00370122814917,114.17656787847157,114.87095642089844,1619825
2021-08-20,114.77175465656185,116.2597204000861,114.02777178479974,114.72216033935547,1116860
2021-08-23,116.01172417920681,117.05330320961724,110.05986130414153,112.98619842529297,1174055
2021-08-24,114.67256117379031,115.76373456461839,112.24222009566482,115.26774597167969,1397536
2021-08-25,111.59743078047245,111.59743078047245,108.22470691435892,108.72069549560547,1385955
2021-08-26,108.81989915304179,111.29984222916568,106.63755227332703,107.43113708496094,676902
2021-08-27,106.93514136695772,107.53032615205733,104.70319274669531,105.89356231689453,550607
2021-08-30,107.53032366570822,107.92711603599493,106.14155415379724,106.63754272460938,218376
2021-08-31,106.8359315286774,107.18312957110432,105.14957347196692,105.39756774902344,254676
2021-09-01,105.5463698425252,106.43915078751557,104.85198129945044,105.0999755859375,259490
2021-09-02,105.09997950066806,107.67912623074861,105.09997950066806,106.68714904785156,503946
2021-09-03,107.43113151297162,107.43113151297162,106.14155815299755,106.33995056152344,142994
2021-09-06,106.53834816252173,106.98473485584357,105.84395961179484,106.14155578613281,149737
2021-09-07,106.43915278467718,106.98473568427468,105.44717562011611,105.89356231689453,125942
2021-09-08,105.69516872749112,106.53834779428756,105.59596495759794,105.79436492919922,91817
2021-09-09,105.44717838801367,107.23273279018177,105.44717838801367,106.43915557861328,289811
2021-09-13,106.43914673993474,107.03433149123346,104.35598875811215,105.39756774902344,174505
2021-09-14,104.75278625286414,106.53834816252173,104.75278625286414,106.14155578613281,160370
2021-09-15,107.13353658475887,109.76227765348493,106.24075559958214,106.43915557861328,460243
2021-09-16,108.125512100092,108.1751139861276,106.53835013336072,106.93514251708984,294000
2021-09-17,107.62952222435925,108.91909556399891,106.29035456746278,107.7783203125,669119
2021-09-20,108.22470618562696,110.85344716217003,107.28233091487807,108.02631378173828,779248
2021-09-21,110.10946649717533,110.10946649717533,105.24877682285216,105.99275970458984,417702
2021-09-22,107.03433829876559,109.11748884489472,105.69517063112438,106.58794403076172,422840
2021-09-23,108.42310295482295,108.42310295482295,106.24074873558992,107.13352966308594,312750
2021-09-24,108.12551652275042,110.10947095436052,106.29036018714818,106.9847412109375,542077
2021-09-27,107.53032849788593,107.92712088600362,106.53835131168438,107.03433990478516,210251
2021-09-28,107.5303317069045,107.77832601085576,106.38955639509159,106.9847412109375,300401
2021-09-29,106.8855418689342,107.62952475897319,105.84396279560549,106.09195709228516,278610
2021-09-30,106.14155496806254,107.18313400203249,106.14155496806254,106.3895492553711,217308
2021-10-01,107.08393023256104,107.08393023256104,106.24075116934895,106.3895492553711,213290
2021-10-04,106.38955244774753,107.13353533199752,106.14155815299755,106.33995056152344,201539
2021-10-05,106.43915745462037,108.6215042851296,106.43915745462037,107.23273468017578,386240
2021-10-06,107.77832034639772,107.97671275185769,106.43915268908006,106.8359375,169061
2021-10-07,107.87751618110384,107.87751618110384,106.33994855538647,106.4887466430664,127112
2021-10-08,105.64556884765625,106.93514219889234,105.39757455458664,105.64556884765625,228376
2021-10-11,107.13353047736005,107.28232856110449,106.38954762682283,106.88553619384766,290441
2021-10-12,107.03433473111656,107.13353093130485,104.4551956852962,105.34796905517578,358809
2021-10-13,105.14957590690722,105.69516635633966,104.00880069239341,104.6535873413086,608235
2021-10-14,104.15760250796332,104.70319297694577,102.81843484649796,103.0664291381836,1017907
2021-10-18,103.16562747092556,104.05840845306102,101.87605410026485,101.97525787353516,592200
2021-10-19,102.37204541019108,103.76081502278605,101.87605680342041,102.52084350585938,351645
2021-10-20,102.17364794409023,102.42164223521667,100.48728979170455,100.83448028564453,266888
2021-10-21,101.67765286982207,103.36401091453548,99.19771011689957,100.93367004394531,292297
2021-10-22,101.87605512197649,101.87605512197649,99.19771971689451,99.8425064086914,239524
2021-10-25,100.14008954974324,100.4872876043106,95.82499049171084,96.86656951904297,326788
2021-10-26,98.8009205792275,99.89209390798159,98.00734341658128,99.5945053100586,474916
2021-10-27,100.18969407374624,102.17364841184022,99.49531308268742,100.23929595947266,250258
2021-10-28,100.68567781241913,100.78487401091262,98.70172356980989,98.90011596679688,161365
2021-10-29,101.18167544862445,101.18167544862445,96.22178939722129,98.99932861328125,311911
2021-11-01,99.44570841243612,101.72725886463382,95.92418653364942,99.6937026977539,542192
2021-11-02,96.42018100240946,101.13207271167899,96.42018100240946,99.24732208251953,341849
2021-11-03,100.18969007408948,100.68567863881269,99.04891486158911,99.5945053100586,185067
2021-11-04,100.68568103685142,100.68568103685142,98.85052481730443,99.79290008544922,52001
2021-11-08,100.58648835381148,101.97525793033063,99.49531496089831,101.03287506103516,194300
2021-11-09,102.86802870721075,105.24877541045977,102.27284392344478,103.66161346435547,809188
2021-11-10,103.81041851075163,104.30640712516688,102.17365456954413,102.96723937988281,163595
2021-11-11,103.16562501138647,103.41361930227923,101.57846306330985,101.77685546875,136153
2021-11-12,101.38006154063078,102.02484820073684,100.78487676521941,101.3304672241211,101491
2021-11-15,100.88407389991102,101.3800624787074,98.55292909320501,99.19771575927734,142846
2021-11-16,99.1977181256907,101.08247628371588,99.1977181256907,99.39611053466797,118334
2021-11-17,100.09049764357273,100.09049764357273,97.70975092962007,98.0073471069336,139215
2021-11-18,99.09852014344472,99.09852014344472,95.52740386862021,96.7177734375,182348
2021-11-22,98.1065389738442,98.20573517250268,94.73381524216168,95.13060760498047,184042
2021-11-23,95.13060792179483,96.71776981017092,94.23782699452552,96.42017364501953,114132
2021-11-24,97.41215973271915,98.10654832589113,96.22179009897512,96.5193862915039,97561
2021-11-25,96.7177735333428,96.7177735333428,95.13061158386856,95.77539825439453,109102
2021-11-26,95.22980948093883,96.02339425388743,93.94023611694367,94.33702850341797,131165
2021-11-29,94.23782635009526,94.58501682827445,87.74037319026215,92.8986587524414,273803
2021-11-30,93.24585751109464,95.52740811576797,92.84906511443161,94.53543090820312,97988
2021-12-01,95.2298134587141,95.42820587614551,93.69224573497104,94.98181915283203,87651
2021-12-02,95.0810072800025,96.46977678853877,94.78341867914935,95.57699584960938,88245
2021-12-03,96.22178685516822,96.8169716519755,95.67619637665346,96.56897735595703,96702
2021-12-06,96.81697224809551,98.20574182798694,94.28743495404342,95.03141784667969,152012
2021-12-07,96.66817356072735,97.21376403924212,95.22980967109433,96.56897735595703,89678
2021-12-08,96.71777520190292,97.21376379268192,93.29545695280201,95.27941131591797,139188
2021-12-09,96.22178531451017,96.56897580973992,95.08101005745368,96.12258911132812,92126
2021-12-10,97.11456381912491,97.11456381912491,95.72579430520514,95.92418670654297,79383
2021-12-13,96.9161605834961,97.61054910114736,95.92418347386693,96.9161605834961,106018
2021-12-14,97.75935620034217,97.75935620034217,95.57700181690682,96.07299041748047,50737
2021-12-15,98.00734150333172,98.00734150333172,95.57699304272106,95.97378540039062,71615
2021-12-16,95.97378784418106,96.46977641185124,94.83301262490264,95.22980499267578,71171
2021-12-17,95.22980995783729,95.27941184446446,93.44424799385372,93.7418441772461,64345
2021-12-20,93.74183861053534,93.74183861053534,91.2618957901508,92.65066528320312,152301
2021-12-21,93.146657023427,94.23783038796643,92.40267415194306,93.54344940185547,57129
2021-12-22,94.23783229884572,94.73382088989227,93.54345129865466,94.33702850341797,59563
2021-12-23,94.33702850341797,95.2794113673176,94.23783229884572,94.33702850341797,62548
2021-12-24,93.79144724587455,94.68422067093213,93.69224347137,93.8410415649414,39713
2021-12-27,95.13061171606788,95.13061171606788,93.34504979031232,93.89064025878906,68310
2021-12-28,93.89064025878906,94.73381933610162,93.6426459673333,93.89064025878906,55674
2021-12-29,94.93221581336024,94.93221581336024,93.3450537936116,93.59304809570312,41143
2021-12-30,93.34505025024161,94.08903312827465,93.04746163993951,93.29545593261719,40237
2021-12-31,93.29545939874708,94.9818176243331,93.29545939874708,94.53543090820312,94958
2022-01-03,95.82499260670134,95.9737906950594,93.84103827708772,94.83301544189453,192761
2022-01-04,95.72580376572496,95.72580376572496,94.23783790408157,94.48583221435547,58482
2022-01-05,94.98181197275292,95.7257948341583,94.03943670891346,94.38662719726562,137039
2022-01-06,94.73381923905089,95.27940970696869,94.23783065664747,94.83301544189453,111759
2022-01-07,95.22980624773835,101.97525388422716,94.73381767353138,101.3304672241211,1238387
2022-01-10,101.33047105998146,102.37204256433373,95.22980985265846,98.8009262084961,740458
2022-01-11,99.39610771058324,102.32244485305793,99.0489172206449,99.79290008544922,462279
2022-01-12,100.93367541195093,100.93367541195093,98.35453632538085,98.85052490234375,90227
2022-01-13,99.14810948363844,99.99129608480231,97.80894189382634,98.20573425292969,103210
2022-01-14,98.30493597753599,100.93367699018017,97.85854927856357,99.29691314697266,267778
2022-01-17,99.29690914395071,100.18969007408948,98.99932054602772,99.5945053100586,145269
2022-01-18,100.18969638823462,100.18969638823462,96.42018003150214,97.26336669921875,118359
2022-01-19,96.71777544720517,97.06496594799398,96.07298876392008,96.56897735595703,89604
2022-01-20,96.56896934160403,97.80894071878998,95.77539220111584,96.2217788696289,127147
2022-01-21,96.22178582244834,97.21376299587564,94.23783147559374,94.58502197265625,141500
2022-01-24,96.22178143091988,96.22178143091988,91.6586881550493,92.65066528320312,139076
2022-01-25,91.46028927769802,100.83447779129865,90.26991973701142,94.6346206665039,1466430
2022-01-27,94.23783158063353,96.023393522067,93.24585440610055,93.64264678955078,206661
2022-01-28,94.33702659052726,94.93221137407738,93.39465131392166,93.54344940185547,161813
2022-01-31,95.62660066685456,95.6761949844254,94.03943870906889,94.23783111572266,270213
2022-02-01,95.47780860781045,96.22179153202715,94.23783706744928,94.73382568359375,435574
2022-02-02,95.52740078481429,95.92418558284182,94.53542365337564,94.88261413574219,145630
2022-02-03,95.72580137536185,95.72580137536185,94.03944313488358,94.28743743896484,121005
2022-02-04,94.33702742095232,95.03141598136095,92.74986546145222,93.29545593261719,134431
2022-02-07,93.98983775661972,93.98983775661972,92.40267578307375,93.0474624633789,107830
2022-02-08,93.24584840265344,94.43621790817937,91.75788273665366,92.20426940917969,98590
2022-02-09,92.74986793706576,94.23783373284756,92.00588503917486,92.55147552490234,86926
2022-02-10,92.74986311848089,93.04745928945054,91.65868977190047,92.15467834472656,88664
2022-02-11,92.00588391725286,92.3530744183979,91.26190102843411,91.50989532470703,83351
2022-02-14,90.76590445699262,91.50988728041058,89.77392735910198,90.2203140258789,157455
2022-02-15,89.67473823766576,92.10507929196102,89.67473823766576,91.75788879394531,200090
2022-02-16,92.65066364989048,92.65066364989048,91.36109037875009,92.20426940917969,186412
2022-02-17,92.94825142941417,95.22980179127057,91.70828005192367,92.45226287841797,309464
2022-02-18,92.74986877113867,93.84104218422085,92.00588586655735,92.30348205566406,85804
2022-02-21,92.55147371940926,92.65066992355584,89.77393459419326,89.87313079833984,71088
2022-02-22,89.27794813443828,89.27794813443828,87.59158991917306,88.7819595336914,164431
2022-02-23,90.22031977310385,90.22031977310385,86.45081110190459,88.48435974121094,192097
2022-02-24,87.29398664894947,88.08757137303202,85.409228605392,87.244384765625,356377
2022-02-25,88.13716762196533,89.47633525107524,86.89719619349596,88.9803466796875,140210
2022-02-28,88.98034874786575,89.27794492488944,87.88917537908746,88.83155822753906,87014
2022-03-02,88.2859645279129,90.26991878696712,88.2859645279129,88.88114929199219,122670
2022-03-03,89.1787458331518,90.12112108289162,88.38516109891886,89.22834014892578,85883
2022-03-04,88.53396291742871,89.27794579908777,86.45081236242036,87.64118194580078,71653
2022-03-07,86.4012045698534,87.29398548044949,84.81404271111853,85.26042938232422,87106
2022-03-08,85.31003652856232,86.79800228196747,84.81404794409393,85.06204223632812,77850
2022-03-09,85.70682444626699,86.94679584286175,85.11163968953846,85.95481872558594,199849
2022-03-10,87.19479328806064,95.62659909104813,86.59960850972206,93.79144287109375,565215
2022-03-11,92.50187214878366,95.13061319265424,89.62513680960802,91.16270446777344,346825
2022-03-14,89.87312993716958,92.10507856591478,89.37714135300398,91.06350708007812,127450
2022-03-15,91.26189866407276,94.18822825700539,90.96430248898108,91.3115005493164,310796
2022-03-16,92.25388003410177,95.67619836293136,91.3610990362637,93.24585723876953,527887
2022-03-17,95.82499487759011,95.92419108278455,91.65869371394133,92.79946899414062,302243
2022-03-21,92.7994698241993,93.64264892817192,92.0554869263084,92.55147552490234,99699
2022-03-22,93.146657023427,94.83301517151656,92.30347794938223,93.54344940185547,211608
2022-03-23,93.54344831955751,94.1882274128354,90.61711118466731,91.55949401855469,131756
2022-03-24,92.15468300725964,94.88262029582219,91.55949820339215,93.49385070800781,510631
2022-03-25,94.13863553034417,94.18822984824057,90.86510782177258,91.75788879394531,121559
2022-03-28,92.15468303636942,92.15468303636942,89.17875144790659,89.37714385986328,149580
2022-03-29,90.26992349103821,92.60106835326862,89.42674440063809,91.16270446777344,283978
2022-03-30,92.15467556176769,92.2042698766416,89.12914233162188,89.72432708740234,237376
2022-03-31,90.26991878696712,92.25387304602134,88.2363626441626,88.88114929199219,198393
2022-04-01,90.07152786906467,91.46028981868524,89.2779431251229,91.21229553222656,117254
2022-04-04,91.95627837468511,92.45226694751122,91.26189740000258,92.15467834472656,95664
2022-04-05,92.15468153715383,93.19625303525982,91.55949674278109,92.1050796508789,148683
2022-04-06,92.1050748356023,93.04745764826096,91.2618957903071,91.70828247070312,154944
2022-04-07,92.05548341886048,92.4026739110107,90.81551196962036,91.3115005493164,94788
2022-04-08,92.20427184567797,93.09705278250654,91.11309850874748,92.40267181396484,143875
2022-04-11,92.45227115571502,95.32900652268545,92.45227115571502,94.08903503417969,381885
2022-04-12,95.18020989883014,95.18020989883014,89.92273524736673,92.30348205566406,243799
2022-04-13,92.30347916159651,93.44424685830539,92.25387727557211,92.70026397705078,92520
2022-04-18,92.35307425058475,94.18823052603267,91.75788945424831,93.3946533203125,143266
2022-04-19,95.22980262398649,95.22980262398649,90.46830946551327,92.20426940917969,149714
2022-04-20,94.53542706696568,94.53542706696568,91.55949556519155,92.0058822631836,154115
2022-04-21,93.14665578105232,93.74184055666397,92.50186912072927,93.44424438476562,111641
2022-04-22,93.24585358736704,94.2378307531901,92.3034783071092,93.89064025878906,150567
2022-04-25,93.14665742044149,94.23783078963177,92.25387645721847,92.94825744628906,148399
2022-04-26,93.14665384728002,93.98983289257379,92.30347480198625,92.65066528320312,95007
2022-04-27,92.6506757716334,93.14666439185822,91.4602985421824,92.2538833618164,70004
2022-04-28,93.14666032957798,94.23783373284756,91.46029455344737,92.55147552490234,131020
2022-04-29,93.0474634711742,93.0474634711742,90.76591290636306,90.91471099853516,110498
2022-05-02,90.91471099853516,91.80749198338235,90.07153190047377,90.91471099853516,48502
2022-05-04,91.85708219065613,92.20427267806127,90.56751644198202,91.21229553222656,138696
2022-05-05,91.75788320185245,91.75788320185245,89.3771366105458,89.72432708740234,73414
2022-05-06,89.27794007891609,90.31951907377734,87.64117633049901,88.43476104736328,103407
2022-05-09,88.43476267400375,88.68275695656227,86.3516122141492,87.93877410888672,42262
2022-05-10,89.22834609329492,89.22834609329492,85.70683157497305,86.55001068115234,69486
2022-05-11,87.83958058399126,87.83958058399126,83.3260814767278,84.36766052246094,89732
2022-05-12,84.36765776982483,85.55802729623767,81.3421245019303,81.93730926513672,67845
2022-05-13,82.78049022959834,84.81404641656785,82.03650736629511,83.67327117919922,38282
2022-05-16,83.82207008791947,88.83155777725261,82.3341043467138,83.42527770996094,80573
2022-05-17,84.16926494217478,93.2458579475111,84.16926494217478,90.76591491699219,393813
2022-05-18,91.75789142363658,92.70026674071325,87.64118451099309,90.071533203125,201626
2022-05-19,89.37714363060573,89.77393602168672,87.44279113034078,88.08757781982422,50628
2022-05-20,89.27794446596397,92.15467974572651,89.07955206109143,89.42674255371094,117365
2022-05-23,91.95627687988926,91.95627687988926,88.58356069404499,88.88114929199219,59140
2022-05-24,89.77393784592415,90.61711696398909,88.98035304763624,89.82353973388672,74672
2022-05-25,89.87312844877468,91.2618979750759,88.03797223139115,88.73235321044922,86233
2022-05-26,88.73235321044922,89.2779436712699,86.7980007915124,88.73235321044922,56195
2022-05-27,88.73234917317984,90.51791099263725,87.29398539563923,89.97232055664062,54378
2022-05-30,90.76590900271913,91.06350517426435,88.78195470757773,89.32754516601562,67026
2022-05-31,89.32755340455432,90.51792306415106,85.11165013855276,87.78998565673828,93662
2022-06-01,89.02995089558681,90.76591094090465,89.02995089558681,90.12112426757812,72740
2022-06-02,90.22032140708481,91.1131023818645,88.335570821443,88.93075561523438,98238
2022-06-03,89.87312844877468,89.87312844877468,88.33556840423607,88.73235321044922,51584
2022-06-06,89.17875038207923,89.17875038207923,87.34359410476392,88.3355712890625,39367
2022-06-07,88.33556931508473,89.02995030130273,87.2939902675726,87.54198455810547,45192
2022-06-08,88.08757219205881,88.7819531559487,87.09559506182474,87.93877410888672,43372
2022-06-09,88.18677555430806,88.93075846241271,87.78998315634848,88.53396606445312,42848
2022-06-10,88.78196289579748,88.78196289579748,87.04600272744389,87.78998565673828,38243
2022-06-13,88.23636399114714,88.23636399114714,85.80602301397897,86.15321350097656,50343
2022-06-14,86.15321593032218,87.04599689933704,85.90522163716167,86.35161590576172,20534
2022-06-15,87.78997487890923,87.78997487890923,85.8060206443576,85.95481872558594,20400
2022-06-16,87.74038248664345,87.74038248664345,80.8461438031011,82.28450775146484,89337
2022-06-17,82.03650814088533,85.31003579760227,80.35014999541609,84.36766052246094,149658
2022-06-20,84.81404678773654,84.81404678773654,83.32608105461836,84.02046203613281,65294
2022-06-21,84.81404394943728,84.81404394943728,83.12768586894462,84.41725158691406,49250
2022-06-22,84.81404476696808,84.81404476696808,83.07808478635762,84.16925811767578,56294
2022-06-23,84.71485058583235,84.71485058583235,83.32608105461836,84.02046203613281,39441
2022-06-24,84.61565753797994,85.31003854537747,83.87167464368886,84.91324615478516,34653
2022-06-27,85.75642609421912,86.55001088317282,84.31806217844917,84.66525268554688,40479
2022-06-28,85.60762707703573,86.10361562888835,82.83008815938719,83.97086334228516,50375
2022-06-29,83.9212622684256,85.01243557937812,82.83008895747308,83.72286987304688,24623
2022-06-30,83.72287421469011,85.11164375891333,83.32608183517131,84.71485137939453,23813
2022-07-01,85.31003902659697,85.31003902659697,83.47488272396423,84.31806182861328,14809
2022-07-04,85.50843179369427,85.50843179369427,84.41725838502202,84.66525268554688,15841
2022-07-05,83.37568336202371,85.31003579760227,83.37568336202371,84.36766052246094,20187
2022-07-06,85.11164213381844,85.11164213381844,83.42527644510876,84.2684555053711,26752
2022-07-07,84.3180573732235,85.70682689065477,84.3180573732235,85.2108383178711,27330
2022-07-08,86.05401328293567,86.89719230290675,84.86364379217468,85.5084228515625,49821
2022-07-11,86.25240486532405,87.0955914455613,85.31002965800367,85.75641632080078,78368
2022-07-12,85.7564232273098,86.79800228196747,84.61565553758065,85.06204223632812,59814
2022-07-13,86.20281785904358,86.64920455968011,84.61565589566509,85.40923309326172,73441
2022-07-14,86.15321440748832,86.15321440748832,84.41725438604941,84.96284484863281,37100
2022-07-15,84.9628404459904,85.31003091865028,83.82206526309243,83.97086334228516,40585
2022-07-18,84.31806100079042,85.65722869128355,83.77247051998175,84.56605529785156,38823
2022-07-19,85.26042777627751,86.00441059306242,84.71484491821265,85.75641632080078,36501
2022-07-20,86.30200674705021,86.55000101931186,85.31002965800367,85.75641632080078,50431
2022-07-21,86.7483962051196,88.08757137303202,85.80602096743328,87.244384765625,79566
2022-07-22,87.29398898622168,90.07152802669366,86.30201183865097,89.32754516601562,116488
2022-07-25,90.12112737651394,90.12112737651394,86.79800526018948,87.83958435058594,66407
2022-07-26,87.83958286781409,87.83958286781409,86.15321711031433,86.45081329345703,37829
2022-07-27,87.29398993218219,87.29398993218219,85.8060241947018,86.25241088867188,35286
2022-07-28,87.29399611632948,87.29399611632948,85.55803596628884,85.8060302734375,32715
2022-07-29,87.04599928104433,87.09560116830771,85.80602778131436,86.55001068115234,28988
2022-08-01,87.2939931001092,87.69078549147405,86.40121211158464,87.14519500732422,48004
2022-08-02,88.08757781982422,92.05548659426341,86.40121204977633,88.08757781982422,456858
2022-08-03,91.26189929101182,94.23783078963177,91.26189929101182,92.94825744628906,853782
2022-08-04,94.28742808579204,98.15613279114132,93.74183764366083,96.66816711425781,758243
2022-08-05,96.5689738149966,96.66817001612962,93.89063854347953,95.3290023803711,210947
2022-08-08,96.61857857172011,98.2057405415834,94.68421853529291,94.93221282958984,105069
2022-08-10,94.18823005487567,94.53542812183834,92.79946805976606,93.98983764648438,66891
2022-08-11,95.22980346956996,95.22980346956996,92.7994625541309,92.8986587524414,73967
2022-08-12,92.89866168002045,93.04745976626779,90.26992071693425,90.61711120605469,82050
2022-08-16,90.66671954459281,92.25388158510809,90.31952903075909,90.5179214477539,95007
2022-08-17,90.26992186393701,92.74986477228694,90.26992186393701,91.65869140625,99577
2022-08-18,90.76590901458627,96.12258712580542,90.76590901458627,95.3290023803711,246239
2022-08-19,95.22980543684722,97.21375971678152,93.34504735727262,94.6346206665039,146751
2022-08-22,94.63461999365057,94.63461999365057,90.76590766164826,91.11309814453125,113029
2022-08-23,90.36912196284133,93.64264977027335,90.36912196284133,92.30348205566406,93481
2022-08-24,93.24585640904758,94.63462599686196,92.25387921320664,93.49385070800781,61926
2022-08-25,93.24584758728577,94.13862849271587,91.75788193429716,92.45226287841797,90200
2022-08-26,93.79144207011787,93.79144207011787,92.25387446837101,93.09705352783203,59872
2022-08-29,92.25387940467424,93.24585660257397,90.36912121502769,91.60909271240234,92845
2022-08-30,92.70026545341618,95.08101222498429,92.70026545341618,94.08903503417969,99330
2022-09-01,93.7418466796875,95.18021061204871,92.40267895504336,92.99786376953125,84196
2022-09-02,94.73382474521902,94.73382474521902,92.25388168906146,92.74987030029297,71595
2022-09-05,94.23783277077649,95.08101186614111,93.24585558371568,93.7418441772461,67117
2022-09-06,94.23783277077649,94.63462515923788,92.45227080679291,93.7418441772461,59024
2022-09-07,93.74184469962539,98.00734965503064,93.09705801080571,96.32098388671875,347381
2022-09-08,97.70974707165232,104.10799651759824,96.46977566211358,103.364013671875,1995605
2022-09-09,104.3064019555292,104.75278865910484,100.28889135060732,101.28086853027344,811189
2022-09-12,101.28086544129013,101.28086544129013,99.19771494116272,99.44570922851562,244119
2022-09-13,100.48728818102968,101.77685393330606,98.60253008504188,100.3880844116211,357471
2022-09-14,98.2057441405917,104.15760742183969,97.95774983720636,102.52084350585938,812808
2022-09-15,103.16562862716943,108.27431271224808,102.8680324403938,106.191162109375,1849904
2022-09-16,106.38954946598662,108.12550948058313,101.82645608411278,102.62003326416016,492645
2022-09-19,103.6616159580628,107.53032849788593,101.72726347224389,107.03433990478516,955915
2022-09-20,108.1255137753585,110.10946815655772,104.75278981368271,106.43915557861328,1043112
2022-09-21,105.54637315668518,106.14155794930592,101.28086826789692,104.10800170898438,428611
2022-09-22,102.86803235107732,105.3479753447695,101.38006655486201,103.01683044433594,345135
2022-09-23,102.66963238964317,103.95920567881602,99.89209341366391,101.13206481933594,270950
2022-09-26,100.8840808691773,100.8840808691773,95.72580232062512,96.27139282226562,227481
2022-09-27,96.22177923476366,100.68567620957228,95.82498687892151,98.45372772216797,212944
2022-09-28,98.45373537807006,103.26482320028832,96.91616771768754,102.57044219970703,619240
2022-09-29,104.05840719528521,108.42310827993515,102.62003575029028,106.93514251708984,1035466
2022-09-30,105.74476551786933,108.12551225548025,104.20720543496401,105.05038452148438,459703
2022-10-03,105.19918240180802,108.07591015382417,102.07445278793729,102.81843566894531,197638
2022-10-04,103.90961060038792,105.0999802005168,102.71924100025905,103.26482391357422,127646
2022-10-06,104.10800003538286,106.14155624301371,103.7112152254711,105.54637145996094,162767
2022-10-07,104.20720371531965,108.52230284892677,103.26482087213687,106.4887466430664,451242
2022-10-10,106.14155058019301,106.8855334113626,104.05840016655515,105.39756774902344,157563
2022-10-11,105.94315813989706,112.78779412914236,104.75278106963091,109.16708374023438,1651002
2022-10-12,109.76227380441208,110.40706046932794,102.27284325074535,108.02631378173828,353123
2022-10-13,108.52230042853986,109.11748519779997,105.14957664515269,106.29035186767578,105587
2022-10-14,105.49676546871228,109.76227012291713,105.49676546871228,108.67109680175781,349597
2022-10-17,107.2327353951417,107.92712398634113,103.5128208400268,104.75279235839844,223529
2022-10-18,105.29837762806584,106.04236050216683,104.1576023741406,104.95118713378906,108261
2022-10-19,105.14957747050892,107.82791273729504,104.20720220913213,105.0999755859375,228144
2022-10-20,104.90158371685534,106.14155515558885,103.31442178891345,103.56241607666016,106836
2022-10-21,104.10799702638822,106.63754174148342,101.3304655963582,101.82645416259766,236970
2022-10-24,104.85198100531115,104.85198100531115,103.26481908988346,103.81040954589844,46111
2022-10-25,104.35599362584351,105.00078028990379,103.4136183563451,103.90960693359375,54880
2022-10-27,103.36401373330509,104.85197942563588,101.429661360549,102.42163848876953,151860
2022-10-28,102.96723937988281,104.1080071384894,102.42164887675176,102.96723937988281,76909
2022-10-31,103.51282157829299,106.14156272962646,102.91763675886678,105.44718170166016,232534
2022-11-01,105.99275570867711,106.63754236217844,105.09997477061258,105.34796905517578,150669
2022-11-02,105.39757255418175,107.23272877442932,105.14957826581897,105.79436492919922,124060
2022-11-03,105.14958097399757,106.63754674249753,104.4551999759717,106.33995056152344,91261
2022-11-04,106.33995035745109,108.62150089204671,102.66963782946881,104.10800170898438,250241
2022-11-07,103.90961172005586,105.59596993310718,103.26482502629432,104.30640411376953,164531
2022-11-09,105.59597127124944,105.84396557443996,102.6696415208755,103.46322631835938,204531
2022-11-10,101.4792719725523,103.16563020829835,101.42967008460103,102.52084350585938,131843
2022-11-11,103.06642459024653,106.33994455513746,103.06642459024653,105.84395599365234,331387
2022-11-14,106.38955239968968,107.82791628131581,104.70319422342558,107.28233337402344,250122
2022-11-15,107.62952475897319,108.1255133523325,105.19918367878662,106.09195709228516,138184
2022-11-16,104.15760386494223,106.0423620199449,91.80749100537318,101.28086853027344,406483
2022-11-17,101.82645745015026,102.91763081746954,100.18969361507878,100.83448028564453,98919
2022-11-18,99.79290225890527,104.1576033411227,99.24731935374386,102.81843566894531,134634
2022-11-21,103.36401988109552,103.36401988109552,101.42966739328979,101.97525787353516,56356
2022-11-22,102.52083834142827,103.41361930227923,101.18167068424442,101.77685546875,56627
2022-11-23,102.32244147951626,105.79436140080153,101.57845863924084,102.66963195800781,89111
2022-11-24,103.21522726404186,103.4632215558169,101.62805774213352,102.1240463256836,72323
2022-11-25,102.57044225211779,103.11602516194321,101.1816726820603,101.62805938720703,98042
2022-11-28,102.17364863337829,103.16562580457614,101.9752562264128,102.47124481201172,86264
2022-11-29,102.81843673643215,104.65359301500128,102.07445384769991,103.8600082397461,195885
2022-11-30,105.1495750348471,106.9351368834675,104.85197887068209,105.84395599365234,329897
2022-12-01,106.24075244549165,107.13353340416337,105.14957908186405,105.54637145996094,166873
2022-12-02,106.0423656821348,106.5383542890969,104.75279227675912,105.69517517089844,185031
2022-12-05,105.14957990175294,106.88553994730076,104.15760273286848,105.29837799072266,160944
2022-12-06,106.1415505341824,110.95263799335652,105.69516386294804,109.16708374023438,744393
2022-12-07,110.10945932119724,116.06132198720789,110.10945932119724,111.39903259277344,2084057
2022-12-08,111.99422337008548,118.98765783792514,111.20063861132196,116.95410919189453,2392481
2022-12-09,117.99568341793548,122.31079023781928,116.06133092971437,117.49969482421875,1808597
2022-12-12,119.28526006918531,123.05477651236725,117.54929994343833,120.62442779541016,1746535
2022-12-13,121.96358698139352,123.00516601118156,119.9796326908906,120.8724136352539,804984
2022-12-14,120.92202132503412,122.31079090869544,117.99568406514324,119.13645935058594,404903
2022-12-15,119.63244258018494,119.73163878138527,112.68860254157173,114.27576446533203,612800
2022-12-16,114.07737767090819,117.54929786089235,112.34141757591611,114.42456817626953,426082
2022-12-19,115.96213085168925,117.54929278493748,114.87095749559268,116.85491180419922,410233
2022-12-20,117.49969306576406,117.49969306576406,113.03579578911845,114.82135772705078,295260
2022-12-21,115.91252854764949,116.60691709406244,108.86949229119548,110.50625610351562,503414
2022-12-22,109.3158833768039,111.54783205565303,103.86000882850598,106.43915557861328,635838
2022-12-23,106.09195252799445,106.09195252799445,99.34651248942134,101.92565155029297,501520
2022-12-26,103.36402358079192,108.42311347124384,101.72726721784224,107.67913055419922,345995
2022-12-27,108.96869517982911,114.77176035400973,107.43113504277161,113.92858123779297,701711
2022-12-28,114.57335996913572,114.87095613918669,111.84542282701344,112.63900756835938,331114
2022-12-29,111.44863752671274,114.07737863498203,111.10144701841728,113.23419952392578,101092
2022-12-30,114.07737346094177,114.87095821663976,110.60545339908703,111.5478286743164,189450
2023-01-02,113.08539828875207,114.67256025986944,111.74623061212759,112.34141540527344,130625
2023-01-03,113.08539663461538,113.7797776217644,111.10144230769231,112.83740234375,127118
2023-01-04,113.82938080807924,114.72216177903455,111.10144357738453,111.99422454833984,273142
2023-01-05,113.08539828875207,113.28379069707228,111.54783063562213,112.34141540527344,130755
2023-01-06,113.0854012958835,117.35090630186205,111.59743548935872,114.17657470703125,699040
2023-01-09,114.47416404925238,118.04528025769696,113.7797755068255,114.87095642089844,241461
2023-01-10,115.11895592190011,115.81333692759658,112.39101864951562,114.67256164550781,254918
2023-01-11,114.67255369267374,114.67255369267374,112.5894032518708,113.38298797607422,99901
2023-01-12,114.07736999902136,116.60691470888231,113.58138143380822,116.30931854248047,278492
2023-01-13,117.4004968621423,117.4004968621423,114.22617293713508,114.82135772705078,135387
2023-01-16,114.82135736579357,115.31734595052701,113.08539731922649,114.47416687011719,116918
2023-01-17,114.47416894345791,118.73966630851058,113.13500125405982,117.49969482421875,433537
2023-01-18,117.9956795912342,118.54127005390276,113.33338998877315,114.97015380859375,203895
2023-01-19,114.07737719635436,117.94608976273737,112.63901329376144,115.0197525024414,333144
2023-01-20,115.0197522697981,117.20210663092112,113.23419786689966,113.73018646240234,211191
2023-01-23,113.82937711219328,114.47416376851372,112.09341711266092,112.63900756835938,134423
2023-01-24,113.28378913612052,113.43258722440298,111.5974309840796,111.89502716064453,128359
2023-01-25,111.99422257048037,113.08539592985068,109.61347587937281,111.20063781738281,152321
2023-01-27,110.25826271934213,112.34141323928118,100.18969304342073,103.31442260742188,338714
2023-01-30,103.66162049917894,108.52231043813642,100.834486908293,105.19918823242188,395958
2023-01-31,106.68715010717955,109.8118722097833,105.69517291443287,107.72872161865234,189698
2023-02-01,107.97671035216516,111.84542271813682,104.9511846111221,106.63754272460938,185172
2023-02-02,107.38152783987682,110.2582631247438,105.39757351489065,108.72069549560547,168787
2023-02-03,109.11748577252897,113.08539434607547,104.65358862728915,110.7542495727539,698094
2023-02-06,109.81186428534367,114.0773689336136,109.36547760809476,113.38298797607422,295262
2023-02-07,114.0773701985677,114.22616828202891,109.96066358646067,111.59742736816406,128338
2023-02-08,113.28378940371118,114.37497034157003,112.24221791964386,113.1845932006836,138464
2023-02-09,113.1349993456711,113.48218984177925,112.34141458183659,112.58940887451172,98250
2023-02-10,112.88700873833409,113.58138975321934,111.20064295217853,111.94462585449219,79726
2023-02-13,111.94461753841092,111.94461753841092,108.8694899509283,109.365478515625,96881
2023-02-14,109.66307788174437,110.20866077792023,107.62952167987365,109.31587982177734,72070
2023-02-15,109.01828646887436,110.2086559797832,108.12550555160034,108.9190902709961,84164
2023-02-16,110.55584886745147,111.00224311991585,107.2327269728576,109.11748504638672,94441
2023-02-17,109.11748992379269,113.7797796478079,108.12551274266731,112.68860626220703,415502
2023-02-20,113.33338993407459,114.22617088701723,109.21668322808388,109.91107177734375,274523
2023-02-21,109.91107378537387,111.89502813118796,109.1670909056936,109.76227569580078,88293
2023-02-22,109.51427621974597,109.81186481662338,106.83593343874,108.0759048461914,78084
2023-02-23,108.02631251820617,109.51427823452254,106.78634108794252,108.86949157714844,93264
2023-02-24,109.26628456362779,113.68057985294442,108.81989030530873,112.3910140991211,297322
2023-02-27,113.03579501574282,113.03579501574282,108.17511295786635,109.06788635253906,112502
2023-02-28,108.12551512328274,110.10946952921452,108.12551512328274,108.77030181884766,69620
2023-03-01,109.06788234953302,110.45665184432079,108.62149566857994,109.365478515625,64210
2023-03-02,109.61347620843317,114.87095818507098,109.56387432314625,112.4902114868164,392340
2023-03-03,113.53178333089902,114.07737379807692,111.59743088942307,112.83740234375,183956
2023-03-06,114.07737463056253,114.07737463056253,112.09342028916146,112.58940887451172,186404
2023-03-08,112.88699908041563,113.0357895936004,110.75424676261123,111.15103912353516,134397
2023-03-09,111.44862897371422,112.98619655154798,107.48072045614052,109.365478515625,133412
2023-03-10,108.22470759555142,110.90305049205199,108.22470759555142,110.35746002197266,57830
2023-03-13,109.61347368527102,110.90304699119524,106.63754227300122,108.17510986328125,151562
2023-03-14,108.77029300037506,109.41507964366437,107.53032159719747,108.67109680175781,113306
2023-03-15,108.96869457786993,110.45666038703934,104.15760664185923,105.94316864013672,122749
2023-03-16,106.58794610265494,108.07591188855437,103.66161641766021,106.43915557861328,134691
2023-03-17,107.13353533199752,107.33192774052341,102.52083993601057,106.33995056152344,163930
2023-03-20,106.29035866590667,108.72069978257146,104.20720805616749,106.5383529663086,125017
2023-03-21,106.93513770526333,107.62951866940489,104.30639679555333,105.59596252441406,140323
2023-03-22,105.99276399513245,107.13353930694537,105.74476969118119,106.9847412109375,88069
2023-03-23,107.28233472086745,117.9956838428142,106.53835182761344,113.73018646240234,1632213
2023-03-24,112.09341857016581,116.45811956795087,111.20063761658942,114.02777099609375,564515
2023-03-27,114.02777459599297,115.96213465117445,109.21668675362442,110.20866394042969,219179
2023-03-28,110.20866793123957,111.54783566828277,106.6375514430625,107.67913055419922,147165
2023-03-29,108.07590882634793,109.96066694872182,108.02631450913435,108.72069549560547,98491
2023-03-31,109.71267289238031,112.49021198056622,109.16708999275515,110.95264434814453,95736
2023-04-03,112.04382106552131,112.78780396122382,108.81989518414385,109.9606704711914,182196
2023-04-05,111.0518448580787,112.49021634346305,110.01027333575084,111.94462585449219,148098
2023-04-06,112.09341469128988,114.97014985629623,112.09341469128988,113.38298797607422,201836
2023-04-10,113.08539617775001,115.31734478652139,113.08539617775001,113.43258666992188,181644
2023-04-11,114.02777260294597,115.06935165816029,112.58940873449305,114.47416687011719,288389
2023-04-12,114.67255691984562,114.92055120711527,113.08539499495693,113.33338928222656,107626
2023-04-13,113.08539813413437,115.91253157385067,113.08539813413437,114.2261734008789,105898
2023-04-17,114.22617659452293,116.16052911573095,113.13500318337518,114.17657470703125,152294
2023-04-18,114.27576502666979,115.01974789160433,111.10144116355649,111.79582214355469,124421
2023-04-19,112.88700469009771,113.38299327385353,111.20063896441684,112.24221801757812,107125
2023-04-20,113.03578795280943,113.23418791448388,111.15103751010261,111.64702606201172,77883
2023-04-21,112.49021244839388,112.49021244839388,109.16709044676253,110.35746002197266,97161
2023-04-24,110.10946691052409,111.89502886067156,109.61347832083705,110.45665740966797,61472
2023-04-25,111.00224623364916,111.54782913327432,110.15906715736652,110.95264434814453,84686
2023-04-26,110.10946967390714,111.44863738603378,110.10946967390714,111.00225067138672,67632
2023-04-27,111.10144447456982,116.55731898001744,110.20866349640497,114.9205551147461,710021
2023-04-28,115.76373053776588,116.35892288313676,113.77977623502312,115.56533813476562,533445
2023-05-02,118.54127505653028,122.80678003144527,117.5492978594045,121.7155990600586,1392938
2023-05-03,123.00516619001115,126.77468237472098,122.95556430540246,124.98912048339844,1182542
2023-05-04,125.88190283179831,126.87387998954584,121.02121324519841,122.26118469238281,530003
2023-05-05,122.90597654728259,127.96505875173744,122.2611898538887,126.17949676513672,870275
2023-05-08,128.95703353281095,130.9409878948542,124.14594571849315,125.9811019897461,1050873
2023-05-09,126.72508206199883,127.36986116079947,124.79072962922672,125.43550872802734,267893
2023-05-10,126.32828931622392,126.32828931622392,122.16198828786061,125.08831787109375,219244
2023-05-11,125.88190177941323,127.46906370490342,125.33631131993924,126.27869415283203,229698
2023-05-12,126.77468898258124,128.85783201739525,123.50116120059256,123.94754791259766,430369
2023-05-15,124.84032002333436,125.68349906834995,123.20355624878357,123.84834289550781,293293
2023-05-16,124.6915222519838,127.32027072911222,123.45155083910335,126.08029174804688,360504
2023-05-17,125.98110080558348,127.46906656312974,124.6419331374289,125.88190460205078,179746
2023-05-18,126.72508118838196,130.54419927874426,125.68350215134042,127.56826782226562,697096
2023-05-19,128.41144090635242,128.90742948856035,121.02121405872872,122.01319122314453,482144
2023-05-22,125.98109718046864,127.76665906541857,123.99714289416204,125.58430480957031,553080
2023-05-23,125.98109771030315,126.87387865653284,123.30276243979905,124.04674530029297,312144
2023-05-24,124.29474361318225,124.88992840721914,123.20356266123181,123.74915313720703,231149
2023-05-25,126.97307667700987,135.20649014505878,125.93149763011972,132.72654724121094,4556267
2023-05-26,133.6193206971478,138.57920650725998,129.45301964392763,130.84178161621094,1743618
2023-05-29,132.3297472947731,133.91691680778385,128.95703100008814,132.72654724121094,525396
2023-05-30,133.12333205127848,133.4209282270143,130.19700245201207,132.72654724121094,407282
2023-05-31,132.9249340002739,133.42092255997642,131.08977027482675,131.63536071777344,234327
2023-06-01,131.63537498388666,133.4209370196017,130.94099395232283,132.82574462890625,240226
2023-06-02,133.91691621370506,141.35674489224425,133.5697181541585,140.26556396484375,3888308
2023-06-05,141.80312872828097,142.3487191809873,139.0751916011192,141.604736328125,1087979
2023-06-06,142.8447056797785,146.71341040405798,142.3487171183904,143.63829040527344,3038042
2023-06-07,144.33267607822376,147.75499423630967,142.84471034545857,145.9198455810547,1598101
2023-06-08,147.20940186932168,147.40780940688646,140.2655618729127,142.2991180419922,809580
2023-06-09,142.2991270601291,144.48147388431735,139.67039352087045,140.51356506347656,565183
2023-06-12,138.72800007854931,144.3822663822502,138.72800007854931,143.39028930664062,472795
2023-06-13,144.53107111916947,144.53107111916947,141.0591510127003,142.34872436523438,265440
2023-06-14,143.48949163440875,143.48949163440875,140.95996195915083,142.00152587890625,161884
2023-06-15,141.10875132014536,148.79657432704255,140.86075702960028,146.96141052246094,1356245
2023-06-16,148.05260167540268,148.05260167540268,145.42386806871292,146.21743774414062,414623
2023-06-19,146.86221237020203,147.25899715481117,141.85272499857297,142.3983154296875,339841
2023-06-20,143.1423109797873,145.52305017185049,141.75353383744158,144.08468627929688,335995
2023-06-21,143.88629719684067,145.67185920036593,142.34872949557248,143.09271240234375,161935
2023-06-22,143.83669688086627,144.33268549080032,138.87681078152607,140.36477661132812,375614
2023-06-23,140.3647605049066,142.84470327001097,137.041631145119,141.5551300048828,370242
2023-06-26,141.5055367982381,144.3822796639585,139.9679842986991,143.53909301757812,390817
2023-06-27,143.0430986293976,143.39029667825778,139.22399577378403,140.21597290039062,356854
2023-06-28,139.52157754777014,141.95193363003114,139.52157754777014,140.9103546142578,230584
2023-06-30,142.3487237197399,142.69592178336057,138.92640551472755,139.7695770263672,214431
2023-07-03,141.35674247579655,143.24149298759252,140.56315773637772,141.95193481445312,287435
2023-07-04,143.53909603467497,144.6302769957066,141.4063511356421,142.19993591308594,233365
2023-07-05,143.43989603766764,144.1838788695303,141.05914189388548,141.90232849121094,341081
2023-07-06,143.2911034603642,152.66528496966453,141.75353577365192,148.05259704589844,2234022
2023-07-07,148.300582141249,149.93733836451418,145.47344124320566,147.606201171875,677072
2023-07-10,148.99496476207116,150.1853343136734,145.9198446817962,147.11021423339844,529219
2023-07-11,148.0029876130076,149.59015710605732,146.81261806140535,147.11021423339844,218228
2023-07-12,148.20137563437672,148.79656796076765,142.49750719588062,143.2910919189453,327815
2023-07-13,145.07665010967256,145.57263865705605,140.0671627538254,142.05111694335938,352269
2023-07-14,143.04309611218588,143.9854713386047,140.86074949932933,141.90232849121094,174204
2023-07-17,143.09269592013857,144.53105968027685,141.35673600429632,142.05111694335938,165383
2023-07-18,142.249523910501,144.33268207750822,139.96798846785697,141.35675048828125,311267
2023-07-19,141.40633833179538,143.34069064541117,140.41436123390326,142.3983154296875,139602
2023-07-20,143.7870837555084,143.935889408682,141.6047370696253,142.2991180419922,148311
2023-07-21,141.8527374267578,143.09270890776094,138.9760096453788,141.8527374267578,305238
2023-07-24,142.99350368364765,148.20138385101168,141.1583549922083,144.58067321777344,503566
2023-07-25,144.58068119764735,147.7054034159811,140.6623741684502,141.7535400390625,422724
2023-07-26,142.74549307827672,143.43988913033888,140.860742716199,141.65432739257812,161959
2023-07-27,142.69591931550522,143.48948892770747,140.31516506978815,141.45594787597656,134814
2023-07-28,141.45594951907268,142.69592097300432,139.91838188892334,140.9599609375,147313
2023-07-31,143.58869326333905,144.7790628227041,141.9519370112584,144.0350799560547,190596
2023-08-01,144.82866322081196,145.82064036616,142.1007260711049,142.6463165283203,155790
2023-08-02,144.3326775194766,161.6426760228889,144.3326775194766,157.42677307128906,8767050
2023-08-03,161.69227608559237,167.14815043203873,159.212333200844,165.80897521972656,7438023
2023-08-04,166.20577485623835,167.14815012342876,162.83304345738568,165.4617919921875,1176177
2023-08-07,165.8585859785881,168.58652329776348,162.78346571879482,165.90818786621094,839394
2023-08-08,164.8666003000853,165.3625888780858,159.5595315973023,162.0394744873047,545813
2023-08-09,160.79951157198235,168.5369216901279,159.70833058795105,164.0234375,868184
2023-08-10,164.61861135517904,166.4537752079047,159.85711782452574,160.89869689941406,412659
2023-08-11,161.6922675881591,164.32100085329617,156.73238207931988,158.17074584960938,426881
2023-08-14,159.6587298151697,162.58505957376195,154.35166079381077,160.94830322265625,796580
2023-08-16,160.9482999925768,161.89067530116057,157.1291817348148,157.82357788085938,305587
2023-08-17,157.82357185898587,159.36112434446468,154.74843661528783,156.38519287109375,548458
2023-08-18,156.38519617287466,158.6667467112371,154.5996493602498,155.39321899414062,215171
2023-08-21,155.4428170919707,157.17877711244728,150.92931801145758,151.92129516601562,419120
2023-08-22,152.11969804444308,160.7002941138769,152.11969804444308,159.4107208251953,871440
2023-08-23,160.7002969431323,162.53546070968517,159.0635407140002,159.95631408691406,298523
2023-08-24,160.7003024268902,161.09708724253184,156.03801272943352,156.9307861328125,272035
2023-08-25,157.72436373466206,159.60911422788683,155.04602850983798,156.33560180664062,197788
2023-08-28,156.68278737092936,159.6587188124907,155.83961587764236,158.7659454345703,192869
2023-08-29,160.15470544166226,160.65069400923406,156.2860006691501,157.0299835205078,299951
2023-08-30,158.36914644341638,158.36914644341638,153.85566250574934,155.69081115722656,211694
2023-08-31,156.23640399604545,158.07156781181698,152.91327442793062,155.8892059326172,217654
2023-09-01,155.88920797433468,160.70030335780484,155.29403074742442,159.85711669921875,466925
2023-09-04,161.44427289880784,166.65215266973712,159.3115281900226,163.4778289794922,1784280
2023-09-05,166.10656553196384,167.14814453407922,160.30350846824044,162.48585510253906,605965
2023-09-06,163.13063806591217,163.13063806591217,157.1291733261798,158.07156372070312,726401
2023-09-07,158.22035989547496,163.92422866913626,157.4763770119539,161.39468383789062,700685
2023-09-08,162.1882729218385,162.5850577490561,158.7163527063863,159.21234130859375,237812
2023-09-11,159.21233738922012,161.19629174921042,157.22838302922986,157.6251678466797,244893
2023-09-12,162.08906601416294,164.37061656749603,146.21743105027446,158.31956481933594,2296414
2023-09-13,160.6010918155481,162.03947076782887,153.35967085205777,154.79803466796875,1396112
2023-09-14,155.9884134359634,158.41875452899518,153.85566852779422,155.2444305419922,405134
2023-09-15,156.4348026434941,162.6842620799366,154.4012463402207,161.79148864746094,1171856
2023-09-18,162.33704382185903,162.88263424560105,158.7163335180267,159.50991821289062,471585
2023-09-20,158.71633887766984,160.60108934729433,153.80605517091584,154.59963989257812,405460
2023-09-21,156.2364126851633,156.7324012968622,150.7309360680309,151.52452087402344,370604
2023-09-22,152.66527400961758,153.8556586728199,150.38373872334247,152.21888732910156,243192
2023-09-25,154.7484336920055,156.38518991689222,151.32611558955244,151.722900390625,480864
2023-09-26,151.32610922964,153.40925205227578,150.78051879881778,151.8220977783203,293718
2023-09-27,152.76447583180763,154.5004357844418,151.02851587917345,152.36769104003906,283712
2023-09-28,152.3677054821392,155.04604092136563,150.78053589188673,151.67330932617188,348951
2023-09-29,152.66527564544978,153.06207558289225,150.97891753633652,151.722900390625,190356
2023-10-03,151.77251069442084,160.40270925565298,151.77251069442084,159.7083282470703,1604837
2023-10-04,160.40269111374587,161.04748529879342,154.84762853700386,157.27796936035156,476684
2023-10-05,158.61715216992425,158.86514647609135,154.94683946592554,155.98841857910156,184894
2023-10-06,158.91473642384858,160.50190591860758,154.05405444275053,157.22837829589844,620732
2023-10-09,155.54203481684354,156.48441017094737,152.96288792904954,154.6492462158203,301517
2023-10-10,154.89722797566264,159.01394228467262,154.50044316493964,157.07958984375,350858
2023-10-11,157.62516654784562,166.3049668012814,157.07959121244028,164.46981811523438,3395116
2023-10-12,165.66018726855313,167.4457492005182,162.932250053053,164.12261962890625,848656
2023-10-13,164.12261699948408,164.66820746111722,160.99789502088444,161.69227600097656,384049
2023-10-16,163.52744100700897,175.0343669900855,162.08906201480045,172.85202026367188,5866235
2023-10-17,176.57193311592317,179.0518759967648,169.13210447339833,171.4632568359375,3036580
2023-10-18,171.95924851165668,180.88704304360925,170.81846568408497,172.3560333251953,3031253
2023-10-19,172.55443450585983,174.09200222515108,169.1321161218704,170.22329711914062,965639
2023-10-20,170.3224804355839,172.80242340970824,164.271428660543,167.2473602294922,649444
2023-10-23,168.536900548252,171.5624336822859,148.30057408545346,150.0861358642578,1915373
2023-10-25,153.16125738530337,156.43478482547562,145.8206329382002,149.59014892578125,907321
2023-10-26,150.08615363425145,153.70686436566123,146.26703535341846,152.51649475097656,597670
2023-10-27,150.7805410205008,159.26194948017826,150.7309391310487,154.6492462158203,462372
2023-10-30,155.6908163048863,158.7163497492556,153.06208281671252,156.43479919433594,367438
2023-10-31,158.12116314802077,158.61715175907023,154.45085045352897,155.64122009277344,193274
2023-11-01,156.68278440700115,156.73238629069618,151.52450636648,152.21888732910156,217548
2023-11-02,153.26048121126354,157.47638441610414,153.26048121126354,155.98841857910156,261778
2023-11-03,157.52598153052563,158.51795872513048,154.50044805970666,155.5916290283203,156047
2023-11-06,156.6827966765937,159.7083301824801,156.03801754717554,157.3275909423828,234287
2023-11-07,158.07156014526402,158.96433349882184,156.23639641849886,156.8315887451172,207104
2023-11-08,157.92275273041133,164.91619437635157,157.92275273041133,162.98184204101562,1121191
2023-11-09,163.62663539353042,163.62663539353042,156.73239691110714,157.82357788085938,453879
2023-11-10,159.41072979794504,162.48586511047822,156.83159821178,157.6251678466797,868043
2023-11-13,158.51795302586328,159.55953207002418,153.310072941429,154.5004425048828,605263
2023-11-15,157.62516569710385,172.05843649647696,157.62516569710385,169.77688598632812,3597630
2023-11-16,171.21527068877947,171.21527068877947,165.6601923170139,166.75137329101562,696684
2023-11-17,167.49536385234532,168.3881373181877,162.88266058183567,163.57704162597656,423111
2023-11-20,165.4121931966545,171.5128467412633,165.3625913108507,166.3545684814453,805742
2023-11-21,167.49534001517682,169.08249429928358,166.40415914655333,167.9417266845703,427642
2023-11-22,169.08250621662282,170.62007386301124,164.07301846255683,164.81700134277344,310240
2023-11-23,166.4537710337538,169.62809492913016,165.75939004669812,167.19775390625,319250
2023-11-24,168.2889111821064,169.87608061760704,164.8665931692008,165.56097412109375,334689
2023-11-28,166.65216579861112,172.10804027416089,166.45377339041067,167.39614868164062,817384
2023-11-29,170.62007091009795,171.0168557181315,165.7097870129244,166.1561737060547,460648
2023-11-30,166.65217021413832,170.12409042693287,160.5019145787479,163.32904052734375,2361082
2023-12-01,163.62662066101237,164.91619392650858,161.79147209613302,162.6346435546875,501096
2023-12-04,165.5609811837353,170.91766690478286,162.73385537263286,168.04092407226562,899896
2023-12-05,169.03290092027544,170.52086665068762,165.56098088264702,167.69374084472656,1731343
2023-12-06,168.83450493271235,169.92568583306513,163.87461926996306,166.45376586914062,431651
2023-12-07,167.1977558558866,167.2473577419055,162.23786998140983,162.9322509765625,534852
2023-12-08,164.61861153589257,165.11460013053906,160.94829896278276,163.13064575195312,347673
2023-12-11,164.4202155056648,165.06499460996238,162.18826687889106,163.7754364013672,290181
2023-12-12,164.61860431224872,171.0664557597142,163.87462145292577,168.5369110107422,1579921
2023-12-13,168.93370989442465,168.93370989442465,166.20577276063332,167.49534606933594,318527
2023-12-14,169.03291394881987,178.55590141200886,167.94174807756926,178.3079071044922,4097449
2023-12-15,179.05187966880425,181.53182260050514,175.72875008577688,176.81993103027344,1443950
2023-12-18,176.42314336937173,179.64706912856866,174.83597386414206,178.1591033935547,612655
2023-12-19,176.72073224120507,180.1926524434792,174.0423968267249,175.33197021484375,597162
2023-12-20,175.97674596198476,179.0518812795051,166.80095703214863,168.0905303955078,836839
2023-12-21,168.04091920025755,173.89359332932466,164.81699353863937,171.4136505126953,482483
2023-12-22,172.50482663060023,174.8855809593712,170.02488366502882,172.90162658691406,256138
2023-12-26,174.5879791222408,175.38156387279773,170.76886102439371,171.81044006347656,267733
2023-12-27,173.29840882755659,179.44866426336176,172.60402783480558,174.58798217773438,740782
2023-12-28,175.87755152948907,176.7207230242428,172.10803533634694,173.0008087158203,284488
2023-12-29,173.5463926848678,176.27432974236078,171.71124410983063,174.98475646972656,336175
2024-01-01,176.47273794104262,179.101486604587,174.58798731435644,175.33197021484375,415872
2024-01-02,177.5639179494725,182.52380392571476,175.38157114720008,176.5223388671875,1188349
2024-01-03,177.21670857731283,178.159098961809,173.59599810005952,176.2247314453125,463081
2024-01-04,176.12554821330966,180.5398435587636,175.87755392270694,179.20066833496094,744697
2024-01-05,180.1926383236372,181.2342173299758,175.8775469207626,178.60548400878906,512914
2024-01-08,177.31592075471858,181.1350389485992,175.57996069138568,177.86151123046875,588055
2024-01-09,178.50628541244646,180.53984160060645,176.57193299399972,179.34947204589844,482392
2024-01-10,179.34946684120217,180.44063259453148,175.2327526994921,176.72071838378906,388468
2024-01-11,177.3159107120557,178.55588211563654,175.6791545138769,176.72071838378906,290110
2024-01-12,178.0598935542042,178.0598935542042,175.62955263045976,176.72071838378906,251691
2024-01-15,176.32393231491105,183.5157664037049,175.7287399909458,179.4486541748047,860520
2024-01-16,180.53985278191135,180.53985278191135,174.78638191873006,177.41513061523438,391549
2024-01-17,176.9191374038098,177.8119108178028,172.20724576428643,175.13357543945312,498554
2024-01-18,175.5303615075477,177.06792918601695,168.1897363241323,174.29039001464844,412991
2024-01-19,174.58797461000304,176.42313835221293,173.10000891730417,173.64559936523438,236677
2024-01-23,174.58798382968303,177.0679267818092,171.51284851449836,174.0919952392578,392110
2024-01-24,174.98477013260532,182.5238028256024,169.7273031385731,179.59747314453125,1065611
2024-01-25,179.5974633833219,182.02780433766802,177.11752054493402,180.68862915039062,602052
2024-01-29,182.52380020726662,185.3013393246513,176.67114092908182,177.16712951660156,943939
2024-01-30,177.16712241539355,185.79732046504765,177.16712241539355,182.57339477539062,2069892
2024-01-31,183.51577472967747,188.47566053318226,183.41657095905927,184.85494995117188,1130900
2024-02-01,186.29330933324897,187.48367887023042,183.01978175427254,184.8053436279297,718700
2024-02-02,184.50776337812292,188.47567226797503,183.5157861556599,185.49974060058594,574540
2024-02-05,185.4997388090682,190.3604210976451,183.51578438330276,183.76377868652344,538720
2024-02-06,185.25173571745526,190.4596158380263,185.0037414259995,187.78128051757812,518589
2024-02-07,189.46764820032396,189.46764820032396,184.06137540198685,186.34292602539062,308095
2024-02-08,188.62445699716272,196.41148400861837,186.14451401725594,194.5267333984375,2437929
2024-02-09,194.52673019025542,199.3874122961609,191.55079866344704,193.63394165039062,1825057
2024-02-12,199.48661698202332,217.73899104217196,199.38741320946045,206.67845153808594,9123079
2024-02-13,206.2816520149031,206.2816520149031,195.41950489689305,201.024169921875,1789656
2024-02-14,195.41950308753135,201.37136612573028,194.77472397960798,199.2882080078125,496032
2024-02-15,203.40492260805829,216.9454049820773,202.41294543380425,211.63833618164062,2221756
2024-02-16,213.47348235800555,214.2174652299338,209.4063850732866,211.43992614746094,605326
2024-02-19,213.07670321292153,213.07670321292153,206.33125530081313,208.41441345214844,536071
2024-02-20,208.41440251006512,211.3903339206627,207.32322160496471,208.4639892578125,304258
2024-02-21,208.46400678373743,210.39837447234734,202.56174535044633,204.19851684570312,407858
2024-02-22,205.78565340979185,208.3151981286277,200.03218300563196,205.88485717773438,330349
2024-02-23,208.4144014937195,217.24299191422455,204.39689108173042,213.4238739013672,1374900
2024-02-26,213.4238756788275,213.47347756311598,208.81118803102737,211.0431365966797,428382
2024-02-27,210.7951595219846,213.17589879850797,207.96801838678834,208.66241455078125,391887
2024-02-28,208.31521455402262,208.711999384339,202.85933988713157,204.6945037841797,448451
2024-02-29,202.66092871829807,208.26559339382501,201.71855348122313,205.33926391601562,266935
2024-03-01,207.22402788700404,209.90237839553657,204.89289058413206,207.7200164794922,401262
2024-03-04,208.86080686187162,209.9519727229036,205.28968281252594,206.4304656982422,200473
2024-03-05,206.33124446809884,209.30717587869643,203.35531305750126,208.4639892578125,274698
2024-03-06,205.43848502368127,208.26561097354403,200.92498571775158,205.19049072265625,512223
2024-03-07,204.84328657087462,210.2991610316001,202.36334363418123,205.63687133789062,282651
2024-03-11,206.28165811428053,207.07524291079372,199.48662329699448,202.46255493164062,356482
2024-03-12,200.42899405309498,203.50411425699417,196.41148341060395,200.18099975585938,379323
2024-03-13,200.18099826567422,203.70252028747916,186.64050065558547,190.55882263183594,689987
2024-03-14,179.54786428129336,205.14087779728212,179.54786428129336,201.1233673095703,397398
2024-03-15,198.3954329011461,203.35531872367474,195.96509187538112,201.66896057128906,166422
2024-03-18,201.2721477726415,203.00810769968723,197.60183552559008,201.86734008789062,122124
2024-03-19,201.86735390106296,205.3392739927274,199.0898148004573,200.4785919189453,229545
2024-03-20,201.47057114797775,205.83526468186426,199.38741301713117,204.44650268554688,245392
2024-03-21,205.63686349956672,209.5551701629129,204.9424825310346,208.4639892578125,254482
2024-03-22,208.46399164106614,233.61061840265114,206.628842998706,230.43629455566406,3842093
2024-03-26,229.64270821952297,229.64270821952297,219.6733349218118,223.0460662841797,1146529
2024-03-27,225.0300306708363,239.7608827992933,224.03805348495894,230.53549194335938,2819844
2024-03-28,230.8826893348811,234.80099618031494,219.77254791295792,225.7244110107422,666702
2024-04-01,225.67480605371955,230.13870331632057,223.74045360053316,228.94833374023438,501495
2024-04-02,228.9483332705682,238.81850305924203,226.22039606013033,234.60260009765625,643021
2024-04-03,235.09859212814058,235.9417787873678,225.97240508124216,227.60916137695312,525459
2024-04-04,229.54351261421223,231.27947267328886,226.66678485657633,228.4523468017578,293581
2024-04-05,227.8571538106303,229.09712527796762,224.73243176748846,225.87319946289062,263456
2024-04-08,227.8571473027689,237.479322587212,225.87319301169322,233.85861206054688,1091833
2024-04-09,234.0074134071084,235.84257726582823,230.38670271288584,233.80902099609375,279901
2024-04-10,234.00740579947944,234.00740579947944,227.16276945558417,228.74993896484375,182379
2024-04-12,228.74994118870364,231.92426510171273,224.18684015749847,224.8316192626953,328028
2024-04-15,224.6828249486234,224.6828249486234,213.8206781605004,221.3596954345703,284768
2024-04-16,218.23497295504288,227.55955210857394,217.73898438014504,224.7820281982422,298115
2024-04-18,224.732429866094,225.17881656328458,218.1357726338496,220.02053833007812,269157
2024-04-19,213.27508329120187,228.84912122984358,212.3823099273215,225.07960510253906,688889
2024-04-22,227.21236766779344,230.93228195463888,222.00448766620983,229.39471435546875,495452
2024-04-23,231.0810735755564,231.52746026483646,223.2444601617105,224.43482971191406,369605
2024-04-24,224.43483793880065,227.5595600146711,221.95489497815095,226.07159423828125,343879
2024-04-25,226.07159606585535,229.1467314164688,224.18684545507338,227.80755615234375,217210
2024-04-26,226.3691724343657,227.41075142235266,223.93883155330911,225.5260009765625,124523
2024-04-29,226.66678185096154,227.65875901442305,224.18683894230767,225.6748046875,158203
2024-04-30,226.8155739766114,238.27291332297534,224.58362534302248,235.29698181152344,4308343
2024-05-02,237.7273138719494,238.91769854066052,234.30499579032949,237.08253479003906,1044164
2024-05-03,237.82653236586756,237.82653236586756,231.378680602038,234.50340270996094,484946
2024-05-06,235.04898089049203,237.03293517551222,225.27801511858962,231.2794647216797,467540
2024-05-07,231.27946743780151,231.8250578998634,223.19485968594748,227.70835876464844,395062
2024-05-08,228.05554768688046,228.05554768688046,222.3020921504776,223.145263671875,287666
2024-05-09,224.4844337041068,225.27801845714959,214.01907166825748,216.39981079101562,337118
2024-05-10,217.49099050373792,221.60768962862207,211.34073519065538,217.2429962158203,256540
2024-05-13,217.2429846260454,221.90527396289215,213.57267238794773,216.59820556640625,501086
2024-05-14,217.24298742619527,218.18536265487975,214.26705609158986,215.259033203125,200655
2024-05-15,217.24298939732142,220.21892075892856,215.4078256697825,216.9949951171875,222767
2024-05-16,219.1773521536884,220.1197274356332,213.47348343999508,214.36627197265625,292842
2024-05-17,215.40784192653967,219.12775640928928,214.3662779804664,218.03659057617188,190754
2024-05-21,228.15474450770876,244.81996365554585,223.1948587575412,242.78640747070312,3428545
2024-05-22,243.03441896541722,253.94616838835432,230.43631129530044,234.05702209472656,7683837
2024-05-23,232.12264322428675,240.45524487522619,216.5982075418256,218.33416748046875,3798361
2024-05-24,220.07012990587467,221.80608986413395,212.77909202663784,214.76304626464844,1643344
2024-05-27,218.2349871871523,221.11171505461635,212.03512959660821,213.62229919433594,967963
2024-05-28,215.15984189896588,216.49901713164792,210.00156364750194,214.7134552001953,915491
2024-05-29,214.76304982094484,217.7389812272397,213.27508411779743,216.00302124023438,414569
2024-05-30,215.75502424603062,215.75502424603062,210.24954818627174,211.6879119873047,273836
2024-05-31,213.27510268102515,214.26707990279735,209.406397570662,210.8943634033203,246000
2024-06-03,214.26706051813926,218.18536716237756,211.4895215211857,213.4238739013672,357273
2024-06-04,217.24300635096952,217.24300635096952,188.029280898627,201.91696166992188,939087
2024-06-05,201.6689607669196,210.99354006777074,200.13139313317015,209.90237426757812,289274
2024-06-06,208.76158453649455,216.25101491518905,208.76158453649455,211.53912353515625,566391
2024-06-07,210.05116615668203,218.63176263934898,208.81119469176656,217.2926025390625,725708
2024-06-10,215.9534301246562,221.68705704244732,213.78099766791394,220.37765502929688,730487
2024-06-11,222.20288149307126,222.20288149307126,216.53868530929415,218.7805633544922,500710
2024-06-12,218.23496966660213,221.7068896385708,215.25903826205754,218.19529724121094,681467
2024-06-13,219.22694451208255,219.22694451208255,215.3582397811231,217.38186645507812,662593
2024-06-14,217.25291361441322,224.17692512929898,216.05262972026398,221.29026794433594,1109897
2024-06-18,223.98844688207947,223.98844688207947,216.84621432142353,217.4810791015625,473879
2024-06-19,217.98698066414576,220.44707977998752,213.57268533439844,215.47727966308594,342080
2024-06-20,214.56467618152067,217.14380787732645,212.67991037758483,214.3960418701172,402172
2024-06-21,215.76494435558607,215.76494435558607,212.77909858444994,214.048828125,322795
2024-06-24,212.2831084504179,213.66195607274852,210.29915416583455,211.0828094482422,407500
2024-06-25,211.48953022582901,212.48150739868598,205.43847855322386,206.5594024658203,414312
2024-06-26,205.86502126397252,214.26706912048644,205.6963869611218,208.75167846679688,1845319
2024-06-27,210.29916171089477,215.13008572353948,208.3449654595584,209.17822265625,1171095
2024-06-28,210.05115503416803,210.94392838708535,208.14656078127334,209.41629028320312,353514
2024-07-01,209.803163022593,212.28310584791913,208.5235191847274,209.9221954345703,499501
2024-07-02,210.74555063230426,211.88633348070005,207.81922095402058,208.721923828125,395556
2024-07-03,210.2396507932925,210.44795752952274,207.7299496809983,208.344970703125,329361
2024-07-04,209.4063919081802,209.8031767316113,207.32323374424,208.84095764160156,213762
2024-07-05,208.80128035266367,209.3071832612159,207.3232289175077,208.75167846679688,260893
2024-07-08,208.71198708227644,212.28311089011618,208.31520227534764,210.01148986816406,376172
2024-07-09,211.29114294173934,211.29114294173934,207.025637967754,209.1881561279297,534409
2024-07-10,210.29916167298475,210.29916167298475,204.84328719561958,207.9084930419922,257563
2024-07-11,209.3071880013982,209.8031765985579,206.85700312051958,209.14846801757812,303829
2024-07-12,210.39837478186402,210.39837478186402,202.46255700808504,203.27597045898438,562308
2024-07-15,205.7360590791011,205.7360590791011,201.87726849183704,203.9802703857422,272244
2024-07-16,204.9325476977634,205.04166578541165,201.86734205796571,203.60330200195312,367423
2024-07-18,203.8513012434488,205.73605174540964,202.38317932182554,204.96231079101562,360420
2024-07-19,206.33124891486753,206.52964131924242,201.86735170276702,204.08938598632812,324550
2024-07-22,202.36334529147786,207.32323120548466,200.79601952628724,206.41061401367188,691210
2024-07-23,206.82723593406757,210.3884302725776,203.94057879261868,208.7020721435547,778026
2024-07-24,209.75355920195963,212.23350200438614,206.33124116188498,211.6482391357422,644801
2024-07-25,211.64824956405278,212.0152762732577,207.20419608132104,208.40447998046875,258140
2024-07-26,208.31520481959447,210.10076674532218,206.66851909162497,208.01760864257812,234980
2024-07-29,211.3903418918825,212.283115294179,209.00958759180776,211.330810546875,530141
2024-07-30,213.07670391576067,213.07670391576067,206.34117030423096,207.8390655517578,852299
2024-07-31,209.00958318445046,209.49565743868726,207.38274125840442,208.43423461914062,154978
2024-08-01,210.4181909466205,211.29113569359404,207.13474895930457,209.86268615722656,219324
2024-08-02,207.78945858085993,207.78945858085993,204.5456890034881,205.21031188964844,290727
2024-08-05,198.39544468148708,202.73038030413878,197.40346745807963,198.8517608642578,265896
2024-08-06,198.3954214663761,202.62123849451692,197.41335868102453,199.139404296875,167675
2024-08-07,201.024164620989,201.1729702762201,196.4114768998586,197.74072265625,244687
2024-08-08,198.79220589026292,202.58156569878003,195.55836597538345,196.90745544433594,295586
2024-08-09,198.39543383878134,203.25611591328334,196.42139382299214,197.3240966796875,265195
2024-08-12,188.47566498490116,214.91185088744564,188.3963049938062,212.45175170898438,2789581
2024-08-13,213.27509277059627,213.57268895057354,206.52964494871728,207.8688201904297,502884
2024-08-14,209.14846170267074,211.68792082163418,202.82957200928354,207.67042541503906,496622
2024-08-16,210.74554662705847,212.52119423678081,208.06721129675807,210.28924560546875,382322
2024-08-19,209.8031724839979,211.47961633133946,208.42432481639005,211.02330017089844,250148
2024-08-20,212.2732030345993,218.234980460822,208.7119934407106,216.8759765625,847088
2024-08-21,217.2430005843806,224.6729150488941,215.35825001285426,222.98654174804688,2126010
2024-08-22,224.18684608757337,228.0555510938283,220.28838297637574,223.4230194091797,1161510
2024-08-23,224.98042278961663,224.98042278961663,219.8221445877717,220.86370849609375,421569
2024-08-26,222.99647769959455,227.69843994268552,219.22696131042173,220.347900390625,599961
2024-08-27,221.90528637675513,225.17881401302915,219.2368654100238,220.12965393066406,423293
2024-08-28,221.14145702742337,222.6591959803278,218.24488558879645,219.27655029296875,232369
2024-08-29,219.27655510033802,220.67524653412104,216.25102172326598,218.09609985351562,235410
2024-08-30,218.23496248179143,228.78959824363784,217.10410919074965,226.4088592529297,660490
2024-09-02,228.15474273928112,228.15474273928112,220.2189256005235,222.12351989746094,230390
2024-09-03,222.1235225092176,223.1948596519112,219.72293961288145,221.70689392089844,188881
2024-09-04,221.01252329859526,222.9865482403122,218.34410220743186,220.347900390625,256615
2024-09-05,220.4173282966025,224.5737151389756,217.2826767476564,220.7645263671875,324017
2024-09-06,221.90528457156805,225.27801595037738,216.83628074917053,218.086181640625,315842
2024-09-09,218.09610900156218,218.73097380761243,211.68792959417948,212.19384765625,330047
2024-09-10,212.28312156674642,217.7389961864525,212.28312156674642,217.23309326171875,318522
2024-09-11,216.25101640564813,216.26093072794973,207.28354972479283,208.50367736816406,306742
2024-09-12,210.59675075291838,210.59675075291838,206.00389173137262,206.69827270507812,261104
2024-09-13,208.21600811217917,209.3071890861339,205.33928028829249,206.380859375,348997
2024-09-16,208.25567786293922,208.25567786293922,203.6033027736015,205.8749237060547,312329
2024-09-17,207.32322437678465,215.15983780824905,205.48806059449953,213.74131774902344,861679
2024-09-18,214.3662746702995,219.72294538819486,210.79515076745557,216.18157958984375,1232781
2024-09-19,216.73708837748376,220.46691693365747,207.194258103192,212.42198181152344,1006236
2024-09-20,213.57269620635495,213.77108862095636,209.8031797834444,211.3109893798828,382800
2024-09-23,213.28500739838574,215.24913310722323,205.02183569680898,208.21600341796875,980267
2024-09-24,210.0015592809724,210.0015592809724,204.85319545915414,207.08514404296875,307889
2024-09-25,208.0870562983045,208.0870562983045,203.58347144613046,205.32936096191406,409790
2024-09-26,206.30148970625538,206.92644015624123,203.66282684672643,204.31753540039062,235639
2024-09-27,205.33927335817464,205.33927335817464,201.97647137095208,202.32366943359375,277732
2024-09-30,202.37326183026755,202.43279317643882,198.2168901033675,198.99063110351562,338716
2024-10-01,199.78420038807857,215.4971306109418,199.39732988870406,211.9557647705078,1592761
2024-10-03,205.33927046426143,212.28311052827027,205.33927046426143,210.93402099609375,556989
2024-10-04,211.98550871007862,211.98550871007862,204.65479835746586,206.6883544921875,348353
2024-10-07,212.28311230507822,212.67989711465174,201.57968540539983,207.28355407714844,510874
2024-10-08,207.3728326054642,209.95196419287552,204.0199448918219,209.21791076660156,259150
2024-10-09,207.37282923919415,210.29915884681682,206.53957205385072,207.36289978027344,210151
2024-10-10,208.2159994063853,209.24766412705645,206.33124886076297,208.5135955810547,105231
2024-10-11,208.36481155035926,209.3071868525159,206.03365910195598,206.837158203125,105852
2024-10-14,208.176334439002,209.00959164883557,204.69449993881616,206.91651916503906,128798
2024-10-15,207.9679951947547,212.11446738821434,207.04546374730077,208.95005798339844,182964
2024-10-16,208.94015800311666,208.94015800311666,205.04167981972833,206.02374267578125,120885
2024-10-17,207.57122481725798,208.31520770190764,203.53387043110123,206.9859619140625,161822
2024-10-18,205.14087249381686,206.9165048877074,201.38127071339665,205.4186248779297,103955
2024-10-21,204.347300205389,212.67990250873038,201.77808292776862,206.1427764892578,406559
2024-10-22,204.2480901851299,210.2991568859239,194.1993718964729,196.77850341796875,340055
2024-10-23,194.92351773265423,201.84751427703495,191.69959186684696,198.603759765625,195096
2024-10-24,198.40535292396467,205.04168276699173,195.95516804633107,199.2981414794922,440916
2024-10-25,199.3874077259595,199.78419253255763,188.97164762087203,193.58433532714844,310748
2024-10-28,193.43554846178807,204.5655335380375,189.71563406829216,203.05772399902344,294678
2024-10-29,203.05773758914913,203.86123673010107,194.95328537114057,198.78231811523438,307150
2024-10-30,200.3397102278633,201.33168736971248,196.90746265706235,199.07989501953125,112842
2024-10-31,199.08981934597372,200.7761775445816,197.20506873630092,199.9131622314453,172237
2024-11-01,199.91315590332874,211.73752183767994,199.91315590332874,210.13052368164062,759062
2024-11-04,209.59484502837878,209.59484502837878,201.36144680563913,202.6609344482422,296587
2024-11-05,200.3793848923395,206.80739260515764,200.3793848923395,204.31753540039062,742504
2024-11-06,206.33125216359687,208.21600273938924,201.53008627482671,204.67465209960938,346214
2024-11-07,204.67464105853665,205.02182396883796,201.37135543140104,202.18478393554688,265710
2024-11-08,203.20652926274423,203.4545235551633,196.84795197239006,199.86355590820312,679273
2024-11-11,192.44356928860438,197.2645788978871,189.96362638540072,193.3958740234375,575015
2024-11-12,193.93153949786677,195.46910716054597,185.38070101428485,187.75152587890625,453108
2024-11-13,188.7137440077891,188.7137440077891,182.2063609981104,183.24794006347656,225901
2024-11-14,180.49023760836903,184.90453285440427,180.49023760836903,181.07550048828125,142630
2024-11-18,184.22008076868667,184.22008076868667,174.0919875401111,175.03436279296875,247821
2024-11-19,176.0660320700819,181.52190646534606,175.46092539533416,177.62342834472656,338684
2024-11-21,177.66311951447125,178.30789862881718,170.17368875619533,171.5922088623047,381945
2024-11-22,173.29840612674397,181.27391093738893,173.27856234544024,178.46661376953125,430449
2024-11-25,180.7878470929675,181.87902808195906,175.33197242075175,176.14540100097656,338608
2024-11-26,176.14540289913376,176.19498965122776,170.5506368258739,171.22518920898438,268867
2024-11-27,172.70321962981583,176.0759357243543,170.72917974640475,175.48074340820312,213291
2024-11-28,176.67114813723353,178.30790448827986,175.0046185442604,176.18507385253906,163512
2024-11-29,175.09389468872686,182.51389523640086,175.09389468872686,181.42271423339844,229637
2024-12-02,181.53182034736844,188.1780642945609,178.05990028607997,186.43218994140625,691369
2024-12-03,188.37645610370836,195.36989808946427,187.9895856178429,193.97120666503906,603992
2024-12-04,193.4454600112149,221.0125136911203,191.3226294998805,205.97413635253906,15860785
2024-12-05,207.3232317809852,208.01761278359953,199.58580670638244,200.75634765625,1779077
2024-12-06,202.15501896403737,203.80170468389468,199.2882055744312,200.66705322265625,797699
2024-12-09,198.4946251864751,200.43889184003612,195.67739869865304,195.98492431640625,461765
2024-12-10,197.1058503038944,197.1058503038944,192.44356087693336,193.33633422851562,340217
2024-12-11,196.31227158076447,203.25611161839555,194.46719347959626,199.50643920898438,1344629
2024-12-12,200.62739261222163,225.49626876662117,198.95094868971174,218.4730682373047,19657515
2024-12-13,216.05262104484038,230.11884942442006,213.49331824369492,228.1150665283203,16286627
2024-12-16,226.97428562146413,229.14671796686528,219.33606471650927,223.23452758789062,3296397
2024-12-17,224.66298858169063,233.11463843461007,223.7007695014977,225.7640838623047,4712670
2024-12-18,226.61718971297066,232.1226662342626,225.19866957366378,228.70034790039062,2387975
2024-12-19,224.68282760376857,226.1707933494889,219.32615697372353,220.9430694580078,1131333
2024-12-20,223.17502216808728,225.59544891398562,209.32702918374034,211.14234924316406,1674550
2024-12-23,221.60770218660582,237.03295079646705,217.85802955171619,235.3961944580078,10613664
2024-12-24,232.61865207883483,236.09057225911593,230.39661771436144,233.23367309570312,3183155
2024-12-26,235.19778304137492,237.965392567763,223.69084230505902,228.1547393798828,3456210
2024-12-27,238.07451399657785,245.31595015791441,228.65073115087998,230.31724548339844,13571639
2024-12-30,231.62665990701956,232.51943326967213,221.45889432223603,222.84765625,2377859
2024-12-31,219.77253928348918,232.82696213143709,218.7309602550009,230.35693359375,2982673
2025-01-01,230.1387042533285,232.3706528937164,226.19063934095945,227.450439453125,941172
2025-01-02,226.26999306086756,227.95635118182128,223.74044831125198,224.39515686035156,553076
2025-01-03,224.3951626146388,227.69843327557504,222.40127881273895,226.1410369873047,851341
2025-01-06,226.1311240356284,226.1311240356284,216.64780950448227,220.87364196777344,832285
2025-01-07,220.21893525849143,225.07961741460358,218.58217895638873,223.87933349609375,569889
2025-01-08,223.1948622507238,224.18683941628257,214.17779344852343,216.8660430908203,952319
2025-01-09,218.12585291593473,218.22505668457677,213.27508530219086,215.1598358154297,337889
2025-01-10,214.41586385558816,214.53491141128217,206.3312558006402,213.5330047607422,669670
2025-01-13,213.27508908321354,213.27508908321354,199.58580126827277,202.20462036132812,845774
2025-01-14,203.36522607881656,205.23014792783255,194.6755118645543,198.26646423339844,1007531
2025-01-15,199.33781422068114,203.75210970922384,197.68121412212108,202.4923095703125,484615
2025-01-16,204.34728808247982,209.50556611359858,203.77193953267934,207.65057373046875,294258
2025-01-17,208.3152103270207,208.3152103270207,204.16875292977892,205.2996063232422,227593
2025-01-20,205.57735933022408,209.79326240875528,203.087486883626,208.84095764160156,186829
2025-01-21,209.30718655107475,216.64781168362578,208.41441313692172,213.14613342285156,797536
2025-01-22,213.16597966165133,231.92427212518203,210.7951547617854,227.92660522460938,5287908
2025-01-23,220.48677296629654,226.86517899512833,218.24489484276825,219.41543579101562,1892444
2025-01-24,219.41542824008246,224.18683590997557,215.4574339623131,218.16552734375,741264
2025-01-27,213.27508209629266,218.22505340427182,206.4006878783673,212.99732971191406,930371
2025-01-28,214.167866874504,215.35825159830569,204.34729885773393,207.29347229003906,733582
2025-01-29,208.41441225385617,213.999233502781,207.32323129774088,210.2198028564453,326360
2025-01-30,212.2831200036299,214.59442868732364,206.89669109329486,209.49566650390625,592607
2025-01-31,206.3312540186446,214.16786770807371,204.70441204433703,211.7970428466797,431782
2025-02-01,212.77910527947648,214.25715672794712,204.1489068338767,206.06341552734375,318617
2025-02-03,206.0634039546838,211.26136953919607,204.84327632901892,205.4186248779297,267081
2025-02-04,205.41863660743613,210.2991625251458,204.3572137575353,208.2953643798828,375262
2025-02-05,209.40637672551546,213.26516712863508,208.08704533552537,211.9954376220703,299764
2025-02-06,211.29113647400612,214.00915935943172,211.29113647400612,212.1343231201172,157970
2025-02-07,213.27509862335705,215.95343404391107,209.67421653319377,210.88442993164062,474192
2025-02-10,210.8844086308569,210.8844086308569,199.38739764326027,200.94480895996094,375994
2025-02-11,201.50032106324383,213.27508485804742,198.79221257592974,202.50221252441406,2181726
2025-02-12,200.3793941400764,206.83716025460618,195.9154967458668,204.14891052246094,659634
2025-02-13,205.33926082920132,210.7554624849886,200.87536385465347,202.25421142578125,287874
2025-02-14,202.25422791514578,208.34496723375042,200.59762783034097,201.71856689453125,1033281
2025-02-17,198.69302969430424,209.14846238063427,195.50877632635738,207.09507751464844,665916
2025-02-18,206.28165105751543,220.02054102201475,202.67085473645602,212.3327178955078,1245309
2025-02-19,210.29914922912457,217.14378529571334,209.10877971359213,214.76304626464844,438511
2025-02-20,212.28311915413033,216.39981844766447,207.6208293775521,209.10879516601562,215171
2025-02-21,210.19995583351442,212.56086633686786,203.76203370081257,205.21031188964844,226534
2025-02-24,205.21030290747026,214.1579408088964,203.12716002778328,210.765380859375,1168674
2025-02-25,208.31520438219385,212.77910161895517,207.33314154101308,210.8249053955078,256288
2025-02-27,211.30106244103678,211.8764110457036,199.48662524005724,201.0440216064453,308298
2025-02-28,202.0657523178917,208.11681928361094,198.90134263268956,200.3397216796875,695930
2025-03-03,200.37938830913382,209.30718283775857,198.49463774097228,208.40447998046875,617513
2025-03-04,205.33927403553065,210.57691227828093,202.78988544509068,208.7119903564453,334798
2025-03-05,211.09274434042487,212.76918817586832,207.63073857562244,208.36480712890625,695314
2025-03-06,209.50556672544266,216.3502180008902,209.02942194146092,215.57647705078125,660907
2025-03-07,213.57268521043096,216.15181674020292,211.79703762069695,212.9378204345703,405015
2025-03-10,214.66384493916837,214.66384493916837,203.85130027360765,204.88294982910156,393688
2025-03-11,201.8673517643168,208.1465689942838,201.8673517643168,205.35911560058594,155111
2025-03-12,207.32322916574563,208.20608824429806,201.91695659994164,203.71243286132812,293999
2025-03-13,205.93446490572558,205.93446490572558,201.87726680911058,203.20652770996094,237944
2025-03-17,204.24809493924542,205.7856625927477,201.42096906316434,202.2145538330078,146735
2025-03-18,202.2145538330078,202.2145538330078,202.2145538330078,202.2145538330078,0
2025-03-19,215.25904681699458,215.25904681699458,206.39076845718486,211.330810546875,210701
2025-03-20,213.04693864576697,214.26706631297665,208.31520335983842,209.47581481933594,306332
2025-03-21,209.96189225251487,214.08852092851276,209.96189225251487,213.215576171875,221294
2025-03-24,214.26707499706956,220.16933630420542,212.40215301919713,214.61427307128906,415591
2025-03-25,217.7389935011564,219.62374411017163,211.39034553106958,213.5330047607422,505419
2025-03-26,213.72148028105454,214.2670707570155,210.29916203929298,211.1026611328125,195767
2025-03-27,207.3232331572632,216.25102788652333,207.3232331572632,215.76495361328125,312365
2025-03-28,214.26707053041926,218.03658683554332,212.67990099046054,213.29493713378906,350089
2025-04-01,213.19573462648987,214.7630603939976,209.5551801765912,213.7214813232422,141861
2025-04-02,214.01906623513216,214.26706051813926,211.32088722510525,213.4238739013672,161052
2025-04-03,209.3270239460354,225.77400702842286,209.3270239460354,213.55284118652344,916582
2025-04-04,213.55283414909556,219.20710073140927,212.00535225671177,217.38186645507812,725000
2025-04-07,209.50557993391612,223.93885110553362,205.33927875457567,214.49522399902344,991599
2025-04-08,216.99501607476168,221.31012302039682,215.24914162309378,216.20143127441406,295985
2025-04-09,215.25904293004731,217.73898582094648,213.28500293979832,215.43759155273438,119357
2025-04-11,218.23497677559146,219.72294252633415,215.67567386794963,218.7904815673828,264345
2025-04-15,219.1971967783989,224.98042550411063,217.54059671850095,221.71681213378906,783259
2025-04-16,221.55809855739375,222.66910810194966,219.2269462419025,220.04037475585938,339919
2025-04-17,222.03424050131775,222.6988633551,218.5524062605382,221.072021484375,246312
2025-04-21,221.21091750685775,231.13068959236708,218.79049069617412,229.70223999023438,647656
2025-04-22,229.98990355055827,229.98990355055827,226.36917794572395,228.1944122314453,292182
2025-04-23,229.14673504633905,230.17838468264836,219.95110209006182,221.12164306640625,454950
2025-04-24,221.2108977871488,223.9884367507636,220.36771118049748,222.3417510986328,153035
2025-04-25,222.20287201612652,223.19484912334138,214.8324893749775,217.06443786621094,308249
2025-04-28,216.7470067079586,222.99646576388315,214.83249807892489,220.31813049316406,272511
2025-04-29,220.46691470650586,222.88734129878114,216.53867865510722,217.9175262451172,171226
2025-04-30,217.9175217877375,221.21089302104167,214.36625709422086,216.59820556640625,566642
2025-05-02,218.47305571657108,222.2921587103473,216.36013951682233,217.44139099121094,800222
2025-05-05,216.25102942599122,220.4173306353646,215.16977791159027,218.4234619140625,245013
2025-05-06,217.73897538565595,218.64167818740944,210.29914706951735,212.0648651123047,289245
2025-05-07,209.30718626213948,213.4734874163866,207.12483948004532,212.7989501953125,244429
2025-05-08,211.29113035886198,214.93168463835215,208.8111875142744,209.42620849609375,163355
2025-05-09,207.32324108202644,213.2751044623717,200.12149184090237,212.6303253173828,367922
2025-05-12,216.74700939906148,219.42534470303443,213.37429311055783,216.4394989013672,310109
2025-05-13,215.50703705958475,221.99456099737097,214.37618370762678,220.78436279296875,305950
2025-05-14,220.56612932516765,223.19486276541215,220.34789313733185,222.59967041015625,187005
2025-05-15,223.69085120126223,227.35124937001123,221.21090828328815,226.06167602539062,434676
2025-05-16,226.06168206079818,227.06357357731494,219.62374462476373,220.22885131835938,294978
2025-05-19,221.24066771131834,226.96438023843743,219.13768094793036,224.91098022460938,294398
2025-05-20,225.97239911455387,237.86619552511053,224.3852296107536,229.63279724121094,1655277
2025-05-21,229.79150305529757,234.58275455437538,222.88735049818973,229.40463256835938,766021
2025-05-22,229.34511400162006,231.3191539787734,221.2208187231112,224.47450256347656,715824
2025-05-23,225.62520735097507,226.0220073061819,217.73899176973268,218.45321655273438,700289
2025-05-26,219.27654563308926,222.2028751128823,217.69930564336494,218.2647247314453,291119
2025-05-27,218.26473305986391,219.86181689113312,216.07247201508224,218.32424926757812,181607
2025-05-28,218.23498197487064,219.76262018869164,215.01105610478734,215.4177703857422,189755
2025-05-29,216.5486214042798,217.25291672565703,214.26707086318476,214.91184997558594,138448
2025-05-30,215.0606490110051,217.73898428703401,213.61235571291994,215.62606811523438,141204
2025-06-02,216.05263894665237,218.383776303813,213.85044833380965,215.73519897460938,294692
2025-06-03,215.73519141023763,219.1277515265456,215.73519141023763,217.63978576660156,198552
2025-06-04,217.42154752346656,217.63978371043953,214.76305598960724,215.24913024902344,87163
2025-06-05,215.6558403655283,217.73899857040865,214.51507262346638,214.89202880859375,123844
2025-06-06,214.9515245602191,216.74700072564673,214.36626169213255,215.7252655029297,94314
2025-06-09,210.64635207846243,216.08238257637984,210.64635207846243,213.27508544921875,305341
2025-06-10,215.6558261785246,218.43336522351987,214.25714990181336,217.51083374023438,456296
2025-06-11,217.49098170407905,217.73897598196285,214.51505036947364,215.259033203125,189273
2025-06-12,215.27887456740837,217.24298498802077,213.18580228010555,213.4833984375,196326
2025-06-13,209.5551800203484,215.50704312151802,208.46399906391903,212.75926208496094,109396
2025-06-16,210.29915985213879,214.1480361119391,209.81308559017964,211.86648559570312,91611
2025-06-17,211.83672445446854,213.67187310919672,210.30907115956754,212.24343872070312,115544
2025-06-18,212.43190773689295,212.43190773689295,209.8031742558478,210.2198028564453,82230
2025-06-19,209.80317377126445,212.17399862828398,205.74599073390132,207.33314514160156,96169
2025-06-20,207.32323197244148,210.2991635318545,206.65860907387037,209.6444549560547,86928
2025-06-23,208.31520134974042,209.0790279928731,206.75778995990615,208.04736328125,89786
2025-06-24,210.19996211699433,211.84664789774013,208.43424391617512,210.15037536621094,157984
2025-06-25,210.1007664813093,212.03511892492932,210.1007664813093,211.78712463378906,78108
2025-06-26,212.8783121219883,213.87028931708355,209.3369462700403,211.3804168701172,162067
2025-06-27,212.08472609387846,213.51317566825114,210.87451271205552,212.22360229492188,122154
2025-06-30,212.233503206015,213.71155457372274,209.8428346982116,211.11257934570312,97154
2025-07-01,211.13242271862833,213.81075811997974,208.31521111532155,212.34263610839844,448021
2025-07-02,212.38231065964723,215.75502686412466,211.02329169195548,214.73329162597656,273286
2025-07-03,215.2590531766393,219.02856957751362,212.63031964170338,213.1163787841797,231696
2025-07-04,214.26706625245035,214.46545865689154,210.2991576181457,211.0530548095703,124254
2025-07-07,211.29112795203292,212.18390131136687,209.80316226222988,210.8050537109375,57018
2025-07-08,211.24153593518855,211.79704073017592,209.307183475368,210.98362731933594,63439
2025-07-09,214.26707497710282,214.26707497710282,209.5750270641677,210.49755859375,96353
2025-07-10,210.5471621462954,211.86649364772268,209.55518493948128,210.00157165527344,59340
2025-07-11,208.7615958655503,210.9935445351101,208.7615958655503,209.6444549560547,74847
2025-07-14,209.7039725319684,210.28925057944195,208.12673242793028,208.80128479003906,64126
2025-07-15,207.32322812521232,210.29915962940197,207.32322812521232,209.63453674316406,47346
2025-07-16,209.40638859692953,211.39034295545517,209.30718482445502,209.8329315185547,141654
2025-07-17,210.29915914865924,220.19908702511526,209.90237433688915,218.44329833984375,744828
2025-07-18,220.0999012169053,225.42681382199777,217.42155072576534,224.3753204345703,1009579
2025-07-21,223.19486581848537,228.89873461162443,222.64927534143274,227.9166717529297,578936
2025-07-22,228.1547493774149,237.399983878514,227.46036838484466,236.2592010498047,2666983
2025-07-23,237.28093610489069,240.05847520896268,231.32907308318087,234.02725219726562,1428296
2025-07-24,234.10661671951428,237.17182260230777,229.14673077206695,230.92236328125,222077
2025-07-25,228.84912324366374,233.08486987099732,225.98230991360484,229.97006225585938,305342
2025-07-28,230.13870459547712,232.37065323918327,224.0380510238952,225.2581787109375,300200
2025-07-29,225.2581731884849,234.00740378640327,224.1173903834026,233.0154266357422,384221
2025-07-30,235.07874747344115,237.8761303816823,231.17035496915162,237.03294372558594,367033
2025-07-31,233.21384054572601,242.29042566767407,232.12265959564272,237.3404541015625,774441
2025-08-01,237.0825358110661,247.94468243706064,237.0825358110661,241.8936309814453,1709288
2025-08-04,242.5384127236226,262.873944260777,242.2309022295141,260.7510986328125,5124792
2025-08-05,262.8739527734035,265.2348633061013,259.10445159744734,261.1181640625,1657594
2025-08-06,258.9060358597466,264.0543996842941,253.77751581636048,261.71331787109375,1103770
2025-08-07,259.1044356914953,261.8819595166673,255.13652721397006,260.1162414550781,488836
2025-08-08,260.1459966955442,265.6514575384421,256.42608253879195,257.6858825683594,1496041
2025-08-11,257.9140647043479,264.34208767670447,255.93011036046826,261.574462890625,842371
2025-08-12,260.8899873947762,292.13726725384635,260.26503695395644,288.28839111328125,12246568
2025-08-13,286.6814043543636,297.59315330902797,281.5231109212441,285.1239929199219,3473532
2025-08-14,286.0995405907319,288.6379015621128,281.70964460361716,287.3637390136719,672115
2025-08-18,290.95730475281465,294.2820722917214,288.47863731435683,289.3446960449219,606664
2025-08-19,290.3699738126752,292.82871279025125,287.03524243165714,291.5445861816406,434494
2025-08-20,291.0368999711105,292.4902344245996,280.8137381720401,287.43341064453125,383728
2025-08-21,287.7718765476236,296.641254618024,285.27331129266224,292.22149658203125,495322
2025-08-22,295.645797345232,298.62215440548874,273.1488383402455,275.44830322265625,1212527
2025-08-25,280.7141971375827,285.25340300144785,278.822866424044,281.0327453613281,751460
2025-08-26,279.1214777175154,290.36000816365134,275.657364621906,281.5105285644531,1027780
2025-08-28,281.4110216240287,284.56655077421664,276.732439453125,279.9676208496094,265374
2025-08-29,279.08165499265397,284.745713279248,276.86184235056226,283.8498229980469,384480
2025-09-01,284.2977926940613,297.6366883714781,282.406461954009,295.9444274902344,806018
2025-09-02,295.9444222683725,307.54132736825795,290.91746034029734,294.5508117675781,1103353
2025-09-03,291.8631353535163,300.97140887298593,290.9672146971505,297.3878173828125,530798
2025-09-04,306.5956643899535,306.5956643899535,289.1256963139119,290.27044677734375,569743
2025-09-05,291.6640445700738,293.40606531409304,288.92658340090077,290.96722412109375,235215
2025-09-08,291.0667773369495,292.01245790228234,277.7278815736162,280.7142028808594,354757
2025-09-09,281.7096438403606,284.84527514310946,273.94522057846524,276.48358154296875,291547
2025-09-10,277.67811365308813,279.6689944668663,268.2711896566139,271.05841064453125,407551
2025-09-11,272.4022703527284,273.3479509221788,268.22143873144324,270.5606994628906,211450
2025-09-12,270.75980865707965,273.54702983011776,267.3753171245526,270.90911865234375,181497
2025-09-15,271.35706606932337,275.5876878777348,267.07665401257793,274.144287109375,228988
2025-09-16,276.33427397513407,278.27536461840623,270.6602512797166,271.3072814941406,275844
2025-09-17,273.3976981351108,273.3976981351108,268.76890637871884,270.411376953125,193567
2025-09-18,270.41137346234245,271.20774399431616,268.2711827185667,268.918212890625,185073
2025-09-19,267.77346416068013,278.0264879976168,265.7825833862513,272.20318603515625,409558
2025-09-22,273.7461157521381,273.845665869916,268.8186735172273,269.1670837402344,146237
2025-09-23,269.36618225418357,270.61048277237694,267.2259914385771,268.4205017089844,116350
2025-09-24,267.026884004268,271.40681563452347,267.026884004268,268.81866455078125,232922
2025-09-25,267.4250492574546,269.61503022227464,259.3122163196839,260.65606689453125,333157
2025-09-26,259.8099582817898,260.55653862168003,250.8509942031074,251.89620971679688,260312
2025-09-29,251.8962066690233,262.79627646169354,249.40760556616632,254.58389282226562,428074
2025-09-30,252.84186776456343,255.38022869507938,250.85098691602354,253.1405029296875,144826
2025-10-01,253.1404994832635,253.8373047329226,249.40759794307348,251.6473388671875,129801
2025-10-03,251.0500737273128,254.4843401773356,248.9098828757782,253.04095458984375,204918
2025-10-06,252.04550960815465,255.52956624389836,249.05918836827317,254.1359405517578,156984
2025-10-07,252.94140404735433,265.5834785170311,251.0002831748305,259.8099365234375,468893
2025-10-08,261.8505963521722,268.71915971089334,256.724084146949,265.4839782714844,550063
2025-10-09,266.8775871030367,268.9680180953863,263.1944453365908,264.7373962402344,245066
2025-10-10,266.5789295013173,267.5743699107747,262.3980980086546,264.2894287109375,156613
2025-10-13,263.79172435001215,268.7689266962388,260.6560929475758,265.9319152832031,258066
2025-10-14,266.57893123551156,267.7734718860035,262.2985495983715,265.0360107421875,250592
2025-10-15,266.778030459066,271.7552325198695,256.4752161175167,257.52044677734375,320622
2025-10-16,257.5702064531012,262.29854840731275,256.1765959528092,258.3665466308594,201861
2025-10-17,258.3665486697169,260.6062896130706,253.78753185461193,256.57476806640625,234851
2025-10-20,259.16292225604496,262.7962737530812,253.3893647190811,261.4524230957031,234382
2025-10-21,261.502197284504,263.09487757335944,260.0090367298801,260.65606689453125,32763
2025-10-23,262.04969812390556,262.34831810714707,252.69256398168227,253.6382293701172,171449
2025-10-24,251.44825578923428,254.58388703182874,249.10896473006898,249.8555450439453,132817
2025-10-27,250.30349428389863,253.83731086515866,249.80577406651597,252.99118041992188,121089
2025-10-28,253.389365102813,253.389365102813,249.10896820569127,250.50257873535156,133148
2025-10-29,250.75143117588763,257.5702040049412,249.80576583187676,255.9774932861328,142324
2025-10-30,257.12225647494006,257.42090683745363,252.84187468479848,255.2807159423828,126109
2025-10-31,252.941416672069,259.71039937333506,250.55235055172625,255.7286376953125,277183
2025-11-03,255.8281822167875,260.70583408998186,250.85098022813403,258.5656433105469,286999
2025-11-04,261.9999246425518,268.37073710768476,247.46648877062253,250.1541748046875,2763924
2025-11-06,251.79665415419694,253.73775995811891,243.88290576022857,244.62948608398438,481044
2025-11-07,244.08199427824476,246.57059539280522,239.95092250376075,245.27651977539062,366604
2025-11-10,244.87835080583747,245.5253810229308,240.74727901223835,243.5345001220703,211774
2025-11-11,243.53450052782074,243.53450052782074,238.75639850916755,240.9961395263672,233751
2025-11-12,242.88745975810292,242.88745975810292,236.5664070862531,237.36276245117188,218460
2025-11-13,237.41254230404675,237.91026251852065,233.9285008027295,234.57553100585938,185555
2025-11-14,233.92850101163262,233.92850101163262,231.0417298407923,232.88328552246094,182611
2025-11-17,232.88327735403254,236.91481399130745,231.43989181923942,234.17735290527344,122498
2025-11-18,233.03261580746218,233.58009590449817,227.25905815003634,228.40380859375,219018
2025-11-19,227.95585004060362,231.73852657257015,227.10971963070577,228.30426025390625,150358
2025-11-20,229.54857422667953,230.99195984373202,227.9558634283497,228.40380859375,87432
2025-11-21,226.96042275278626,230.84263443471337,221.18686510105644,223.3768310546875,236899
2025-11-24,225.21839935095917,225.26817441075835,220.3407472749562,222.68002319335938,173456
2025-11-25,222.97865447329144,226.5124710083675,222.97865447329144,225.41748046875,164935
2025-11-26,225.964979883786,230.1458266940129,224.17318405391282,228.55313110351562,125641
2025-11-27,230.64354813408562,230.64354813408562,224.96954063381918,225.96498107910156,122084
2025-11-28,225.11884900534847,226.81110990152646,223.67546340791634,224.3722686767578,79313
2025-12-01,223.07820648559616,229.03093600526756,223.07820648559616,226.15411376953125,207197
2025-12-02,225.26817122946068,225.91520143006505,222.08276490710415,223.69537353515625,132310
2025-12-03,223.97409611800643,225.21839665199536,220.39050450443213,221.1470489501953,105484
2025-12-04,221.88365863389402,222.8790990318733,218.99688755544014,221.50540161132812,115467
2025-12-05,221.0873286383328,223.4564665658529,219.83306395807696,221.7841339111328,146043
2025-12-08,221.8438532308672,225.69620280652111,212.68580437902912,216.99606323242188,327038
2025-12-09,215.01513227259824,219.992334408538,213.5717466910188,219.46475219726562,106934
2025-12-10,217.91187437605788,220.84842069025618,216.01057945525645,216.56802368164062,72862
2025-12-11,216.5082884282465,218.9968894446631,214.65676866446393,218.03131103515625,70185
2025-12-12,218.00144902364966,222.61034296629668,217.85213903836063,220.5597381591797,96393
2025-12-15,224.9695339713287,225.65639028850677,220.19141693763441,221.28640747070312,171628
2025-12-16,221.28641180900956,221.54522085407459,216.57798280293633,217.6829071044922,115782
2025-12-17,217.6032755185303,217.6032755185303,214.5174042311663,215.6920166015625,97302
2025-12-18,215.68206921259753,217.20509180640488,214.18890861559308,214.76626586914062,106426
2025-12-19,215.01512681142188,217.5037278161837,213.77082630904096,215.5626220703125,102559
2025-12-22,216.70737883928146,223.6256867984343,216.01057357526886,219.41497802734375,132570
2025-12-23,219.64391654777955,222.97864793861902,218.15075595890488,222.41123962402344,173185
2025-12-24,221.98322042311688,227.84636406797947,221.98322042311688,226.74142456054688,145798
2025-12-26,229.84718408499683,231.54939386558704,223.97409175467152,224.7505340576172,270060
2025-12-29,224.75053740551982,226.56224626552384,223.19765277649665,223.72523498535156,101990
2025-12-30,223.5759215135092,223.5759215135092,219.99232997221242,220.54977416992188,106790
2025-12-31,220.24119498629915,225.67630641362265,220.24119498629915,224.4817657470703,92167
2026-01-01,223.97409590970082,224.0537329665079,220.7389145243385,221.15699768066406,87386
2026-01-02,220.987768486907,222.67006519079794,220.0918782038623,221.4954376220703,142533
2026-01-05,221.98320829650808,222.9288736348161,219.34529732293063,222.37142944335938,154085
2026-01-06,222.132518130525,222.88906255203364,219.4946071587252,219.85296630859375,107079
2026-01-07,218.99688566813373,221.18685148697207,216.60783480925824,219.92263793945312,288732
2026-01-08,219.49462065777212,223.77501765855598,217.50373974477645,220.7886962890625,247003
2026-01-09,219.6937040105902,222.4809403050515,216.60784773286397,217.52365112304688,260729
2026-01-12,217.01595629862697,217.0955933533925,211.28222505844457,213.89027404785156,153125
2026-01-13,214.019695961885,214.82600029314128,211.1329247432017,213.35275268554688,180423
2026-01-14,212.02881125894433,216.01057297272732,212.02881125894433,215.24407958984375,1007740
2026-01-16,215.25404009146234,216.14993038629515,213.4224181901534,215.4431610107422,105170
2026-01-19,215.44317107023465,215.51285919313,212.63603687659634,213.21339416503906,133608
2026-01-20,211.7799450308437,214.31832108785778,210.03792433141254,210.53564453125,207810
2026-01-21,209.04249213838452,213.92014421259387,207.5493314802532,211.76004028320312,170676
2026-01-22,211.3320067437726,214.3183280396642,211.3320067437726,213.52197265625,78926
2026-01-23,213.35275245629757,214.22874490867957,210.11757100918715,210.84423828125,122288
2026-01-27,210.43609722988862,213.02424837934245,207.48960211340594,211.22250366210938,183577
2026-01-28,212.02880876647316,220.93799745848895,209.34112267910743,215.38343811035156,334751
2026-01-29,215.0151322015924,216.41870684887562,212.27767102772953,213.58169555664062,163845
2026-01-30,213.7708254590244,220.78868330239067,211.0731752973346,218.9769744873047,195971
2026-02-02,212.22790267580046,217.82228838022098,207.788246737658,216.56802368164062,219136
2026-02-03,219.79325287143797,220.3706101511343,214.1192453836856,218.4294891357422,154302
2026-02-04,217.3544181343249,223.3370094899877,214.03959976865931,222.28184509277344,229854
2026-02-05,220.29096270215786,224.72066942710836,217.5037265551414,221.52529907226562,183098
2026-02-06,220.98777426935874,242.33001940384517,209.44065926788625,214.44772338867188,3271977
2026-02-09,216.00061940780242,226.56224273485145,209.24157053753729,220.54977416992188,2015068
2026-02-10,218.84758764001444,219.99233807467144,215.2142209066997,217.5833740234375,561751
2026-02-11,218.8973494201352,218.8973494201352,215.52280689386652,218.32000732421875,332794
2026-02-12,219.0,220.8000030517578,215.5500030517578,218.94000244140625,290098
2026-02-13,217.10000610351562,217.91000366210938,214.75,216.47000122070312,214480
2026-02-16,215.00999450683594,216.0,212.75,214.97000122070312,236441
2026-02-17,214.10000610351562,220.60000610351562,214.0,217.39999389648438,2343348
2026-02-18,218.88999938964844,221.14999389648438,217.10000610351562,217.75,334245
2026-02-19,218.0,218.6999969482422,213.5,213.85000610351562,283659
2026-02-20,213.00999450683594,215.6999969482422,210.50999450683594,213.47999572753906,580966
2026-02-23,218.88999938964844,221.1999969482422,216.2899932861328,219.74000549316406,709260
2026-02-24,219.5500030517578,219.5500030517578,214.8000030517578,217.60000610351562,294183
2026-02-25,218.14999389648438,218.60000610351562,215.50999450683594,217.36000061035156,208226
2026-02-26,217.89999389648438,218.24000549316406,215.25,216.35000610351562,154823
2026-02-27,218.1300048828125,218.1300048828125,213.5,214.2100067138672,215741
2026-03-02,207.8000030517578,210.57000732421875,205.1999969482422,205.4199981689453,242560
2026-03-04,203.5,206.36000061035156,199.0,205.64999389648438,315327
2026-03-05,206.0,206.0,202.0,203.88999938964844,176598
2026-03-06,203.88999938964844,204.60000610351562,200.30999755859375,203.9600067138672,246128
2026-03-09,200.0,201.97999572753906,196.52999877929688,198.1699981689453,235892
2026-03-10,201.35000610351562,201.35000610351562,197.75,199.3699951171875,521683
2026-03-11,199.57000732421875,203.89999389648438,199.57000732421875,201.9499969482422,364923
2026-03-12,200.0,204.66000366210938,197.75,202.97000122070312,313052
2026-03-13,202.0,207.49000549316406,201.92999267578125,204.92999267578125,408305
2026-03-16,204.4499969482422,207.3000030517578,202.5,206.41000366210938,327951
2026-03-17,206.25,206.3300018310547,204.5,205.25999450683594,109417
2026-03-18,205.0500030517578,209.5800018310547,205.0500030517578,209.0399932861328,220219
2026-03-19,205.85000610351562,212.9499969482422,205.63999938964844,210.0399932861328,338392
2026-03-20,211.0,216.75,210.0,216.38999938964844,594496
2026-03-23,213.0,216.24000549316406,211.5500030517578,213.82000732421875,744565
2026-03-24,214.55999755859375,215.9499969482422,205.5,210.1300048828125,295779
2026-03-25,212.0,213.24000549316406,208.00999450683594,208.72000122070312,193193
2026-03-27,208.72000122070312,209.8699951171875,205.0500030517578,206.72000122070312,313298
2026-03-30,204.14999389648438,204.77999877929688,199.36000061035156,203.24000549316406,303630
2026-04-01,205.11000061035156,207.30999755859375,203.4499969482422,205.82000732421875,149043
2026-04-02,205.0,207.83999633789062,200.47999572753906,206.8800048828125,119982
2026-04-06,210.0,210.91000366210938,204.3000030517578,210.4199981689453,75555
2026-04-07,207.0,211.99000549316406,205.82000732421875,209.6300048828125,114865
2026-04-08,215.0,219.0,213.0500030517578,214.5,144335
2026-04-09,213.5500030517578,215.08999633789062,211.1999969482422,212.02999877929688,76048
2026-04-10,215.0,217.0,213.0,216.39999389648438,87233
2026-04-13,210.39999389648438,216.0,210.39999389648438,214.69000244140625,125230
2026-04-15,217.4499969482422,221.5500030517578,215.5399932861328,219.8300018310547,239366
2026-04-16,220.85000610351562,224.10000610351562,219.47999572753906,221.94000244140625,162045
2026-04-17,221.89999389648438,223.3000030517578,220.8000030517578,222.36000061035156,117850
2026-04-20,222.0,223.10000610351562,219.00999450683594,221.02000427246094,211304
2026-04-21,220.11000061035156,229.5,220.11000061035156,226.27999877929688,239608
2026-04-22,225.89999389648438,231.6999969482422,224.0,229.9199981689453,205628
2026-04-23,231.5,239.0,229.33999633789062,235.1199951171875,674344
2026-04-24,235.1199951171875,236.97000122070312,225.35000610351562,231.75,253862
2026-04-27,230.0,236.66000366210938,228.32000732421875,235.17999267578125,178213
2026-04-28,235.0,237.80999755859375,231.3699951171875,232.33999633789062,136275
2026-04-29,234.8699951171875,234.8699951171875,225.77000427246094,226.5800018310547,204823
2026-04-30,226.5800018310547,232.0,223.5,230.2899932861328,100695
2026-05-01,230.2899932861328,230.2899932861328,230.2899932861328,230.2899932861328,0
2026-05-04,232.85000610351562,242.35000610351562,229.85000610351562,238.25,656134
2026-05-05,242.97999572753906,242.97999572753906,231.32000732421875,234.35000610351562,241951
2026-05-06,237.8000030517578,237.8000030517578,231.00999450683594,234.38999938964844,198859
2026-05-07,235.8000030517578,239.91000366210938,234.2100067138672,238.55999755859375,168814
2026-05-08,237.89999389648438,239.6300048828125,234.52999877929688,236.4499969482422,184396
2026-05-11,235.5,235.5,227.5,228.4499969482422,133808
2026-05-12,227.58999633789062,228.13999938964844,218.72000122070312,219.99000549316406,83281
2026-05-13,219.99000549316406,221.86000061035156,216.0399932861328,216.8000030517578,215802
2026-05-14,219.64999389648438,224.8000030517578,214.75,215.61000061035156,196953
2026-05-15,215.10000610351562,217.7899932861328,214.75,215.1199951171875,96624
2026-05-18,213.1999969482422,214.24000549316406,208.6699981689453,212.41000366210938,95853
2026-05-19,214.6999969482422,214.6999969482422,209.9499969482422,210.72000122070312,180729
2026-05-20,209.5,214.8000030517578,208.25999450683594,213.3699951171875,113260
2026-05-21,217.60000610351562,217.64999389648438,214.30999755859375,215.2899932861328,69791
2026-05-22,217.0,225.89999389648438,213.52999877929688,220.99000549316406,722548
2026-05-25,228.3000030517578,228.6999969482422,213.75,218.10000610351562,773673
2026-05-26,218.10000610351562,218.3000030517578,215.0,215.3000030517578,176181
2026-05-27,217.5,223.5500030517578,215.0,216.57000732421875,223656
2026-05-28,216.57000732421875,216.57000732421875,216.57000732421875,216.57000732421875,0
2026-05-29,216.57000732421875,222.1300048828125,216.57000732421875,217.9499969482422,312342
2026-06-01,220.0,220.00999450683594,212.0,213.8699951171875,193578
2026-06-02,212.8000030517578,214.74000549316406,209.75,211.41000366210938,271907
2026-06-03,210.0,210.77999877929688,208.25,209.0,356834
2026-06-04,208.50999450683594,209.97000122070312,208.50999450683594,208.99000549316406,189557
2026-06-05,210.0,210.42999267578125,208.25,209.05999755859375,450586
2026-06-08,208.88999938964844,209.10000610351562,207.75,208.61000061035156,120921
2026-06-09,208.0,209.39999389648438,207.0,207.50999450683594,233946
2026-06-10,207.1999969482422,212.3800048828125,207.1999969482422,207.83999633789062,1011392
2026-06-11,207.83999633789062,210.47999572753906,206.0,207.6699981689453,906405
2026-06-12,208.3000030517578,221.3000030517578,208.3000030517578,218.57000732421875,1739140
2026-06-15,219.89999389648438,220.0,212.7100067138672,213.9499969482422,597923
2026-06-16,215.0,215.94000244140625,211.42999267578125,213.77000427246094,630122
2026-06-17,216.00999450683594,218.3000030517578,213.77000427246094,214.77000427246094,471950
2026-06-18,214.97999572753906,216.5,212.0500030517578,215.14999389648438,307563
2026-06-19,216.3000030517578,216.9499969482422,212.1999969482422,213.25,293430
2026-06-22,215.0,215.0,211.8000030517578,212.25999450683594,291176
2026-06-23,214.0,214.0,209.5,210.3699951171875,258786
2026-06-24,210.41000366210938,215.25,210.41000366210938,212.33999633789062,1357868
2026-06-25,213.8800048828125,213.8800048828125,210.0800018310547,210.64999389648438,266647
2026-06-26,210.64999389648438,210.64999389648438,210.64999389648438,210.64999389648438,0
2026-06-29,210.0,211.08999633789062,208.0,208.52999877929688,195283
2026-06-30,207.5,209.42999267578125,207.22999572753906,207.72000122070312,168518
2026-07-01,207.92999267578125,209.7899932861328,205.75,206.30999755859375,244214
2026-07-02,206.97999572753906,209.5,206.02000427246094,208.3699951171875,157563
2026-07-03,209.6199951171875,210.75,206.77000427246094,209.69000244140625,192108
2026-07-06,211.0,211.0,207.00999450683594,207.6199951171875,202836
2026-07-07,207.6199951171875,207.6199951171875,205.0,205.27999877929688,249553
2026-07-08,205.0,206.0800018310547,201.7100067138672,202.41000366210938,190219
2026-07-09,204.42999267578125,207.1999969482422,203.39999389648438,204.92999267578125,92263
2026-07-10,207.0,207.0,204.5,205.25999450683594,157943
2026-07-13,205.25999450683594,206.67999267578125,204.0,206.30999755859375,111652
2026-07-14,205.27999877929688,206.2899932861328,204.30999755859375,205.52999877929688,100923
2026-07-15,205.52999877929688,208.99000549316406,204.8000030517578,206.36000061035156,314682
2026-07-16,208.75,210.0,205.39999389648438,207.07000732421875,181321
2026-07-17,207.07000732421875,207.25,204.14999389648438,205.4499969482422,85966
2026-07-20,206.35000610351562,212.9199981689453,204.4600067138672,208.9499969482422,637102
2026-07-21,208.1999969482422,209.75,207.0,208.39999389648438,220100
2026-07-22,208.0,208.00999450683594,205.1999969482422,205.7100067138672,145740
2026-07-23,205.89999389648438,205.89999389648438,203.1199951171875,204.00999450683594,81865
2026-07-24,203.10000610351562,205.38999938964844,201.8300018310547,204.8800048828125,86528
2026-07-27,204.13999938964844,206.7899932861328,201.10000610351562,202.8300018310547,283032
2026-07-28,204.0500030517578,204.30999755859375,201.75,202.00999450683594,82509
2026-07-29,202.5500030517578,204.0,201.88999938964844,203.25999450683594,60150
2026-07-30,203.4600067138672,203.4600067138672,200.10000610351562,202.52999877929688,123814
2026-07-31,205.0,205.0,202.30999755859375,202.77999877929688,151571
2026-08-03,203.1999969482422,206.94000244140625,203.0,203.9600067138672,168528
2026-08-04,204.39999389648438,204.9499969482422,202.77999877929688,203.72000122070312,110212
2026-08-05,203.5,204.89999389648438,203.5,204.5500030517578,83402
2026-08-06,205.5,205.5,203.00999450683594,203.33999633789062,114840
2026-08-07,203.33999633789062,204.49000549316406,196.5,201.9600067138672,693029
2026-08-10,203.10000610351562,203.10000610351562,197.9600067138672,198.94000244140625,172722
2026-08-11,199.4499969482422,200.99000549316406,195.91000366210938,197.97999572753906,183219
2026-08-12,199.42999267578125,201.3800048828125,197.61000061035156,199.75,176109
2026-08-13,201.3000030517578,201.8000030517578,199.0,201.3000030517578,95504
2026-08-14,201.3000030517578,201.3000030517578,199.5,200.05999755859375,29918
2026-08-17,200.05999755859375,203.5500030517578,198.1199951171875,199.05999755859375,267294
2026-08-18,197.10000610351562,202.0399932861328,195.75,199.02000427246094,375299
2026-08-19,198.61000061035156,198.61000061035156,193.42999267578125,193.94000244140625,349565
2026-08-20,193.94000244140625,196.0399932861328,191.5,194.3699951171875,384194
2026-08-21,196.0,196.0,192.30999755859375,194.6199951171875,144503
2026-08-24,194.8300018310547,196.0800018310547,192.89999389648438,194.85000610351562,300566
2026-08-25,195.0,196.1999969482422,193.0,194.83999633789062,112447
2026-08-26,194.83999633789062,195.47999572753906,190.8000030517578,191.16000366210938,231489
2026-08-27,191.39999389648438,192.60000610351562,186.0,188.67999267578125,434910
2026-08-28,190.99000549316406,191.97999572753906,185.3000030517578,187.7899932861328,336872
2026-08-31,186.0,192.99000549316406,180.1199951171875,184.75999450683594,2762342
2026-09-01,184.9499969482422,187.27999877929688,182.8000030517578,185.6300048828125,161551
2026-09-02,185.39999389648438,185.6300048828125,182.41000366210938,184.10000610351562,106376
2026-09-03,182.0,186.0,182.0,184.47000122070312,115959
2026-09-04,184.47000122070312,192.8000030517578,184.0,190.19000244140625,192236
2026-09-08,195.0,196.33999633789062,193.6999969482422,194.8300018310547,289777
2026-09-09,194.94000244140625,194.94000244140625,190.39999389648438,192.32000732421875,260534
2026-09-10,192.3000030517578,195.47999572753906,190.5,194.67999267578125,219251
2026-09-11,194.0,195.89999389648438,193.10000610351562,195.13999938964844,240287
2026-09-15,195.13999938964844,195.91000366210938,184.0,184.92999267578125,272570
2026-09-16,184.92999267578125,187.88999938964844,183.60000610351562,187.3000030517578,254340
