Date,Open,High,Low,Close,Volume
2019-09-17,59.75228256625957,59.798533286822746,58.734830225692285,59.15106201171875,12557507
2019-09-18,59.24355697631836,59.659785213197786,58.31859553760181,59.24355697631836,10420154
2019-09-19,59.28980525800127,60.21476324036282,58.8273262668205,59.891029357910156,18037975
2019-09-20,60.26101853535295,63.35962660003928,59.2898097574219,62.01844024658203,18160706
2019-09-23,62.66589517438504,63.68334741159914,60.72348507481838,62.15716552734375,13710399
2019-09-24,62.619642953894584,62.8508824139265,60.445993440968266,61.41720199584961,7243291
2019-09-25,60.492252523450794,61.00097517177025,58.133606882112936,59.0123176574707,16576534
2019-09-26,59.28980154648187,59.42854664652459,58.08735695037138,58.873573303222656,10135989
2019-09-27,58.91981894303623,59.19730560738397,57.25489542851544,57.439884185791016,5874118
2019-09-30,57.809871673583984,58.08735835193028,56.42243475341797,57.809871673583984,7001421
2019-10-01,57.80987458354881,58.13360846984279,54.34128210853588,54.89625549316406,9081992
2019-10-03,54.52627441289018,55.26624010187266,54.20253699816147,54.89625549316406,5139225
2019-10-04,55.3124836935167,55.451228794855055,53.462567827322594,53.647560119628906,4218735
2019-10-07,53.878797237765944,54.57251565713632,52.49136039902519,53.832550048828125,8486582
2019-10-09,54.11003843315207,57.116151679438296,53.69380666259478,56.83866500854492,12749464
2019-10-10,56.5149265955026,57.4398845006888,55.86745888461978,56.9774055480957,7059183
2019-10-11,57.347398182855486,57.347398182855486,56.14495344277291,56.51493453979492,6976429
2019-10-14,56.191191624685324,56.97740441711378,55.08124145480715,55.31248092651367,4814837
2019-10-15,55.49747099936258,55.77495764867256,54.711258238245286,55.266231536865234,4933745
2019-10-16,55.49748052698764,55.543727721739835,53.4625722019778,53.74005889892578,7716452
2019-10-17,53.78630466878752,55.68246770648323,53.27757498805926,55.35873031616211,11906599
2019-10-18,55.49747246879886,55.959951406038854,54.75750687490173,55.45122528076172,10786215
2019-10-22,55.35873554366646,56.144951970030334,54.43377753272176,54.75751495361328,8748155
2019-10-23,55.08124285506027,57.57862991866516,54.80375618764515,56.51492691040039,9254939
2019-10-24,56.8849153911132,56.8849153911132,54.11004146959548,54.71126556396485,5162218
2019-10-25,55.17374701503455,55.17374701503455,52.953846367302106,53.27758026123047,4657499
2019-10-27,54.0637949786424,54.20253655945914,53.32382929564903,53.78630828857422,674171
2019-10-29,54.11003655648163,54.85000216267827,53.55506323394273,54.06378936767578,14361888
2019-10-30,54.2950354539345,54.57252214900521,53.87880364711107,54.20253753662109,4477801
2019-10-31,54.48002503805224,55.21999069741359,54.01754605989708,54.850006103515625,8154223
2019-11-01,55.12748659188427,55.77495779425367,54.71125838104997,55.03499221801758,6997405
2019-11-04,55.26622933218454,56.23743433024323,54.75750324067132,55.2199821472168,9648773
2019-11-05,55.589971517273206,55.63622223763205,54.06379301316477,54.2950325012207,5308306
2019-11-06,54.29503014232541,54.8037562882595,53.55506451838178,54.48002243041992,8233444
2019-11-07,54.94250599550371,54.94250599550371,53.18508440382937,54.34128189086914,9181608
2019-11-08,55.08124542236328,55.821211079437745,54.248785381317475,55.08124542236328,25224076
2019-11-11,56.2374379407126,56.2374379407126,52.35261417063631,53.18507766723633,24360351
2019-11-13,53.50881612684097,53.60131403912767,50.91893456620115,51.242671966552734,10060059
2019-11-14,51.15017842802427,51.75140255977638,50.271467592553826,50.54895782470703,6076033
2019-11-15,50.87268479373477,51.28891655682493,50.13271917514914,50.41020584106445,5676494
2019-11-18,50.41021020924791,52.35262056740468,50.41021020924791,51.751399993896484,7099868
2019-11-19,51.79764190810678,52.07512856978477,51.19641786744252,51.566402435302734,3922027
2019-11-20,51.47391145461762,51.65890022232188,50.965181758127216,51.242671966552734,4758920
2019-11-21,51.19641908108315,51.98263542431523,50.45645345625575,50.73394012451172,7025549
2019-11-22,51.05768365794024,51.56640986572681,50.59520464569157,51.011436462402344,8206981
2019-11-25,51.01143807134373,51.89014539958346,51.01143807134373,51.75140380859375,5254263
2019-11-26,52.02888397448752,52.815096809839304,51.24267113913574,52.398868560791016,13251685
2019-11-27,52.72259756172338,53.18507648770341,52.30636582265451,52.53760528564453,6969108
2019-11-28,52.352616386577566,52.537608674589364,51.520156383176094,52.21387481689453,12572613
2019-11-29,52.53761095985053,54.526271967719175,52.30637147188602,53.04633712768555,13401893
2019-12-02,53.04633393376396,53.09258465131976,51.38141042635148,52.121376037597656,12052254
2019-12-03,52.26012265507054,52.26012265507054,50.87268577042265,51.288917541503906,5536309
2019-12-04,50.87268835145104,51.93639142835524,50.78019396582226,51.65890121459961,3605231
2019-12-05,51.93639305636641,51.93639305636641,51.1039294458742,51.61265563964844,7119298
2019-12-06,53.04633513519434,53.04633513519434,49.207761896226096,49.48524856567383,14587403
2019-12-09,49.48525086779816,50.54895393333962,48.32905341761596,48.51404571533203,8338162
2019-12-10,48.74527974336195,49.7164847870026,47.21909786875935,47.5428352355957,18892627
2019-12-11,47.31160146882551,49.11526668345866,47.31160146882551,48.8377799987793,7113895
2019-12-12,48.74528367328836,49.71648879522919,48.606538572253456,49.34650421142578,5730574
2019-12-13,49.57774641396612,50.50270439578216,48.930278649442634,49.947731018066406,13996578
2019-12-16,50.08647543120473,51.38141447070468,49.993977517246755,50.87268829345703,13368024
2019-12-17,50.87268602536511,51.9826362443327,50.54895216203204,51.84389114379883,7255855
2019-12-18,52.028881536947715,52.028881536947715,50.68769188497508,51.33516311645508,5634510
2019-12-19,50.826442183540365,51.84389455971223,50.4564575766953,51.52016067504883,6911871
2019-12-20,51.473909831810516,51.89013807445732,51.103925251197296,51.288917541503906,5836678
2019-12-23,50.87268401689059,51.79764190810678,50.87268401689059,51.566402435302734,6340544
2019-12-24,52.21387793893385,52.39887023800694,51.56640665639532,51.89014053344727,7649247
2019-12-26,51.79764937185114,52.30637557963772,50.8726913473538,51.011436462402344,4026238
2019-12-27,51.15017486558951,52.07513283252037,51.15017486558951,51.89014053344727,2983035
2019-12-30,51.70514867118789,52.445114294800675,51.520156383176094,52.21387481689453,3198070
2019-12-31,52.260128021240234,52.630112639844185,52.07513571193826,52.260128021240234,3504310
2020-01-01,52.53760703136711,53.50881210250959,52.398865466023494,53.27757263183594,3878107
2020-01-02,53.555065737693,53.786305220967265,52.53760989422555,53.647560119628906,12142359
2020-01-03,53.64755645355621,54.15628257630825,53.00008523894713,53.416316986083984,9746134
2020-01-06,52.76885403884192,53.18508585119037,51.751401633932204,52.49136734008789,3833784
2020-01-07,52.815094303157494,53.23132606088533,51.84388922074878,52.35261535644531,3974582
2020-01-08,51.7976416015625,52.49136001586914,51.52015494152671,52.02888107299805,3078686
2020-01-09,52.306372722953114,53.83255479139605,52.306372722953114,53.46257019042969,6282472
2020-01-10,53.4163215751574,55.0349979865258,53.04633698404222,54.52627182006836,10571670
2020-01-13,54.757508781092525,55.35872930337334,54.43377139669418,54.942501068115234,5570014
2020-01-14,55.035000924208624,55.82121381175199,54.757514230277714,55.682472229003906,5841008
2020-01-15,55.77496390657636,56.51492956390455,55.40498284212956,56.32994079589844,5808570
2020-01-16,56.51493014545289,56.7461696362746,55.821211672987744,56.42243576049805,14551255
2020-01-17,56.51492819831915,57.439886129738014,56.23744152458038,56.93115997314453,6414265
2020-01-20,56.93116246167299,57.06990756882433,55.40498392518148,55.72871780395508,8384043
2020-01-21,55.12749261434895,55.774963887452074,54.89625312598602,55.08124542236328,6250007
2020-01-22,55.40498018127807,55.49747456083904,54.48002227193075,54.71126174926758,8871316
2020-01-23,54.57251977142005,55.72871722420437,54.48002538657114,55.63622283935547,8476777
2020-01-24,55.49747547451997,57.301144133128766,55.26623599337614,56.60742568969727,6085340
2020-01-27,56.23744143362044,57.34739165521472,55.82120965946827,56.14494705200195,7343803
2020-01-28,56.14494543747379,57.1623977197568,55.72871367529096,56.191192626953125,7799785
2020-01-29,56.746169052346765,57.347393133670366,55.867461819014,56.32994079589844,5292349
2020-01-30,56.09869693988422,56.93115691640417,54.57251502361285,55.77495956420898,15197956
2020-01-31,55.95994761455353,56.05244198436099,53.277568548928585,53.740047454833984,7977888
2020-02-03,50.96518209779457,52.16763026649358,50.5489538392514,50.78019332885742,5011428
2020-02-04,51.15016965030149,52.53760645923428,50.502698433779344,52.167625427246094,8418747
2020-02-05,52.63010610813967,53.04633434186922,51.9363876806779,52.9075927734375,4115182
2020-02-06,52.76885490961013,53.83255805556062,52.58386259790985,53.370079040527344,3658979
2020-02-07,53.092586771144475,53.83255241193522,53.046336051742024,53.647560119628906,3340932
2020-02-10,53.37007188411886,53.78630364752314,51.75139554855116,52.67635345458984,3640927
2020-02-11,52.72259800132367,53.508810770671474,52.58385291099913,53.323822021484375,3188511
2020-02-12,53.462569185016555,53.87880097116743,51.56640607970102,51.797645568847656,4132841
2020-02-13,51.658903199325884,51.75140111694306,50.64145080458037,51.150177001953125,6687073
2020-02-14,51.15017420669381,51.42766088751167,49.531497785415944,49.76273727416992,7158438
2020-02-17,49.85523828675134,49.90148548169089,47.63533764530495,47.8665771484375,5167878
2020-02-18,47.866571877666544,48.05156416548933,46.8028688690113,47.68157958984375,5096324
2020-02-19,48.09781374381607,48.42154761725638,46.98786349019493,47.49658966064453,7216081
2020-02-20,47.959060801461376,48.69902986857248,47.080353709026454,47.727821350097656,22312622
2020-02-24,47.63533442719872,48.69903748112164,47.03411034829715,47.959068298339844,8835835
2020-02-25,48.236555703111016,48.976521314459426,47.68157884827394,47.8203239440918,7099808
2020-02-26,47.265351582247575,47.31160230420631,45.13794892422944,45.64667510986328,22209900
2020-02-27,45.7391669962357,45.9241592743818,43.9354984590712,45.60042190551758,18385687
2020-02-28,44.120491633528225,44.9067044210783,42.59430971836125,43.195533752441406,24044762
2020-03-02,43.56551737396386,44.21298863484686,40.00443073175911,40.51315689086914,17866454
2020-03-03,41.02187977730656,41.66935098653514,40.14317263096158,41.06813049316406,11775256
2020-03-04,40.7443973154783,41.85434756998243,40.096926039648004,41.391868591308594,8268039
2020-03-05,41.11438225231088,42.36307409375914,40.605656077218434,40.92938995361328,11568670
2020-03-06,40.050674584351995,40.83689088147102,38.339503956774834,39.819435119628906,8034080
2020-03-09,38.89448500786389,39.079477322176565,35.51839026750604,36.76708221435547,12055075
2020-03-11,36.44334514738956,37.04456570617677,34.96341028977993,35.055908203125,13031174
2020-03-12,33.298482913275436,38.24700604595796,31.30982210569224,37.32204818725586,41974955
2020-03-13,35.05590900610552,39.58820101079102,32.003544836059234,38.98698043823242,36149525
2020-03-16,37.73828466101204,38.339508755923994,36.674585107197736,37.41455078125,11109146
2020-03-17,37.41454790896538,39.35695809528965,35.610879291130345,36.0271110534668,9356819
2020-03-18,36.582090354944526,36.952074988170665,32.09604520136117,32.466026306152344,12710992
2020-03-19,30.70860415285697,33.94595692590201,30.292372376349995,31.63356208801269,11396652
2020-03-20,31.77230747307656,34.68592672974949,31.448573568306205,33.94596099853516,12777728
2020-03-23,31.77230421821468,32.373528297979554,28.85868878845726,30.43111801147461,7631822
2020-03-24,30.66235836023275,32.32728201375988,28.85868959873059,31.81855583190918,11652363
2020-03-25,31.726056270631464,32.974751592299434,31.44856959751674,32.37352752685547,5874349
2020-03-26,32.697259018328104,33.06724357459234,30.939841197158557,32.55851745605469,11152198
2020-03-27,33.15973670994587,34.084694537597734,30.754847769424646,31.402318954467773,9984277
2020-03-30,31.402322598589333,31.402322598589333,29.64490111073498,29.876140594482422,9090303
2020-03-31,30.338615714582527,31.078581263048623,30.01488188976425,30.384862899780277,7034191
2020-04-01,29.876139148251937,30.33861809335935,28.997430211078154,29.18242073059082,5645202
2020-04-03,29.36741274575776,29.506156075177756,27.702489264283553,27.887479782104492,10639666
2020-04-07,29.413665273767382,31.726060397938323,28.488707224099006,31.124839782714844,12216361
2020-04-08,31.124838321034822,33.71472003279365,30.47736701098642,32.974754333496094,13337227
2020-04-09,33.57597494755643,34.22344625812687,32.928503636986,33.76096725463867,6744006
2020-04-13,33.89970825880817,34.13094773252873,32.37352632087872,33.205989837646484,4971715
2020-04-15,33.85346109853153,34.68592470277195,31.957297920466942,32.419776916503906,8241923
2020-04-16,32.41977651489832,32.83600831186238,31.91105033124654,32.09604263305664,9452838
2020-04-17,32.92850258197082,33.57597387179655,31.49481842277898,31.81855583190918,11813368
2020-04-20,32.04979497712212,32.04979497712212,30.708605218900274,31.032339096069336,24632398
2020-04-21,30.431114780999728,30.66235424429476,29.737396391114636,30.014883041381836,11655125
2020-04-22,29.968637466430664,30.801097462010503,29.32116622869009,29.968637466430664,11600499
2020-04-23,30.153630162839598,30.89359940458657,29.968641380837692,30.24612808227539,8034445
2020-04-24,30.153626132387465,30.153626132387465,28.488702617866664,28.719942092895508,13995409
2020-04-27,29.1361738536343,29.598652803691987,28.44245542854777,28.719942092895508,10333713
2020-04-28,29.04367727119915,29.08992622403525,28.211215526538176,28.39620780944824,10619659
2020-04-29,28.766193389892578,29.136176227236238,28.67369723950233,28.766193389892578,14334699
2020-04-30,29.043678555551473,29.73739876503292,28.719942928251395,29.3211669921875,32595506
2020-05-04,29.136176959875154,29.136176959875154,27.74873996178586,27.841236114501957,15845975
2020-05-05,28.534953520242883,29.13617584353588,28.07247453859945,28.211217880249023,11702153
2020-05-06,28.44245644273429,28.44245644273429,26.685036722693344,26.823780059814453,31848464
2020-05-07,26.91627620596761,27.240011835395023,26.638787767508145,26.823780059814453,13470518
2020-05-08,27.563744050108276,27.563744050108276,25.57508496587252,26.361299514770508,20376200
2020-05-11,26.823781591947274,26.823781591947274,25.112608965134754,25.251352310180664,36502236
2020-05-12,25.205105126140555,26.45379876046255,24.973865629570454,26.26880645751953,27226330
2020-05-13,27.748737467365768,28.673695382944626,26.68503621729352,28.02622413635254,53613887
2020-05-14,28.67369579171605,30.70860394068601,28.211216827333526,28.581199645996094,69089712
2020-05-15,28.67369546919046,29.413661098192357,27.51749807123923,29.043678283691406,36969885
2020-05-18,29.55240350799032,29.69114506605803,27.97997448418406,28.95117950439453,33654540
2020-05-19,29.13617422668329,30.384865996453097,28.30371245876436,30.01488494873047,37940322
2020-05-20,31.587317832653266,32.00354611940981,30.338622387079127,30.754854202270508,91642146
2020-05-21,31.124835884277836,31.356075367731805,30.107380040019677,30.38486671447754,35022500
2020-05-22,30.061133490668404,31.541064804989016,29.50615836568953,31.217330932617188,40498597
2020-05-26,31.217326050871737,33.29848112092985,31.07858096816092,33.06724166870117,51052291
2020-05-27,33.29848112092985,33.71471284062828,32.697257133761674,33.06724166870117,41541291
2020-05-28,33.25223270667426,34.68591655179501,33.205985523625316,34.130943298339844,45712056
2020-05-29,33.483475175863994,34.36218584692842,32.92849834382816,33.80720901489258,149706283
2020-06-01,34.7784191028589,37.04456688992537,34.40843802295981,36.489593505859375,64630249
2020-06-02,38.339507957063454,39.72694489016514,37.55329157791175,39.35696029663086,75507939
2020-06-03,40.09692191641446,40.46690647268123,38.01576672639085,38.570743560791016,70317645
2020-06-04,38.01576474140097,39.95817826772725,37.27579919593888,39.31070709228516,81866339
2020-06-05,40.65190286226815,41.02188392751986,39.58819980174601,40.605655670166016,55224827
2020-06-08,41.53061452130279,41.53061452130279,39.12572166736415,39.449459075927734,42629869
2020-06-09,39.77318970083493,40.4206609365354,39.03322408650627,39.54195022583008,34471524
2020-06-10,39.541948613353064,40.281914197506744,39.3107091477779,39.58819580078125,19799619
2020-06-11,39.58820006553004,39.58820006553004,37.923276439717185,38.10826873779297,23571379
2020-06-12,35.14839876484313,38.986975304482584,34.963406486709744,38.570743560791016,43584191
2020-06-15,38.57074096205964,39.77318539625976,38.43199588069909,39.21821212768555,32174670
2020-06-16,40.18942494751701,40.18942494751701,37.18331151170693,37.96952438354492,33914922
2020-06-17,37.83077666883103,39.03322114247659,37.13705829613927,38.15451049804688,30296333
2020-06-18,38.01577332520546,40.09692887647805,38.01577332520546,39.72694778442383,29310661
2020-06-19,40.18942277111408,40.65190173619379,39.588198705136655,39.95818328857422,28219723
2020-06-22,40.42066354361534,40.60565584123786,39.77319226615382,40.37441635131836,21166722
2020-06-23,40.42066519933503,41.57686269629293,39.68069950696892,41.114383697509766,36865827
2020-06-24,41.0681357677458,41.299375262995646,39.49570649435994,40.004432678222656,40591791
2020-06-25,39.91193403150894,41.2531201380592,39.86568331464778,40.69814682006836,35938924
2020-06-26,41.11438148524152,43.84300813692811,40.97563638169822,42.87179946899414,46055970
2020-06-29,42.96429842542498,43.704264095966046,41.114382484854985,41.4843635559082,29327965
2020-06-30,42.270579947711234,42.409321526193196,40.79064507819445,41.4843635559082,26717326
2020-07-01,41.62310781493306,43.195537038073,40.74439705537534,42.640560150146484,28893548
2020-07-02,43.14928541260205,46.89536402534982,42.31682193046512,46.06290054321289,112201519
2020-07-03,46.66412544750678,47.35784385298477,45.646669669078484,46.155399322509766,62701725
2020-07-06,46.84912259904409,47.08036209157948,46.15540412143792,46.571632385253906,33194342
2020-07-07,46.571628264106174,47.3578445862146,46.247894414577864,47.03410720825195,25556054
2020-07-08,47.03411102879953,48.74528537819699,46.89536945134652,48.282806396484375,41927350
2020-07-09,48.51404409950316,49.20776254650721,48.19030670717392,48.5602912902832,26268273
2020-07-10,46.80286966785869,48.514043948883405,45.97040965109903,46.52538299560547,53816347
2020-07-13,47.08036126062991,47.26535002864553,45.46168484145116,45.924163818359375,23184293
2020-07-14,46.87892019045449,46.87892019045449,44.778441889823846,45.97189712524414,29076620
2020-07-15,46.30606981826185,46.78345198133671,44.682969735379935,45.01713943481445,18652944
2020-07-16,44.87392246035717,45.54225820415155,43.87142066573399,44.587493896484375,17980227
2020-07-17,45.064870468893986,47.35630233821218,45.064870468893986,47.06987380981445,31130208
2020-07-20,47.738207238467886,47.738207238467886,46.544752057506194,46.831180572509766,16776010
2020-07-21,47.26083030461198,47.26083030461198,46.35380354003555,46.64023208618164,11941105
2020-07-22,46.44928565805521,49.12262502753866,46.35380704070486,47.78595352172852,30638769
2020-07-23,47.73821258544922,48.07237861669273,47.30856794375286,47.73821258544922,18215827
2020-07-24,47.69047475096382,48.12011938950408,46.44928196128708,46.68797302246094,15734602
2020-07-27,46.59249798921784,48.12012308327519,45.542258696289586,47.260833740234375,26232020
2020-07-28,47.40404455074704,48.12011770926505,46.353801732972094,46.92666244506836,19972698
2020-07-29,47.02214102050168,48.07238027679526,46.97440353469501,47.4995231628418,18443993
2020-07-30,47.49952326218287,47.97690540552139,45.44677858897254,45.82868576049805,23600645
2020-07-31,45.876418724711215,46.78344543608295,45.351299147223266,46.49701690673828,19704630
2020-08-03,46.592491509152865,47.26082716721755,46.162846897387254,46.54475402832031,10560743
2020-08-04,46.974400118935385,48.16785538800317,46.878921512128095,47.4517822265625,25280637
2020-08-05,47.69047438133849,47.69047438133849,46.44928160128162,46.73571014404297,14901694
2020-08-06,46.783444739478576,47.83368387881644,46.30606265030023,47.16535186767578,22695057
2020-08-07,47.117612565941656,48.31106783500944,46.878921512128095,47.4517822265625,20079095
2020-08-10,47.547264600779485,49.55227195054632,47.547264600779485,49.12262725830078,27048138
2020-08-11,49.60000265047606,50.2205972168656,48.78845086685457,49.55226516723633,20281106
2020-08-12,49.55226587768885,51.175362183929856,48.88393017634085,50.55476760864258,26298038
2020-08-13,52.51203941609155,55.28085749670389,50.17286602276553,53.562278747558594,112756334
2020-08-14,53.89644467740467,54.6125178919615,52.034653591129576,52.464298248291016,39660917
2020-08-17,52.98941817937054,53.80096637030801,52.36881993302772,53.5145378112793,22574630
2020-08-18,53.657748978156484,53.84870254733013,52.512031205251,53.13262939453125,24508088
2020-08-19,53.46679615556564,55.6150156439589,53.27584258372561,54.1351318359375,48760656
2020-08-20,53.6100156209371,59.48181374035869,53.46679952250429,58.622528076171875,117113064
2020-08-21,59.67276363452528,60.53205288771703,58.90895298843065,59.14764404296875,64263094
2020-08-24,59.52955069206009,59.86372037136165,57.42907221478926,58.145145416259766,36278735
2020-08-25,58.24062633514404,58.90896211987638,56.37883509272433,57.28586196899414,45582317
2020-08-26,57.57228827619666,60.38884377350697,57.28585970609357,59.81598663330078,73743638
2020-08-27,60.24562294284143,60.38883903773021,58.57478549910976,58.8134765625,28622558
2020-08-28,59.290857587402925,59.43407367963014,57.572282691359,58.43157196044922,21774977
2020-08-31,58.622530299212606,58.95669635204559,55.28085520233553,56.092403411865234,36839728
2020-09-01,56.90395428804082,57.71550617773847,55.56728637193285,56.80847930908203,43683296
2020-09-02,56.951693458138784,58.57478989735776,56.18787908422767,58.19288635253906,25823443
2020-09-03,58.19288418766768,58.813478790712246,57.190382411875134,57.954193115234375,23071103
2020-09-04,57.28585397598308,57.524545034216345,55.56727908513089,56.23561477661133,20139542
2020-09-07,56.2833545031765,56.71299915354849,53.5622741455784,54.803470611572266,26138463
2020-09-08,55.0898983114089,55.567280439511,52.17786805841345,52.70298767089844,24213780
2020-09-09,51.60500448327848,53.61001149639717,50.12512069592141,53.13262939453125,36318169
2020-09-10,53.89644132010782,54.61251449005928,52.22560392355439,52.94167709350586,30550597
2020-09-11,52.51203193850196,54.56477646204344,52.32107836666194,54.1351318359375,22160341
2020-09-14,54.3260865044301,55.75823285893561,53.89644186965114,54.51703643798828,22921566
2020-09-15,54.85120953167854,56.09240238800709,54.517039842808366,55.137638092041016,18732445
2020-09-16,55.42406913184388,55.66276021651344,53.99192262382653,54.230613708496094,18216129
2020-09-17,54.75572988211684,55.5195442181658,53.80096560419232,54.1828727722168,27360333
2020-09-18,54.469297295335565,54.75572582908407,53.22810455433442,53.65774917602539,15697096
2020-09-21,53.51453896860794,53.65775507228791,50.12512638883771,50.602508544921875,27253422
2020-09-22,50.60250343489572,51.12762302513245,48.12011793079315,49.12261962890625,34523774
2020-09-23,49.88642870259543,51.74821959312913,49.02713947861485,51.03214645385742,24481334
2020-09-24,50.22059911788297,50.554768797483554,47.83368844417871,48.1678581237793,21625654
2020-09-25,48.74071670479712,50.98441499131478,48.406550657212485,50.69798278808594,24165575
2020-09-28,51.17536198198884,52.13012622525085,50.936670921173345,51.70048522949219,16189540
2020-09-29,52.034656400429085,52.177872507927226,50.84120097840089,51.50953674316406,18384412
2020-09-30,51.36632107671888,51.55727467431037,50.60251032848981,50.888938903808594,10804820
2020-10-01,51.0798887971976,52.17786917212287,51.0798887971976,51.986915588378906,13913795
2020-10-05,52.03465310764304,52.65525134468061,51.17536380130436,51.41405487060547,13583076
2020-10-06,51.65274860459262,52.2733468736459,51.36632003508221,52.130130767822266,10850162
2020-10-07,52.225606932381766,54.32608908034658,51.891437248536974,53.61001586914063,25064716
2020-10-08,53.51453713487056,53.9441817890514,51.31858002055775,52.51203536987305,16737366
2020-10-09,52.51203135884278,52.98941346210499,51.7004832401516,51.98691177368164,10432260
2020-10-12,51.986918478210654,52.55977561914966,50.22060228306445,50.45929336547852,12879607
2020-10-13,50.41155185479325,52.60750890934713,50.17286079142573,51.60500717163086,18622520
2020-10-14,51.46179437174797,51.5572693395963,49.88643190729457,50.55476760864258,15451124
2020-10-15,50.6979804241271,52.2733428998823,50.31607690785741,50.50703048706055,23963776
2020-10-16,51.127628270682045,52.130130071648985,49.93417287854597,51.70048904418945,24636965
2020-10-19,51.89143962379922,53.037157542599815,51.46179859111875,52.7029914855957,18875642
2020-10-20,52.512033192534425,53.610013525232944,52.0823885561682,52.27334213256836,17720431
2020-10-21,52.36882246174221,52.84620463055349,50.79346348994714,51.50953674316406,17054864
2020-10-22,51.461791675638175,53.08488789684433,51.03214705855686,52.60750579833984,15185237
2020-10-23,52.60751250252071,53.18037327901198,52.225608960330035,52.750728607177734,13365938
2020-10-26,53.13262934723078,53.18036682894759,50.55476527102245,51.4617919921875,20120597
2020-10-27,52.034649977573125,52.034649977573125,50.60250364791515,51.31857681274414,13240998
2020-10-28,51.36631852539198,51.65274708648406,50.50703284211572,50.69798278808594,13646853
2020-10-29,50.220595756351585,50.69797785913872,49.31357267476516,49.74321365356445,15351350
2020-10-30,50.077386958650706,50.45929048341807,49.313576266979304,49.790958404541016,12994219
2020-11-02,50.02964619660818,50.50702830290354,49.64773905471732,50.26833724975586,9575485
2020-11-03,50.3160797561464,51.414056524979635,50.268342269177445,51.17536544799805,11671919
2020-11-04,50.84119760382615,51.50953332422866,49.934170814861076,50.88893508911133,13555398
2020-11-05,51.07989034209599,53.32358500307166,51.07989034209599,52.8462028503418,22517409
2020-11-06,52.84620344594476,54.18287494550806,52.03465523401215,52.225608825683594,21662709
2020-11-09,52.94167654192102,53.084888989137326,51.46179273453378,52.46429443359375,22041528
2020-11-10,52.98941778099669,54.51703917908966,52.51203563882554,54.135135650634766,23878927
2020-11-11,54.85120901796107,55.85371079090901,54.135135802693,54.660255432128906,40249499
2020-11-12,54.8034669447523,54.8034669447523,52.7029849606913,53.08488845825195,19585504
2020-11-13,52.51203373007105,53.22810691729929,52.13012657336136,52.75072479248047,15417488
2020-11-14,53.46680487302172,53.65775847599564,53.037160176864674,53.4190673828125,2578865
2020-11-17,53.94417969850592,55.56727963910066,53.37132260988968,55.04216003417969,26801425
2020-11-18,55.2331095937697,58.47930945290819,55.089897143656735,57.85871124267578,54298315
2020-11-19,57.52454336817316,58.6702611429375,56.09239706025184,56.47430419921875,28987133
2020-11-20,56.85620674606843,57.19037639761511,54.13513026333753,55.471797943115234,23428511
2020-11-23,56.18787384033203,57.04716310971796,55.185372120806136,56.18787384033203,24196085
2020-11-24,56.66525648571723,57.42907079545103,55.71049224068653,57.23811721801758,25057495
2020-11-25,57.71550056914045,61.009438013042725,57.47680950280169,58.71800231933594,75949155
2020-11-26,59.386340000452165,59.86372214894111,58.43157570347427,59.5295524597168,30119954
2020-11-27,60.15014559917372,62.298365084858496,59.625026008878066,61.96419906616211,56608140
2020-12-01,62.63252822104763,66.30836882608219,62.05967117475059,65.73551177978516,70704403
2020-12-02,66.35612364762099,66.49933975983038,63.68278050062591,64.87623596191406,46261091
2020-12-03,65.40135082699331,66.54706500806351,64.54206154905411,66.11742401123047,37361699
2020-12-04,68.4565930943659,70.2706466072225,66.21289858721805,68.40885925292969,97738908
2020-12-07,69.17266627436668,70.03195554722224,67.93147713292916,68.40885925292969,39355314
2020-12-08,69.69779099358452,69.79326596274849,67.07218927807278,68.74302673339844,43645664
2020-12-09,69.31590290485356,71.60733921664111,68.64757065254166,69.84102630615234,58476323
2020-12-10,69.69779060510182,70.12743160608153,67.788262095373,69.3636245727539,29242808
2020-12-11,69.45909481429656,70.7480250137898,68.88623775721877,69.5068359375,36847385
2020-12-14,70.12743377685547,70.7480320185824,69.50684281940194,70.12743377685547,20767955
2020-12-15,70.07969663843775,72.08470008459847,69.22040736600515,71.75053405761719,38943070
2020-12-16,72.0847011556704,72.99172428299275,71.27315299686516,72.7052993774414,36595158
2020-12-17,72.80076885429419,73.23040982234818,71.27314762043565,71.79826354980469,28073186
2020-12-18,71.60731974414995,72.99172501216087,70.3183894456099,72.60982513427734,49891456
2020-12-21,72.41886816746093,72.41886816746093,63.39634876146316,65.92647552490234,51731072
2020-12-22,65.8787325600723,68.64755031292995,63.682771894360656,68.40885925292969,46224467
2020-12-23,68.74303160544785,71.08220129497928,68.26564944152113,70.7957763671875,30689573
2020-12-24,71.22541118586113,72.18017543040156,70.8912451571266,71.12993621826172,23223241
2020-12-28,71.84601432804303,74.42387505135306,71.70279822468723,73.70780181884766,35601036
2020-12-29,74.47160918525245,75.23542347522063,72.80077179968589,73.08720397949219,28745694
2020-12-30,73.46912042963969,73.46912042963969,71.79828266679549,72.37114715576172,17918812
2020-12-31,72.41887047793652,73.03946872790414,71.98922945795236,72.22792053222656,15495713
2021-01-01,72.56209040088007,74.23292800879507,72.37114044511362,73.85102081298828,19041567
2021-01-04,74.51934783801008,76.046969082999,73.99422462054231,75.6650619506836,23712305
2021-01-05,74.47161691358232,78.48162414137344,74.37614193849657,77.4791259765625,46181972
2021-01-06,78.29067300238015,79.72281945974076,77.0972176212463,78.7203140258789,46157617
2021-01-07,79.38864201057798,79.86602409448491,77.81327967683059,78.14744567871094,35219703
2021-01-08,80.53436391166669,80.7730549767779,78.86352645588823,79.29317474365234,41178215
2021-01-11,79.81829289634945,80.15245893977732,78.43388759460252,79.53186798095703,25575169
2021-01-12,79.24542196446308,83.35091059440316,78.91125597929869,82.15745544433594,43670529
2021-01-13,82.96901230428082,83.68508547039785,79.96150354973472,81.96650695800781,37272052
2021-01-14,82.20520493269909,83.20771036335428,81.05949068418475,82.0619888305664,20620191
2021-01-15,82.49164008664944,84.01926156738347,80.53437028415428,81.68009185791016,35416980
2021-01-18,81.96650464559252,81.96650464559252,77.33589975886095,78.38613891601562,31480725
2021-01-19,79.00674600611477,81.82329778386202,78.86352990393175,81.53687286376953,25469132
2021-01-20,81.72781148191439,82.5393595694285,80.34340634934753,80.96400451660156,19476831
2021-01-21,81.63235625301499,81.82330621942928,78.48163081725909,79.24544525146484,16889392
2021-01-22,79.14995573333674,79.34090566468541,74.42386844759098,75.80828094482422,42934185
2021-01-25,80.20019184678135,80.20019184678135,74.4716067148684,75.6650619506836,55671719
2021-01-27,76.04697542489738,76.19019152199319,72.22791835180045,72.51434326171875,47062543
2021-01-28,71.60732396161316,74.37614194498362,71.0822006721852,73.6123275756836,40097316
2021-01-29,74.99672030100741,75.04445413374627,71.60730495286319,71.98921203613281,28386915
2021-02-01,72.94398514465551,77.52684885918936,71.12993173744991,76.28565979003906,45909331
2021-02-02,77.81327978277032,80.29566516561155,76.04696752676439,79.81828308105469,47955673
2021-02-03,80.34340995875495,81.63234018909664,78.52935649769822,80.39114379882812,41816643
2021-02-04,81.1072197984537,86.40616427840784,80.62983767536858,85.546875,94513383
2021-02-05,87.31318212000944,87.50413932826298,81.15495601821841,83.49412536621094,98504307
2021-02-08,84.01926608615452,87.50415755681007,83.54188389248318,85.92879486083984,70145365
2021-02-09,86.07200316832528,86.35842808798236,82.53937088503304,83.20771026611328,37086127
2021-02-10,84.06699699196544,85.88104327980729,82.44389336037891,84.11473083496094,57056934
2021-02-11,84.68759014448028,85.11723844825956,83.54187590294924,83.82830810546875,18482937
2021-02-12,84.01925368968169,84.49663581291851,82.10972519673437,83.35092163085938,18854969
2021-02-15,84.01926514584463,84.87855454169105,82.44390246750523,82.77806854248047,28371641
2021-02-16,83.44639620654623,86.88354602084596,82.68258189924714,86.16747283935547,45833754
2021-02-17,86.78808445964388,88.26796489275728,85.73784508808214,86.97903442382812,66947755
2021-02-18,87.59961953003749,89.79558020853241,86.1197320357118,88.8885498046875,48616071
2021-02-19,89.17499543331795,90.55940088433923,85.30819674225627,86.97903442382812,69544392
2021-02-22,86.83580196668169,88.31568940556517,84.97401467130054,86.02425384521484,38203233
2021-02-23,86.59711738571764,89.17498531536053,85.73783536011005,87.88605499267578,43925417
2021-02-24,88.64986409788621,90.2252266550675,87.88605702586776,89.79558563232422,27561130
2021-02-25,90.60712472053153,93.23272629034304,90.0820014928601,91.65736389160156,70938332
2021-02-26,90.51165914498425,92.03928057810884,88.79308048004808,90.8458251953125,50696555
2021-03-01,92.23023892206187,94.99905711907053,91.2277406798121,93.471435546875,62133610
2021-03-02,95.4764266150691,96.24024094169896,93.56689808276772,95.81059265136719,67108317
2021-03-03,99.86835432272501,100.72764373561832,97.86335054882348,100.48895263671875,85272517
2021-03-04,99.10453963217645,108.84313281218915,98.10203417940733,104.35574340820312,147425687
2021-03-05,105.69240108757593,105.69240108757593,99.29548343390844,102.49394226074219,75015270
2021-03-08,103.97383406857304,106.79038584912045,103.30549468581238,104.11705017089844,57273663
2021-03-09,105.02406753112223,105.64466575066076,99.96381409091344,102.15977478027344,51804429
2021-03-10,104.16477972237045,104.30799581879324,101.01406202243538,102.49394226074219,43852673
2021-03-12,103.49644710888796,109.32050763060715,102.15977568973769,108.1270523071289,162828658
2021-03-15,108.84312145982082,108.98633755017518,103.11453611983025,106.50395202636719,101454870
2021-03-16,106.93360117585873,107.22003337843203,104.16478325998627,104.73764038085938,50275101
2021-03-17,104.26025482539907,105.5014512836216,97.76786219389402,98.6271514892578,64241698
2021-03-18,99.86834756649931,101.77787622851373,91.65737577669206,96.00155639648438,102669579
2021-03-19,95.47642473172039,100.0115549064771,91.94379993035598,99.4386978149414,118996777
2021-03-22,100.15476699154001,101.6823882692469,99.10452781838357,100.01155090332031,74913152
2021-03-23,100.20250227873036,101.15726650162162,99.2954791806928,99.8206024169922,41887531
2021-03-24,98.34071346330053,100.82309894823803,96.28796895842562,96.66987609863281,49603176
2021-03-25,97.19500113996199,97.57690100302005,92.23022279320455,94.18749237060547,78179436
2021-03-26,96.38344468477568,99.62964447580408,95.47642159334802,98.77035522460938,78988471
2021-03-30,100.58441940397222,100.58441940397222,98.14977476461608,98.91358184814452,47450305
2021-03-31,98.96131388710013,101.0617922791945,98.19749958946237,98.57940673828125,35702981
2021-04-01,99.20001607653182,100.72763755895986,98.86585001541847,100.2979965209961,34637782
2021-04-05,100.2502511573094,100.72763330567754,95.90607069344993,98.67488861083984,48340372
2021-04-06,99.10453178655982,102.49394049401732,97.81559422524586,99.96381378173828,56713336
2021-04-07,99.62964557863798,100.87084198679987,98.81809744296581,99.7251205444336,36218955
2021-04-08,100.25024814615522,101.92108561525781,99.96381595202831,100.20250701904297,36910799
2021-04-09,100.58440832958468,101.39595645335159,98.34071388707396,99.39095306396484,35350727
2021-04-12,96.4311951885495,96.4311951885495,85.83331281775175,88.02926635742188,125893617
2021-04-13,88.12474378691161,91.94380081283587,87.40867059455081,91.51415252685547,76861733
2021-04-15,90.41617586743347,92.3257044583763,89.07951168119227,89.89105987548828,38846301
2021-04-16,90.70260361428326,93.51915523385965,89.79558049184968,92.7553482055664,49515934
2021-04-19,88.22022094590649,90.65486548981306,87.64736383465045,89.55689239501953,43657515
2021-04-20,91.65736421205837,91.65736421205837,88.22021451096074,89.36592864990234,35631799
2021-04-22,89.74784304671958,90.70260733445065,88.22022164320457,89.98653411865234,34186730
2021-04-23,89.93879898980241,92.51666710919353,89.31820798880028,91.32321166992188,40943046
2021-04-26,91.37093749192728,92.75535005045543,91.17998755212429,91.94380187988281,24546834
2021-04-27,92.56440427143612,93.99655084985508,92.03928822991368,93.56690979003906,26892254
2021-04-28,94.1397633225564,94.66488662803752,93.23274010502418,93.5191650390625,32345591
2021-04-29,94.42617459246368,95.66736359982035,93.04176222345103,93.23271942138672,39809692
2021-04-30,92.56438739809423,96.81309251014866,91.89605536370371,94.3784408569336,40125740
2021-05-03,93.51915269682998,95.85832941293556,91.99153139741236,95.33320617675781,37404501
2021-05-04,96.04928693696792,98.72262988549544,95.47642981493301,96.47893524169922,55562146
2021-05-05,97.76785531714867,98.29297125540496,95.7151108349071,97.38594818115234,25421812
2021-05-06,97.91107323915361,99.91607663537981,97.00404286362478,98.2452392578125,35150275
2021-05-07,99.15227117418108,99.24774614739958,97.62464974986432,98.05429077148438,28791094
2021-05-10,99.0567977733686,105.50145690561186,98.5316744859208,104.97633361816406,70028129
2021-05-11,104.06930685815948,106.12205152368428,102.25525326341027,104.40347290039062,64737614
2021-05-12,105.35823620666112,105.54919343207517,100.39346489426912,101.77787017822266,61946163
2021-05-14,101.53917439414987,103.11453683035714,96.43118722098214,96.9085693359375,66640242
2021-05-17,97.86333213318173,99.58191063557115,97.05178400649285,98.77035522460938,40412520
2021-05-18,100.2502531966874,102.49394788280614,99.9160871428865,100.58441925048828,40666745
2021-05-19,100.29799405204878,102.1597815497602,99.20001363461252,99.5341796875,31394002
2021-05-20,100.4412037326902,100.67989481312365,97.81560184792214,98.29298400878906,19494462
2021-05-21,99.15227964116413,101.20502451988455,98.62716360148394,100.15478515625,27004076
2021-05-24,100.82310908062581,103.06680373895178,99.7728698027151,102.44621276855469,41530007
2021-05-25,103.40097963954675,104.40347781341583,101.82561704143964,102.58942413330078,35294915
2021-05-26,103.11453720386929,103.40096938758924,101.01405880416634,101.30048370361328,26772472
2021-05-27,101.30049348891343,102.15978283880484,100.15477921190735,101.5391845703125,21200089
2021-05-28,102.35073177852757,102.6371639870847,100.34572817144856,100.58441925048828,19973552
2021-05-31,100.53668567437353,102.11204097283394,99.10453919630139,101.63465881347656,29739476
2021-06-01,101.5869062811615,101.5869062811615,99.009038724267,99.91606903076172,25038000
2021-06-02,99.77287186294078,103.49645418357991,99.62965575747894,103.21002197265625,31238619
2021-06-03,105.02406822904587,105.50145035735972,103.01906474698237,103.73513793945312,38360946
2021-06-04,104.16476686034096,104.16476686034096,102.15976361081495,103.25774383544922,19048139
2021-06-07,104.06930350929942,109.79788902357278,103.40097144634346,108.22252655029297,95358858
2021-06-08,109.22503077184908,113.80789476415212,108.84312361808888,111.75515747070312,93023993
2021-06-09,115.28777829463296,126.6972076842022,113.61694092804407,119.01136016845703,360661838
2021-06-10,122.20982616998351,124.50125458325208,119.44100833896518,121.82791900634766,140351463
2021-06-11,122.92590428356827,122.92590428356827,118.62946491055035,120.01387023925781,62530141
2021-06-14,120.5389858809833,120.5389858809833,111.32550946372085,117.81790924072266,86326236
2021-06-15,119.34552724799345,119.9183843219292,116.19480241493724,116.62445068359376,45450324
2021-06-16,116.48123992716972,122.11435052804323,114.71492749988286,120.25255584716797,84445896
2021-06-17,119.81755828857422,122.66921100446854,118.22257446658702,119.81755828857422,73801920
2021-06-18,120.2042340326296,120.54256373918822,113.0509447188088,117.40091705322266,73972898
2021-06-21,114.25925786624634,119.86589121164312,114.01759276299707,119.1892318725586,44593802
2021-06-22,120.05923347980891,120.92922942169858,116.8692581929261,117.40091705322266,44246677
2021-06-23,118.41589886209239,119.09255819129092,116.53091403430108,116.7242431640625,29338636
2021-06-24,116.7242447589397,117.40090409738386,114.25925775811633,114.88758850097656,28009357
2021-06-25,115.90258673097168,118.51256693517924,115.5642570563572,117.06257629394533,25945027
2021-06-28,117.93257483063118,119.38256550477828,116.77258524132708,118.46424102783203,27616278
2021-06-29,118.85090290077501,120.59089471236996,117.69091327640115,118.7059097290039,30981874
2021-06-30,119.28588962558203,119.76921980447415,117.64256259232887,118.02922821044922,30099781
2021-07-01,118.70589936238726,118.70589936238726,116.96590770274621,117.30423736572266,18570986
2021-07-02,117.93257608357905,118.51257088439313,116.5792499649902,116.9175796508789,22789936
2021-07-05,117.88423957201333,122.66921325069534,117.6909104309699,121.70255279541016,61606669
2021-07-06,121.79921219988566,122.28254240702807,117.98090651347415,118.89923095703125,31062811
2021-07-07,118.89923396196218,120.3492246200349,118.0775740640611,119.72089385986328,19773453
2021-07-08,119.96254796690069,122.62086392955375,118.31922832181934,119.285888671875,33870196
2021-07-09,118.89922584173159,120.63921746259955,117.64256440721213,120.3008804321289,24078290
2021-07-12,121.79921936135683,122.08922045270704,119.33423220998239,119.67256927490234,26731429
2021-07-13,120.05923115104804,121.07422762607075,118.85090552603735,119.91423797607422,19316578
2021-07-14,120.83256202228996,121.79922251846828,119.96256610072261,120.39756774902344,23276074
2021-07-15,120.68754605621437,122.28253714617111,120.01088674533982,120.3008804321289,22522585
2021-07-16,121.21922032211218,121.21922032211218,119.527564556702,120.01089477539062,13479996
2021-07-19,122.0408826220712,124.167532676165,120.44589139398389,121.60588836669922,65614163
2021-07-20,121.46088370985557,122.137543056415,117.15924039947852,117.73924255371094,48822351
2021-07-22,119.28589588985805,120.05921979167647,118.31923548130983,119.57588958740234,20890960
2021-07-23,120.7358951126816,121.26755395027698,118.51257306445616,118.80257415771484,18344408
2021-07-26,118.89923890876756,119.62423426796737,118.02924300272096,118.5125732421875,14838935
2021-07-27,118.70589963749599,119.62422406413654,116.19257670662668,117.11090850830078,16292819
2021-07-28,117.40091048535982,117.78757614623859,114.45260049310657,116.33758544921875,19451371
2021-07-29,116.72425649607983,119.86590315125382,116.67592052060185,118.65757751464844,16366211
2021-07-30,118.51256361288391,122.42754118447937,118.22256991778686,120.83255004882812,30163350
2021-08-02,122.33088776313326,129.53250545205864,121.36422727468506,129.00083923339844,102355625
2021-08-03,129.91916100234894,130.9824934172022,127.79251092271058,128.17918395996094,50457587
2021-08-04,128.56584657481028,130.1608305007109,125.76253702320653,127.26084899902344,33758053
2021-08-05,127.74416933664297,130.88581571968632,125.27919705153991,130.0641632080078,39952286
2021-08-06,130.74082172223922,132.23914832230423,129.82249727383402,130.64414978027344,47743493
2021-08-09,132.43248058216582,132.43248058216582,125.95585856940194,127.64751434326172,66874756
2021-08-10,128.03416667562237,129.2908281421577,122.81420643009668,125.71418762207031,31526384
2021-08-11,125.95584937360532,127.26083202526789,122.28253701139205,125.27919006347656,32222624
2021-08-12,125.90752833750777,129.72583430828607,125.52087004302457,129.1941680908203,31898731
2021-08-13,129.87083585610873,130.01582902190532,127.59917792484389,128.13084411621094,23715152
2021-08-16,128.13084844917933,129.58083915645017,127.2608451747759,127.69585418701172,17472608
2021-08-17,127.69584743209778,128.5174999393795,124.21586401870627,126.72918701171875,21755033
2021-08-18,127.30918623335852,127.40585818439848,125.76253826720091,126.10086059570312,18082061
2021-08-20,124.69919049824784,125.85918001798558,121.07421403027553,121.99253845214844,27402061
2021-08-23,122.86253923494276,123.58753455777881,117.64257143551643,120.78421783447266,30434681
2021-08-24,120.8325569106467,122.37921216409619,119.52756677101851,121.70255279541016,22809811
2021-08-25,122.18588676256874,123.24921182091884,121.31589085117893,121.8475570678711,18144345
2021-08-26,122.23420801060588,122.37920854962286,120.39755909983673,121.46088409423828,16968193
2021-08-27,121.4608826523881,123.34586751213104,121.025881040501,123.00753784179688,12708091
2021-08-30,124.11919715990656,125.76253174190717,123.73253887594645,124.84419250488281,17545528
2021-08-31,125.9558535810746,126.3425118426166,123.97419680302067,124.74752807617188,24301446
2021-09-01,125.37585863972352,129.77416668020206,124.40919818028067,128.95249938964844,31166001
2021-09-02,129.38749333379758,130.30581771334786,128.1791679001613,129.1458282470703,25276744
2021-09-03,129.58081079142283,130.9341292552758,128.807479633479,129.38748168945312,19000628
2021-09-06,129.91916882338373,130.11251272868216,127.59918946049329,127.79251861572266,14304796
2021-09-07,127.98583070574273,128.13083861538166,124.94085635419725,125.71418762207031,14561241
2021-09-08,126.24586597584384,129.0491754986332,125.18253353612731,128.80751037597656,16351745
2021-09-09,128.75916722014006,129.82249960055128,127.35751253691994,128.3241729736328,14453584
2021-09-13,128.32417461072623,128.32417461072623,126.05251665544328,126.68085479736328,13771980
2021-09-14,127.11586606592164,128.85585805714214,126.922536900246,128.56585693359375,13305823
2021-09-15,128.66249669218368,137.55576883824742,128.3724956412114,135.3807830810547,68917060
2021-09-16,135.33246208639707,137.26578297334558,133.88247142118567,135.57412719726562,24490647
2021-09-17,136.15411962105352,136.78244296432587,131.56248284309913,133.30245971679688,27560843
2021-09-20,133.0124767728398,134.7041324707135,128.75916216814562,129.82249450683594,21535092
2021-09-21,130.2574837421176,131.75581025280093,126.82583650798914,131.32081604003906,22526116
2021-09-22,132.38414712606448,134.9941274196099,131.8524809227333,133.254150390625,21321952
2021-09-23,134.55911284109746,140.06907368425476,134.12411864954453,138.86074829101562,42890085
2021-09-24,140.16576956838142,140.50410663633244,134.0758055957415,134.4624786376953,29040576
2021-09-27,135.6224722454811,135.71912944625626,132.19082449148368,134.1241455078125,18192368
2021-09-28,135.33244711421494,138.08743497335223,134.41412274452458,135.3807830810547,29196888
2021-09-29,135.1391483652613,153.4573629089451,134.26914501683817,146.54574584960938,126746990
2021-09-30,147.41572366549272,155.82566691803504,146.25573403584352,153.4573516845703,111302311
2021-10-01,153.45733234900555,159.45062363876443,151.37901847233698,158.29063415527344,90310679
2021-10-04,160.70730016733987,166.7489279931797,158.5323141500375,162.9789581298828,93787605
2021-10-05,163.36562118158147,178.59052374732056,162.73729776937196,173.41888427734375,161189379
2021-10-06,176.75385836925796,176.75385836925796,167.03891849107515,170.08389282226562,101232618
2021-10-07,172.40388518639443,177.8655104496308,170.9538946120768,171.82388305664062,73313810
2021-10-08,174.14387082190373,174.1922067934887,169.16557550007153,170.9539031982422,43365657
2021-10-11,171.9205549351613,187.24211314841543,171.0988877099737,185.11546325683597,126307288
2021-10-12,188.4021067720232,192.0754192559196,183.4721475634311,189.2721099853516,104950239
2021-10-13,194.92706985169465,224.6518780806331,193.33208604187615,216.7252655029297,305037222
2021-10-14,227.1651868063712,229.0985075451488,213.3419405740978,215.17860412597656,126938132
2021-10-18,219.915241959454,256.020013957,215.6619420809244,248.72171020507807,273591610
2021-10-19,257.1316644546127,258.9199920811095,214.1152769800628,222.09022521972656,245771135
2021-10-20,217.49858805695573,228.42185342938512,210.24863512172385,222.67022705078125,219286012
2021-10-21,226.19853483234493,226.58519309442465,213.1969553315249,218.61024475097656,82393222
2021-10-22,220.8819104100133,226.0052136890118,208.7986549171241,214.5986175537109,85764004
2021-10-25,217.1119487024296,217.40193504503176,201.06537890872517,206.4786834716797,92057542
2021-10-26,207.8803204499885,224.55521222806135,207.1069891856297,217.78858947753903,113036438
2021-10-27,223.78189359088677,224.94188317784537,215.27527870307705,216.7736053466797,78577000
2021-10-28,217.3052734197491,217.3052734197491,209.37866063198769,210.7319793701172,64733467
2021-10-29,203.48202186428503,210.44197405642285,194.68540599292783,207.15533447265625,115032835
2021-11-01,212.6169560016875,217.69192319648823,207.25198773145604,215.51693725585935,59687720
2021-11-02,220.3985820077441,227.1652051395608,219.67358667219236,220.8819122314453,91597155
2021-11-03,222.3318950635484,223.20188353550924,218.65858254291976,221.17190551757807,49974804
2021-11-04,224.0718808211357,225.37686349450368,222.91189130589737,223.6368865966797,14860447
2021-11-08,225.2318827172601,227.79352698547652,221.12357584366205,226.73020935058597,53880144
2021-11-09,227.1652080298449,239.6834580329653,226.82687096892212,233.8351593017578,103894620
2021-11-10,233.35181052682583,233.35181052682583,228.421851424186,229.0985107421875,47845906
2021-11-11,229.5818499902242,233.25516254008127,227.6968651192653,231.7568359375,50433666
2021-11-12,233.93182969957647,234.3184879808709,228.13186697975223,231.853515625,42038250
2021-11-15,233.78683448961235,235.86514854603595,231.32184740520373,233.59349060058597,32578602
2021-11-16,234.0768071530341,239.3934392892796,233.44848380059557,236.3484649658203,47776299
2021-11-17,236.3484752445528,244.0817586881373,234.89848459888063,241.5684356689453,58883464
2021-11-18,242.0517782713252,243.64677691323013,224.70022560681895,229.19520568847656,82052417
2021-11-22,230.45184135523408,230.45184135523408,216.53193701836616,220.06024169921875,62459802
2021-11-23,216.48360055522562,230.0651825597094,214.7919448011101,229.05018615722656,61158286
2021-11-24,231.99848685009664,238.47510832464855,229.38850682304638,230.59683227539062,67847218
2021-11-25,231.46683609131978,236.2518022507429,226.19853971882227,234.7051544189453,51777691
2021-11-26,230.0651757999035,232.28849767571432,218.22358586902612,219.77024841308594,80108784
2021-11-29,218.46528190971233,219.19027731427997,206.14036003206263,211.36032104492188,83187881
2021-11-30,214.55027082137434,220.64023423437374,205.99533521150562,209.5719757080078,222571262
2021-12-01,212.6652937821721,219.72191784404862,207.8319916507591,217.69192504882812,67127202
2021-12-02,222.7668911078877,222.7668911078877,213.8252822120943,218.85191345214844,78572738
2021-12-03,219.23858758373697,220.6885782228489,216.87027248986766,218.07859802246094,48145736
2021-12-06,218.07860618996148,219.04526665223955,212.76197364743206,213.48696899414062,34399066
2021-12-07,216.53192307845214,220.15689946927444,215.3235976148447,218.90023803710938,36287629
2021-12-08,220.398603747596,223.10525621731716,219.43194320484332,221.75192260742188,30348053
2021-12-09,222.2352161770088,223.20187656011896,219.23857783940727,220.1085662841797,23516676
2021-12-10,218.85191226360723,222.23522371931716,217.8852518476901,220.3985748291016,26363105
2021-12-13,222.42856945849988,228.61519027196368,221.36523709209163,222.5735626220703,40382575
2021-12-14,222.33189867631256,222.33189867631256,217.98192674568904,221.41357421875,24698002
2021-12-15,221.365224078844,224.6518634271495,219.48023931290209,220.25357055664065,20127541
2021-12-16,222.13856391207491,222.3802290132086,211.84362175374065,214.5019378662109,40645402
2021-12-17,215.2752827333323,215.2752827333323,206.8653396328515,208.60533142089844,38813929
2021-12-20,203.48201126742228,204.88366587720824,196.0387292447081,202.12869262695312,47944121
2021-12-21,205.8986747968147,209.040321243245,202.8537002949171,204.83534240722656,33006180
2021-12-22,207.34866777472536,211.40863873918195,206.18867817774756,210.7319793701172,21655596
2021-12-23,212.6653195825789,213.87364526202532,210.2003322464942,210.78033447265625,16940883
2021-12-24,211.74696158764567,212.13361984399893,207.0103168219497,209.5719757080078,18770416
2021-12-27,209.37865762265204,210.49031123084757,206.6720054352269,210.1036529541016,15870056
2021-12-28,211.40863570713597,214.7919472540039,211.21530656875703,214.2119598388672,19058757
2021-12-29,213.6319477814958,215.8069336751988,211.55363382753976,212.1336212158203,14504319
2021-12-30,211.40861951995237,213.6319413162433,209.8136358128668,211.0702972412109,14315067
2021-12-31,211.6019613408476,214.59861456132552,211.070309906628,213.5836181640625,12737974
2022-01-03,213.82528481204116,216.43526503091343,208.79865351086715,215.95193481445312,19062825
2022-01-04,216.82194336899445,220.64024922261427,213.63196091214783,218.75526428222656,32469988
2022-01-05,218.8519239578796,218.99693187805605,215.565284268168,216.04861450195312,17271276
2022-01-06,214.06694937450223,222.13856986883815,212.18196448512623,220.8335723876953,27537005
2022-01-07,222.62189526824912,225.0868822626026,219.52858490771828,222.13856506347656,34595209
2022-01-10,223.25021305320703,225.6668640166539,222.71854689123535,224.02354431152344,22061859
2022-01-11,225.23188030301824,228.8085209457994,224.0718907364497,225.32855224609372,25489182
2022-01-12,227.06854380068853,231.6601811403156,226.68188550369476,229.8235321044922,32665403
2022-01-13,231.0318322720088,238.4751142947756,228.6151813068204,237.12179565429688,50250827
2022-01-14,235.5751564088125,240.21512967036645,234.4151667809411,236.25181579589844,36940487
2022-01-17,237.70177722656655,240.9400953408026,236.8317888003877,239.58677673339844,25339181
2022-01-18,241.6651020717874,242.2451042167866,229.87184804069764,231.1285095214844,30408196
2022-01-19,231.0318589392802,241.37512331416312,228.18021342121492,240.2151336669922,36751594
2022-01-20,241.66512022993305,243.74343436388315,236.976810997445,240.3601226806641,35990609
2022-01-21,237.60513237538555,242.43843443855425,230.596844383791,233.88348388671875,35507032
2022-01-24,234.41516163248505,235.72015915397145,219.045266213104,221.89691162109372,43279408
2022-01-25,218.70693920899797,232.82018847897623,215.56529256842668,230.83853149414065,39449718
2022-01-27,227.64853558988275,234.270165561208,224.7485542447887,233.0135040283203,35920383
2022-01-28,236.541790750786,241.66509368696293,234.7534779075425,235.91346740722656,34523855
2022-01-31,239.6834660514513,241.23012873874364,237.12182164757112,237.8468170166016,24939671
2022-02-01,241.1817740380123,247.8517250151889,236.63847302819147,241.5201110839844,74185275
2022-02-02,243.50176398550508,246.49841731167425,240.94011966641096,242.2451171875,25162901
2022-02-03,242.1967527163791,245.9183861996081,240.9884272834996,244.42007446289065,27724870
2022-02-04,245.3384204825447,249.3017194019422,244.56508918727496,245.87008666992188,39309420
2022-02-07,246.98173084235725,248.1417351160345,242.19676483867332,243.40509033203125,32770930
2022-02-08,244.08175293172104,245.14508528016336,224.84521671950537,227.02020263671875,82053977
2022-02-09,228.80850884490235,230.93515872948475,224.84521013955944,230.06517028808597,35604075
2022-02-10,230.54852048241045,236.34848326184212,226.29522034418773,233.2551727294922,55153254
2022-02-11,231.99850394242307,233.9801607802781,222.52522874809392,224.5552215576172,36050888
2022-02-14,218.46526850486288,219.28693581298373,208.79866370376277,213.1486358642578,38301829
2022-02-15,215.32362018223924,224.02356443202663,211.5053142670684,222.71856689453125,36314556
2022-02-16,225.61852859143116,229.0018399484153,222.4285611120425,223.6368865966797,35144286
2022-02-17,225.57022590262144,226.05355613618173,219.43192603637831,220.15692138671875,23381354
2022-02-18,219.43191254574597,222.33189376881748,217.16025468764636,218.2235870361328,18717812
2022-02-21,216.5319357638889,220.06024042430025,214.84028001573355,217.49859619140625,24657963
2022-02-22,210.7319937032222,217.3536241760345,210.0553342881339,215.2269592285156,29360421
2022-02-23,218.46525993782117,219.23859124159688,213.0036343394027,213.8252868652344,23583042
2022-02-24,205.89866633106791,208.9436407077681,196.47372737929368,197.4887237548828,60097152
2022-02-25,202.99867942116475,213.9219446447932,202.5636852009899,212.665283203125,52157687
2022-02-28,210.2486484803977,216.87027848199145,206.9620088409612,215.61361694335935,35508015
2022-03-02,212.66529351100684,219.67358159261957,211.1186309308998,217.88525390625,28297089
2022-03-03,221.3652366815892,222.86356328599774,218.36858347277214,219.04525756835938,22429798
2022-03-04,217.49858764040133,218.90024225518167,213.4386169544606,214.0669403076172,22427429
2022-03-07,209.76530514084985,212.37528525019263,205.17366827716765,208.99197387695312,23498823
2022-03-08,207.83200103271648,220.20525799770115,207.44534274477596,219.3835906982422,41105290
2022-03-09,221.46190991202693,223.49188796039408,218.7552577641365,221.60690307617188,25437632
2022-03-10,227.1651824195624,227.98684961770223,222.235208730856,224.50686645507807,25462569
2022-03-11,224.16853609793424,226.440193889704,222.6218883408301,225.3768615722656,18163055
2022-03-14,225.32855736418887,226.8268692654192,222.8635702604489,223.83023071289065,12074559
2022-03-15,224.2168652827572,225.52186265557634,217.7885798538425,219.8185577392578,16150855
2022-03-16,222.33188201026155,223.97520166641107,221.41355762153682,222.76687622070312,12428032
2022-03-17,225.81187192450088,226.15019420934328,223.5885500881164,224.02354431152344,16453329
2022-03-21,225.18355257347065,225.6185468330967,219.77026281466192,220.35025024414065,12356508
2022-03-22,221.46190405650924,224.1685413827678,218.7552519801835,223.68521118164062,14893566
2022-03-23,224.60355576966302,229.53351508977593,223.9268816717448,226.48854064941406,29507641
2022-03-24,226.19853500334355,232.96515784532392,225.18353862703307,231.51516723632807,31525902
2022-03-25,231.99849985275443,236.15514259179642,231.22516856989844,233.30349731445312,24286187
2022-03-28,234.46349226688724,235.8651469524518,229.53351813137857,231.61184692382812,14835527
2022-03-29,235.47848135877655,236.73512808949604,230.5485073764852,231.12850952148438,20061075
2022-03-30,232.91681988723627,236.7351255083253,229.82350956445782,233.64181518554688,22893839
2022-03-31,234.80180337105125,234.80180337105125,229.7268363118781,230.69349670410156,13956014
2022-04-01,229.72686038604294,238.13681847975997,229.1952089146594,237.26681518554688,25666798
2022-04-04,238.91012154826063,245.09675720659195,237.8951398875796,243.5500946044922,39380622
2022-04-05,245.38675833231483,266.07328582622495,243.69510256411903,264.4783020019531,94568156
2022-04-06,266.7499310464098,286.61478911594423,263.99494319366687,280.1381530761719,227551020
2022-04-07,282.6032288167748,288.1131764685822,266.7983223021109,268.5382995605469,151174247
2022-04-08,271.53491505330203,273.3715640119837,263.9466246054513,268.8282775878906,64353330
2022-04-11,271.63158227443233,278.8332143162819,271.00325889161815,273.4682312011719,47972951
2022-04-12,273.90321979536844,273.90321979536844,262.54496052848907,265.9765930175781,44771140
2022-04-13,269.3116280014584,270.95493319287743,263.22164899757433,263.9949951171875,31460232
2022-04-18,258.9683319166725,258.9683319166725,243.59843646811623,249.30172729492188,89819229
2022-04-19,251.8150414327672,253.2650320744146,234.41515373299825,238.23345947265625,53483065
2022-04-20,241.66510401341918,246.20840501885797,238.33012852804745,241.32676696777344,41573598
2022-04-21,244.56509274879488,251.52505975751052,242.34177077379226,250.22006225585938,40617734
2022-04-22,249.39838858509975,250.36504900597222,243.8884271361401,244.66175842285156,30569068
2022-04-25,239.73177794653162,243.16342529860225,236.54179569319743,239.10345458984375,24620801
2022-04-26,242.77675870515085,243.0667597813103,239.78012025168326,240.55345153808594,17965504
2022-04-27,239.5384488175559,246.74006580988788,237.3151269591674,239.10345458984375,32027943
2022-04-28,242.53510934639485,242.53510934639485,236.25181620529585,239.9734649658203,20911099
2022-04-29,242.5350915868534,244.75841348553098,232.82016624165757,234.27015686035156,26234765
2022-05-02,231.99850470007544,241.3267720098639,230.45184210204786,240.21511840820312,26535475
2022-05-04,241.52012290837263,245.72508707808882,234.75349965818884,236.78347778320312,30780217
2022-05-05,240.6501135500703,242.92177148373946,236.7834717906795,239.2484588623047,24304759
2022-05-06,234.8984963807359,238.7651382964682,232.62683835521585,237.025146484375,28044381
2022-05-09,227.16519596265712,228.6151865751847,215.61360703286735,222.33189392089844,60959066
2022-05-10,222.28356079916898,226.68186866354984,213.2936159362727,214.7436065673828,30274946
2022-05-11,215.3719524048201,222.1385755923589,212.18196995210965,218.94859313964844,35097575
2022-05-12,218.2719211988492,219.48024669845523,209.81364270160688,211.74696350097656,29320356
2022-05-13,217.49859825286867,221.5585691369087,213.9219575871684,215.3719482421875,33108597
2022-05-16,217.4019230505818,220.06023921160525,213.1486230929713,219.04525756835935,22192986
2022-05-17,221.3168845973592,234.415135314426,220.25356706040577,233.11013793945312,34735919
2022-05-18,235.2368171802586,235.2368171802586,228.6151874574678,229.77517700195312,25004758
2022-05-19,221.84856878968785,224.84522202412893,218.803594333778,220.8335723876953,23697546
2022-05-20,224.74856115997412,228.1318728333501,222.5735750842325,225.4735565185547,18294157
2022-05-23,227.1168602726069,228.0351847116613,221.1235686834408,222.13856506347656,16642801
2022-05-24,222.525225676389,223.68521523007524,217.2569293387661,219.43191528320312,17636195
2022-05-25,221.36523352855465,222.2352219961072,212.66528985275997,213.5352783203125,16194564
2022-05-26,215.5169308918865,216.8219283177557,203.19201092559712,214.0669403076172,34963419
2022-05-27,218.17524414864312,219.2385764634174,215.27526301751345,217.1602478027344,16159280
2022-05-30,220.3019170606527,226.1018799292972,219.43192853038332,225.4735565185547,19674867
2022-05-31,225.1352099390052,229.67852579420517,223.5885620894217,227.3101959228516,21535025
2022-06-01,225.81188639646916,228.32519470948813,222.86356908209703,224.9902191162109,14805104
2022-06-02,224.26521104853617,228.03518067906663,223.58855172383417,226.3918609619141,13296442
2022-06-03,228.42186052280744,228.95352670458155,222.5252260523444,223.34689331054688,11433422
2022-06-06,223.29855619334046,225.811879176063,219.96358070670013,224.5068817138672,11689465
2022-06-07,223.20190462386344,227.64854884528503,222.09025094354243,226.92355346679688,14994271
2022-06-08,228.08351778045952,228.51851200920734,223.39522370385095,225.23187255859375,13235033
2022-06-09,224.2652160177671,226.8751961852018,223.68521386941836,225.28021240234375,10241164
2022-06-10,223.6852162096237,224.6518766336066,221.36523709209163,222.5735626220703,9619461
2022-06-13,216.00026674821427,218.80359080131961,211.60195891063339,212.1819610595703,19190225
2022-06-14,207.5419945903028,216.91859795673577,207.49365861803952,213.0519561767578,16235651
2022-06-15,215.3417860776981,216.60850544001477,212.7109165517306,213.34426879882807,11820899
2022-06-16,216.7059393438112,217.58290577710318,203.64902232837917,204.4285430908203,22486470
2022-06-17,204.42855757306106,208.47230044176834,201.74896498417425,204.91575622558594,20447908
2022-06-20,206.377341439882,207.44916949876736,185.13547832194965,189.91001892089844,46007687
2022-06-21,192.73577641518585,202.4310259478483,187.57146808645388,199.31295776367188,40390379
2022-06-22,198.48471132810567,199.36167774957545,193.90504735416923,196.1461639404297,19099052
2022-06-23,196.14617197244112,199.65399319759726,193.56401030518492,197.75392150878906,20176334
2022-06-24,199.65398725374587,203.40542255103767,198.48471354683733,202.57717895507807,16789270
2022-06-27,204.5259807426002,206.18246799380486,202.33358688813544,202.82078552246094,18526023
2022-06-28,200.82328226714336,203.79518203094574,199.65399365462574,203.3079833984375,13321760
2022-06-29,200.82329515032023,204.33111660853922,200.48225013843688,201.99256896972656,12179447
2022-06-30,201.9925645326895,203.89263630600257,196.24361150569666,197.02313232421875,16161389
2022-07-01,197.51031478365505,202.3335780798804,195.46408952944034,201.70022583007812,15807993
2022-07-04,202.38229589269352,207.35172757041013,201.89509729166724,206.03628540039065,14714951
2022-07-05,209.0082026387236,211.54164134522944,206.5722096009762,207.3517303466797,18209477
2022-07-06,207.05940032673774,209.25179397725614,204.7208530467665,208.52099609375,13022748
2022-07-07,210.42109608731448,210.7621410930093,206.86455185363093,209.05694580078125,14827327
2022-07-08,212.12628290264504,215.19564322687285,209.25181392709635,214.41612243652344,17940782
2022-07-11,213.39301027879037,216.2187565224475,212.71093513736855,215.09820556640625,14996210
2022-07-12,214.221230061729,218.45984895481112,213.49043216277124,215.8289794921875,14294272
2022-07-13,216.31620220041762,217.53419883442896,214.22125393716726,215.09820556640625,11090495
2022-07-14,217.19314997420182,217.5341949729202,213.5391601370307,215.68284606933594,11027964
2022-07-15,216.2187424794005,220.40865360189645,215.9751431684196,219.2393798828125,13191940
2022-07-18,221.13943832963977,223.03950986820487,219.72656538394375,221.96768188476562,11035599
2022-07-19,220.84714010706895,223.62417833428637,220.70098646063556,222.1625823974609,7716506
2022-07-20,224.11137467606918,224.6960189920384,220.99330634985273,221.7728271484375,10163009
2022-07-21,220.895856907857,224.98832244549067,220.7009804285644,224.2088165283203,11218003
2022-07-22,224.30623859471345,228.0089510295006,224.30623859471345,224.93960571289065,12459803
2022-07-25,225.47552034643388,227.37560690070995,223.6241714969758,226.54736328125,10169772
2022-07-26,227.0345511891735,227.5217497968756,219.33681913472915,220.35992431640625,11541475
2022-07-27,215.2443558182012,218.21627053191006,209.98261638956333,212.41860961914062,33675845
2022-07-28,214.75715215619297,215.7802722623429,211.34676171444136,212.56475830078125,22716582
2022-07-29,214.56227760133825,216.9495479583616,213.24685019716088,216.21875,19006987
2022-08-01,216.6085071632168,225.3293593965058,215.9264320759652,224.4524078369141,22010178
2022-08-02,224.11138030884865,227.61921655658412,221.38306487929023,226.6935272216797,20231195
2022-08-03,226.06016465053762,231.22447310971316,225.13449022580858,226.54736328125,25614730
2022-08-04,227.81408535164968,228.7884826244385,219.53170853294475,221.821533203125,20979139
2022-08-05,222.79591058790075,227.27814358986902,221.87023623500673,226.1575927734375,33228441
2022-08-08,226.1088862528796,226.88840703138837,221.87025224157227,222.4061737060547,11852419
2022-08-10,223.62417756128625,224.50112917310105,221.33433798759262,222.6497802734375,11392194
2022-08-11,224.0139167536129,225.42680462860724,222.50361294482045,223.52671813964844,9195356
2022-08-12,224.11137314266588,229.66543463388138,222.7472229055682,226.44992065429688,23305682
2022-08-16,227.66790895409667,231.4193442716437,225.47551516626007,229.95774841308594,18790189
2022-08-17,232.3450076113969,235.6092441539896,230.5423817258856,231.22445678710935,23760210
2022-08-18,230.88342137057955,233.6604594316961,229.86030130237228,231.8578186035156,15238636
2022-08-19,232.73480241146004,235.70670229931812,226.06017492022997,226.6935272216797,23097652
2022-08-22,226.69352509184483,226.69352509184483,217.14444348029056,218.41114807128903,20956719
2022-08-23,217.0469929010535,226.15761336513685,215.975149951824,225.5242462158203,19119958
2022-08-24,225.03704604310744,226.83968693593317,221.6753784425482,223.72161865234372,14521061
2022-08-25,224.69601016088384,227.22943407156072,222.7959236427237,223.4292907714844,13814880
2022-08-26,225.08576068793448,230.34749979572837,224.93960705032092,229.08079528808594,19400636
2022-08-29,221.33434204038113,227.71664736627946,221.28563406959495,226.6935272216797,14098344
2022-08-30,228.00895396958737,231.41934430673933,228.00895396958737,230.8834228515625,13418819
2022-09-01,229.03208123616045,234.0989440654085,228.39871408992792,231.1270294189453,14693953
2022-09-02,232.34502908378124,233.36814920423012,228.44743995302164,229.17823791503903,12347290
2022-09-05,229.42182773325476,232.29629662450736,229.17822842267196,230.39622497558594,10500643
2022-09-06,231.56550090239577,241.6505184040053,231.12702511278712,241.0171661376953,61475311
2022-09-07,240.62741088867188,244.71987658571604,238.92221560922658,240.62741088867188,30474615
2022-09-08,243.1608545368188,243.69677603723065,237.36319344792685,238.62989807128903,14951235
2022-09-09,240.18891463326332,240.67611324306716,235.02460639571896,236.14517211914065,12290186
2022-09-12,237.46061555030636,238.92221147884922,235.51182097891586,236.5836639404297,10322525
2022-09-13,237.65548703000508,238.62988429518447,233.9040664799378,234.8784637451172,13871114
2022-09-14,231.37061339426074,237.89907169528306,230.59109265649957,235.31692504882812,24228696
2022-09-15,236.1451809520087,240.57867657255804,233.75789578017796,239.11708068847656,19214950
2022-09-16,240.57867836416546,241.40692198522848,226.69351736198783,230.2500762939453,58044047
2022-09-19,231.41933906164525,231.85781483571668,225.96270869862727,226.4011993408203,14016637
2022-09-20,228.98335990946302,231.41935309998922,228.1551162774351,229.22695922851562,10376536
2022-09-21,229.47056631029605,230.5424092976358,224.4524261153031,225.28065490722656,14179308
2022-09-22,223.234415126789,227.5217570642629,221.62665074914477,225.7191162109375,19648230
2022-09-23,225.3293634257497,226.40120634496967,217.82650759557617,218.75218200683594,16143866
2022-09-26,217.0957145027132,217.82651245444933,207.05941965857875,209.7877349853516,22684799
2022-09-27,211.73652001295625,214.22123591088013,208.9594819738433,211.931396484375,14097631
2022-09-28,209.49539632547803,211.29803707831783,207.3030026430021,208.42355346679688,12102060
2022-09-29,210.61596992941412,212.41861087722688,205.11063114521218,206.81582641601562,18736174
2022-09-30,206.76708966110968,211.5416450188829,204.86701803229423,210.95700073242188,13008102
2022-10-03,210.95701645887556,212.41861241586548,206.37735210059847,207.69277954101562,10864491
2022-10-04,211.24931770737288,214.318662965896,210.6646734352154,213.44171142578125,11173725
2022-10-06,215.3417896529441,217.5341834390035,214.61099172425764,216.02386474609372,10571565
2022-10-07,215.97514688409655,217.1931434599557,213.14940077535223,216.8033905029297,11098716
2022-10-10,214.36740531622152,215.09820328889046,211.5416591024841,214.7084503173828,9516511
2022-10-11,214.75715369601787,216.55979460397486,210.95701026663917,211.59036254882812,9006207
2022-10-12,212.41859588194012,213.78274605503415,209.5441270305566,212.369873046875,9504518
2022-10-13,212.36986949423905,213.29554387250494,208.03380487216714,210.61595153808594,9559072
2022-10-14,214.36737935131697,214.95202360588715,209.98259204640368,210.37234497070312,8739363
2022-10-17,209.49540419549143,212.90579449634828,208.37485332960148,212.369873046875,9420098
2022-10-18,213.44172099852503,216.31618991795452,213.0519531768987,215.0007476806641,10267276
2022-10-19,215.7315567749692,215.97515610053628,211.98013608210968,212.80836486816406,7712123
2022-10-20,212.27245781762213,215.6341255300329,210.567262542097,215.1469268798828,7889548
2022-10-21,215.58539695187199,216.55979422623074,211.98013001036912,213.0032501220703,8153053
2022-10-24,215.34179994069277,215.48795358616366,212.7109302453586,213.39300537109375,2893840
2022-10-25,213.4904438347436,217.1931414974001,212.07755592501604,215.0007476806641,9040336
2022-10-27,216.1213150794616,221.09073218085953,215.43923997159783,220.067626953125,12783887
2022-10-28,221.188172835125,221.87024792751203,216.8521081033912,219.28810119628906,13141721
2022-10-31,222.26001578039055,223.13696734673155,218.4598576339617,220.21377563476562,22697530
2022-11-01,220.70097968569542,225.42681235027598,220.70097968569542,224.69601440429688,16978101
2022-11-02,224.1113585811385,225.86527653496302,221.96768769007363,223.18568420410156,9478217
2022-11-03,222.35744740209478,223.6241667889025,219.97017713548905,221.5779266357422,9095013
2022-11-04,221.8702659413084,223.52673840534467,220.94459146447545,222.4549102783203,8681681
2022-11-07,222.50363612080463,224.50113875162148,221.09074809864384,223.28314208984372,9570452
2022-11-09,224.20880705957381,228.49614889543784,222.99081053028044,225.4268035888672,16625632
2022-11-10,225.28064265690608,227.42431364689398,222.64977303882452,223.33184814453125,8944902
2022-11-11,226.06016113812566,226.06016113812566,223.3318458749032,223.86776733398438,7259679
2022-11-14,224.16009403917784,224.50112416143827,220.99330292436343,221.8702545166016,7310857
2022-11-15,222.6010407175745,224.35495867760352,222.16256494459762,223.62416076660156,6426117
2022-11-16,223.62416513161625,224.11136374846072,216.5597851873713,218.84962463378903,10662953
2022-11-17,218.94705063958676,219.1419271084308,215.34178392754623,215.7315368652344,10679502
2022-11-18,216.657241440861,217.1444400815033,213.10068244329895,214.80587768554688,7718744
2022-11-21,214.8058624871339,216.7059340775762,212.80834522820885,215.73153686523438,6226956
2022-11-22,215.3905051767028,216.31617954799106,213.4417107663605,214.85458374023438,7105721
2022-11-23,215.8290020164683,216.55979999169335,214.8546047161682,215.1469268798828,5966239
2022-11-24,215.3418048932085,216.02388003463028,213.977654610365,215.09820556640625,6612342
2022-11-25,215.53666584965404,219.09322468555868,214.7084371190815,218.3624267578125,8062766
2022-11-28,218.36241079212434,220.6522352107675,217.5828900858991,218.849609375,7388645
2022-11-29,219.23938366919623,219.67785946291025,217.19314347436816,217.72906494140625,6165404
2022-11-30,217.82651329675852,219.6291393304715,216.94954683041058,219.0445098876953,8815900
2022-12-01,219.48296887437849,221.3343176035398,217.87521944474477,219.0932159423828,7833074
2022-12-02,219.6778629317985,220.55482940119663,218.1188362108504,219.4829864501953,7223274
2022-12-05,219.48297418235995,220.0676184626138,216.65722818675027,218.45985412597656,10750610
2022-12-06,218.45985961591344,224.4036887647509,217.77778451722438,222.9420928955078,20071039
2022-12-07,222.94208043624812,223.7216011632382,219.6291210635707,220.06761169433597,7548312
2022-12-08,220.21377559796585,221.48049497989712,219.04450188699926,219.28810119628906,7507975
2022-12-09,220.11632732808178,220.70097161072312,211.93139657983346,213.78274536132812,13087278
2022-12-12,214.12379910629895,214.12379910629895,210.17748720716588,212.12628173828125,8858525
2022-12-13,213.19811859515175,214.65971445178928,212.22372135739343,213.24684143066406,7265105
2022-12-14,214.17251447372917,217.4854591138342,213.78274666022622,216.99826049804688,9179593
2022-12-15,216.94953609301925,219.04449904661888,215.39050945465388,216.12130737304688,7909066
2022-12-16,215.34180732576303,216.8034033030872,210.51854357421783,211.78526306152344,10349382
2022-12-19,212.4186023498394,212.4186023498394,209.39796490128543,211.24932861328125,9302368
2022-12-20,211.24932559827892,212.90579794043828,209.10565463383028,212.2724456787109,6418826
2022-12-21,212.8083443357349,213.78274154399028,207.0594067542765,208.3261260986328,9737819
2022-12-22,209.3979737641852,209.78774160494987,201.26176523233443,203.5515899658203,14020296
2022-12-23,200.92070772174088,202.57718005452836,190.98185885689426,191.8588104248047,20819266
2022-12-26,192.24857662419228,199.4103873502106,189.6177070744688,197.94879150390625,18203352
2022-12-27,201.50535736873985,202.9669532661899,199.55656283880643,202.3823089599609,11851262
2022-12-28,202.0412917608912,204.9157609027729,201.50537025725686,202.91824340820312,8920331
2022-12-29,203.45416580984244,203.45416580984244,199.75145297617166,200.57969665527344,15374707
2022-12-30,202.08998680684647,204.62342564300883,201.70023384810872,202.38230895996094,7372810
2023-01-02,203.40541859499294,206.7670860125194,202.86949715321416,206.42605590820312,7746971
2023-01-03,206.57222558258107,207.54662287306493,204.6234310016133,205.9388732910156,7238453
2023-01-04,205.5978256262886,205.938870620785,200.5796855926116,202.77207946777344,14226706
2023-01-05,204.2336607490556,204.3798143830106,199.89758127885213,202.2848663330078,10272550
2023-01-06,202.28489084590615,203.40544182367347,198.87450020455114,200.14120483398438,9603038
2023-01-09,201.16431465102454,201.84638977058123,199.94631805605815,200.92071533203125,6631221
2023-01-10,201.3591655031098,202.47973114872408,199.45909403043248,200.7745361328125,8246247
2023-01-11,201.5540939868645,201.99256981245583,199.897606628661,200.57969665527344,7061239
2023-01-12,201.11559257820448,201.50536041094907,198.5821685719163,200.4335174560547,6167789
2023-01-13,200.43349350938936,201.505336336226,198.92317493270892,201.16429138183597,5801690
2023-01-16,201.99254949560475,202.91822389388523,200.87198375610996,201.6515045166016,4396161
2023-01-17,201.6027881743631,203.1618297455588,200.725836583142,202.3823089599609,5676087
2023-01-18,202.333577342208,203.0156672925812,201.99254723514304,202.1874237060547,4564618
2023-01-19,201.65151175289054,202.18743322421776,199.80016288989364,200.04376220703125,4978935
2023-01-20,200.0924699353643,203.16181515228706,199.84887063662057,201.8950958251953,6362978
2023-01-23,202.4310237497523,202.67462305631037,201.4079036885841,201.70022583007812,4638356
2023-01-24,201.74897047955807,202.82079862343423,200.2386516419672,200.57969665527344,6551672
2023-01-25,200.57968480748977,200.96943776985503,195.70769843731145,196.29232788085938,9681030
2023-01-27,197.31544990992526,198.63089218990714,191.61521985416726,197.16929626464844,13521282
2023-01-30,198.2411061144311,200.5309454672187,196.19488092822635,199.11807250976562,10341362
2023-01-31,200.2386538465122,209.15438358147975,199.21553366345276,207.44918823242188,16807189
2023-02-01,209.39798061167403,209.88517927746958,191.6152293101368,200.57969665527344,19017445
2023-02-02,199.70270055017969,203.4541356682827,198.7770261959307,201.0181427001953,9841415
2023-02-03,202.18743322421776,202.8695083385786,196.82824824719032,200.04376220703125,10618799
2023-02-06,203.64903183332353,207.40046731434433,201.45663794995045,203.21055603027344,17908243
2023-02-07,204.13621072572295,204.62340931934042,199.75142338316564,201.0181427001953,8095192
2023-02-08,201.01814581062624,202.23614231351644,198.9719057385221,201.84637451171875,8259877
2023-02-09,201.89510453141287,202.33358031443555,198.33856056363564,200.23863220214844,6294658
2023-02-10,200.23862413706445,200.87197636835165,197.6564775102827,199.5565490722656,5515771
2023-02-13,200.0437556538426,200.96943005501709,197.12056394395142,198.3872833251953,6844360
2023-02-14,198.48471487251683,199.26423563836957,196.68208889886196,197.90008544921875,5125639
2023-02-15,197.46160202877465,200.38479385669507,197.1692947404806,199.9950408935547,6323738
2023-02-16,200.33607364971303,201.1155795283771,199.26423076436757,199.8975830078125,4862186
2023-02-17,199.26424522029794,200.77456398899074,198.92320022254958,199.45912170410156,5939096
2023-02-20,199.5565658588144,200.09248733628098,197.023126984312,198.58216857910156,7780404
2023-02-21,199.6052928187248,204.37983364067372,199.3616934937657,202.62591552734372,15068225
2023-02-22,202.23614507435752,202.23614507435752,196.43848461507716,197.1205596923828,15048335
2023-02-23,197.6077597747576,198.48471132810567,195.46408885803436,196.1461639404297,10723010
2023-02-24,196.73079188526415,197.75391193528344,196.14616247676855,197.1205596923828,5212611
2023-02-27,196.77951995680255,197.12056493859282,192.44345520554256,194.63584899902344,12387738
2023-02-28,195.8051398484128,197.75393450202853,194.44098953813113,197.3641815185547,6795039
2023-03-01,198.09496121765596,200.1411864940896,197.2179947836513,199.31295776367188,6502602
2023-03-02,199.26424711459723,201.0181652217488,198.33857265663806,200.33609008789062,6290128
2023-03-03,200.8232807455905,203.89262615988832,200.7258350725782,202.4310302734375,9201938
2023-03-06,203.161822974686,207.4491648504043,202.77207002893772,204.91574096679688,11959992
2023-03-08,204.0875125415844,206.47478296501043,202.772085100818,205.8414306640625,7273306
2023-03-09,206.32863166818174,207.30302898420624,204.038792028275,204.3798370361328,7481807
2023-03-10,202.72335092372035,203.84390181445568,200.7258335867328,203.40542602539062,5967859
2023-03-13,201.74894416714815,203.84389220959326,197.02311177803244,197.65647888183594,7250840
2023-03-14,198.63088873573946,199.9463161247236,196.5359256917596,198.19239807128906,7282943
2023-03-15,199.75143887112478,200.189914665754,197.36416855092358,197.75392150878906,5658938
2023-03-16,197.753922274961,199.3129638487078,193.7589024029337,198.19239807128906,7483698
2023-03-17,199.21550792992065,201.1155795283771,198.435987183135,199.8975830078125,6398045
2023-03-20,199.26425179140136,199.31297463098966,195.36666251430793,197.41290283203125,6100721
2023-03-21,197.80263476968847,198.38727904630562,196.43848461507716,197.1205596923828,4431418
2023-03-22,198.14370783356082,198.58218366912635,195.36666942810635,195.80514526367188,7561000
2023-03-23,194.87943726868752,197.02310810501888,194.4409615084572,194.9768829345703,5367782
2023-03-24,194.97690480558296,196.09745574832425,187.1817264404322,187.81507873535156,16010459
2023-03-27,187.96121356725956,189.03305643242388,179.7275602168942,181.8712310791016,22247890
2023-03-28,181.9199796365814,182.69950047891612,177.6813601463446,179.24038696289062,12023683
2023-03-29,179.7763045894489,182.89437302333778,178.60703078525597,180.75070190429688,17480941
2023-03-31,183.67387893416097,186.6945163121572,183.13795748088785,185.3790740966797,13519886
2023-04-03,188.3997150507629,191.0305846635336,187.132995646652,188.98434448242188,14927965
2023-04-05,189.6664142656749,189.9587364073644,187.57146617512356,189.61770629882807,7802577
2023-04-06,188.54587288244736,190.98186607214308,187.1817226434668,190.2510681152344,8898362
2023-04-10,190.4946529522093,192.6870466562628,190.1049000187372,190.6895294189453,7752647
2023-04-11,191.95625080088365,192.83320234460356,190.7869771198833,192.4921722412109,4957133
2023-04-12,192.93066254728407,193.51530686588853,190.54339217120736,192.0537109375,8183550
2023-04-13,192.15113676773169,192.15113676773169,189.2766678233186,191.27418518066406,6448150
2023-04-17,191.27419469359114,192.54091416867246,189.81259873037183,191.9075469970703,4756452
2023-04-18,192.4434436561188,193.1255187106429,191.1280015117273,192.1998443603516,4249222
2023-04-19,192.49219689410344,192.6870733878748,188.1074088776916,188.4971618652344,6753761
2023-04-20,188.59457429020756,191.76136507697527,188.49712862644327,191.37159729003903,6086016
2023-04-21,191.9075259211973,191.9075259211973,189.5202557504077,190.6895294189453,4015567
2023-04-24,191.4690608875917,191.66393736525237,189.8125885252929,190.8357086181641,5017631
2023-04-25,190.83571167302,193.71018065186436,190.34851303700833,192.58961486816406,5957551
2023-04-26,192.58961259071734,193.85633200299273,191.12801669996628,193.1255340576172,4910837
2023-04-27,193.3691238454386,194.8307196641768,192.5896031018206,193.4178466796875,5215692
2023-04-28,194.3922523899239,196.38976973647735,193.90505376238025,195.9512939453125,7951645
2023-05-02,196.77953224857663,197.75392955098917,195.26921345621275,196.58465576171875,6881245
2023-05-03,196.63337401967587,199.02064438134784,195.31793174481453,198.5821685791016,8641713
2023-05-04,198.679597861692,199.3129650095189,196.92569466616496,198.63088989257807,8211667
2023-05-05,198.6795939469345,200.3360811715946,194.29480630826933,195.02560424804688,16337389
2023-05-08,196.34105641107405,197.9975288513394,194.39226180649763,197.5103302001953,7724617
2023-05-09,198.53344650706208,199.848888786996,197.2180042271282,198.094970703125,7956883
2023-05-10,198.28985021795816,199.21552467778352,197.02313075645475,198.92320251464844,5026713
2023-05-11,199.26422478954817,201.89509422145832,198.9231798267675,201.0181427001953,8986218
2023-05-12,201.55408591745226,202.47976037177887,200.87199591814797,201.74896240234375,7304524
2023-05-15,202.33358688813544,204.03878210827472,201.1643131393787,202.82078552246094,6740655
2023-05-16,203.50288006480594,209.4954174540327,202.8695129051178,205.93887329101562,18196503
2023-05-17,206.9619871745072,206.9619871745072,201.55409388150235,202.43104553222656,9107799
2023-05-18,203.6490209391449,204.33109602608224,198.8744804624615,199.36167907714844,8248339
2023-05-19,201.01815718871933,201.21303366658796,196.6333695301254,200.5796813964844,9002705
2023-05-22,200.72583885046117,201.60279045158796,198.8744899733612,200.92071533203125,5577418
2023-05-23,201.2130454832877,202.13871995861768,200.23864816859864,201.6027984619141,5017652
2023-05-24,201.35919113252143,202.67463340233363,200.2873630498249,201.8463897705078,5447203
2023-05-25,201.8951028711939,205.79269178711704,201.2617506196051,205.40293884277344,8705559
2023-05-26,206.81582794140309,208.32614673745016,205.256786306492,206.76710510253903,8476048
2023-05-29,207.5466096939579,212.1262736948012,206.2798903231404,211.44419860839844,12956419
2023-05-30,212.41861423177235,212.85709004899317,209.49542229280303,211.3467712402344,11975300
2023-05-31,211.34674114406062,213.39298115719996,207.44915244712547,208.08251953125,11299432
2023-06-01,208.47229272497756,211.44420736899573,207.54661829306957,209.7877349853516,6324964
2023-06-02,210.85955157403615,211.3467501819874,209.49540141902145,210.12875366210935,4908437
2023-06-05,211.4441941753849,213.78274152777192,210.61595060118205,213.44171142578125,8688870
2023-06-06,214.1725064597384,214.1725064597384,210.0313183805028,211.2005920410156,8301040
2023-06-07,213.02004802595027,216.01962571675728,210.5613679471955,214.83946228027344,11387499
2023-06-08,215.3311829423665,222.4613546623561,214.83944696167757,217.00308227539065,31056302
2023-06-09,220.88782019693926,220.88782019693926,216.56053433432453,217.54400634765625,11045069
2023-06-12,218.2815981791644,219.85515931533894,216.70805204958106,217.29812622070312,6342344
2023-06-13,217.83904963474876,219.1175662456616,217.1997988325883,218.13409423828125,6249947
2023-06-14,218.8225134572108,221.52706137634485,217.88821808646455,220.4452362060547,10509540
2023-06-15,220.6910998666573,220.93696785447963,216.5113440736783,216.95391845703125,7665159
2023-06-16,218.23240847125044,220.0026608914644,217.24893657186385,218.57662963867188,7136739
2023-06-19,219.3142466835125,220.4452334328314,217.34730276706847,219.46176147460935,7473608
2023-06-20,219.41259580276486,222.60887960756278,218.92085983279594,221.2320098876953,11221842
2023-06-21,221.52705351630726,222.26465746808188,218.92085888933997,220.59275817871094,6987933
2023-06-22,221.13368342245903,221.4287130148105,216.85557425426208,217.44566345214844,6857007
2023-06-23,218.33076818390845,218.42912137942037,212.13489203142535,214.69192504882812,10890426
2023-06-26,214.69193965291467,215.7245882496713,212.72499566160369,214.9869842529297,5136478
2023-06-27,215.28201475933813,216.8555759616969,214.98698516466368,215.62623596191406,4694432
2023-06-28,216.3146508697991,217.29812281283668,213.95432420914526,214.44606018066406,8345362
2023-06-30,216.0687994716164,218.82252412484291,215.2328572598138,218.1832733154297,9940002
2023-07-03,219.2159091623444,220.49442580078477,217.93740753049624,218.23243713378903,5792956
2023-07-04,218.4291286246615,219.6092919769967,216.5605228940888,217.00308227539065,4598056
2023-07-05,217.2981168880285,220.0518412547694,216.9047341241757,218.0357208251953,5879342
2023-07-06,221.28118365400937,226.49358787028862,219.85515236066834,225.80516052246094,30885511
2023-07-07,226.00186573807048,228.50972230761647,222.36302238548984,224.2316131591797,16592198
2023-07-10,225.4609447564019,225.4609447564019,220.9369677793731,221.28118896484372,7143637
2023-07-11,222.26465466281527,223.1006118002453,220.98613816122432,221.77291870117188,5156417
2023-07-12,222.51053104226293,223.49400300267072,221.4778824825165,222.5597076416016,7366992
2023-07-13,223.24814820826677,223.44483961065603,217.2489628925443,218.1832733154297,9389403
2023-07-14,219.0683837411789,219.0683837411789,214.93780442279825,217.396484375,10191602
2023-07-17,218.2815999477858,220.98614785546783,217.59317257260315,219.8059844970703,7071156
2023-07-18,220.49440627481314,220.59275947159585,217.10143107808202,217.8390350341797,6695221
2023-07-19,217.74067620913328,217.74067620913328,213.9051417392044,215.87208557128903,14481130
2023-07-20,216.1671408217266,217.00308298768695,214.151020292966,214.54440307617188,6910107
2023-07-21,214.54441247745584,215.57706108686085,213.16755766931044,213.8068084716797,5715378
2023-07-24,214.64276344840903,215.13449944714532,213.216732053392,213.7576446533203,4387406
2023-07-25,213.9051392812133,216.85555499543696,213.9051392812133,215.82290649414065,7602866
2023-07-26,216.7572098959334,218.72415377886054,216.16713573500982,217.8390350341797,8511027
2023-07-27,218.57664027497043,218.8716848604618,216.8555643672935,217.2489471435547,7845672
2023-07-28,217.24895804488514,233.27955459067886,216.36383925058763,230.77169799804688,57651036
2023-07-31,232.6402964870788,234.95144660251327,231.31260333075053,232.78781127929688,18682254
2023-08-01,233.4762459516933,241.34402192319558,232.34525915842656,240.3605499267578,27535144
2023-08-02,240.6556025438064,240.6556025438064,229.44402741356868,231.85353088378903,22636262
2023-08-03,231.3617802875625,233.67294541315667,228.7064089773976,231.5584716796875,10784942
2023-08-04,233.08285059699324,233.42707177983613,230.6241707383752,231.75515747070312,7710303
2023-08-07,232.98449645564762,233.08284965223004,228.36218134149962,228.9522705078125,7286281
2023-08-08,230.62417732031128,232.7386360564324,226.69028943425053,230.03408813476562,9464101
2023-08-09,233.0828446385005,233.0828446385005,228.16548504697096,231.01754760742188,10515447
2023-08-10,232.0993904076616,237.70517776788424,229.64071042452957,233.23037719726562,25155361
2023-08-11,234.11549535276927,234.4105399323501,231.2634177589421,232.2960662841797,6875382
2023-08-14,232.09938921273888,232.24690400833063,225.31343849686743,227.3295440673828,10730311
2023-08-16,226.19854363802656,231.607639246762,224.2807763780658,231.0667266845703,6716135
2023-08-17,231.06674523916277,231.9518790501681,228.06715261395215,228.65724182128903,6535775
2023-08-18,228.65723223478452,229.64070420138577,225.8051695342775,226.29690551757807,6814759
2023-08-21,226.837809358944,236.42666129813935,226.2969117676474,235.3940277099609,14519170
2023-08-22,238.00021017650315,240.06550725918353,235.63988351623203,239.4754180908203,22416067
2023-08-23,240.60640011648593,244.39277302514554,239.47541340693337,241.54071044921875,23010389
2023-08-24,242.91758335483922,248.62172394100804,242.42584735614523,245.62213134765625,28698029
2023-08-25,245.5237597346981,247.5398801794832,239.37706021193287,241.54071044921875,15076489
2023-08-28,242.0816221160945,242.81922610183105,239.6721187640068,240.9014587402344,7395680
2023-08-29,240.95062320010868,244.39277496011024,240.90144660221907,242.8192138671875,7267365
2023-08-30,243.90104581461327,246.359725711938,242.81922065715392,243.2617950439453,8228142
2023-08-31,244.5403096065126,245.62213482157676,240.21303875943994,241.0489959716797,11641155
2023-09-01,242.6716978092957,251.71963652974256,242.0324470598507,251.1295623779297,28052910
2023-09-04,253.68662706172773,257.9647064646147,250.88372571925396,254.8667755126953,18767431
2023-09-05,256.4894798643815,258.161394232302,251.42460518017484,254.1783447265625,14987193
2023-09-06,256.6861857293879,257.4729513048945,250.4411326793122,253.24403381347656,9250338
2023-09-07,253.7357807419162,261.947778098022,252.0638663053973,259.3415832519531,17703150
2023-09-08,260.4725454044781,271.92998733097704,259.34155869307955,264.40643310546875,53019645
2023-09-11,269.47130286940444,269.47130286940444,264.70145811159813,267.406005859375,16450404
2023-09-12,271.43825819101284,271.43825819101284,255.70270699153383,258.35809326171875,23738913
2023-09-13,259.1448482873305,263.1770891210029,256.6861685123084,260.6200561523437,11803636
2023-09-14,262.43949018190284,263.570476897296,259.09569162688683,260.7184143066406,7915449
2023-09-15,262.6853634970572,263.52132065607793,258.75147570230735,259.5874328613281,7612098
2023-09-18,261.0134349254201,262.34112798628104,257.96466604834177,261.16094970703125,8425365
2023-09-20,260.9642842048388,262.58700689650675,256.6861752808549,257.6696472167969,9016803
2023-09-21,257.62050062661007,257.6696622209972,251.81799185612488,252.4080810546875,7948656
2023-09-22,252.8998085653938,254.719237694419,250.04774588342096,252.85064697265625,6831744
2023-09-25,253.93246217008996,254.03078535170798,250.7853400156021,252.6539306640625,5384845
2023-09-26,252.85062809261737,259.3907101370384,252.7522749013038,255.55517578125,9193002
2023-09-27,255.5552013456836,256.29280533455136,252.3097257867556,255.45684814453125,5650167
2023-09-28,257.66965361689785,259.88246552773,253.04732339788663,253.7849273681641,11266992
2023-09-29,255.16181999908744,260.37420954466097,255.16181999908744,257.9646911621094,10214222
2023-10-03,258.21054812262,262.0952743252083,256.489472212417,259.5874328613281,7137959
2023-10-04,258.60397261982,258.60397261982,249.31015027871297,252.4080810546875,12531396
2023-10-05,254.32585808589343,255.89941924449752,251.7688249548096,253.5390625,6675848
2023-10-06,255.210962090976,255.65353645825587,253.78491580812397,254.47335815429688,3828731
2023-10-09,250.88370934125967,251.71965152443852,244.98287743208,245.8679962158203,11210941
2023-10-10,246.35972310615827,250.78534687453237,246.35972310615827,249.70352172851562,5951928
2023-10-11,250.9820407535228,252.16220410214896,248.9167586450748,249.75270080566406,6245802
2023-10-12,251.17872931492764,253.14567320934864,250.49030195319847,250.932861328125,5375168
2023-10-13,250.24444422879415,251.67047560941205,249.01510424436643,249.90023803710935,4300916
2023-10-16,249.90022620708137,252.6047740447918,249.3593136382211,250.58865356445312,6720120
2023-10-17,252.6047690732535,255.0142572733378,251.7688119372319,252.6539306640625,6338761
2023-10-18,252.75229549650157,253.44073787861333,247.34319967848307,248.86758422851562,6003534
2023-10-19,248.37584299160105,248.7200491687852,245.37625055464488,247.83493041992188,4782988
2023-10-20,247.34319993343863,248.22831870193568,242.5241932932368,243.3109588623047,7678941
2023-10-23,244.24526763787145,244.63865041982964,232.39442750063785,234.31219482421875,9550108
2023-10-25,235.885756975199,237.6559945081816,229.29648279975223,232.78781127929688,9555885
2023-10-26,231.1159223384902,231.46014354460985,226.9853428980143,230.5258331298828,9272278
2023-10-27,232.24689278856508,235.0497938221349,231.60764202976048,234.21383666992188,7031353
2023-10-30,234.5580736350468,235.9349284420078,231.1159216110524,235.14816284179688,5661460
2023-10-31,236.52499916805016,237.85269227620358,234.31218732552165,235.39401245117188,6266858
2023-11-01,235.9840894949,236.2791340788348,232.3944229090337,232.9844970703125,4027707
2023-11-02,234.0663244949749,240.99980475549302,234.0663244949749,240.75393676757812,9816661
2023-11-03,241.7865909447449,242.0816205318355,239.86880858910723,240.5572509765625,5030180
2023-11-06,242.9175738018182,247.0481530270896,241.5407190622581,245.4254302978516,9389448
2023-11-07,245.8188099553116,247.83493044637208,244.78616141046683,245.67129516601562,7066697
2023-11-08,248.7200549990044,252.11304529789413,247.34320024481096,250.73617553710938,13131393
2023-11-09,249.80187852921023,249.80187852921023,243.1142661814407,243.9010467529297,15388769
2023-11-10,243.90104389784986,247.68741691261016,242.77005715660513,247.24484252929688,6974541
2023-11-13,248.57253525875655,254.2274989688964,247.09732733437224,252.80145263671875,10251490
2023-11-15,254.91595458984375,257.9155321867421,253.83412938642374,254.91595458984375,8436750
2023-11-16,255.11263598345565,261.11182130804764,255.06347438772968,258.11224365234375,13551131
2023-11-17,258.55479745729997,260.5709331795241,257.07958937365635,258.3089294433594,6452353
2023-11-20,259.4891125085729,260.0300101435421,255.8010922341849,256.5386962890625,4859705
2023-11-21,259.3907547073351,261.013477596706,256.4403385400479,258.3089294433594,6931541
2023-11-22,259.04650690713714,259.24321330338176,254.96510429711012,257.76800537109375,4537969
2023-11-23,257.7680314105836,259.39075429738995,255.5060276779938,256.4403381347656,5466513
2023-11-24,257.0795694560521,257.5713054458354,252.8014603423012,253.8832855224609,7153583
2023-11-28,255.112643398833,266.9143079817846,254.22752455774867,266.32421875,24745437
2023-11-29,270.4547867112576,271.1432290827046,267.01263488038705,268.8812255859375,26392589
2023-11-30,268.4878194534927,268.4878194534927,260.7183977137015,263.4721069335937,20403510
2023-12-01,265.53743113642156,273.89694285738295,264.1113847787492,271.4382629394531,32159928
2023-12-04,280.2895051176967,281.27297706547813,274.29032023359383,276.8965148925781,28890541
2023-12-05,278.32258966422205,278.5192960791528,271.93002135037955,276.8473815917969,21565252
2023-12-06,276.89651642950577,293.6647312401605,275.56885330317726,289.28826904296875,45934967
2023-12-07,290.12423595989964,326.66021424848424,287.3213347962945,320.4151611328125,152381610
2023-12-08,326.46355109088387,330.3974391955456,312.842457525856,318.2023620605469,74992149
2023-12-11,320.02176299616843,329.7581291910987,317.0221855870393,328.1354064941406,40351523
2023-12-12,329.46311385953834,329.46311385953834,322.185427197815,325.33251953125,22627713
2023-12-13,326.61104184136536,334.8722002501873,324.2998767474281,332.56103515625,33632037
2023-12-14,335.26560240587514,336.2490744164604,329.46312354605897,329.85650634765625,16560229
2023-12-15,331.82343534325827,332.9052605085518,326.3159863307314,327.69287109375,17080409
2023-12-18,333.39699988790755,334.6755014515261,328.87302279534657,331.4792175292969,15561817
2023-12-19,332.9052692656184,332.9052692656184,324.98833173591913,330.3482360839844,11713755
2023-12-20,331.1349983431389,341.1663936427633,312.74406194072355,314.8585205078125,40678163
2023-12-21,312.7441026438413,325.2342093144508,307.5317129383843,323.1197204589844,26393082
2023-12-22,325.5292075136493,326.5126794396724,318.2023296595046,321.2510986328125,15179674
2023-12-26,323.11972041352016,325.92262167530646,319.6284067451164,320.02178955078125,11314266
2023-12-27,321.6444857370278,324.44738676661893,316.3337432675394,319.4808654785156,10349372
2023-12-28,321.2019676037864,325.5292384873867,318.6449343501912,324.3490600585937,16182026
2023-12-29,324.64411169976285,330.4465904702647,320.66103211029156,326.66021728515625,19909151
2024-01-01,328.3812641495452,330.29904637583206,322.72630067732285,324.8407592773437,10096386
2024-01-02,326.2176836487219,327.20115567658877,314.3176661088956,324.39825439453125,15689859
2024-01-03,324.1523863643005,324.1523863643005,319.48089423226804,321.3003234863281,9954264
2024-01-04,321.3986381034056,335.1672461251972,321.3986381034056,332.2660217285156,26968463
2024-01-05,333.7412177596107,343.92015861324086,330.59409546224305,335.1180725097656,37557423
2024-01-08,338.3143298729039,338.3143298729039,331.7742478125899,333.3478088378906,14548833
2024-01-09,336.00319531541413,339.15031765060905,332.4626901916156,334.5771789550781,14504090
2024-01-10,336.54412106907716,342.9858504851013,335.11807470336424,340.723876953125,23432704
2024-01-11,343.67430011206113,354.049917637555,342.1007389199242,351.39453125,33499272
2024-01-12,355.67266269751116,355.86936911379047,350.6569492142416,351.8371276855469,20933438
2024-01-15,353.7056825794611,354.2466101625689,347.1656000819698,352.96807861328125,12869181
2024-01-16,353.01728072745493,354.7383566997737,343.2317224795693,347.6081848144531,14129539
2024-01-17,346.5754778471078,349.4767318426086,340.7729998692854,343.03497314453125,12084011
2024-01-18,342.05152644987993,344.2151767087504,329.75812728171024,339.8387145996094,16863929
2024-01-19,342.24826139958265,345.49370704551194,339.39619855722293,342.88751220703125,13483525
2024-01-23,359.45899321790483,359.70486120232204,335.56063713782845,340.4779968261719,25989141
2024-01-24,342.73997352891945,351.9846038280673,338.06848178067736,351.0503234863281,19810051
2024-01-25,353.01726633939984,360.63917390616257,352.0829559872336,359.06561279296875,19949672
2024-01-29,363.34371371723756,380.8495019297834,360.786680716493,375.5879211425781,34448280
2024-01-30,379.7185506569605,386.307795143699,375.6863093964041,376.9156494140625,23860682
2024-01-31,378.636705204032,384.7342433710323,377.3582036592654,383.3081970214844,15543971
2024-02-01,385.61937972402404,390.14335695624095,379.07929688389817,382.423095703125,25396799
2024-02-02,385.0784367825809,388.2747206762357,381.14454891346736,383.35736083984375,13340756
2024-02-05,388.96315347119634,395.84745707245645,383.75076417837215,387.4879455566406,22188678
2024-02-06,390.094150543409,390.094150543409,380.3577840518924,386.455322265625,12288416
2024-02-07,389.15988513123045,395.1098787676351,385.5210267004678,388.6189575195313,13281036
2024-02-08,389.9466052489786,404.10859449372026,386.602806818206,400.66644287109375,21626429
2024-02-09,406.0755907615504,406.0755907615504,377.7024170024428,385.619384765625,38295877
2024-02-12,373.62097250715095,379.76767194301874,353.2631219834654,355.7218017578125,44078652
2024-02-13,355.72181147990716,360.4424647703996,348.7391547272849,359.01641845703125,21221871
2024-02-14,358.2788377213423,368.4086173328323,352.27968252976905,367.52349853515625,15216135
2024-02-15,370.4246981274951,376.0305001594284,368.55610745457784,372.5883483886719,16001298
2024-02-16,376.66974878266245,376.66974878266245,369.04784133340496,370.0804748535156,9592754
2024-02-19,376.7681232501291,379.42347960026734,372.8342353122801,374.2110900878906,12557987
2024-02-20,374.7028120302472,376.1780199516261,369.8346138844239,372.68670654296875,7298102
2024-02-21,374.4077957797248,377.5057265222669,367.32678549975753,369.24456787109375,10283746
2024-02-22,370.81806510543754,373.4242896314131,363.14699634830805,371.6540222167969,8449170
2024-02-23,373.0800928349868,375.44041952879854,371.2606637121715,372.1457824707031,5691333
2024-02-26,372.73587164745163,375.0961983412634,371.45737010881504,372.1457824707031,6228934
2024-02-27,372.73588589391437,373.2276218911359,367.7693643272504,369.3428955078125,6322898
2024-02-28,369.293747313285,371.9982953961386,358.57390818752026,359.70489501953125,8577264
2024-02-29,360.93419080271207,367.8184941695213,357.0494647547402,365.6056823730469,8088079
2024-03-01,369.3428938140343,373.4734881770259,368.3594218241014,371.1623229980469,7853708
2024-03-04,374.75195465496506,387.4879277368679,373.91602755237153,385.2751159667969,25814019
2024-03-05,385.5209840996598,393.3395976957287,384.0457762523397,389.6023864746094,18795182
2024-03-06,389.6024201003194,391.02846648107993,378.3416839017952,388.4222717285156,15795532
2024-03-07,389.45488177910056,426.1383725272635,389.45488177910056,418.221435546875,98883541
2024-03-11,407.15739883420855,414.5334386681616,397.9619298385772,406.3214416503906,39122073
2024-03-12,407.5507782128186,407.8458378116178,388.4714280045965,389.5532531738281,26812422
2024-03-13,392.65117053512546,393.1920680947728,361.6718045442514,365.8023986816406,36185918
2024-03-14,365.8023955792671,379.9151937337624,359.5081512303066,378.0957946777344,27089563
2024-03-15,378.09582868051115,381.58714233318284,365.8515900720207,374.45697021484375,20859247
2024-03-18,376.52223971530196,387.930520266892,372.293292348729,386.25860595703125,34069247
2024-03-19,385.66854433715343,386.4061483477485,374.80119058632687,376.9156494140625,14809242
2024-03-20,379.6201873260392,381.9313525002204,364.96646070909554,373.6210021972656,18068658
2024-03-21,378.7350528443764,387.8321683553763,377.6532276998913,385.6685180664063,16908086
2024-03-22,383.4557275838355,388.963176797768,380.111928779614,384.2425231933594,11759985
2024-03-26,384.0457875533813,387.487939298418,381.3412397537096,383.65240478515625,9140496
2024-03-27,385.0784299065513,387.3404333988104,381.09538051546895,381.9804992675781,9084482
2024-03-28,384.53750929191324,392.30693122637723,384.53750929191324,387.68463134765625,16040575
2024-04-01,392.35616207511237,402.09252876502217,390.9792772797612,400.22393798828125,17765438
2024-04-02,400.2730670122141,405.3379413415506,399.87968425120187,402.0433044433594,10630906
2024-04-03,402.2400562663451,408.3867563926646,400.6173334356336,405.43634033203125,12195598
2024-04-04,408.82929841498697,412.9107009728517,403.9119387035398,407.2557373046875,16383105
2024-04-05,407.2557615581645,408.5834547619602,401.30573794506006,407.74749755859375,8530184
2024-04-08,410.599553674471,411.7797320615631,407.89500571613615,409.4685668945313,7588327
2024-04-09,410.10780400289264,428.9412858819238,409.46855323669956,422.7945861816406,37377906
2024-04-10,424.85989157375747,432.137578158264,423.8764196025219,424.81072998046875,18390566
2024-04-12,424.3681541485816,436.8582601461768,422.0078274282596,429.7280883789063,25430924
2024-04-15,416.9921289963019,434.1537274425788,410.30453138559693,424.4665222167969,32551966
2024-04-16,424.2698184439999,428.49876608825826,419.49997320036596,423.2863464355469,14662756
2024-04-18,427.71193867330857,435.48136095979606,419.99167797831495,422.6470642089844,20997007
2024-04-19,419.20492389460753,424.56485809395815,412.36978175193275,421.02435302734375,17985425
2024-04-22,426.8268243193037,427.8102962647399,419.69665271489134,420.8768310546875,12126655
2024-04-23,422.9421193675574,425.2532845580238,420.58179258262334,422.5487365722656,9349694
2024-04-24,422.94211479067167,425.30247156324646,419.9425372442007,421.2210388183594,6456018
2024-04-25,421.2210394785763,425.94172301794185,419.9425379024136,424.3190002441406,7794324
2024-04-26,425.40081522087667,433.21942987659065,425.3516536245754,429.6789245605469,14337708
2024-04-29,432.5801381703163,443.8900654635488,430.02310512747084,440.5954284667969,23566023
2024-04-30,444.185094714542,447.7747612849549,440.6445897357475,441.8247680664063,22517400
2024-05-02,442.61152432897495,452.34792031976434,441.8247588004903,450.2826232910156,15880502
2024-05-03,453.9706448645624,456.52767786252144,441.08715669318434,447.2338562011719,16825776
2024-05-06,451.0202460432591,451.0202460432591,435.0388267221511,438.92352294921875,16739666
2024-05-07,441.1363114446966,441.82475378419025,425.2532461649406,429.1871337890625,14131347
2024-05-08,427.56443696838,433.9078431506422,422.99129833179177,427.8594665527344,13914786
2024-05-09,420.7784778328822,424.1222764445332,405.2887946931688,406.6656494140625,28007098
2024-05-10,408.1408619588114,411.33714581752497,397.4701852278542,407.9933471679688,19951523
2024-05-13,407.9933491608882,408.4850851415538,389.9957942606177,404.944580078125,25148219
2024-05-14,406.272261266165,424.8598747853895,405.8296868913243,423.2371520996094,18401250
2024-05-15,426.6300969792078,432.6784731572361,423.2371369419421,424.1714172363281,13804148
2024-05-16,427.8102824298222,428.1545036022295,419.7949923363594,426.7776489257813,8324498
2024-05-17,426.7776710460656,431.0557500815559,425.2041099000594,429.08880615234375,7388213
2024-05-21,436.0714509356596,438.9727051555645,432.7768139435255,434.3995666503906,11541624
2024-05-22,434.694612778501,442.6115501688544,429.28551691813504,440.3004150390625,16085201
2024-05-23,442.9557498205886,444.6276641013928,438.1367433819864,441.7264099121094,8872759
2024-05-24,441.726437672575,445.4636492371271,438.7268601126487,439.8086853027344,9759025
2024-05-27,441.4805438282838,445.07021037383834,437.6450092999765,438.6776428222656,10073185
2024-05-28,439.6119980813531,441.97232495432075,426.9743764739166,429.6789245605469,9560161
2024-05-29,427.8102899476573,432.1867520454978,424.9582273506425,425.6958312988281,7241846
2024-05-30,425.6958332162513,426.33508397158846,415.5660542742999,418.3197937011719,9059666
2024-05-31,418.3689594895466,431.4491543687441,418.3689594895466,429.5313720703125,15285970
2024-06-03,452.39711020485646,452.39711020485646,439.9561956768595,449.0041198730469,25033120
2024-06-04,451.315300723839,451.315300723839,365.50736759704665,392.9954223632813,58989328
2024-06-05,410.1077949749933,417.4346728617136,383.5540528543103,415.8119201660156,25587086
2024-06-06,422.8929582922885,431.1541170562918,418.713202309167,424.4173278808594,13644903
2024-06-07,422.8929605292218,438.333482953818,419.94254452552957,436.218994140625,15039562
2024-06-10,439.2185737554745,451.16775180612296,437.792527439316,440.5954284667969,20554460
2024-06-11,440.59544777638536,446.25041167083674,439.3661077993307,440.98883056640625,9802063
2024-06-12,443.545863342738,446.3487644906669,441.1363449844943,442.2181701660156,7066407
2024-06-13,449.4466821976087,450.43015414990106,442.2181573456234,444.4309692382813,12208021
2024-06-14,444.9227307259237,446.10290914161783,440.10372388600973,441.2347106933594,7858446
2024-06-18,442.31653156147166,446.74215555708395,440.742970360395,444.23431396484375,6522944
2024-06-19,444.52934775447267,445.16859855723504,434.35040646586515,435.0388488769531,8981273
2024-06-20,435.67807101663743,439.1202228192519,429.3346649751179,436.31732177734375,8058795
2024-06-21,436.3173258734774,437.84172540828393,430.41649415645566,431.44915771484375,16109190
2024-06-24,428.7938039509054,432.2359560468416,424.9090774373608,428.4004211425781,7878288
2024-06-25,428.7937820797664,430.7115644406715,422.3028610272985,423.63055419921875,7140628
2024-06-26,423.2371809060601,428.59708529439405,421.9586492990458,425.0566101074219,9323979
2024-06-27,425.0565958227417,435.6780810530741,419.450793609788,432.186767578125,18716207
2024-06-28,432.1867318408179,437.1040912655027,431.0557151625964,433.3177185058594,11339346
2024-07-01,433.711123152728,434.35037390757304,427.17104079036284,428.20367431640625,8020642
2024-07-02,428.7937876295313,429.77725961950733,420.9260117097234,425.5975036621094,7511940
2024-07-03,426.2859385026831,428.2528824477629,423.67971376490624,426.6793212890625,9201151
2024-07-04,428.75416217167947,436.9547710254746,428.06253147945023,431.026611328125,10686705
2024-07-05,431.2242492081479,435.02812773966707,428.8035718224713,434.6823425292969,8708995
2024-07-08,435.42335554678283,438.1404288269876,426.7287029588192,428.2601623535156,9154756
2024-07-09,432.2616547319382,436.5101572204315,429.4951922025259,433.6943054199219,6076549
2024-07-10,434.68233969342765,436.7077822788714,421.73918445970367,432.11346435546875,8745713
2024-07-11,433.6943020826424,439.177837828174,430.87842015162084,435.1269226074219,8553094
2024-07-12,436.51017304137423,436.8559884081296,427.17333905206675,428.85296630859375,6826289
2024-07-15,431.1748174229285,437.30059461993903,425.8394796251148,434.0895080566406,6598992
2024-07-16,435.1269471661875,439.91888263123695,430.878444470599,431.6688537597656,10724685
2024-07-18,435.6209678248829,435.7197765257334,423.8634560760535,424.8020935058594,12053566
2024-07-19,424.8020620035912,424.8020620035912,407.9068005852717,409.19122314453125,16560718
2024-07-22,410.03105769085454,419.91132414123655,404.6957198380843,418.9726867675781,9437893
2024-07-23,423.51762175976586,423.51762175976586,395.21066398245847,411.4637145996094,17985870
2024-07-24,411.46372060452967,419.9113366095673,410.2780765344066,414.92181396484375,9455765
2024-07-25,411.3648806985972,420.65232470270143,407.7091702198748,418.2810668945313,12474704
2024-07-26,426.82750740636277,440.857497719944,424.9996520965245,439.3754577636719,33285673
2024-07-29,441.598540968696,444.6120103110426,435.71977010482175,436.9548034667969,13720073
2024-07-30,436.9547680330813,443.8215650296905,434.73170816179936,438.7826232910156,11262582
2024-07-31,441.055080498267,449.5521155254477,439.6718492501631,448.16888427734375,21227714
2024-08-01,449.5027353637573,460.2722197916166,448.613487259218,458.8395690917969,34019552
2024-08-02,454.78865430672863,465.36055150801644,446.93386054137295,454.83807373046875,27534299
2024-08-05,440.6599051652897,447.4772833179038,424.9502867739142,429.593994140625,28371364
2024-08-06,432.7556750324568,444.01917287272846,428.3095550834932,431.47125244140625,19245378
2024-08-07,438.6838349029473,439.9682574938179,420.9981638055394,425.1478576660156,29078704
2024-08-08,427.32154665082095,427.32154665082095,412.0071328402135,412.9457702636719,25148625
2024-08-09,419.81252303705475,419.91133173378125,411.0684810399269,412.7481384277344,13056991
2024-08-12,412.10592513429435,417.836467690546,406.1283457613308,413.1433410644531,14448957
2024-08-13,414.97119050922385,414.97119050922385,401.5340221194415,403.36187744140625,13650935
2024-08-14,405.09090692865294,407.95617804478564,398.2735294034602,400.59539794921875,11672941
2024-08-16,404.004108320513,409.38886585268114,401.8798569631907,408.6972351074219,8273268
2024-08-19,411.71072111510574,415.86041499410635,410.08045300502545,413.7855529785156,8187151
2024-08-20,413.14334767733754,418.8245010524893,411.71072709143414,417.24365234375,7951880
2024-08-21,422.18379053863555,422.18379053863555,416.6014457975127,419.4173278808594,10587000
2024-08-22,420.7017466809216,420.7017466809216,416.50263330691354,417.8858947753906,4519043
2024-08-23,417.5400883764177,418.08349099914716,412.204750240578,412.9457702636719,5647724
2024-08-26,414.9711870723928,418.429280297996,412.0071071647328,417.4412536621094,6794262
2024-08-27,417.44124573161963,424.30804278144944,415.95920580594526,423.0235900878906,11895337
2024-08-28,424.8514489306291,429.0011728182653,423.468217685477,426.2346801757813,18213329
2024-08-29,426.2347054807108,427.9143629045156,419.61494478869866,425.7406921386719,9942257
2024-08-30,427.22271033807255,432.1628435060711,426.18529443366486,429.4457702636719,12866589
2024-09-02,430.63141764520617,431.5206355919487,424.3574424424544,428.0131530761719,9400824
2024-09-03,428.30952636466907,429.4457509116714,426.1358558078293,428.754150390625,9712479
2024-09-04,424.5550652433177,424.5550652433177,414.62537928027655,415.86041259765625,14761838
2024-09-05,416.05802998930926,418.923301255194,414.1313659533247,415.86041259765625,8167304
2024-09-06,414.9711905280463,416.2556131045229,409.38884601923604,412.0071105957031,10236248
2024-09-09,412.00709518161153,414.1313463565485,406.375331459984,412.846923828125,6590372
2024-09-10,417.3424462534279,441.7961055669356,415.46520166989774,440.0176696777344,39706164
2024-09-11,440.5610806139185,443.6239692830572,427.6179253683196,430.4338073730469,20189436
2024-09-12,433.29909250938965,438.09102798268486,430.878445212038,434.6329345703125,8729441
2024-09-13,440.6598863486125,444.21678832266963,435.76914236526125,436.5101623535156,13341086
2024-09-16,438.1898239452059,446.4892418632246,435.2257439636149,438.0416259765625,8850620
2024-09-17,438.0416137925555,445.5012028112008,434.28709449566264,439.7706604003906,10744634
2024-09-18,440.1658790693538,441.7467277631143,432.70628981266475,435.3245544433594,7014739
2024-09-19,437.3994059509559,445.2048103829813,425.6418648034787,434.3365173339844,12721422
2024-09-20,436.5101625884505,441.1538999115495,434.0895153834916,438.83203125,11837310
2024-09-23,439.6224747504563,454.4922639334951,439.1778506922578,449.00872802734375,26480471
2024-09-24,450.0955181442062,468.57162814127605,447.92187765478496,463.1374816894531,40263592
2024-09-25,463.1375116119677,465.26176296812486,454.8874827080168,462.49530029296875,15948993
2024-09-26,464.37254819251694,472.1285638044667,459.9758173242895,470.35009765625,20074440
2024-09-27,476.72287065877237,488.92500612472327,471.78273728407004,479.68695068359375,32121777
2024-09-30,479.5881484573076,483.1450505655269,467.6824389244898,476.8216857910156,15756520
2024-10-01,480.97135931189575,485.3187006769436,473.6599681604122,475.4878234863281,15141589
2024-10-03,463.43386677903607,472.2273276808138,458.9383577894406,466.1509399414063,14971905
2024-10-04,465.85458810359194,468.76927892354337,455.0851031259071,461.0626525878906,13337665
2024-10-07,462.2976584308233,463.2856850699797,433.44729865876576,436.0161437988281,19893771
2024-10-08,436.31258623926897,455.4309084541276,434.3365328868739,451.42938232421875,20651560
2024-10-09,454.4428743216047,464.7677348271538,447.1808723402687,455.33209228515625,16274750
2024-10-10,454.4922406443289,472.177910934618,450.7377515868344,460.0745849609375,20626505
2024-10-11,460.0745988838901,461.75425623275606,453.8500431127848,455.6284790039063,8006885
2024-10-14,458.2467494516748,459.2347761043539,452.8620222858823,456.76470947265625,8552461
2024-10-15,457.9503479003906,468.71983225207816,455.5296705701422,457.9503479003906,11987910
2024-10-16,457.7033522476698,463.8785188996891,451.82458153407504,454.9368896484375,8574770
2024-10-17,455.4803076215175,457.0611563682108,443.6239872495908,444.80963134765625,10204584
2024-10-18,444.51318506606106,451.03416700500327,437.7451964639179,448.1194763183594,11045862
2024-10-21,450.09553224819103,459.97579883383617,444.26618099309655,448.3664855957031,13387706
2024-10-22,448.3664684428527,448.6628945203903,428.80355341255273,430.6314086914063,12887529
2024-10-23,431.2736150409474,437.84398596359813,425.2466466926426,432.4592590332031,11696327
2024-10-24,431.8664583076328,435.9667629085175,426.8769055926688,432.7556762695313,7751620
2024-10-25,432.75566858040776,433.8425039154978,409.5370425264361,417.0460510253906,16754459
2024-10-28,418.4292955694385,424.3574556011189,410.03106885789134,420.60296630859375,8791214
2024-10-29,422.87539379979506,423.4187963804884,410.27805438169366,420.3065185546875,9520732
2024-10-30,420.94875273479266,428.1119461270437,416.79905879196974,421.88739013671875,9699786
2024-10-31,425.34548520835386,439.4742546538215,415.7616143634603,434.7811279296875,29693039
2024-11-01,438.68383488486904,443.08056556114144,436.8065902705276,440.1164855957031,4387971
2024-11-04,440.90691302650026,441.45031564834926,420.9487617093019,423.912841796875,13264369
2024-11-05,423.8634323283436,429.6433942541661,420.75115441511,428.9023742675781,8889823
2024-11-06,431.8664424262453,446.588033060869,431.2736204227198,443.92034912109375,12638381
2024-11-07,446.0940411289707,449.3051278037639,437.69581444104983,439.57305908203125,9820442
2024-11-08,441.4503051667958,441.4503051667958,424.8514691313727,427.5685424804688,9328678
2024-11-11,426.7781201435959,432.5086626072748,422.92479211741227,426.33349609375,8278229
2024-11-12,426.87689380667507,431.1254264107256,407.56098523403114,409.19122314453125,11039936
2024-11-13,408.0550087456721,411.2167061043317,392.19719298483005,394.5684509277344,13327466
2024-11-14,397.1373083994938,406.9187658191198,395.70465775250193,399.8049621582031,11063591
2024-11-18,403.1148765459562,405.9801478243026,392.8394053311033,399.8544006347656,10703937
2024-11-19,401.3858287391829,412.7975245476953,401.3858287391829,403.2136840820313,8869625
2024-11-21,406.5729802418401,408.4502249099688,392.6417979746847,403.1642761230469,13362385
2024-11-22,409.9322451083952,411.908298379732,404.3499006473045,408.7960205078125,11165181
2024-11-25,416.4038289894498,418.3798822196246,405.0909121858275,407.4127807617188,20232580
2024-11-26,408.9442311304993,410.42627112987446,403.1148798300596,405.3873291015625,7286324
2024-11-27,406.86936060249445,413.48915118897264,404.3499047170539,412.6493225097656,7869397
2024-11-28,413.3409569905655,415.95922159487145,407.1657903991927,409.53704833984375,9850477
2024-11-29,409.53703849577187,412.501118388383,405.5355427016188,409.19122314453125,8478659
2024-12-02,408.0550290917148,413.8843806197315,407.0670023868923,411.51312255859375,8156409
2024-12-03,413.3903286382032,424.7526346819158,412.5999194090776,423.4187927246094,14366296
2024-12-04,423.4187990204398,426.8275029451095,419.21968585489185,420.55352783203125,6195150
2024-12-05,420.5535335871313,428.1119313581152,414.47717577721016,425.6912841796875,10798097
2024-12-06,428.605951852457,437.20179583136974,428.062549251844,434.4353332519531,17372298
2024-12-09,437.695807774501,442.33954510973024,433.8425098538749,435.4727478027344,13417161
2024-12-10,436.6583764575739,437.3499769997716,426.876888804826,429.98919677734375,9854285
2024-12-11,430.3844335864906,433.3485136660778,429.0999807940272,429.593994140625,5815604
2024-12-12,429.79159847636646,431.5206451369036,423.8634384973821,428.3589477539063,6049186
2024-12-13,426.82752045129973,427.22272508794805,415.2675963782046,423.3200378417969,8032224
2024-12-16,422.8260117966493,425.2466589684623,419.26910986938236,420.40533447265625,4244188
2024-12-17,420.3065325402232,422.8754078708091,414.2795639209741,415.86041259765625,6450903
2024-12-18,415.8603872492259,415.9591959390296,408.0549831895944,410.0310363769531,6313538
2024-12-19,405.09091479286695,408.9442125860705,401.83043900296695,407.6597900390625,7242352
2024-12-20,407.6597915400266,410.4262540293895,395.26003930391664,396.2974853515625,10205219
2024-12-23,400.0025908479751,401.1388154524413,392.0983777356117,395.1118469238281,9052063
2024-12-24,396.0505096659939,400.3978211258817,393.4816342094568,394.6178588867188,6762204
2024-12-26,396.1986915559678,403.1148781916081,392.93821563146685,399.45916748046875,8622771
2024-12-27,401.1388121487802,403.11486541059685,393.3827970657138,394.2226257324219,5983308
2024-12-30,394.815473521366,395.5070741168528,382.3663311286031,385.0834045410156,29023595
2024-12-31,384.8363888371924,390.2705355345083,380.88428214823534,387.70166015625,9685224
2025-01-01,387.8004501605216,389.48010748323526,384.6387529008888,387.6522521972656,4404708
2025-01-02,387.3064634610066,392.24659692351946,382.4651386981804,390.7645568847656,11244310
2025-01-03,391.2585455567475,398.1253426974664,390.7151429710128,391.9007568359375,8254584
2025-01-06,392.2465983961608,392.2465983961608,372.48606447192094,374.1163024902344,11688108
2025-01-07,375.4501211839934,379.84685176925694,373.02944386811936,374.215087890625,7289119
2025-01-08,374.95610730961494,375.8947446720525,367.5952968312024,369.57135009765625,8183207
2025-01-09,369.5713760197415,371.498040150544,361.6177731252636,362.7539978027344,6423717
2025-01-10,362.75398905746266,364.08783110415567,350.7988602146511,352.08331298828125,9579404
2025-01-13,345.8093248860225,350.60126013273634,334.3482098022212,335.8796691894531,11236512
2025-01-14,336.9170801650881,353.8617308057116,336.9170801650881,352.6761169433594,11846097
2025-01-15,355.6896137357406,367.1507295421064,351.68811764208635,361.0743713378906,11046133
2025-01-16,367.3483035367207,369.5219742697683,363.64320352733137,364.4830322265625,5888896
2025-01-17,364.0384386984047,370.90520596503023,360.9261305655098,369.1267700195313,5504954
2025-01-20,370.36181842325414,371.69566051272835,366.55790955778406,369.96661376953125,3436674
2025-01-21,369.9665975099674,371.59683548004136,360.8273508404412,361.5189514160156,5074789
2025-01-22,363.5937819149357,364.2359931623389,347.9335545710442,354.5533447265625,5952212
2025-01-23,353.21953718946526,361.5189552496346,350.8482791940142,358.40667724609375,4886732
2025-01-24,358.4066473861744,366.2614708783901,357.86324481972025,359.0488586425781,7966520
2025-01-27,356.6776333379267,356.6776333379267,345.908148500265,347.68658447265625,6562351
2025-01-28,351.24347119007626,351.83629320564324,338.84374889529306,342.2030334472656,9189775
2025-01-29,342.2030268270843,348.2299952564217,340.8691848559078,346.7479553222656,6707937
2025-01-30,347.78536527197474,351.98447834699147,344.2284634603483,347.9335632324219,7304454
2025-01-31,348.77340526606974,362.55638900813636,345.9081340294474,360.1357116699219,7026507
2025-02-01,363.49500034437455,374.46210224532007,357.02343781499127,363.989013671875,14485333
2025-02-03,362.60579422965816,362.60579422965816,347.29138057690693,350.6506652832031,8346246
2025-02-04,354.701557715692,359.24648621267994,349.5144179440837,357.71502685546875,7633708
2025-02-05,362.0623753130425,370.5099910480663,358.15965801313075,361.81536865234375,16453177
2025-02-06,366.3602827622319,367.39772887286193,358.1596733370426,360.9755554199219,7562113
2025-02-07,361.1731304424154,368.3363236667317,359.493503225953,362.70458984375,5469279
2025-02-10,362.65517519027776,364.5324499748128,352.5773213023962,353.9111633300781,5124415
2025-02-11,353.91115340690965,354.40516672537143,342.9934409775957,344.92010498046875,4620826
2025-02-12,344.8213163832927,346.69856107242157,334.9410494382127,343.9320983886719,7835524
2025-02-13,347.19257178938653,353.17015133718365,342.2524383542724,343.6850891113281,5816040
2025-02-14,344.87070117879625,346.94556324075614,328.02485831706076,333.1131896972656,8576754
2025-02-17,333.0637889610466,334.4470202373529,322.4425024985605,333.16259765625,7217327
2025-02-18,333.1625861520415,336.7194578391005,325.7029671283841,335.5338439941406,6538131
2025-02-19,332.9649795313206,345.8093259227365,330.69253030755755,343.4874572753906,6083541
2025-02-20,343.8332767514122,356.6776232967236,340.4245727227458,353.6641540527344,10098769
2025-02-21,353.66414619724253,358.1102660564789,349.4650329968526,352.9231262207031,6119901
2025-02-24,351.73747929456374,352.676116651306,347.4395574356689,350.354248046875,3758390
2025-02-25,350.35427060802795,352.33032398974024,345.95753977284534,347.2913818359375,4066133
2025-02-27,349.020422131992,351.7374954819226,336.9170953913922,339.1895446777344,6464092
2025-02-28,335.92908118161324,337.95452387492355,331.4829609895036,335.138671875,8340920
2025-03-03,334.69401889303754,341.7090139541467,327.8766412176079,338.74493408203125,9727866
2025-03-04,334.8916442770949,343.7344646821288,332.91559098182285,341.8078308105469,5170345
2025-03-05,340.8692012583942,348.4275992558615,340.4245771958804,347.19256591796875,6098026
2025-03-06,350.7494589066423,353.1701362472927,346.9455502936976,349.8108215332031,4879725
2025-03-07,349.7614297421901,356.1836028871738,346.05632985085333,347.2419738769531,5520005
2025-03-10,352.23150692842944,358.4560628721829,347.19256489424856,348.2300109863281,11222110
2025-03-11,346.00695098467605,349.7614402599272,340.17756952526577,348.2300109863281,5141578
2025-03-12,349.31681303164413,355.2943924065326,346.79735711348684,351.9844970703125,5285957
2025-03-13,356.1836140225466,356.48000996224766,345.8093340024724,346.55035400390625,4898500
2025-03-17,346.59974327646273,350.3542627083697,344.8213073338939,346.55035400390625,3997959
2025-03-18,346.55035400390625,346.55035400390625,346.55035400390625,346.55035400390625,0
2025-03-19,359.54288332069194,368.8303275785236,358.65366538735753,367.0025024414063,7875564
2025-03-20,370.3123804817804,370.3123804817804,363.1491871895332,365.9156799316406,4678329
2025-03-21,365.91567785622203,377.3273736651698,365.8168691602463,374.95611572265625,7559436
2025-03-24,380.3902898206636,380.3902898206636,375.0549515263429,378.7106323242188,6177301
2025-03-25,380.3902741750644,381.2794921621802,371.0040206564589,372.5848693847656,6063608
2025-03-26,372.5848516910313,376.4381495536642,370.1147850929101,371.4980163574219,8048272
2025-03-27,370.0159566182352,380.1926183975983,367.8917054878452,378.8093872070313,6287597
2025-03-28,379.4516372175216,381.42769059223,368.8303503284636,370.90521240234375,6458106
2025-04-01,367.9905511719076,375.2031339170776,366.1626957728166,370.2630004882813,3414174
2025-04-02,370.2630063981625,374.6597372808414,363.8902221124248,373.7210998535156,3283925
2025-04-03,369.52196628640434,382.6627086415995,369.0773422340111,381.032470703125,6580525
2025-04-04,379.2046116394944,383.5519529688508,362.7045848746375,364.5324401855469,7609077
2025-04-07,332.9649758658723,354.4051658979295,330.98892259663864,350.60125732421875,9906124
2025-04-08,355.93662162276814,366.2615127841488,351.7375081129922,355.3932189941406,6317158
2025-04-09,355.3932220892771,358.6536981938023,349.9096557197979,353.9605712890625,4343527
2025-04-11,363.6925947432614,364.4830039564194,357.7644351880401,360.0863037109375,5187303
2025-04-15,370.50998541606464,375.9935211393504,367.84230146019706,373.9680786132813,7238758
2025-04-16,373.4740636206455,378.3648074670258,372.980050308978,376.6851501464844,5869686
2025-04-17,376.4381300696396,379.7480251702414,373.9680635993664,377.1297607421875,6156250
2025-04-21,378.5130204167588,389.2825050070768,377.42618505762266,386.1702270507813,7589962
2025-04-22,388.294485436024,390.7151628641186,382.3663253530313,383.9471740722656,6180369
2025-04-23,385.4291899945226,391.2091517444917,377.6237857370418,389.72711181640625,8443906
2025-04-24,387.8004562873187,394.46963610882034,387.20763427274915,391.1103515625,6639147
2025-04-25,389.77651484224276,397.6807280709828,377.57437963993925,382.9591369628906,14233760
2025-04-28,381.5265032437481,395.60588368439846,381.5265032437481,390.3693542480469,10237785
2025-04-29,390.36933594635934,398.4711363954473,387.3064472969929,388.6402893066406,8781695
2025-04-30,387.1088152281312,387.1088152281312,377.42616647370886,379.79742431640625,4942900
2025-05-02,379.4022114480059,385.7749950292931,376.0923163333232,376.7345275878906,5482908
2025-05-05,377.4261671091101,385.2315713408783,375.5983118400568,384.441162109375,4274926
2025-05-06,383.40370698513385,385.1327535212259,368.533918835614,370.4111633300781,5610082
2025-05-07,361.6177400656126,376.2899412872352,361.6177400656126,372.8318481445313,6822934
2025-05-08,372.8318518348357,379.00701822221475,362.90216619262236,365.7180480957031,5891937
2025-05-09,353.86174320012606,367.5953077806205,352.97252523417103,366.5578918457031,9008734
2025-05-12,377.4261786089239,388.294471710228,373.96808534941806,386.713623046875,8931721
2025-05-13,387.3064474480704,391.15974535908185,383.4037301131679,384.6387634277344,5941514
2025-05-14,385.82442041205,394.1238385338831,385.6268030142185,392.19720458984375,8640596
2025-05-15,398.1747336239974,399.16276025830007,387.9486519285282,393.1852111816406,18848985
2025-05-16,393.1852077373627,404.8932991295438,392.88878165836053,400.9411926269531,13234846
2025-05-19,402.91725799411546,407.0175927355956,401.73164409899425,403.21368408203125,6903749
2025-05-20,403.4112422126986,403.85586623639904,393.53097637205275,394.1732177734375,5873673
2025-05-21,396.0010671154016,398.0265398282451,391.40674924820877,397.03851318359375,3841567
2025-05-22,394.2226268089822,397.7301092974132,384.83637378972077,390.86334228515625,5109983
2025-05-23,391.4067330525749,397.9771039372016,388.83785785234016,397.236083984375,5125963
2025-05-26,397.43372565273773,401.1388256432853,395.80348768733296,397.779541015625,5935753
2025-05-27,398.07590838528773,399.1627436682856,393.6297887157152,397.3843078613281,4088356
2025-05-28,396.14929875339897,399.7061705840004,390.7645414313364,391.6043701171875,5224499
2025-05-29,393.9262301562524,394.37082404925076,390.369328251366,392.54296875,3547895
2025-05-30,392.2465560119553,395.1118270909268,386.36778574385175,388.0968322753906,6602059
2025-06-02,388.0968625808238,393.43223070222535,386.4172353389072,392.098388671875,4988795
2025-06-03,392.0983876478008,394.3708369141804,385.18220099964265,386.81243896484375,4922600
2025-06-04,386.31844180414436,390.27054862567013,384.39177766777766,388.93670654296875,7238701
2025-06-05,388.2944575330692,393.1852013109605,387.6028268455482,388.8378601074219,3947460
2025-06-06,387.4052415424339,396.001054996534,387.4052415424339,394.7660217285156,6204861
2025-06-09,395.6058532842844,402.6208483285428,395.2106486660543,401.33642578125,5981383
2025-06-10,404.1029005140277,411.01908707539246,401.33643795035397,408.25262451171875,10129259
2025-06-11,410.0310541640554,411.8094900489551,404.448709698041,407.1163635253906,6791313
2025-06-12,407.0669940819527,407.5610074242852,395.26006313933414,396.8409118652344,5284359
2025-06-13,390.2705127367859,394.61782381025347,389.03547946863154,392.4441833496094,4749159
2025-06-16,392.2465704973257,396.4456836575616,386.5654173981831,394.6178283691406,3609820
2025-06-17,394.61784827515066,397.3843410586368,390.2705369321653,391.3079528808594,3234777
2025-06-18,391.3079312637802,393.2345952359841,385.9232042695701,388.6896667480469,2973122
2025-06-19,387.80044122126185,389.38128981463785,378.41418850380455,379.94561767578125,4441866
2025-06-20,381.1382409108116,390.082815013021,379.24994799960604,387.6976013183594,15318217
2025-06-23,382.62900976127645,392.1201847546684,382.18176891671317,390.5797424316406,5195843
2025-06-24,392.5674197578048,401.3132134332122,392.41834958838126,395.9961853027344,6296902
2025-06-25,398.4807975016197,403.15183477518696,397.5366358595978,400.5678405761719,6324991
2025-06-26,400.5678308151236,403.49967556500025,399.0273885205606,403.1518249511719,5064123
2025-06-27,404.5929304813858,408.9658275533308,403.8475492647029,406.3321533203125,5243333
2025-06-30,406.33214990371056,407.6738421483861,401.0150912034862,402.9530944824219,3232056
2025-07-01,403.4996944113534,405.2885971808289,400.51816957580155,404.0462951660156,3180881
2025-07-02,404.0463006894972,408.3695178260754,401.90954726073585,404.14569091796875,4283041
2025-07-03,397.53664608682453,401.2138721949833,394.15759066101435,397.437255859375,9669274
2025-07-04,396.54280383331223,401.0647710434154,396.0458830265036,398.5304870605469,3432678
2025-07-07,398.5304676020015,401.0647514611318,395.9464734668341,398.729248046875,6385392
2025-07-08,398.7292593149463,404.1456777999844,395.2508137388226,398.3814086914063,5551339
2025-07-09,398.38139763247295,403.0027548465365,396.0458638874101,398.1826171875,4148059
2025-07-10,398.1826370707878,400.2200305797663,395.35018240149134,397.437255859375,4302998
2025-07-11,396.5924696512234,399.2261740971795,392.96495395669933,394.4060363769531,6893575
2025-07-14,394.406043944873,400.6672338758558,393.0643517226228,400.0709228515625,4074490
2025-07-15,400.12061576770674,402.803969766136,396.393709939635,401.41259765625,4286434
2025-07-16,400.56783941451823,414.1834812850792,400.0212386736518,412.1461181640625,13501549
2025-07-17,412.4442508929408,413.8356230227967,408.61795478860887,410.90380859375,6347491
2025-07-18,408.4688849008463,411.5994797775895,403.648747224775,405.3879699707031,4614946
2025-07-21,401.5119974671588,401.5119974671588,392.5674232661577,399.375244140625,7045744
2025-07-22,401.2635413870433,401.4126115594018,396.045873047026,396.6918640136719,3980682
2025-07-23,397.6360264827561,402.505844210986,397.1887856351107,400.021240234375,3778869
2025-07-24,399.82245257491337,401.46231543361785,396.2446471768181,398.2323303222656,4023200
2025-07-25,397.3378601318386,398.7789425858111,391.8717313238088,392.915283203125,5831294
2025-07-28,391.6729789442719,401.3132242250981,391.07666792090447,396.7415771484375,5758606
2025-07-29,394.5551185919098,399.12679605713925,393.56127698336593,397.3875732421875,5038609
2025-07-30,399.0273965879166,401.26354015534577,395.2508106947804,398.8783264160156,5468844
2025-07-31,394.2569850167479,398.0335710622618,393.6606739754458,395.3005065917969,5285016
2025-08-01,392.66682639444525,395.6980311747688,385.8093253475744,386.90252685546875,6240934
2025-08-04,387.5982295863146,389.2380621840212,373.9329073893612,384.7160949707031,13251686
2025-08-05,385.61052207816834,388.095125957538,380.3431739857596,383.1755981445313,6366590
2025-08-06,383.1755981445313,384.6166805264205,379.299622158642,383.1755981445313,6114204
2025-08-07,380.64131431942906,384.36822013848354,376.66594811243766,383.1755981445313,5333971
2025-08-08,383.17562453992997,384.7160972490383,373.68444919878465,376.4671936035156,3495353
2025-08-11,377.6598122950506,383.5234717358091,375.1752082667937,381.9333190917969,3328976
2025-08-12,381.73454685120674,386.55468445269423,381.13823585304505,382.0823974609375,2575426
2025-08-13,383.1259174386043,386.5546829171859,382.0326856679234,384.8154602050781,3757839
2025-08-14,384.8154778358151,386.2068500033211,380.7904011770272,382.9271545410156,2662149
2025-08-18,386.60436822938,387.5982097929517,382.9271423123098,384.9148254394531,3712118
2025-08-19,384.9645457570912,387.250369281076,384.1197743400922,386.7534484863281,2047149
2025-08-20,386.5546836890961,390.0331291202578,385.6602020288019,388.1448059082031,3045301
2025-08-21,387.6976107446449,389.88404404722894,384.4179152963113,385.66021728515625,2551655
2025-08-22,384.616683396198,386.3062261786306,382.3308599419774,383.2253112792969,3042678
2025-08-25,383.6725454307067,386.00807930461804,380.045029582107,380.8898010253906,4216691
2025-08-26,379.79654176786175,381.23762414532433,374.2807333044594,375.4236450195313,5561286
2025-08-28,375.42364596238303,376.16902712577627,367.9698343284509,368.8146057128906,5704659
2025-08-29,368.81462047471086,372.69059661356425,366.2306262722624,371.8458251953125,5793121
2025-09-01,371.84581051568347,378.65363121099494,371.84581051568347,378.2063903808594,2169911
2025-09-02,378.5542680947379,386.0080802664496,377.6598167000604,383.67254638671875,3362410
2025-09-03,383.67253349296374,387.3000795583338,383.32471320035097,386.7534484863281,2628692
2025-09-04,387.647906706543,389.5859099721888,379.3990334997017,380.2438049316406,4114491
2025-09-05,380.2437973839058,384.1197735086214,377.7591934155447,383.424072265625,3358057
2025-09-08,383.4240850256021,385.4117682664391,380.2438100380465,380.8898010253906,2978303
2025-09-09,381.13824669390254,383.27500002925757,378.8027129102939,382.2811584472656,3129390
2025-09-10,384.4179218446867,388.5423887816208,383.67254063868256,384.1197814941406,4022433
2025-09-11,384.070097848426,386.3062414449127,383.125936198054,385.7099304199219,3078027
2025-09-12,385.8093105712514,387.3994328235201,381.6351638349514,383.8713073730469,3626792
2025-09-15,383.62285149957717,388.5423794732016,383.12593070747926,385.61053466796875,3837268
2025-09-16,385.6105489958749,397.3378679932752,385.6105489958749,393.6109619140625,10102211
2025-09-17,394.8035681517885,395.35016888962105,391.12634216930616,392.2195739746094,4229347
2025-09-18,392.6171111016321,394.5551143493091,387.6976133900221,390.67913818359375,3956999
2025-09-19,390.8282008343166,395.0520275439055,390.7288106105163,393.8594055175781,5457632
2025-09-22,393.5612713161777,397.4372474677578,391.5735881277121,392.8655700683594,4424464
2025-09-23,394.0582031944458,395.7477460840079,391.8220595445404,393.0643615722656,2963511
2025-09-24,392.0705091345534,393.958802098678,386.8031608141575,387.8963623046875,3121538
2025-09-25,387.8963705864035,389.9834440458962,382.82780260860034,383.62286376953125,3091484
2025-09-26,383.6228650615703,384.6167066809008,379.8462790399701,381.4364013671875,3519702
2025-09-29,381.8836313709231,387.05161977637323,380.88978977984715,385.66021728515625,3592071
2025-09-30,385.6105397893396,389.6355861269348,383.7222468202164,386.2565307617188,3229139
2025-10-01,386.2565154895164,390.3809518897026,386.2068355434664,388.7411193847656,2705427
2025-10-03,389.5859134752072,393.0643591312359,387.59823024319087,392.4680480957031,4157330
2025-10-06,392.4680227291501,393.95878505680935,386.90250397329504,393.114013671875,4190489
2025-10-07,393.06434948186205,395.0520326650826,388.8405227175184,390.08282470703125,5544502
2025-10-08,389.0889930790933,390.97728608558,381.8836413554064,383.0762634277344,5286159
2025-10-09,384.4179236504202,387.25037831246874,379.15057523510404,385.809326171875,5139999
2025-10-10,393.5612604972136,394.3563216188882,387.20068053490326,387.6976013183594,7725390
2025-10-13,385.6105245426791,389.6355707211279,382.87746025790494,388.7411193847656,4861965
2025-10-14,388.7411412952817,390.6791445746622,385.3124059243673,389.138671875,4978714
2025-10-15,389.1386689369016,394.85325817491804,388.8902085352487,394.0581970214844,4091897
2025-10-16,394.55510250846845,400.31937147119555,393.7103311097142,396.54278564453125,5611314
2025-10-17,396.542780689998,398.03354302341904,392.12017363566065,395.35015869140625,4998891
2025-10-20,395.8470977053236,398.53048216095607,394.2072651289431,397.3378601074219,4130123
2025-10-21,397.5366467302496,398.72926880229596,395.1017226371711,396.3440246582031,712785
2025-10-23,396.3937329057794,401.3629409644462,393.7103484222437,395.20111083984375,5231732
2025-10-24,395.20109750766267,396.7415701516647,391.5735818131386,394.4060363769531,5032576
2025-10-27,394.4557198323146,399.27585759541154,393.2134178485081,397.78509521484375,2799280
2025-10-28,397.78509890903007,399.3752515289976,393.66066235041694,396.1949462890625,3949368
2025-10-29,396.5427873225808,409.8602583246296,396.2446469827648,408.1707458496094,10944400
2025-10-30,408.5185776350298,410.7050412873503,405.78551323444856,407.2762756347656,3782450
2025-10-31,407.07753134279625,407.3756716952743,402.00893304319646,402.4064636230469,5071291
2025-11-03,401.3629316530045,406.97813056310014,398.7789374565175,406.08367919921875,4166052
2025-11-04,404.9904352609508,405.48735604041207,396.0955411767388,398.1329345703125,6132035
2025-11-06,398.23232699473743,399.82244923409854,387.8466705146989,389.3374328613281,5024909
2025-11-07,388.5423903087455,391.9711256720575,383.6228621979268,390.7785339355469,4676601
2025-11-10,390.7785267703861,395.4495640629415,389.9337553498227,393.4122009277344,2906630
2025-11-11,393.3624769206583,393.9587879219863,387.6478879564037,393.1637268066406,3826554
2025-11-12,387.59822298413,393.461882342834,385.113618990642,386.2565307617188,7856248
2025-11-13,387.0019201678717,390.2816157066196,382.6290231125136,386.4056091308594,5052456
2025-11-14,386.405587199524,387.59820920585855,382.7780715639095,386.008056640625,5263918
2025-11-17,386.1074719152809,390.9772898194556,386.1074719152809,390.331298828125,6120004
2025-11-18,391.57357955982,391.57357955982,383.1259261936817,383.8713073730469,4583330
2025-11-19,384.5670125324034,387.3497568319257,381.8339481801576,386.7037658691406,3747191
2025-11-20,386.85284219219847,389.58590658790445,384.6166985957118,385.7099304199219,3477240
2025-11-21,385.6602207669454,387.7970044707605,383.32471727054246,384.61669921875,4036922
2025-11-24,387.59822384578456,389.0889862451914,378.85242990111976,380.194091796875,5819567
2025-11-25,380.6413146972656,381.28730564061556,376.66594848632815,377.6597900390625,4238096
2025-11-26,378.1567315775164,389.5859100614623,377.95795112420086,389.0889892578125,4917525
2025-11-27,389.9834402277257,397.4869625527187,389.0889888480258,389.6355895996094,7412732
2025-11-28,389.7846746748024,391.5238974168987,387.0019000896658,387.6976013183594,3760769
2025-12-01,388.2442133331825,390.57974714923927,384.3185572275573,387.3497619628906,3420680
2025-12-02,384.71607759073794,386.7534406762062,383.52345557557163,386.0577697753906,3302460
2025-12-03,384.81547886864934,386.70377183887837,379.94563077484986,381.2873229980469,3885600
2025-12-04,381.2376260743449,384.467611123947,379.6474735224595,382.0823974609375,3786100
2025-12-05,382.6290008584607,383.622842419132,378.2063937816183,382.132080078125,5332479
2025-12-08,380.8401097913695,382.8774729210016,370.0072121860912,371.8458251953125,7008862
2025-12-09,371.1998275199206,376.0199652149556,367.5226015679216,373.9328918457031,2822828
2025-12-10,374.4298271259769,380.0450261649244,374.1813667231063,377.5107421875,4914788
2025-12-11,377.51072806776517,379.89594178018274,373.8832123874595,377.8088684082031,3985013
2025-12-12,379.74687901101487,381.23764140153475,377.46102514776805,379.5978088378906,6778054
2025-12-15,377.6597890900676,380.04500274470905,375.67210598959355,379.29962158203125,3359948
2025-12-16,379.2996449563127,379.5481053591832,375.87090959448193,377.5107421875,2682924
2025-12-17,377.5107317393741,380.9394670063099,374.97641750245134,376.2187194824219,2168123
2025-12-18,375.1752141927773,375.32428437089953,370.702926871274,372.6409301757813,3323975
2025-12-19,372.7402618463174,379.1008720411305,371.19981957298324,378.2063903808594,3882916
2025-12-22,378.6536449513682,380.3431877824816,377.6598033635693,378.4548645019531,3280837
2025-12-23,378.45485000806445,381.1382343242097,378.1567096749982,379.8462524414063,2330687
2025-12-24,379.84626779311907,381.3370301779749,376.6659625735713,377.3616638183594,5215726
2025-12-26,376.5665639784896,379.5480886819292,375.7715028560941,377.2125549316406,2459099
2025-12-29,376.6659534812184,377.9579353850509,372.8396573865239,373.8832092285156,2379612
2025-12-30,373.7341292562812,374.578900699632,370.4047840913255,372.0446166992188,1675136
2025-12-31,372.69059075389754,378.40517981212395,372.4918103069736,377.26226806640625,2075846
2026-01-01,377.65980009847783,379.8959436516925,376.6659585192713,379.4984130859375,1798707
2026-01-02,379.49842020770024,391.22573893055977,378.9021091830582,390.67913818359375,13045325
2026-01-05,390.08283813393626,390.57975894684574,384.914849547822,386.455322265625,3966735
2026-01-06,386.4553153388814,388.04546797761805,382.3805586801309,384.1197814941406,3689482
2026-01-07,384.21916119829893,385.5111431214672,376.66595911838783,378.4051818847656,4136188
2026-01-08,377.8088776439984,379.4984204934834,370.7525962279708,371.8955383300781,3791372
2026-01-09,370.7029190633312,371.6967606693991,360.7148230542042,362.5534057617188,5875179
2026-01-12,362.5533887458424,369.0630691578489,357.88235161433437,368.31768798828125,5589564
2026-01-13,368.3176920309895,369.9078446094484,362.9012433408247,366.1809387207031,3242292
2026-01-14,364.1435485575064,367.72138430859866,364.0441583336575,365.1373901367188,3084937
2026-01-15,365.13739013671875,365.13739013671875,365.13739013671875,365.13739013671875,0
2026-01-16,365.7336908305141,370.0569076440305,361.9571050679234,363.8453979492188,3726735
2026-01-19,363.84542197630697,366.42941624591407,359.77066528150027,360.9632873535156,2283012
2026-01-20,360.2178927127155,361.9074052005099,348.9377847166106,350.7763977050781,3143726
2026-01-21,349.78257217268913,351.4224047885836,344.3661231826929,347.1985778808594,4066338
2026-01-22,348.83838311594417,352.7640693597875,347.6457611272827,351.12420654296875,3432952
2026-01-23,352.81376534143624,352.81376534143624,341.980898048993,343.1238098144531,3122016
2026-01-27,343.5710353952445,347.79486197571714,340.3907303086808,345.6083984375,3960617
2026-01-28,346.85070453018227,353.7082052300378,346.55256419395977,352.8634338378906,6892969
2026-01-29,355.1989831106381,365.2367893743368,354.3045317332002,364.1932678222656,4356054
2026-01-30,363.74601859314544,364.739860174001,357.8823593320251,364.0441589355469,5917250
2026-02-02,352.81377650959524,358.32958539077686,346.25441572546083,356.5903625488281,3274185
2026-02-03,365.0379957515599,369.3115326912393,361.7583307094012,362.8515625,3756665
2026-02-04,362.8515805857411,369.95754208436176,361.360818159612,369.2618408203125,4215317
2026-02-05,360.76448668177727,364.49139253592784,358.4786632230866,362.2552490234375,5457078
2026-02-06,362.1558774010424,364.2926308012342,358.7768219856648,363.69635009765625,2245318
2026-02-09,364.7398699770775,366.8269434188959,362.851576988628,366.4294128417969,2824091
2026-02-10,366.7275607336493,368.11893294692766,365.3858684699154,367.6717224121094,1910161
2026-02-11,367.8704497536931,375.0758011104194,364.39200427113553,373.3365783691406,3457996
2026-02-12,373.8832038945224,379.1505519868624,369.21213646951344,378.2063903808594,6063960
2026-02-13,374.67827710531515,375.47333824052686,368.36737698204337,371.796142578125,4441440
2026-02-16,369.70908082829226,381.88364061363256,368.6158489857216,379.7468872070313,3884952
2026-02-17,379.05116580022,381.7345501503199,374.6782689919706,376.0696411132813,3799013
2026-02-18,376.0696460441386,379.7965519516776,375.6224355330167,377.2622680664063,2150233
2026-02-19,377.1628923921898,379.3990360229735,366.0318541870996,367.0256958007813,3203557
2026-02-20,367.0256852190252,376.86474117451405,366.97600527162905,375.672119140625,2844023
2026-02-23,376.6659683096778,379.20025227067106,374.4795046467371,376.9144287109375,3229333
2026-02-24,374.6782820439794,378.10704768525585,370.205994857778,377.4113464355469,3005896
2026-02-25,377.65979764344263,381.2873133180376,374.181352138832,378.902099609375,3122278
2026-02-26,378.4548731075281,383.0265505812845,375.92058913287,378.0573425292969,3190045
2026-02-27,378.05733865977294,379.1505704859485,373.9329020847657,375.2248840332031,3197689
2026-03-02,353.8075936945971,371.64706174448014,353.8075936945971,366.08154296875,5645823
2026-03-04,360.0687984784019,367.6220006818895,359.87004835677556,363.5969543457031,5707031
2026-03-05,363.99447851302585,376.16903786260826,363.99447851302585,374.5292053222656,5981063
2026-03-06,372.6906097046386,382.8774863698987,370.8023166813963,373.1875305175781,3748549
2026-03-09,364.2429356388441,371.8955278646121,362.90124345255515,370.603515625,5063475
2026-03-10,373.5850437618438,381.7842367947757,373.5850437618438,378.9517822265625,7675259
2026-03-11,380.6413253022724,390.0828203162974,379.99533434092456,383.3743896484375,9679700
2026-03-12,381.6351815661228,404.8413894278032,381.08858080771455,399.67340087890625,25007929
2026-03-13,399.6734027200127,403.5493789847206,391.0269987956089,392.5177612304688,9072187
2026-03-16,393.11401366700557,396.4433889313306,382.6289974277873,388.1448059082031,8028549
2026-03-17,388.5920629326733,399.8224608037316,388.5920629326733,398.3814086914063,12085084
2026-03-18,400.0212443426997,403.002769145254,395.7974175390812,397.8844909667969,7348301
2026-03-19,395.0520263442132,401.9095271506757,390.6294192004542,396.0458679199219,8123743
2026-03-20,399.52431391758574,415.87301998960083,398.5304723406763,399.9218444824219,25154921
2026-03-23,400.22002169368784,400.8163023858675,370.7029142452533,384.5670166015625,15173788
2026-03-24,392.56743056190095,392.56743056190095,381.436392550822,382.38055419921875,9726871
2026-03-25,385.6105304153312,392.5674214279789,384.6663687889025,388.2939147949219,6900597
2026-03-27,387.5982136654498,389.13865597252146,382.23147523447113,383.32470703125,9994317
2026-03-30,378.6536546159499,386.35592711798034,375.62244982765156,376.4175109863281,9446563
2026-04-01,388.29391815216576,388.4926682707485,376.2187186692416,377.8585815429688,6063436
2026-04-02,376.51687831934544,384.26883029881867,365.73369140625,382.6289978027344,9543544
2026-04-06,382.67870625629456,384.6167095603537,376.11937578331793,381.4861145019531,6691437
2026-04-07,379.5978191286853,386.3062500678883,376.1193734565059,385.3124084472656,4381799
2026-04-08,392.567441179775,395.0023652885686,389.6355962593614,392.51776123046875,7324411
2026-04-09,392.5674274540671,396.39372363568623,389.58590268859314,392.269287109375,8546666
2026-04-10,394.058200845322,398.8783387500892,392.4680481933853,396.8906555175781,6096752
2026-04-13,392.5177389034357,414.4319333175063,387.84667140805,407.0278015136719,20611836
2026-04-15,412.4442543290144,421.28943829568493,407.4750464455323,419.2520751953125,17610989
2026-04-16,424.76790051623294,427.0040441517263,413.6368926173384,423.97283935546875,14102437
2026-04-17,426.3580469806547,429.3395717847152,421.985150000627,424.9666748046875,7377006
2026-04-20,424.86727827336387,435.7995357260118,421.83607356607587,430.9297180175781,13081794
2026-04-21,432.3211024597008,436.3461488679872,428.9917269840258,433.3646240234375,9014937
2026-04-22,433.3149440745507,438.0853716939745,432.1223220048752,433.3646240234375,5945688
2026-04-23,432.8180128183761,435.1038363454927,424.9169600392048,427.6500244140625,7927709
2026-04-24,428.3457394654723,434.01064884779953,423.3765313510237,432.32110595703125,6780544
2026-04-27,433.9112504060013,453.14209151082144,432.51987822622107,450.4090270996094,16399806
2026-04-28,451.2040720680094,462.0369390979878,451.2040720680094,458.9560241699219,16158141
2026-04-29,461.44064277063967,461.5400329965722,446.6324089958455,448.719482421875,7412182
2026-04-30,447.228704523796,447.228704523796,436.5945876399307,441.812255859375,6116311
2026-05-01,441.812255859375,441.812255859375,441.812255859375,441.812255859375,0
2026-05-04,442.7564277217701,445.2410316932727,435.7995366015627,438.6816711425781,4920694
2026-05-05,438.33382807778605,443.0048957565984,433.9609310784776,439.9239807128906,6785881
2026-05-06,441.7625962035238,443.55149897192996,436.7933881472412,440.5202941894531,4255437
2026-05-07,442.4085812366477,443.2533526607854,435.5014003290666,436.544921875,5471848
2026-05-08,435.4020148505106,437.8866188723355,432.0229594467567,433.31494140625,4061354
2026-05-11,431.32725719822434,435.2529436755476,426.05990881590805,430.5321960449219,4156495
2026-05-12,428.5444934063228,430.7309266436141,414.680391492977,415.82330322265625,6821438
2026-05-13,388.59204748684414,411.2019428329457,388.3932670442543,401.959228515625,20958608
2026-05-14,403.3506042284079,408.7670225465439,399.7230885910138,405.3382873535156,5795421
2026-05-15,406.878744042046,409.7111986614855,402.5058470779906,404.4935302734375,4344049
2026-05-18,402.1083236851175,403.2015555280624,393.51159977722926,401.85986328125,6007649
2026-05-19,401.81012763865294,415.922689819336,400.91567630711944,412.4442443847656,7454213
2026-05-20,409.2639484017943,413.3884152012372,407.22658530515514,410.9534912109375,4390666
2026-05-21,413.4381137713154,414.431955390958,406.4812224338174,407.9719848632813,5013888
2026-05-22,408.4688787495331,410.4068819119515,403.6487411460503,406.3818054199219,4398760
2026-05-25,408.71735032291593,412.543646476973,406.8787373315235,411.003173828125,3635798
2026-05-26,412.69272622119246,424.1715846199926,411.4504242157103,418.3576354980469,9332347
2026-05-27,418.2085264545343,427.749411727756,416.91654452706854,423.177734375,6171033
2026-05-28,423.177734375,423.177734375,423.177734375,423.177734375,0
2026-05-29,427.2524883680143,431.3272449042354,417.06561219228064,418.1588439941406,8197538
2026-06-01,419.1029979877032,421.1403610538669,414.03439996572916,416.9165344238281,6503865
2026-06-02,412.9411901840933,414.68041300677,406.1333690694024,412.3448791503906,5616307
2026-06-03,411.89764827027074,412.3945690521967,404.7419768786821,409.2142639160156,3650477
2026-06-04,407.4750499476491,412.04672730567233,406.4812083624109,408.2701110839844,2512081
2026-06-05,408.916136263816,411.2019597997296,404.0462881861628,406.6799926757813,2616616
2026-06-08,401.56168440911836,406.58060266266665,399.8224616175166,401.7107849121094,2751940
2026-06-09,401.85985551968486,404.0959991113034,394.1078728709575,396.1949462890625,5796055
2026-06-10,396.19494588212586,400.46848293950165,390.9275975591344,392.3189697265625,3489888
2026-06-11,389.53622251882683,394.05818961202755,385.9086764591921,387.8466796875,5580234
2026-06-12,393.3624863347052,393.3624863347052,385.61053412083237,391.1263427734375,6317321
2026-06-15,395.30048905154524,402.90337108428344,393.1140254403351,401.61138916015625,9202415
2026-06-16,402.50583039373254,403.10214139357663,397.78508300022577,399.77276611328125,7499735
2026-06-17,399.7727859896117,400.965408048596,396.8906513983117,399.02740478515625,5958070
2026-06-18,400.46847248327913,401.4126037763362,395.9961854214069,400.41876220703125,5550321
2026-06-19,400.0212320348477,401.2138540510304,397.039707324029,399.8721618652344,4585159
2026-06-22,399.872176358444,405.0898447914891,398.58016407247806,403.4500122070313,6887143
2026-06-23,405.9500122070313,406.5,396.5,398.2999877929688,5046417
2026-06-24,398.79998779296875,400.75,391.45001220703125,393.1000061035156,5536727
2026-06-25,395.04998779296875,395.8999938964844,388.0,388.95001220703125,6391714
2026-06-26,388.95001220703125,388.95001220703125,388.95001220703125,388.95001220703125,0
2026-06-29,388.9500122070313,390.2999877929688,385.1000061035156,386.5,3614843
2026-06-30,387.5499877929688,389.3500061035156,384.0,385.5,3527751
2026-07-01,386.25,387.04998779296875,374.29998779296875,375.45001220703125,9752961
2026-07-02,376.7999877929688,378.0,374.3999938964844,376.3999938964844,8842116
2026-07-03,377.5,381.45001220703125,374.3999938964844,375.20001220703125,5800623
2026-07-06,375.20001220703125,379.8500061035156,373.75,377.54998779296875,4121387
2026-07-07,377.04998779296875,380.04998779296875,374.6000061035156,377.20001220703125,4480736
2026-07-08,375.79998779296875,376.95001220703125,370.1000061035156,372.1000061035156,4750113
2026-07-09,373.3999938964844,378.8500061035156,372.25,375.5,4833406
2026-07-10,376.5,382.7999877929688,376.1499938964844,381.2999877929688,3546184
2026-07-13,379.70001220703125,379.8500061035156,375.3999938964844,377.8500061035156,3204238
2026-07-14,377.8500061035156,379.0,374.5499877929688,377.7000122070313,3224890
2026-07-15,377.70001220703125,385.0,377.29998779296875,380.8999938964844,5743594
2026-07-16,381.1000061035156,385.29998779296875,376.6499938964844,377.1000061035156,3391530
2026-07-17,377.1000061035156,379.20001220703125,375.25,377.25,2626498
2026-07-20,377.0,385.5,375.5499877929688,384.2999877929688,4957842
2026-07-21,385.9500122070313,388.1000061035156,380.0,381.4500122070313,3013353
2026-07-22,379.6499938964844,380.8999938964844,377.3500061035156,378.5499877929688,2152210
2026-07-23,376.0,379.5,374.0,376.1499938964844,1687994
2026-07-24,373.3999938964844,375.75,371.3999938964844,374.3999938964844,1700724
2026-07-27,376.75,379.0,374.4500122070313,377.3500061035156,2369047
2026-07-28,382.0,383.5,367.8500061035156,371.3500061035156,9124123
2026-07-29,371.3500061035156,379.70001220703125,370.0,377.25,4420793
2026-07-30,377.20001220703125,377.8999938964844,374.25,375.95001220703125,2740317
2026-07-31,378.0,381.3500061035156,377.1499938964844,380.7000122070313,3006383
2026-08-03,382.0,382.8999938964844,378.04998779296875,382.0,2051770
2026-08-04,382.0,384.2000122070313,380.0,380.0,2280780
2026-08-05,381.8999938964844,383.25,378.6499938964844,383.0,1675427
2026-08-06,382.0499877929688,382.75,377.2000122070313,378.6000061035156,2531350
2026-08-07,378.6000061035156,382.70001220703125,377.29998779296875,380.54998779296875,2614409
2026-08-10,380.54998779296875,382.3999938964844,378.5,382.0,5099549
2026-08-11,382.0,382.0,377.5,380.0,2965048
2026-08-12,378.6000061035156,380.0,374.1000061035156,379.4500122070313,4430571
2026-08-13,378.5,382.79998779296875,378.04998779296875,382.79998779296875,3403131
2026-08-14,382.5,390.3999938964844,379.6000061035156,382.0499877929688,8187038
2026-08-17,382.04998779296875,383.04998779296875,378.04998779296875,381.5,2658590
2026-08-18,378.3999938964844,382.0499877929688,378.3999938964844,381.0,2827459
2026-08-19,380.0,380.75,375.04998779296875,378.8999938964844,3880698
2026-08-20,379.2999877929688,379.8999938964844,375.0,375.25,4261349
2026-08-21,375.7000122070313,377.75,373.0499877929688,374.2999877929688,4141292
2026-08-24,374.2999877929688,378.0499877929688,371.5,373.5,3748709
2026-08-25,373.0,374.20001220703125,368.54998779296875,370.6000061035156,9167396
2026-08-26,373.0,376.3500061035156,364.0,364.0,5101404
2026-08-27,359.20001220703125,359.20001220703125,348.1000061035156,352.0,16236355
2026-08-28,352.0,352.95001220703125,349.25,351.8500061035156,4301719
2026-08-31,351.6000061035156,351.8500061035156,347.0,347.0,6003565
2026-09-01,347.54998779296875,351.95001220703125,347.45001220703125,350.54998779296875,3607879
2026-09-02,349.0,364.0,347.1499938964844,364.0,12229632
2026-09-03,366.5499877929688,370.75,362.75,365.7000122070313,5763428
2026-09-04,365.1000061035156,368.5,364.1000061035156,368.0,3826383
2026-09-07,366.8999938964844,369.7999877929688,363.0,365.7000122070313,4849767
2026-09-08,364.6499938964844,367.2000122070313,362.25,365.5499877929688,2879558
2026-09-09,364.1000061035156,373.7000122070313,363.1499938964844,370.0,5668226
2026-09-10,369.70001220703125,369.70001220703125,363.95001220703125,367.0,2896528
2026-09-11,364.7999877929688,367.3999938964844,362.9500122070313,364.6499938964844,2425732
2026-09-14,364.6499938964844,364.6499938964844,364.6499938964844,364.6499938964844,0
2026-09-15,375.0,377.6499938964844,362.9500122070313,363.0,3710579
2026-09-16,363.0,366.1000061035156,360.3999938964844,360.3999938964844,2900501
2026-09-17,360.3999938964844,370.3999938964844,360.20001220703125,369.0,2859852
2026-09-18,364.79998779296875,374.79998779296875,360.8999938964844,374.79998779296875,5102671
