Date,Open,High,Low,Close,Volume
2019-09-17,63.03547692604364,64.46618608788845,60.78420737048942,61.183963775634766,16299407
2019-09-18,61.43643954853962,63.33002843873433,61.05772433884498,62.99338912963867,12067032
2019-09-19,62.69882915542834,63.161708985993805,59.75324657765654,61.49955368041992,8905979
2019-09-20,62.10971703650849,67.91671772407923,61.226039668820434,66.8857650756836,23167808
2019-09-23,69.0107833934118,69.45262201028545,65.30776446373972,66.44391632080078,14441035
2019-09-24,66.59120225856793,68.23230988806539,65.93896487012559,67.30655670166016,12039429
2019-09-25,66.0652006506379,66.69639683519813,64.27681146105057,65.72856140136719,7214137
2019-09-26,66.14936845712666,70.273185412194,65.81272915900392,69.89447021484375,31706679
2019-09-27,69.64198167373341,69.64198167373341,65.77064621229604,66.17040252685547,14867094
2019-09-30,65.4760824283845,65.6443988314034,63.64561104647284,64.86592102050781,11868637
2019-10-01,64.97114032905243,65.68650131370494,61.14188640717592,63.66667175292969,9430842
2019-10-03,62.698824037623694,62.698824037623694,60.300279704249,60.76315307617188,13962779
2019-10-04,61.3312457294292,61.87828385372674,59.96365362911603,60.30029296875,7816113
2019-10-07,60.59483158638999,61.31018595289077,59.54283798245961,60.02675247192383,7480593
2019-10-09,59.75323898437414,61.64682754373811,59.39555857703931,61.31018829345703,6695090
2019-10-10,60.552758167238714,61.22603674098197,59.12204922410973,59.395565032958984,8466309
2019-10-11,59.98468428011199,62.36218756183497,59.39556393377393,61.87827301025391,20089933
2019-10-14,62.59363839494267,64.29786983373354,61.85724264911982,62.19388198852539,12919085
2019-10-15,61.92037016162436,65.6023495118604,60.80525898389785,64.59243774414062,17789048
2019-10-16,64.69761817316763,64.7186593331684,62.761947028585546,63.077545166015625,12056082
2019-10-17,62.29908222252914,62.9933956524844,60.91044894175722,62.40428161621094,18475493
2019-10-18,62.446348839384434,64.04538068520998,62.193874182166006,63.22482681274414,10985219
2019-10-22,63.37211687698685,63.94018974636024,61.94140128045021,62.76195526123047,8487404
2019-10-23,62.69883448934963,63.11963203625802,61.226043075170274,61.54164123535156,9045790
2019-10-24,61.857241667491394,62.530520335618114,61.01564654276362,61.310203552246094,11714667
2019-10-25,61.41540077634381,61.81515716231542,59.58493529714925,59.83740997314453,11787504
2019-10-27,60.63692511308208,61.07875737175776,60.32132697353625,60.86835861206055,1765530
2019-10-29,61.24707664380997,64.17161794809195,61.24707664380997,62.90922546386719,18348776
2019-10-30,63.72978931589562,63.792912802549104,62.84611829049791,63.16171646118164,14348160
2019-10-31,63.540426737964175,63.624584959405226,61.87827778627567,62.4253158569336,14829460
2019-11-01,62.46739717708783,65.2236225092308,61.73100143908038,64.40306854248047,21310225
2019-11-04,65.87586449010189,67.83257072985413,65.64442452970303,66.31770324707031,26458173
2019-11-05,67.15927380857812,67.7063053423938,65.72855866397731,66.27559661865234,13732684
2019-11-06,66.06521705108608,67.8115243602066,65.93897649866335,66.46497344970703,12911295
2019-11-07,66.88576096180039,68.58999211131493,65.370893822901,67.72735595703125,15683045
2019-11-08,67.41177611649141,68.08505486361938,65.22362981961855,65.43402862548828,14502611
2019-11-11,65.37090041469665,65.74961563239488,64.04538431103103,64.25578308105469,10071390
2019-11-13,64.12953627895098,64.99217243606894,62.13074815871048,62.44634628295898,12134093
2019-11-14,63.11963001887003,63.3300287855996,60.06884790129131,60.594844818115234,26065437
2019-11-15,61.35227958449986,61.49955486370584,59.62700718740842,59.79533004760742,17581870
2019-11-18,60.17404120745761,60.973553871939906,59.921560144536805,60.34235763549805,12285871
2019-11-19,60.48965045957815,60.552767526495785,59.079976037045185,59.62701416015625,11847416
2019-11-20,59.47974416028795,60.51069701053553,59.07998129800701,59.521820068359375,14546763
2019-11-21,59.7532455789292,59.90052727370028,58.406694850054976,58.51189422607422,11986660
2019-11-22,58.70125483293315,60.11092911231919,58.364615528213726,59.85844802856445,10173301
2019-11-25,59.85843852962898,61.79410940894855,59.79532147913669,61.49954605102539,13356348
2019-11-26,61.85722900612602,62.067627744242095,60.426520155280684,61.057716369628906,14715876
2019-11-27,61.0156354566708,62.6146671872935,60.86835376825894,61.83618927001953,8923473
2019-11-28,61.7309900708023,62.36218630142576,61.05771794398667,62.02554702758789,8002957
2019-11-29,61.47852450987013,62.446353736394904,60.594847088156754,60.847328186035156,8531814
2019-12-02,60.847316958141576,61.60474727028935,60.57379474910168,60.8893928527832,9791687
2019-12-03,60.805241200282374,60.805241200282374,58.575013076238314,58.7854118347168,11274419
2019-12-04,58.15421574470033,60.91044077372855,57.52301946725237,60.67900085449219,16157084
2019-12-05,61.01563972339296,61.05772204327055,59.50076609984727,59.963645935058594,8652671
2019-12-06,60.30028748724896,60.74212617905008,59.16413543751806,59.732208251953125,6580597
2019-12-09,60.047801757933854,61.2260360380267,59.79532711132413,60.0057258605957,8174769
2019-12-10,60.25819544228982,60.30027775695107,59.07996126123175,59.269325256347656,5793363
2019-12-11,59.60597006460427,59.81636883845866,57.4599064238061,58.280460357666016,9011644
2019-12-12,58.91165097554525,60.9314802931646,58.49085346857707,60.59484100341797,12648825
2019-12-13,62.109715155660915,63.4141835864826,62.109715155660915,62.86714553833008,20297117
2019-12-16,62.90922968310039,63.47730890744589,61.52059657314745,61.920352935791016,9220405
2019-12-17,62.2990746144941,64.90801797502306,62.27803345415503,64.10850524902344,25796975
2019-12-18,64.08746804662572,64.80282259630887,63.24587294797236,64.29786682128906,13726266
2019-12-19,64.17162089864507,64.76073485002613,62.40427262364137,62.84611129760742,17713003
2019-12-20,63.03546630118996,63.33002326476099,60.25820025412545,60.70003890991211,47171871
2019-12-23,61.015631841927416,62.27802422486385,61.015631841927416,62.17282485961914,15357549
2019-12-24,62.42532426932082,62.8671565966425,61.94140319431568,62.2990837097168,10766485
2019-12-26,62.40427685112431,64.17162524585433,62.08867869417748,63.414188385009766,19969941
2019-12-27,63.72977373013664,64.33992876006671,63.14065985727858,63.85601425170898,12636170
2019-12-30,63.982269023181146,65.18153819306617,63.182749822396715,65.01322174072266,12606419
2019-12-31,64.802826514321,65.43402287647348,63.961231364784354,64.15058898925781,13026542
2020-01-01,64.29784596549703,65.28671603314602,63.72976688982499,65.05528259277344,14266524
2020-01-02,65.34986124207538,67.26449139172384,65.34986124207538,67.0961685180664,17137897
2020-01-03,66.65432177731256,67.706315532768,65.93896730777493,66.38080596923828,12108687
2020-01-06,66.02311898151527,66.359758234074,63.140660229719195,63.35105895996094,11218355
2020-01-07,64.2978808993693,65.98107146521215,64.19268148900413,65.6444320678711,24417974
2020-01-08,64.48722888619086,66.57017561498199,64.15058953931741,66.2125015258789,18095375
2020-01-09,67.07512257495715,67.41176187741435,66.23352752924445,66.54912567138672,11725302
2020-01-10,67.11719150892017,68.71622306101615,66.31767894330186,67.30654907226562,20995863
2020-01-13,67.53800130401072,67.9377576599558,66.59120689320683,67.51696014404297,9331492
2020-01-14,67.91671365701988,69.89446703571065,67.74839722604463,69.43158721923828,19728091
2020-01-15,69.43159108816253,69.62094868877631,68.08504030274605,69.28430938720703,11633598
2020-01-16,68.54790696814995,68.88454623654046,67.49591326746712,68.2743911743164,11990967
2020-01-17,68.46372237504492,68.46372237504492,66.90677358214758,67.11717224121094,9518702
2020-01-20,67.05407595038207,67.2855094102437,65.72856013581165,66.02311706542969,7944434
2020-01-21,66.0652249803936,66.65433906792492,64.6134745054427,64.76074981689453,10481008
2020-01-22,65.5812884151694,66.59119977709419,64.29785484461425,64.46617126464844,15503961
2020-01-23,64.63448757157163,65.39191780601585,64.10849078606358,64.86592102050781,12087029
2020-01-24,65.22361785609209,66.10729524700282,64.6976209378978,65.60233306884766,8012015
2020-01-27,64.5503391270306,64.5503391270306,62.320117334218025,62.63571548461914,13357039
2020-01-28,62.17283764605167,62.17283764605167,59.56389413560106,59.83740997314453,22438597
2020-01-29,60.7841967049513,61.18395303995314,59.71116181141778,59.83740234375,12603444
2020-01-30,59.816364735020095,60.34236163357237,58.82749441825817,59.31140899658203,15625276
2020-01-31,59.26932705098911,59.62700105300102,57.85965293832948,58.02796936035156,13980768
2020-02-03,56.53414250520905,57.56509501966247,55.902946301969024,56.44997787475586,13658383
2020-02-04,57.186377376816765,58.44876987008743,56.72350398180035,58.30149459838867,11370911
2020-02-05,58.617093686319095,60.55275835533825,57.90173921253245,60.21612548828125,17304767
2020-02-06,60.95252820544261,61.773082150765326,60.04780961271359,60.53173065185547,15736536
2020-02-07,60.53173002411768,61.14188518631927,59.648052602404306,60.847328186035156,9671106
2020-02-10,60.46859643314367,60.46859643314367,58.72228946407039,59.03788757324219,10029897
2020-02-11,59.60596433368911,60.4265246095159,58.99580923234796,59.22724914550781,9087616
2020-02-12,59.753246144258775,60.55275884122512,59.395565694065176,59.56388854980469,9280214
2020-02-13,59.90053649746666,60.321334066340015,59.037900197104015,59.963653564453125,6820884
2020-02-14,60.04780295076352,60.552758674874006,59.22724909647642,59.37453079223633,6336170
2020-02-17,59.45869074807,60.51068454608659,59.248291988466676,59.79533004760742,8475514
2020-02-18,59.648037310479715,59.648037310479715,57.85964818476868,59.14308166503906,13205238
2020-02-19,59.75323670324568,60.67898979053254,59.58492029496058,60.02675247192383,8824394
2020-02-20,59.66908804005826,60.91043940701357,59.24829053120152,59.90052795410156,11236035
2020-02-24,58.84852745609383,58.89060334965434,55.67150534315884,56.05022048950195,22666897
2020-02-25,56.555186840147,57.18638315050963,55.566316473095426,55.8398323059082,14590593
2020-02-26,55.12446649884537,56.26061834098553,54.43015326777627,54.808868408203125,14605029
2020-02-27,54.70367210259796,55.29278600305119,53.18880182491971,54.93511199951172,15600307
2020-02-28,53.0204953645405,53.0204953645405,47.17140832906456,47.970924377441406,57363091
2020-03-02,49.46474292859222,50.24321759099096,45.86692334531528,46.687477111816406,32732879
2020-03-03,48.076118660343454,50.91650203852567,47.82364077992445,50.30634689331055,36975433
2020-03-04,50.074900934532124,50.495698421376936,48.43379009375137,50.2221794128418,38623129
2020-03-05,51.548970891742016,53.15851549076709,50.461439860270666,50.9399528503418,26357440
2020-03-06,48.590887598908836,49.330410728778325,47.02484349871681,48.30813217163086,16482554
2020-03-09,45.24128880328889,45.87205544462843,40.63015810826837,41.282676696777344,38812494
2020-03-11,40.021141052246094,41.54368446184241,39.69488175018974,40.021141052246094,33275417
2020-03-12,36.86729810935287,37.19355738465688,34.039717723384804,34.73573684692383,38859454
2020-03-13,31.821161204022754,37.672077296378724,29.972358301821153,36.56279754638672,45056179
2020-03-16,33.930970235779384,35.10550249331144,32.29967358982845,32.5606803894043,33776987
2020-03-17,33.300193562863086,34.99673891190905,32.36491643526048,32.62592315673828,32827612
2020-03-18,33.93096568999954,34.21372440119242,31.364391980441308,31.73415184020996,30564628
2020-03-19,30.21160665071526,32.038660528418504,29.49383892188704,30.16810607910156,31315971
2020-03-20,31.49489623965749,33.93096484694392,30.624871499992256,32.82168197631836,29770131
2020-03-23,29.559088276852894,31.016382325257936,26.818512424064384,27.25352478027344,22554580
2020-03-24,29.363343799048547,29.776604347186066,27.123028756529926,27.31878471374512,30625756
2020-03-25,27.27527659144535,28.27580473478821,27.123021262593703,27.927793502807617,29906347
2020-03-26,28.536816775024445,30.10286097069449,27.62329127079039,28.623821258544922,29677898
2020-03-27,29.82010534761528,29.950607093792023,27.40578487620634,27.732044219970703,26203180
2020-03-30,26.88376415520741,27.362278758247193,26.187745026437447,26.77501106262207,17613091
2020-03-31,27.60154170254729,29.1458356475045,27.23178010538457,28.14530563354492,44630133
2020-04-01,28.27580513248172,28.449810750919372,27.12302164407355,27.25352668762207,23338180
2020-04-03,27.840792271326055,28.03654651443139,27.057770320583117,27.318777084350586,24226254
2020-04-07,28.841322702681385,29.450337391847672,28.319305844834528,29.037076950073242,45735662
2020-04-08,28.68906481994646,31.929909006860623,28.27580439101481,30.581371307373047,49394146
2020-04-09,31.75589887277687,33.626453147629654,31.66889773766396,33.4089469909668,41601771
2020-04-13,33.75697072200024,34.561743216261014,32.0386726040142,34.06148147583008,37469406
2020-04-15,34.58349032964518,36.193035092906186,33.75696599761317,34.191978454589844,43610778
2020-04-16,33.843966753017206,36.82380109135448,33.561208023346964,35.97552490234375,54467290
2020-04-17,37.84608186131829,37.84608186131829,36.04077959151359,36.58454513549805,30167339
2020-04-20,37.60682089462185,37.60682089462185,35.14900347389937,35.431758880615234,33261919
2020-04-21,33.669955649860405,34.58348089655941,32.10391189567915,34.12671661376953,44068814
2020-04-22,33.039193880585984,33.58295943700696,31.908162187006663,33.10444641113281,37108572
2020-04-23,33.82221052469097,34.17022173545558,33.32194565379718,33.7569580078125,24257769
2020-04-24,33.408956191485096,34.90974775821073,32.930439859943384,33.909217834472656,33734720
2020-04-27,34.27897358728666,34.75748649566416,33.99621490360153,34.12671661376953,16787545
2020-04-28,34.14846943521532,34.27897446761561,32.97393741913605,33.43069839477539,33514140
2020-04-29,33.51771449442235,34.77924809089264,33.49596254184238,34.43124008178711,27243567
2020-04-30,35.67101557759584,39.58612704342953,35.45350938504952,38.955360412597656,63684205
2020-05-04,35.95377116890795,36.410532142254446,33.66995634553297,34.77923583984375,33174258
2020-05-05,35.584015880066275,36.19303058894073,34.14847362313364,34.322479248046875,29105285
2020-05-06,34.670493997342305,35.19251097474264,33.90922214265515,34.56174087524414,20995947
2020-05-07,34.32247307120501,35.0619926953971,33.95271325910897,34.17021942138672,15604986
2020-05-08,35.06200233021884,35.14900681036662,33.517710145013254,33.66996383666992,15997839
2020-05-11,34.30072436833483,35.01849543544626,33.930964521301966,34.626983642578125,33344496
2020-05-12,34.561735878668635,39.36862450803044,34.38773356357253,38.73785781860352,112769086
2020-05-13,42.6094627334766,42.6094627334766,38.49859693109824,39.25986862182617,145837778
2020-05-14,38.4551012883426,39.93414428383301,38.17234253173858,38.7813606262207,38560045
2020-05-15,39.15111717486343,41.56543739486587,38.36809350381363,40.43440246582031,75496773
2020-05-18,40.8694179951056,41.60894114501378,39.19462074092306,40.238651275634766,88007084
2020-05-19,40.56491360134549,40.80417179196245,38.95536875919336,39.151123046875,36132629
2020-05-20,39.172873924164264,39.39038015734922,38.38985015714571,38.520355224609375,21380658
2020-05-21,38.71610366469774,39.91238776669683,38.346343787856085,39.23811721801758,31500030
2020-05-22,39.151117243930415,39.32512287323526,38.542099200804124,38.759605407714844,15804815
2020-05-26,38.933606084906394,39.25986535377432,38.08533331340214,38.237586975097656,17956472
2020-05-27,38.49859372641582,38.69434796018422,37.519815919812025,38.237586975097656,17368542
2020-05-28,38.672599215285324,39.564372556134444,38.30283937547564,39.12936019897461,22032858
2020-05-29,38.97711125117039,40.325649057665714,38.716104469087625,40.1081428527832,34104154
2020-06-01,40.58666080393253,42.21795740668092,40.34740264131019,40.738914489746094,23678854
2020-06-02,41.108679345528664,42.304963665107536,40.6084143299284,42.1527099609375,22601674
2020-06-03,42.41370795528907,44.588769901714144,41.717688796209266,42.065696716308594,37932952
2020-06-04,42.1744574019909,45.763310259327,41.80469746834474,45.41530227661133,55977705
2020-06-05,45.719803997646,46.2200689369754,44.76277801544468,45.80680847167969,33224107
2020-06-08,44.37126507195623,48.35162922012855,44.37126507195623,45.71980285644531,54421243
2020-06-09,45.71980264809583,47.090092374026185,45.1107846233622,45.502296447753906,23311062
2020-06-10,45.502289542432514,47.30759139507832,45.371787833360735,46.154808044433594,29455662
2020-06-11,45.632793140627086,46.41581332716651,43.501232103766405,43.9579963684082,21079891
2020-06-12,42.15270993333535,45.219545922918435,42.15270993333535,44.936790466308594,33223309
2020-06-15,45.24129204092485,45.80680951898897,44.15376098224877,44.54527282714844,20562556
2020-06-16,45.67630175581867,46.06781357750193,44.21901088738546,45.1760368347168,22655820
2020-06-17,45.15429521586956,45.30654891491509,44.28427028545883,44.414772033691406,11400700
2020-06-18,44.71928596985254,46.89434845245467,44.37127464508342,46.54633712768555,27585662
2020-06-19,47.17709941082776,47.59036323435095,45.43704959106269,45.78506088256836,33760216
2020-06-22,45.82854798208784,48.59087559454555,45.56754124968439,47.87310791015625,27108980
2020-06-23,47.8731198997877,48.67789224245061,47.438107463874616,47.85136795043945,20713008
2020-06-24,48.28637300874191,49.37390393236223,46.80733028884209,47.61210250854492,28610223
2020-06-25,47.39459656049403,48.83013871439387,46.98133613500702,48.39512634277344,26667318
2020-06-26,49.04765662047581,49.265162858260624,47.54686490731331,47.829620361328125,24544347
2020-06-29,47.85136384177165,47.85136384177165,45.9155599957252,46.95958709716797,16926077
2020-06-30,47.177093715628516,48.02536989168942,45.85030787955567,46.28532028198242,13699750
2020-07-01,46.28532353593668,47.32935403893464,46.089565949753734,46.85083770751953,11412484
2020-07-02,46.981339462088975,47.26409818744261,46.111314657235475,46.28532028198242,12174342
2020-07-03,46.11131742052063,46.87258917038771,45.08903887733254,46.307071685791016,23861027
2020-07-06,46.546319628518724,48.547375696435914,46.220060378786116,47.96010971069336,21818191
2020-07-07,48.02537098190004,48.11237213680788,46.67683316754058,46.807334899902344,10110065
2020-07-08,47.09009419019541,49.70016869496374,46.98134108583006,48.02537155151367,32389520
2020-07-09,48.63438480844187,49.78716494604149,48.39512667485646,48.72138595581055,20519182
2020-07-10,48.59088239279895,49.02589478062662,47.481602795167056,48.00361633300781,13337632
2020-07-13,48.37336896354512,49.67840593183012,48.32986839504508,48.8953857421875,17232063
2020-07-14,48.48212808056841,48.48212808056841,47.046589228049584,47.37284851074219,14902786
2020-07-15,47.372852969954856,48.13412470122954,47.13359481257313,47.45985412597656,13209042
2020-07-16,47.54685412528779,48.155868797875804,46.02431080605564,47.37284851074219,17342605
2020-07-17,47.590358633005515,48.32987840735143,47.02484116870712,47.481605529785156,9373147
2020-07-20,47.568599108697086,48.0253633970276,46.82907945213231,47.02483367919922,7764369
2020-07-21,47.59036089650863,48.46038576365181,46.82908913775834,48.19937896728516,20566751
2020-07-22,48.46038141480677,51.28796197927444,47.72085835277113,48.76488876342773,50579891
2020-07-23,49.069398596664335,50.06992509575195,48.67788678446435,49.56966018676758,13751578
2020-07-24,49.15640547742169,49.504416755256926,47.7426150543985,48.74314498901367,17540600
2020-07-27,48.96065708287708,49.265164498360534,47.54686649020889,47.7861213684082,10527043
2020-07-28,48.02536849385733,48.677887078505165,47.72085782969298,48.22112274169922,12008451
2020-07-29,48.19937154184127,49.26515051234852,47.61210219188731,47.85136032104492,13066971
2020-07-30,48.047127978643594,49.35216544282276,47.32936002845057,48.24288558959961,90692979
2020-07-31,48.72138618452112,50.11342446224074,48.63438503674404,49.50440979003906,27620235
2020-08-03,49.199903525456,51.00520571341718,49.02589789549323,50.15693283081055,18528995
2020-08-04,50.48318989304819,52.02748190781607,49.96117302641921,51.78822708129883,25885045
2020-08-05,51.853471126234915,53.6805249993244,51.853471126234915,53.04975509643555,30054458
2020-08-06,53.18027133514342,54.333054976736754,52.1579927544405,53.39777755737305,20522255
2020-08-07,54.3330544214332,55.09432619145641,53.28902390162505,53.41952896118164,21422669
2020-08-10,53.071519664521134,54.985575135870356,52.89751401823818,54.463558197021484,10985135
2020-08-11,55.116067122088374,55.50757892718011,54.26779431012383,54.63755416870117,12100883
2020-08-12,53.98504173531585,55.72509476891421,53.24552193411375,53.68053436279297,13873963
2020-08-13,53.94154050629265,54.76806477460083,53.68053371600622,54.13729476928711,10697595
2020-08-14,54.39830134731488,54.59405559760241,52.723500970689855,53.354270935058594,9152714
2020-08-17,53.94154184253431,55.83384858647033,53.68053504578221,55.65983963012695,23291926
2020-08-18,56.11660241649634,56.44286173287132,52.244991198403646,55.159576416015625,26536471
2020-08-19,55.15957729048501,56.4428626276852,55.09432476239926,56.13835525512695,11989907
2020-08-20,56.11659294839216,56.921368448105554,55.725084489903395,56.09484100341797,11240627
2020-08-21,56.72561601175308,57.57389552748753,56.16010518494697,56.85612106323242,13280472
2020-08-24,56.921367229445416,57.204122594771235,55.42057266814007,56.02959060668945,20943369
2020-08-25,56.05134314350556,56.89961588620843,55.6815799962384,56.57335662841797,8462854
2020-08-26,56.66036223709354,56.66036223709354,55.68158438654874,56.094844818115234,8376333
2020-08-27,56.24710296021903,56.24710296021903,54.855061330649576,55.6163330078125,21935103
2020-08-28,55.89908503816888,57.13887284781651,55.55107384267468,56.05134201049805,26542894
2020-08-31,56.50811724197693,58.57442647608888,54.96382496360128,55.964351654052734,51178643
2020-09-01,56.02960009538219,57.682648591550816,55.52933515689316,57.42163848876953,16224080
2020-09-02,57.6173950922189,58.030655573641646,56.22535664217036,57.03013229370117,15591382
2020-09-03,55.290079374806474,56.856123464286654,55.072573159076406,55.89909744262695,29493296
2020-09-04,55.29008280101439,56.02960597165216,54.420057884180544,54.789817810058594,11792674
2020-09-07,55.116075118860365,56.42111244592618,54.59406151558666,55.638092041015625,12132815
2020-09-08,55.529339686594014,55.72509727964853,54.37655603487827,54.615814208984375,7909393
2020-09-09,53.94153444866995,56.11659632160019,53.33251646047327,55.65983200073242,24847781
2020-09-10,56.13835313675134,57.09537911629093,55.70334072443674,56.74736785888672,18848222
2020-09-11,56.85611454346307,57.63913812478613,55.377075163667655,57.37812805175781,21976592
2020-09-14,57.42163478660409,57.57389177637042,55.89909143998958,56.39935302734375,8192101
2020-09-15,56.16011190130497,57.79140864548196,55.920853717939664,57.22589111328125,11137049
2020-09-16,57.639141292634136,58.72667226041969,57.37813120526071,58.42216491699219,20434371
2020-09-17,58.29165987330547,58.72667226041969,57.90015138000757,58.42216491699219,6774794
2020-09-18,59.031187186488324,59.1616922469386,56.42111252853515,56.96487808227539,16354162
2020-09-21,57.16061992953665,58.248150800629524,55.29006882258541,56.09484100341797,15900222
2020-09-22,56.529865269050426,56.529865269050426,54.920320568073365,55.311832427978516,10650128
2020-09-23,56.07309276925382,56.79086717433305,55.52933061660308,56.55160903930664,15115122
2020-09-24,55.7250889266189,58.2916593316384,55.7250889266189,57.31288146972656,30204421
2020-09-25,57.595638541910006,60.20571291639708,57.29113119243899,59.61845016479492,26164592
2020-09-28,60.81473838824262,60.90173954575541,59.20519374208593,60.510231018066406,17296638
2020-09-29,61.20625662416272,61.55426794717656,60.03172421703439,60.87999725341797,25135720
2020-09-30,60.66248280620401,60.771235915084894,59.1834431805292,59.553199768066406,14615403
2020-10-01,59.85770197158418,60.575469693457634,59.48793881924834,59.79244613647461,9343343
2020-10-05,60.83649039281918,60.98874075916541,58.83543057937665,59.9447135925293,27440901
2020-10-06,59.9012114253433,60.46672892267633,59.248692767904345,59.98821258544922,26882776
2020-10-07,60.03172003542117,60.35797938343976,51.13571647366688,53.65878677368164,108053706
2020-10-08,53.72403669835788,55.31183277872533,48.3298817426007,51.287967681884766,112024663
2020-10-09,51.09221206126163,55.89910106822169,48.46038867155763,53.00626754760742,148365893
2020-10-12,47.72086653085769,47.72086653085769,40.08639968977925,42.17445755004883,145043336
2020-10-13,42.82697069289716,45.197790332894826,42.56596390911355,43.3489875793457,99094028
2020-10-14,43.08797923997028,43.71874588791509,40.36915175937855,42.82696914672852,62237695
2020-10-15,42.63121731392915,43.60999526246324,41.065173260050884,41.30442810058594,34921322
2020-10-16,41.869942762659186,42.63121444925299,41.108671076065384,41.282676696777344,24325948
2020-10-19,41.52193822067361,42.82697560825537,40.34740589940271,42.08745574951172,37394148
2020-10-20,41.89169492707084,43.52299140680286,41.695937358174284,43.17498016357422,35720982
2020-10-21,43.93624943326112,45.415292157166895,43.39248396997818,44.023250579833984,73029577
2020-10-22,46.11130888859185,46.87258049760162,44.9367768765291,45.43703842163086,79745011
2020-10-23,45.91556192016749,46.63332975277264,45.35004445078265,45.56755065917969,39413960
2020-10-26,45.54579286304379,46.502822048444095,44.95852683954868,45.17603302001953,46765178
2020-10-27,45.48054469303092,45.48054469303092,44.37126181997904,44.58876800537109,33619595
2020-10-28,45.21205899727373,47.22574408388048,44.90041629965658,45.73945236206055,50491711
2020-10-29,45.26000823548489,46.386713199180676,44.99630969470387,45.763427734375,24380710
2020-10-30,45.9312386346249,46.21890744691479,44.73261553516086,45.907264709472656,18428297
2020-11-02,45.90726610628077,46.17096465934931,45.068229911126814,45.40384292602539,13078623
2020-11-03,45.739456131958164,46.218905349991466,45.35589529436863,45.47575759887695,13952913
2020-11-04,45.76342364860782,45.787397571232006,43.72576459439069,44.10932540893555,25617864
2020-11-05,44.54083552981253,45.499734018471976,43.94152397440038,45.18809127807617,32411974
2020-11-06,45.42781066894531,45.95520404539388,44.94836147982716,45.42781066894531,14623081
2020-11-09,45.42781237775015,47.537389620804944,45.331923999482406,47.36958312988281,49168324
2020-11-10,48.61614989966766,48.61614989966766,46.53054659889035,47.82505798339844,30426536
2020-11-11,47.705194322322974,48.999705669916665,47.273689320489396,48.855873107910156,30289109
2020-11-12,48.54422759033993,49.766824415037135,48.25655882508965,49.59901428222656,34565638
2020-11-13,49.3832727476608,51.78051899754724,48.903823497683504,51.540794372558594,40034974
2020-11-14,51.780519024765,52.020243649879646,51.540794399650345,51.80449295043945,4239009
2020-11-17,52.02023553899239,52.739409302204265,50.84558652224242,51.468868255615234,28307482
2020-11-18,51.30105912668585,52.64351821185527,50.96544618434686,52.212013244628906,20109037
2020-11-19,53.07501682934892,56.023629688291976,52.88324010511404,53.746246337890625,55092960
2020-11-20,54.057890442584565,54.321588932296414,52.49968074024843,53.24282836914063,26001384
2020-11-23,53.72228722430383,54.46543132969124,53.09900176748197,54.20173645019531,23294257
2020-11-24,54.345568914379065,56.19144769878304,54.08187403541124,55.52022171020508,29770286
2020-11-25,56.2154188420419,56.52706155441077,54.36954014895926,54.681182861328125,26396518
2020-11-26,54.80104342136374,57.102397319352384,54.27364639045353,56.95856475830078,36508712
2020-11-27,56.95856162487176,58.900328526549586,56.3352762542156,57.89348602294922,37532330
2020-12-01,58.636625393085815,58.636625393085815,57.53389101873096,58.27703857421875,17531535
2020-12-02,58.56470716520408,60.794146168716125,58.49278907001216,59.52360534667969,39093643
2020-12-03,59.71539856801285,61.1297722269641,59.25991963902849,60.602378845214844,24023433
2020-12-04,60.60237703214321,62.18455713005611,60.12292785255016,61.82497024536133,27068944
2020-12-07,62.13662627251541,64.00647543762564,62.13662627251541,63.31127548217773,24937666
2020-12-08,63.76674877481723,66.61947028315926,62.71196191238171,65.32495880126953,41355412
2020-12-09,65.90027818031646,69.85573330624372,65.7804159037732,68.82492065429688,64656405
2020-12-10,68.53724458548902,69.80778903813788,67.17081909572737,69.08861541748047,40886623
2020-12-11,69.7119065741611,70.79066720948501,68.34548082557244,70.23930358886719,25734091
2020-12-14,70.93450364949425,71.6776513304645,69.95163138213448,70.31121826171875,18641959
2020-12-15,69.87971496582031,70.59888870474813,68.48931533021862,69.87971496582031,22035135
2020-12-16,70.62286026843248,73.5954434936111,70.23929949064512,70.9584732055664,32956572
2020-12-17,71.41395259527935,71.55778880981862,69.95163115978865,70.23930358886719,15738442
2020-12-18,69.99958095264122,71.98929214243523,68.60918124360613,70.67080688476562,25200760
2020-12-21,70.6228789558031,70.6228789558031,62.592103680842335,64.0783920288086,40141910
2020-12-22,64.50988076625612,67.17082485396104,62.32838580009035,66.69137573242188,42061951
2020-12-23,66.69138167990398,72.49271217839781,66.04412238177886,72.13312530517578,73258033
2020-12-24,74.5543534255863,81.8419800786222,74.36257666464371,78.07830810546875,270968028
2020-12-28,77.88651761816568,79.27692462591104,75.99269482542667,78.365966796875,38262010
2020-12-29,78.19816661547944,78.77350418620371,76.28036983585581,76.75981903076172,24223818
2020-12-30,76.7837749332052,77.91048331048204,74.84201181719445,77.69473266601562,24689065
2020-12-31,78.17419032471905,78.7255539558347,76.7118688613861,77.38309478759766,20074626
2021-01-01,77.574881642661,77.8385801645304,76.71187162373118,76.90364837646484,9590065
2021-01-04,77.47898109205117,82.2255244766213,77.19130869233837,81.62621307373047,32854053
2021-01-05,80.78719189886512,81.72211639536269,80.0200702364077,81.02691650390625,18873277
2021-01-06,81.86596029955973,88.1946890030391,81.770071911713,86.4447021484375,49999500
2021-01-07,87.02002376751759,89.82480431940768,87.02002376751759,88.93782043457031,32949315
2021-01-08,90.13645874901064,90.9754949341743,84.69470685033748,87.28373718261719,25476849
2021-01-11,85.94126602087734,87.57139031614719,84.11935766299023,85.89331817626953,26443871
2021-01-12,86.01318519153513,88.29056893490102,85.70154613192659,86.82825469970703,14828511
2021-01-13,87.61933372687766,88.31453354362723,84.57482864369491,86.54057312011719,16787140
2021-01-14,85.7734442669312,86.54056578190485,84.215234633739,84.57482147216797,13052552
2021-01-15,84.76662176836993,85.79743464326701,83.11252345747758,84.1912841796875,16324499
2021-01-18,84.14333559034375,84.2871718151995,80.0919912658234,80.8830795288086,17040380
2021-01-19,81.5063520409595,84.38304681887571,81.5063520409595,83.42414855957031,10954431
2021-01-20,82.24950642657372,84.02346688917385,82.22553250495471,83.28031921386719,11709839
2021-01-21,83.87963539210595,84.02347161409463,80.33171426739423,81.05088806152344,10895884
2021-01-22,81.60224604443786,82.94470516342481,78.77349891027657,79.37281036376953,13618435
2021-01-25,79.54063011207481,80.40364025196553,77.8865316115098,79.20501708984375,13087676
2021-01-27,79.22898592211641,79.49268446399138,77.67077591154528,78.12625122070312,10420167
2021-01-28,76.87968972315598,78.72556493558653,76.87968972315598,78.03036499023438,9315988
2021-01-29,78.5337847344202,79.25295857390057,76.8557124422993,77.31118774414062,14514240
2021-02-01,77.21528996557876,82.70498147573278,77.19131604401726,82.15361785888672,17122983
2021-02-02,82.96868681698005,84.50292281774216,82.32142746056098,83.0645751953125,12556627
2021-02-03,83.06456641872961,84.81455291479013,82.8488157613242,83.37620544433594,9859693
2021-02-04,83.66387107447311,86.3008412229522,83.44812043457831,84.57482147216797,15430260
2021-02-05,85.58168628209036,85.98922104785471,82.72896486918359,83.6399154663086,12315157
2021-02-08,84.43100654403025,85.86935413547326,84.09538625337555,85.34195709228516,10896506
2021-02-09,85.48577183849426,90.25628868848126,85.48577183849426,87.1398696899414,22888866
2021-02-10,88.21863310443784,89.99259328522326,86.66042355232142,89.22547912597656,19580392
2021-02-11,88.93782486996247,91.28712297793774,88.0508409408906,89.87274932861328,10165976
2021-02-12,89.6569867846423,89.8487635091933,86.75631810197655,87.42755126953125,9635055
2021-02-15,87.7392068629978,89.39330520135044,87.35564602557044,88.24263000488281,8000109
2021-02-16,88.4343883545051,92.50970585762344,88.266585552688,91.21519470214844,24155607
2021-02-17,91.19121697543574,93.63641030153394,89.34534233764361,92.46176147460938,17142487
2021-02-18,93.15698199380766,95.26655556946258,92.24602411482745,93.61245727539062,19077034
2021-02-19,93.94804939650787,93.94804939650787,89.12958449297949,91.47888946533203,14558896
2021-02-22,92.4378060562339,99.82132071669919,92.3898582105135,97.92749786376953,48211035
2021-02-23,97.9514765684361,100.92406025286348,97.9514765684361,99.9891357421875,23472362
2021-02-24,100.78021987916449,101.0678923240696,96.60901332292558,98.07133483886719,10649237
2021-02-25,99.38981299383741,101.11582559185732,98.57475087956576,99.7973403930664,17173463
2021-02-26,98.21517479784899,102.93774518470644,97.85558788594446,99.38982391357422,34717972
2021-03-01,100.32474014161527,103.75279882586344,98.35899559244326,102.41034698486328,17480256
2021-03-02,103.441164898234,104.49595167505315,102.21856797509204,102.96171569824219,12729476
2021-03-03,103.89662543648875,106.29387109637918,103.68087479026124,105.14319610595703,14189479
2021-03-04,103.46514305470791,104.0644545792187,101.64323455703216,102.24254608154297,13750833
2021-03-05,100.92404454926128,106.62948642168278,100.92404454926128,105.11922454833984,22131897
2021-03-08,106.6534733357052,110.03359166707224,105.95827345718068,107.78018188476562,24409291
2021-03-09,108.8349679042077,109.24250264867688,104.37608890135706,107.63634490966797,15980727
2021-03-10,107.46853371196586,109.53016670555319,106.07813397823776,108.47537994384766,22508396
2021-03-12,110.17743278999528,110.17743278999528,102.67404806863134,106.15005493164062,21345125
2021-03-15,106.4856687187171,108.83496683868914,104.63978639887183,108.47537994384766,23620753
2021-03-16,108.83497761101123,109.45826308692448,105.95828216754838,108.59525299072266,27174232
2021-03-17,110.3212719233653,111.08838631004014,107.2767663541398,107.78018951416016,30284720
2021-03-18,108.06784536506832,108.52332795186702,105.95827183850074,106.36580657958984,19059687
2021-03-19,105.40692138464716,107.49252124939376,105.19116336776386,106.53362274169922,15529758
2021-03-22,106.84525472192882,107.46853281513482,105.50279552922736,107.20484161376953,17117657
2021-03-23,107.34867837332064,107.75621314022128,106.62950453701217,107.27676391601562,18153789
2021-03-24,107.06102247562265,107.92403261689778,106.7973239163698,107.10896301269531,20887559
2021-03-25,107.44458145456954,107.51649591681662,105.64664674024152,106.67745971679688,30276235
2021-03-26,107.15688111503438,109.02672980548152,106.2938712133614,108.7630386352539,16219649
2021-03-30,109.74591367991826,110.6808454276422,108.7870153259974,110.32125854492188,18234834
2021-03-31,110.1534527971445,110.63290199321476,109.41030508007275,109.67400360107422,10376309
2021-04-01,109.91372886039116,111.13632578088875,109.67400426091376,110.87262725830078,10398919
2021-04-05,110.53701289550189,111.66371410942266,109.79386518328192,111.11235046386719,14527112
2021-04-06,111.56782992940887,112.14316751940925,110.96851841569716,111.9753646850586,17652029
2021-04-07,112.19110027043843,114.51643155706988,111.8554873310827,113.55753326416016,42365445
2021-04-08,114.58835567309904,117.41710294958216,113.34178486078991,113.98904418945312,24821045
2021-04-09,114.15683662445795,115.73901284322235,109.41028602072616,110.9205551147461,10610296
2021-04-12,108.3075702068971,108.3075702068971,100.56446863520793,102.21856689453125,14765942
2021-04-13,102.2665116442922,105.23909509966201,101.6911740909648,104.73567199707031,9623854
2021-04-15,106.22197578452091,108.5473001039403,104.80760205360569,108.04388427734375,9752896
2021-04-16,108.45141856198966,112.79043572465588,107.46854613927069,111.13633728027344,11975438
2021-04-19,108.25964099309459,110.08154958740789,107.30074250301548,109.3384017944336,8509541
2021-04-20,109.6979843471347,111.18427255790955,106.70142668531292,108.40347290039062,7754673
2021-04-22,107.30074150432733,109.72196163240487,107.30074150432733,108.59525299072266,5431482
2021-04-23,109.26645950680361,112.19110227886,108.49934524823115,109.31440734863281,12023111
2021-04-26,110.08152131805073,114.92395305990625,110.08152131805073,113.46163177490234,16763872
2021-04-27,114.94794541209892,117.24930302949772,114.63630635920514,116.67396545410156,15648609
2021-04-28,116.57805809538164,118.75955319477204,114.7321832542155,116.9376449584961,13518520
2021-04-29,117.82463705261102,122.97871578431221,116.26642720349206,122.28351593017578,25110119
2021-04-30,122.28352343457351,127.62938655757021,121.08490040015467,123.33831024169922,21911292
2021-05-03,122.4513196348803,125.80746394940044,121.10886776172347,122.95475006103516,12835262
2021-05-04,122.7389737169928,125.80744513359245,120.34172813658279,123.96156311035156,30234483
2021-05-05,123.86569296453533,129.4752393372798,122.97870909541645,126.7184066772461,83074283
2021-05-06,127.89308651724689,130.17047043835998,126.50268662857748,128.89993286132812,20191746
2021-05-07,131.84853889743397,138.24918907568983,129.93074196801675,135.70809936523438,38947011
2021-05-10,138.56080755834768,142.06078058173807,137.62587584154875,140.88613891601562,23353138
2021-05-11,138.1772418335721,141.7970768263623,135.30054712196375,138.3690185546875,18065603
2021-05-12,139.37589062710643,140.1190310469022,131.96839451038434,135.25262451171875,19900414
2021-05-14,136.61902354735614,137.60188832560328,128.63618452281816,130.6019287109375,37836764
2021-05-17,132.3279582310559,134.10192584260093,130.91357746253004,133.59849548339844,15818894
2021-05-18,136.11559944470363,138.1532581628328,134.14985516677152,136.88272094726562,17186313
2021-05-19,137.00261270992843,137.84164883326133,134.5814000352479,135.54029846191406,12079521
2021-05-20,133.2868802956244,134.62933223012308,129.45128661805248,132.23208618164062,25259296
2021-05-21,133.1670234532026,134.38961313540477,130.02663685358257,131.20127868652344,17094902
2021-05-24,130.41017354672735,132.8793338327756,127.34170180136515,131.82455444335938,20475771
2021-05-25,133.33479803571316,134.50943955525645,130.91357129448545,131.32110595703125,10686256
2021-05-26,131.24923124309777,133.02319930798518,128.1567777501975,128.89993286132812,10302553
2021-05-27,129.5231982779843,130.88963142245652,127.91704053383728,128.3485565185547,19501514
2021-05-28,131.32111862475847,131.84851561353798,126.45471270207508,127.65333557128906,10107966
2021-05-31,127.77321625765472,131.89648244782978,126.88623228038462,131.46498107910156,11125660
2021-06-01,132.56768369363604,132.71151257917035,127.4615534144017,128.6122283935547,11911215
2021-06-02,129.23554271354297,132.54375432649607,129.23554271354297,131.94444274902344,9303223
2021-06-03,133.0471599679788,134.82112795353686,132.04031366892232,133.023193359375,11241144
2021-06-04,131.77660997532635,135.3724788233071,130.07455660830544,134.65330505371094,12113422
2021-06-07,134.7491947322541,135.5642642425976,132.6156545249199,133.28688049316406,10293892
2021-06-08,132.99919628478867,133.21495426305248,129.78689563797397,130.91358947753906,10114133
2021-06-09,132.16017415418838,133.0471581347458,128.49239055896172,129.4273223876953,14702921
2021-06-10,129.88278842918072,131.46497960562263,129.2115624596124,130.19442749023438,6951260
2021-06-11,130.5300335638124,133.64645309793465,129.95468872024665,132.4478302001953,10489641
2021-06-14,132.7834344953867,133.02315904610475,128.54030702135185,131.32110595703125,5854545
2021-06-15,131.39303420539963,132.20810361615546,129.69099556906636,129.90675354003906,6063128
2021-06-16,129.33143170642956,130.0985534121078,125.80747688745396,126.7424087524414,13188440
2021-06-17,125.99923624840685,128.58827347633334,124.00952511567836,125.25609588623047,7487331
2021-06-18,123.98556678968019,124.41706814594158,116.2664316970745,120.65338897705078,25178889
2021-06-21,117.94449538372899,122.59515085236369,117.03354489042405,121.9478988647461,10259127
2021-06-22,123.96158731338167,124.51296560983118,120.50956178257186,121.01297760009766,7080988
2021-06-23,122.16364723576454,123.14651947535518,119.81434196603405,120.46160125732422,6708344
2021-06-24,120.94104964843372,122.35542319602574,119.5985905479445,120.31776428222656,6777996
2021-06-25,121.6602491759556,126.5266562166678,120.96504921525602,125.71160125732422,12259906
2021-06-28,126.50266401639624,129.1636010064586,125.04033529682972,128.3725128173828,8563660
2021-06-29,127.82114883103822,129.3074441516045,126.7184069853671,127.77320098876953,7641687
2021-06-30,127.77320277766265,129.16360243315788,125.56773368706982,126.0232162475586,4782843
2021-07-01,126.67048052462785,127.41362090869718,125.375961872528,126.04718780517578,3692800
2021-07-02,126.55059050652896,127.74921320641415,125.13620986801453,125.6396255493164,4336970
2021-07-05,126.28689231432185,131.05741679887961,125.92730548277102,130.62591552734375,9431913
2021-07-06,131.29716249096404,131.53688708392485,127.62937914498917,129.73895263671875,5573608
2021-07-07,129.1635963117945,131.5608420289088,127.34169541943828,130.530029296875,10176930
2021-07-08,130.33822845567877,130.6019195831327,125.9512725311903,126.83824157714844,7417356
2021-07-09,126.47869610224923,130.6738767015873,126.04719473835736,130.19442749023438,7722876
2021-07-12,131.8485012654179,132.39986479893005,128.85194441847656,129.90673828125,8489535
2021-07-13,131.00948595577984,131.32112499055683,129.76291518504436,130.0026397705078,2927619
2021-07-14,129.9067754460038,131.32114190341804,129.30746390515975,130.2903289794922,2925060
2021-07-15,129.90673964119176,131.03343332213643,128.63618781948756,129.21153259277344,5284871
2021-07-16,130.07457266319713,131.84854069981006,129.85882928466611,130.64991760253906,3868735
2021-07-19,129.21156523210237,130.0026535214833,126.14309313992928,127.00609588623048,5379470
2021-07-20,126.52663938943536,126.52663938943536,122.2595444885148,122.78694152832033,7962097
2021-07-22,125.25607394039085,126.81428347266366,124.77662485353768,125.99921417236328,4944298
2021-07-23,126.52663550189374,129.57114071703776,126.21499646164733,128.396484375,4417755
2021-07-26,128.78004262497183,131.22523617848665,128.0129210705086,130.45811462402344,7303590
2021-07-27,132.44782005976822,132.44782005976822,125.85539462692908,127.269775390625,12185383
2021-07-28,127.05405808644055,129.9067871300903,125.136260983249,129.49925231933594,7335089
2021-07-29,130.26633137664913,139.47174567482034,129.7389344198624,138.3690185546875,31005496
2021-07-30,139.75945342245254,146.8792775608657,139.28000418258134,144.7217559814453,34614433
2021-08-02,145.3210775474308,153.208009307935,143.83478187506236,150.18748474121094,26196659
2021-08-03,150.42715747041362,152.32098729759176,147.57442942828462,150.01962280273438,16167055
2021-08-04,150.33127785651644,153.06414391373517,147.57444519401375,149.1086883544922,10834095
2021-08-05,149.060752760723,151.2662219982755,145.32105486825057,149.5162353515625,14555093
2021-08-06,150.54707357160197,151.86555908855073,149.1087257349306,150.61898803710938,8083629
2021-08-09,151.38607333151015,152.00935139122964,146.54363385522979,148.41348266601562,9624181
2021-08-10,148.10184800108837,149.7080056720136,144.5778936201934,146.1121368408203,8019719
2021-08-11,147.45457920988656,155.82097267216588,147.38266476420938,155.55728149414062,31209044
2021-08-12,156.30044993032502,156.9716759300803,153.11211545776544,155.12579345703125,11383091
2021-08-13,155.3415328878098,159.65657546802674,153.7114086171645,157.5709686279297,20764801
2021-08-16,158.12232531485648,163.70791967055672,154.91002475841034,161.3346405029297,24614283
2021-08-17,161.0469940845319,163.612050401772,140.7183495763226,145.34503173828125,82029102
2021-08-18,143.30735077364994,146.56761383552967,140.26284568608384,141.86900329589844,36805826
2021-08-20,138.5607948692839,138.5607948692839,127.84510417365597,129.0916748046875,33985528
2021-08-23,131.9444195041173,133.62249162541139,125.13623533078736,131.34510803222656,32529835
2021-08-24,134.14988695754957,138.56082566886403,132.3759336085866,137.3142547607422,32936022
2021-08-25,138.08137446001086,139.99917132751102,136.1875442007029,139.06423950195312,17963680
2021-08-26,139.16011917510096,140.67038110804017,135.87588949132697,137.8656005859375,15369839
2021-08-27,138.41697076275562,141.58132334012404,138.2971084793212,140.2868194580078,14509752
2021-08-30,143.83473903945261,145.1292575434582,141.48544122813348,143.16351318359375,22246795
2021-08-31,143.76284917940598,146.66351106005823,141.22175957621218,145.17721557617188,27040537
2021-09-01,146.23201940674358,146.3518817177327,140.9580777232217,142.89984130859375,25319582
2021-09-02,146.23201653338262,148.26967578015928,143.83477036070423,146.61557006835938,33332582
2021-09-03,146.42377875112962,149.10869712406213,145.3450180806179,147.81417846679688,17893322
2021-09-06,149.20460354400623,151.48198734552918,148.14980940433347,151.09841918945312,12586099
2021-09-07,151.74566639646457,152.10525328365998,147.0950034694194,149.56417846679688,16328996
2021-09-08,150.32868535055803,153.79447000222746,149.84448775693411,152.3673858642578,13318639
2021-09-09,152.6731815741593,155.45091730166178,152.21447706014487,153.84544372558594,7343112
2021-09-13,154.12575499214873,157.56606209266118,154.12575499214873,157.26025390625,12916710
2021-09-14,157.6170211055415,157.6170211055415,154.20219179125525,154.5334930419922,8122323
2021-09-15,155.42542041179613,157.99927332006797,154.53348903015058,156.5721893310547,6917307
2021-09-16,158.02477042792086,158.9676725447031,155.11963147168058,157.54058837890625,9401199
2021-09-17,157.43866117521566,157.43866117521566,151.2206332648839,153.92190551757812,16865737
2021-09-20,149.89545013929975,150.50705092735342,144.95159544377185,146.04739379882812,13157824
2021-09-21,145.76707377262602,149.7170556668143,144.21257099072642,149.28382873535156,10413898
2021-09-22,149.84450284649637,151.88320356549633,148.1370878835235,150.30320739746094,7386307
2021-09-23,152.39286125004114,154.1257535514389,151.93415675173736,152.69866943359375,7756451
2021-09-24,152.39288377155194,152.39288377155194,148.54484225914217,149.38580322265625,9015535
2021-09-27,149.7934811052046,149.7934811052046,146.2257560643332,146.58253479003906,8561365
2021-09-28,146.25128110095412,150.30318895023058,145.4357978026308,148.13706970214844,7363760
2021-09-29,147.24515178614075,150.43062156151612,146.27677208523696,148.90159606933594,7701691
2021-09-30,149.30933499667867,149.58965009551,146.0219241988539,146.60804748535156,6824351
2021-10-01,145.66511970862786,147.9586573807276,144.31448396808975,145.69061279296875,7227287
2021-10-04,146.83740997490227,152.90254099002996,145.84353723684674,152.0360870361328,8623041
2021-10-05,152.7496728095266,156.97997100125053,152.49483519426485,154.4315948486328,12193085
2021-10-06,155.0431891225473,156.5212439683862,147.29612050745502,148.2899932861328,9850825
2021-10-07,150.3032027776973,150.3032027776973,147.8567682117125,148.21353149414062,7738137
2021-10-08,150.3032068704774,153.6670661558436,149.1564377200607,149.86997985839844,7025380
2021-10-11,149.8189935130853,153.81993038176327,149.1818996736081,151.75575256347656,6922845
2021-10-12,154.71190249543827,159.75769947598548,151.83224069354458,159.12060546875,21173375
2021-10-13,160.6751080438773,164.62509087445636,159.1206048934641,162.8157501220703,16291520
2021-10-14,165.13471823742088,174.53822924756005,165.13471823742088,169.16114807128906,26405427
2021-10-18,175.96537409216822,192.835627405588,175.96537409216822,191.00079345703125,48802954
2021-10-19,193.1159283691025,196.68365473584672,184.37500188138964,189.114974975586,28838312
2021-10-20,185.4197874495701,185.7255956076661,177.46886866336854,181.57174682617188,15654936
2021-10-21,181.95399209382205,184.6807567107996,171.7859686669598,178.5901336669922,17004410
2021-10-22,176.34760552688076,176.6024431071219,163.68217467808495,165.0583038330078,23046439
2021-10-25,166.15409440016293,169.33956400139306,160.34380095832935,165.873779296875,17295947
2021-10-26,166.68922080054995,169.51792669305553,163.32537787504893,168.47308349609375,14570005
2021-10-27,167.68310561036657,168.6005145562199,160.19087552104955,160.72604370117188,16987345
2021-10-28,156.4702842379882,158.68737443816434,150.35418192249682,153.33578491210938,25364271
2021-10-29,154.22769633727302,158.5854124457462,151.0677043324272,154.9412384033203,19418592
2021-11-01,159.01863991287212,159.01863991287212,152.90253837776166,153.9983367919922,20031854
2021-11-02,155.96058446710762,160.47121232476044,155.55285059861754,156.9799346923828,16357465
2021-11-03,157.591562032638,161.6944407537041,157.23478320730567,158.33058166503906,15956363
2021-11-04,159.12060546875,160.165433418995,158.05028442578384,159.12060546875,2988176
2021-11-08,160.80251816770863,166.7657239537104,158.55995050217064,165.5170135498047,19796688
2021-11-09,164.49764064690368,165.10925699641297,160.64959981388654,162.3824920654297,19869811
2021-11-10,161.54154620625928,166.10312949999198,161.26121553925978,164.70152282714844,24331479
2021-11-11,164.29379109228432,166.61280685085825,161.61799649975217,165.0583038330078,15963978
2021-11-12,166.10314359821004,169.03377598107863,165.00734503542623,167.27540588378906,15039279
2021-11-15,167.68311483166576,169.03375079168828,165.1347392263213,165.41505432128906,8320124
2021-11-16,165.4660194156108,172.93275657897937,165.1347337087951,169.59439086914062,20023683
2021-11-17,168.57506041478638,173.51891572491326,167.68312887820022,172.3721466064453,13264427
2021-11-18,174.84406149566038,174.84406149566038,147.9586961783988,157.7699432373047,69494735
2021-11-22,157.7954425662509,169.4160307231313,157.7954425662509,167.3518524169922,58648584
2021-11-23,175.7869494543231,183.99272216878254,172.06632722211478,180.73080444335938,333341211
2021-11-24,175.7869894163563,180.0427808356677,173.51894390174357,176.14376831054688,29083799
2021-11-25,175.83795012700577,190.21079748944322,174.48731391075393,187.3566131591797,40281820
2021-11-26,183.35565704846982,186.94886106226684,178.02954487505846,180.37405395507812,24405163
2021-11-29,179.76246752246257,181.39341899570817,174.86958199461722,176.75537109375,11884679
2021-11-30,176.83180206105297,180.4250056986859,171.25085286654934,172.70343017578125,17562378
2021-12-01,175.32823608486322,178.2588679380259,170.74116014078248,176.98468017578125,10966477
2021-12-02,176.8572698083606,176.95921105580697,170.23149312966123,172.21922302246094,14527577
2021-12-03,174.66567988021768,177.08663683930243,171.07246074535595,171.91342163085938,12609066
2021-12-06,171.633129441162,175.12440779079066,170.28249322600658,171.0979766845703,8612257
2021-12-07,173.28952984129705,177.62176808732949,172.29565719852872,175.40467834472656,20032367
2021-12-08,176.34759674510104,177.8766221504054,171.7859980643228,174.2069549560547,20455793
2021-12-09,176.0927655519657,178.8705013604407,174.99696708264074,177.5963134765625,14212623
2021-12-10,176.85729965258656,179.66051333584082,176.34762443744944,178.23342895507812,8770813
2021-12-13,182.208846961648,183.68690163038704,180.7817629133584,181.52078247070312,16823625
2021-12-14,182.2088507252864,184.3239993082105,180.6798254045148,183.4320678710937,11846524
2021-12-15,183.4575727801144,184.09466670482087,179.40564919736048,179.8898468017578,7353408
2021-12-16,179.99177233786222,183.7124101872836,179.60951598337687,182.2088623046875,13849801
2021-12-17,183.08281344744591,184.1421672254314,175.16415365567812,176.14404296875,12501229
2021-12-20,173.2043552132652,173.6810612149057,167.19251885599897,171.19158935546875,10352390
2021-12-21,174.26373931964056,180.30205410572705,172.7276791968275,178.4217071533203,8777083
2021-12-22,180.09016695078355,181.9440363164533,179.26917412605584,181.14952087402344,4817620
2021-12-23,182.7385392299918,186.6846387892918,181.414346916731,182.2088623046875,7557268
2021-12-24,183.34766738138032,185.57231696887328,179.8517963858016,183.1622772216797,6096013
2021-12-27,184.32754936760745,184.6453587200978,178.26274278613832,180.302001953125,7521417
2021-12-28,182.02348884864617,183.4801005268776,180.75226734417225,182.6326141357422,4120120
2021-12-29,181.4408289628899,183.16227901439527,178.76596688710285,179.79884338378906,4510924
2021-12-30,179.93125065732485,181.4143395219407,176.14404786420693,176.5413055419922,5044789
2021-12-31,176.5413234074007,182.44723441303248,176.5413234074007,180.7257843017578,6299731
2022-01-03,180.6198305782693,188.03530749350617,180.32851473666776,187.39968872070312,9043533
2022-01-04,189.1476159663267,189.30651256360807,174.81984674808064,177.5741729736328,28238896
2022-01-05,178.2627595757818,179.26915864753124,176.19702283671617,176.8326416015625,9231180
2022-01-06,176.9120703246217,180.2755216011096,175.85271661010302,179.24264526367188,9683833
2022-01-07,180.03719037541765,180.80522841146265,176.64726116025628,179.13674926757812,6418949
2022-01-10,179.53399312747808,180.7787209206659,177.9714397944526,179.66641235351562,4237835
2022-01-11,179.95774428398045,179.98422166577407,174.47558460270272,175.34954833984375,8957542
2022-01-12,175.85271949560905,178.31571368938845,174.97875589968154,176.19700622558594,6781225
2022-01-13,177.65362359742232,182.20884803109072,176.83263089329708,179.93124389648438,10653446
2022-01-14,180.09015847173202,181.78513113489595,176.9385742326938,178.077392578125,6325976
2022-01-17,176.91206693934532,176.91206693934532,169.36417186783137,172.56871032714844,13870740
2022-01-18,172.09204089299774,173.70756531800052,169.5760753356017,170.79434204101562,10477124
2022-01-19,169.23178039039746,175.0317492827057,168.43726498950355,171.93313598632812,37369055
2022-01-20,172.118488399776,174.42256962550763,171.74770816155632,173.2837677001953,7463125
2022-01-21,172.1185018438743,173.8399516360848,168.75505055543357,171.24452209472656,10563621
2022-01-24,170.55597814507297,172.5422667104271,164.3322739736301,165.3121795654297,10949389
2022-01-25,164.49116804794593,168.96694467840774,162.71676322191735,168.4637451171875,7732802
2022-01-27,166.84820959828937,175.85271614803833,165.28565640769804,173.83995056152344,13373574
2022-01-28,175.27007965309474,177.91846410286786,171.16508375594637,173.5486297607422,15967353
2022-01-31,174.7934038211138,175.13769062605152,167.1130875926103,170.42356872558594,14273583
2022-02-01,171.56236336269225,179.56048865669317,170.55598037597406,179.11026000976562,12026843
2022-02-02,179.56048792917537,182.20887270689184,178.05090537298543,181.8116149902344,8070763
2022-02-03,177.44176471679987,186.3403303323374,174.34315156273462,182.89743041992188,15147036
2022-02-04,182.73850062820736,192.14026406632527,181.9969563223169,188.7503356933593,20184671
2022-02-07,189.70379091809133,196.5101427614536,188.5385113604983,193.51747131347656,15757583
2022-02-08,195.0535443776537,198.52292206848583,190.31292902611344,195.6891632080078,14209893
2022-02-09,196.77495967652743,200.7210588733732,192.908324942744,199.50279235839844,17184515
2022-02-10,200.2179051576396,204.37587282303795,198.89371266321075,201.01242065429688,11642228
2022-02-11,200.21786161091163,203.63428396926105,197.17221953614248,200.2443389892578,9277013
2022-02-14,196.00697298031068,198.5494323515747,190.471857870956,191.47824096679688,11817623
2022-02-15,195.4507828072364,198.2580640077907,188.2736670317236,197.01333618164065,12010968
2022-02-16,198.6288257433017,198.6288257433017,191.7695038285176,194.4443817138672,9223294
2022-02-17,195.9010071304892,197.7548763035096,193.64988027753583,195.4243011474609,7177358
2022-02-18,194.92110635946085,196.8279465023904,192.00788330245803,192.80239868164065,4497068
2022-02-21,192.53753338654832,193.6498579952625,187.028897424886,187.4791259765625,5793689
2022-02-22,183.26821699331344,186.6846396429311,179.74586865682463,185.4398956298828,9895715
2022-02-23,186.5522155761719,188.5120104592936,184.38053699588536,186.55221557617188,9341304
2022-02-24,181.14949641706195,186.1549494943684,177.81253847516157,179.05726623535156,13040748
2022-02-25,183.21525568636704,193.6234046297213,183.00338813704496,192.0608673095703,12293768
2022-02-28,191.1604266292373,202.01880516116768,188.9622703056653,201.4361572265625,13822663
2022-03-02,203.3959022762978,209.75202422243208,202.3365486186088,205.14382934570312,15610682
2022-03-03,211.87075561351546,212.40043250254925,203.02514510086885,209.72557067871094,59451460
2022-03-04,208.37489511063512,211.2086698385388,196.24529699104357,197.78135681152344,19180902
2022-03-07,198.0991560558212,206.1502512169203,197.80784023328613,205.1968231201172,17901437
2022-03-08,209.9639412594479,209.9639412594479,197.3046652961565,201.9923095703125,19093725
2022-03-09,202.8696902914255,205.638954856179,200.40202283315136,203.5825653076172,10587981
2022-03-10,203.71965667260693,208.10662101548945,199.3052804965577,207.4211578369141,12346925
2022-03-11,207.1743609539068,211.12263510967364,206.29698157257096,207.3937225341797,9045446
2022-03-14,207.3937393674541,208.38079961904185,203.801902385688,206.07763671875,5116985
2022-03-15,203.3906579886148,203.6648432964277,194.01351711442527,196.1521759033203,8197001
2022-03-16,198.5101518865601,205.91315478840696,197.02954461221387,204.73416137695312,9118574
2022-03-17,205.58409743480073,209.75171658851468,204.81638208054963,207.53082275390625,10989483
2022-03-21,210.0259000835925,223.43356541214743,208.6823856736773,219.3756103515625,26819133
2022-03-22,221.92559185656512,228.12217303591945,220.4449845202876,221.5691375732422,22136086
2022-03-23,223.54328890380154,225.7916118833875,218.2515155545555,224.09165954589844,12118980
2022-03-24,223.62551018800045,228.91729953944338,223.1868204290453,225.46255493164062,11816201
2022-03-25,226.970574410138,227.73828985720613,222.7755429181748,225.133529663086,8213490
2022-03-28,223.73519807008427,229.136651664598,222.63845690307403,226.69639587402344,8658384
2022-03-29,227.51892869545705,227.95763515877357,223.4884019681075,225.0238494873047,6273174
2022-03-30,224.83195737612215,224.99646187046875,217.45636573895246,218.6353759765625,8216568
2022-03-31,218.93693443460919,225.29803593924655,218.93693443460919,221.1852569580078,9571444
2022-04-01,222.25460802196324,225.32548687452623,221.10304309532762,222.52879333496094,8522750
2022-04-04,222.63844697718494,232.34461256647225,222.63844697718494,231.11077880859375,11316771
2022-04-05,233.16716207172522,233.16716207172522,228.88986178629582,229.71241760253906,6544847
2022-04-06,228.9172726431667,238.37666379809195,227.18989217475038,237.22508239746094,9864785
2022-04-07,237.99286132525614,239.8299063437648,232.6736593435942,233.3317108154297,7125701
2022-04-08,234.15419029834607,238.26696881646689,232.8929449134311,235.96380615234375,5251094
2022-04-11,236.32031154976804,241.69433661721763,236.0461262558177,240.0492248535156,6488235
2022-04-12,237.44444567636904,238.43150596210967,227.10765756956664,228.67051696777344,10163306
2022-04-13,231.4123686787293,234.4558184922576,231.0833430066055,233.4961700439453,4532025
2022-04-18,233.57843135412224,236.78638553105287,229.6301568879826,232.5913543701172,5410588
2022-04-19,234.1268320955949,239.91213517556585,231.4398027936746,234.45584106445312,6170452
2022-04-20,234.6751805118036,235.22355105466565,228.9447016449185,231.35752868652344,4326156
2022-04-21,231.41237523485142,233.6606978672968,228.75277468433467,233.0300750732422,8243160
2022-04-22,230.26080442646574,233.03008591124131,227.4641111065204,228.01248168945312,4288543
2022-04-25,221.98039208067567,224.77708523436033,217.73052031559772,220.4998016357422,6329044
2022-04-26,222.58363135731003,226.23029263407992,220.49982969485387,225.7093505859375,5690783
2022-04-27,225.81897691867948,229.21888088899968,222.33683745102144,226.28509521484375,7572088
2022-04-28,229.19148471854,229.19148471854,222.11749103027122,225.7367401123047,6480515
2022-04-29,227.02539890513378,230.15111761302123,222.69327507494663,223.92710876464844,18580213
2022-05-02,223.73517581634053,224.4754793774268,219.07402632016678,223.65292358398438,9271760
2022-05-04,225.92868369627786,225.92868369627786,215.23545716210936,216.716064453125,16352730
2022-05-05,220.71914563361403,224.55773947072038,219.70465677253344,222.1997528076172,11573563
2022-05-06,217.02679230018796,221.1889499607395,211.7051691759701,214.29165649414062,17372415
2022-05-09,211.91327943570033,212.86463338160308,206.41328541676228,208.1970672607422,7155146
2022-05-10,205.13489997929776,209.83218826275393,195.02680345857874,196.42410278320312,10077453
2022-05-11,197.01872757528113,202.3997960729395,188.2187253965461,193.77818298339844,12430816
2022-05-12,191.37005257571536,193.71868762076375,180.87547374744926,186.85113525390625,16664763
2022-05-13,189.0511437280668,191.37005638211875,172.75925583758126,174.15655517578125,20305913
2022-05-16,175.10790931895156,179.83493823791045,166.21872296286992,170.73764038085938,18365763
2022-05-17,175.40521211713272,195.5916836173143,174.84034061649484,190.8646545410156,27785998
2022-05-18,193.2133271748319,193.65927267394704,188.04035212686915,190.15115356445312,12682808
2022-05-19,183.13493344443185,185.33493827975087,177.01062312318578,180.48898315429688,15575272
2022-05-20,187.89164609431776,190.1510953397583,184.0862492962037,186.94029235839844,11619010
2022-05-23,182.5403152042041,185.21598757690424,174.03763025584982,181.73760986328125,18449758
2022-05-24,182.9268107632764,188.4268043700685,180.25113819780992,181.6484375,11923967
2022-05-25,182.5700586471273,184.591692522246,178.43764172778367,181.261962890625,10971726
2022-05-26,182.4214070261257,186.88086141704048,174.8106121238578,186.1376190185547,11117630
2022-05-27,187.8916984357772,189.7052028238445,180.42955121498863,183.04576110839844,11035458
2022-05-30,183.8781536047475,187.1484198774269,182.6592434340656,186.226806640625,7700826
2022-05-31,184.3241207461429,194.6700516363292,183.8484528540571,190.80519104003903,52366423
2022-06-01,190.5673676649422,193.2430405338728,186.25656137610963,187.92141723632807,9150761
2022-06-02,188.0403261103181,192.0538350470601,187.6835661312723,191.3105926513672,6242334
2022-06-03,192.3511425409751,193.36195951270943,187.5646685087697,188.42681884765625,10358738
2022-06-06,184.56195097268417,192.29167200948623,184.32411703143435,190.686279296875,11751642
2022-06-07,188.4862760054786,190.68628080698693,185.66195483504953,187.2376251220703,11390344
2022-06-08,188.42679476957392,188.75383228714097,185.24571391915143,186.25653076171875,4734993
2022-06-09,185.15654156536553,187.89167720441648,177.99169214538563,180.1024932861328,11747620
2022-06-10,178.28898466880204,180.3403227378972,175.22682971077364,179.09169006347656,6147803
2022-06-13,175.5240958339907,176.9808397468246,170.38084498224123,172.2538299560547,7487440
2022-06-14,171.83766959320272,176.11875374094964,171.3917240838778,173.1160430908203,7645723
2022-06-15,173.5917148410726,175.97009069423711,172.78900936151604,173.23495483398438,6160021
2022-06-16,175.88086127349115,176.2673618093672,158.0727855735248,159.02413940429688,14390002
2022-06-17,159.0241481384368,161.72954316476807,156.25927194655685,156.9430694580078,13852870
2022-06-20,156.25927819342982,156.25927819342982,131.85120452399102,137.024169921875,49070694
2022-06-21,140.5917463190454,144.87282120807043,134.972834960151,140.35391235351562,51220904
2022-06-22,139.64039939303757,139.64039939303757,131.40526916681793,132.059326171875,22944315
2022-06-23,131.43498117225502,134.37821911259832,128.49174323191176,130.48362731933594,20938353
2022-06-24,131.07821193830853,133.72415274657018,129.32416190178327,131.6728057861328,21355402
2022-06-27,135.29983785960704,137.4403703625962,133.66470470590943,135.448486328125,15977006
2022-06-28,134.9133444968407,140.17550383734493,131.99983818405335,139.6106414794922,23261360
2022-06-29,137.76738292372212,139.9376557575279,137.23225212786943,137.97549438476562,14692258
2022-06-30,138.27281007425537,139.34308088415682,132.17822273965243,132.5944366455078,13598410
2022-07-01,131.464739147831,132.95122417178754,122.48636597401962,127.21338653564453,26130465
2022-07-04,126.58904246975831,129.2349926830811,124.50796374103096,128.78904724121094,10536164
2022-07-05,130.63228034136367,132.83227599597822,128.55120165430986,129.05661010742188,13760066
2022-07-06,126.94580347718242,127.8376943681228,122.63499750430388,127.51066589355467,21776088
2022-07-07,129.62147869261193,136.10254899812912,128.4620223262026,135.3890380859375,18550009
2022-07-08,138.1836265512455,138.54038654054912,131.43499084798322,133.1890411376953,20385518
2022-07-11,132.59443667668955,138.12416163516184,131.58362888429374,136.4295654296875,16001815
2022-07-12,135.8052458439874,140.79984014743852,133.90254714053208,137.20254516601562,17927232
2022-07-13,137.0538868468184,138.89713147040052,135.56740217385942,137.91604614257812,13199027
2022-07-14,140.29440107198627,140.29440107198627,134.6754916456956,135.50791931152344,15126859
2022-07-15,136.90524745958078,137.17281290390284,133.6647124721625,135.4782257080078,12239038
2022-07-18,137.38091275110168,141.54306975848456,136.25117897685698,141.18630981445312,15984360
2022-07-19,141.15659935221427,143.118761191364,136.4593108012414,141.9593048095703,20854834
2022-07-20,147.45930636991173,154.47550804380126,145.67552443801765,150.5511932373047,58620970
2022-07-21,152.21604384997448,152.24576628781236,149.30253726477184,151.50253295898438,19890154
2022-07-22,152.81065204610698,154.5647115359919,151.6809271192377,153.6133575439453,15511814
2022-07-25,154.83224940561155,155.4565838938976,150.78901810532747,153.4052276611328,23018426
2022-07-26,154.37006546614845,157.5217837102485,153.6303794949569,155.2705535888672,18479077
2022-07-27,154.37002576942476,157.0714992574733,151.73286723669767,156.5569305419922,10992106
2022-07-28,156.42831795179814,159.25844147058427,154.78813418056512,157.90769958496094,11285482
2022-07-29,157.9720198470565,164.98298894052823,157.74689293436472,163.56793212890625,20997947
2022-08-01,165.14378708575885,165.56186869685155,162.89255727154205,164.27545166015625,10114375
2022-08-02,164.0181531259918,164.0181531259918,159.00112530275098,162.47445678710938,11012297
2022-08-03,161.76691981503086,163.69654510109484,158.39007556441888,160.09457397460938,9843948
2022-08-04,160.73780948755987,163.18200389133648,158.06849798455937,160.9629364013672,9463532
2022-08-05,160.89859739300837,165.208102061929,160.89859739300837,162.89254760742188,13811834
2022-08-08,162.89253875227263,165.9477788670734,162.8282139819177,165.14376831054688,7700478
2022-08-10,165.78697777115613,167.1377194402263,162.08852918848245,164.88648986816406,11891569
2022-08-11,165.9477815724018,167.52365014054962,164.33976043313433,165.01512145996094,6782061
2022-08-12,165.01514302341852,170.4181104607248,164.21114216330363,168.81008911132812,14399499
2022-08-16,169.80705217633928,171.5437230616276,163.69657113211497,168.8422393798828,18353026
2022-08-17,170.77186376003627,172.8622914708465,168.9065629593004,171.2864227294922,14443487
2022-08-18,171.7044953868151,172.5406584802545,169.13166170956993,170.77183532714844,9656896
2022-08-19,171.57587031007725,172.3798809488311,167.4593397654906,168.5206298828125,11007005
2022-08-22,167.2342021189191,169.9356855432752,164.05032215687922,165.20809936523438,9077185
2022-08-23,163.08550033271328,169.42109751610974,163.08550033271328,168.68141174316406,6629601
2022-08-24,168.6814307268172,171.89747325735712,168.35982647376323,171.54371643066406,7607934
2022-08-25,172.66931034252966,174.502438658938,170.19295396897925,170.73968505859375,6531499
2022-08-26,172.7014937765536,176.88234930559494,172.7014937765536,173.40902709960938,11188255
2022-08-29,167.94175508889674,171.86533114071514,165.97995724840402,171.12562561035156,7471816
2022-08-30,173.0230768223144,174.95270221438483,172.47634570206154,173.82708740234375,5956473
2022-09-01,169.48541988567968,172.95874145276036,168.64925678534735,169.29246520996094,8676894
2022-09-02,170.70753861964474,170.96481810382724,164.6613824101069,165.46539306640625,10204135
2022-09-05,166.20508376708568,169.06736963823192,165.65835257910453,167.4915008544922,6625211
2022-09-06,167.877423088129,170.2894550290504,166.1407522389991,169.7105712890625,6046145
2022-09-07,167.234215148974,169.4211201904735,167.234215148974,168.4884796142578,4912037
2022-09-08,169.61405648056729,170.45021951709964,167.87738601495474,168.681396484375,3584327
2022-09-09,170.45026075276846,173.56982605464302,169.6784026637308,171.5115509033203,9391783
2022-09-12,172.34773713676756,174.85624653137415,171.99396066023095,173.8914337158203,5914506
2022-09-13,177.17179974541477,179.7767864741426,175.3386514852297,178.52252197265625,15735934
2022-09-14,177.52553934775267,202.51419256220953,175.82104081245689,196.56451416015625,61991651
2022-09-15,203.8649076725223,206.40556904313146,195.92128010640715,202.09608459472656,72693576
2022-09-16,190.4862005229421,192.89823248878008,184.6008464521308,187.01287841796875,45232346
2022-09-19,187.81687979129507,189.61785571844953,180.35565735320506,181.15966796875,17630437
2022-09-20,183.5717016602781,184.9867682095248,179.90542499404648,180.16270446777344,14832173
2022-09-21,180.74160055531232,182.2209723523189,178.16876638370644,178.74765014648438,8891248
2022-09-22,177.20395931467945,182.1245009015766,177.20395931467945,180.5164794921875,8750415
2022-09-23,181.3526301665171,184.56867241363275,178.97275105198588,179.8089141845703,11611515
2022-09-26,177.52554735928834,178.2974054168646,167.234211280489,170.0,13655836
2022-09-27,170.77184148318682,172.57281727051532,167.26634761990783,168.64926147460938,8506360
2022-09-28,166.91260462788162,168.39197631626985,164.14680613355893,165.17593383789062,7527753
2022-09-29,167.23420587477202,169.80703981130696,165.04730095455034,167.0090789794922,7865169
2022-09-30,169.09953359807582,174.79193351891365,167.42718734602624,173.69847106933594,11747174
2022-10-03,174.30949423611835,175.59591116775024,170.83617244654525,172.60499572753906,6570803
2022-10-04,179.4551584000633,180.67725053501945,175.46725813950735,179.5516357421875,11559416
2022-10-06,181.38480809045643,188.846031072493,181.38480809045643,188.0741729736328,16940276
2022-10-07,187.81688825453773,188.1384925152476,184.7616477777944,187.7525634765625,8499499
2022-10-10,184.4079011329093,191.64399739874108,184.27925156984978,191.06509399414062,11439140
2022-10-11,192.96254269847307,196.50018931461173,183.31441556354943,183.98977661132807,21039535
2022-10-12,185.244050106976,186.53046712160776,180.2913367489773,184.9867706298828,10044150
2022-10-13,188.33144870963352,189.6821905411319,184.82597401766932,188.46009826660156,10965277
2022-10-14,192.54448125149065,192.54448125149065,184.247094973546,185.1475830078125,10076381
2022-10-17,183.79681980232934,183.82897237407596,178.58682728367447,180.13052368164062,9189148
2022-10-18,181.70638656942936,182.92847869486,179.4551570013126,179.90541076660156,6076753
2022-10-19,180.74160670288197,181.99587125586794,177.7185185967539,178.32957458496094,5047001
2022-10-20,177.139607630775,182.5747270207609,176.04616501594904,181.9315185546875,5655577
2022-10-21,182.671213687651,183.21794483754928,178.65116056952488,180.16270446777344,5352956
2022-10-24,181.8350396538525,181.8350396538525,180.41997318894013,181.22398376464844,1607171
2022-10-25,181.38479036603653,181.64206983079367,179.262210245334,180.09837341308594,5339921
2022-10-27,182.73555612041616,188.07417932547227,182.67123133847755,185.4691925048828,14336599
2022-10-28,186.3696744631033,186.3696744631033,179.80893950350332,183.21795654296875,9449012
2022-10-31,176.23913544827695,183.28227663263925,176.11048589190364,180.61294555664062,12599029
2022-11-01,181.09532991538583,185.75859114362638,180.7415731221504,184.5364990234375,9070975
2022-11-02,183.63602575201062,192.60879212991344,183.4752236278845,191.1937255859375,20332664
2022-11-03,188.1384858807586,195.72833831419644,188.1384858807586,194.82785034179688,19690261
2022-11-04,195.2137596782758,208.7854615586773,195.2137596782758,207.08096313476562,52129584
2022-11-07,208.68899990295907,208.68899990295907,192.029884510527,197.1755523681641,38854124
2022-11-09,198.01173901331865,202.48202627385095,194.34544274197185,197.85093688964844,20764922
2022-11-10,195.79266949056873,199.2338389971436,195.53539000849605,197.56149291992188,8723702
2022-11-11,200.13432857735157,202.61068532380918,198.75143417478424,200.93833923339844,15276115
2022-11-14,202.61067700253489,206.46992799305937,201.35641257894807,202.4498748779297,19802445
2022-11-15,203.38252505724972,205.4407803735456,200.8739963333558,204.9583740234375,10006142
2022-11-16,205.826715729578,206.24479732007063,199.13735139419973,200.64889526367188,9748748
2022-11-17,200.3594115301036,200.3594115301036,195.27806922451444,197.65792846679688,10016310
2022-11-18,200.93834887409048,204.12223907646043,198.3655146513001,199.6519317626953,18774925
2022-11-21,201.9031351029984,201.9031351029984,197.1433963438573,198.04388427734375,11979024
2022-11-22,199.04088749746592,200.61673661876128,197.1755670567831,199.45896911621094,9990931
2022-11-23,201.64588906372347,201.64588906372347,195.9534892265216,198.0117645263672,19347161
2022-11-24,198.71926599475032,200.2951149793506,197.9474079738929,199.9735107421875,9754111
2022-11-25,201.0026339548681,204.12219875968034,199.1373334375996,203.6076202392578,11546335
2022-11-28,204.2187048881782,204.44383179577795,199.16951408558214,199.74839782714844,16890293
2022-11-29,201.75918380923466,206.49644323610912,201.07756494501425,205.7466583251953,14184054
2022-11-30,205.16727157014165,209.35922329078858,204.92870081502141,207.45069885253906,10300275
2022-12-01,208.57537925406677,213.00590201599957,207.68928302222326,211.47225952148438,14208907
2022-12-02,211.40407320832705,215.28930880922076,210.21124027137702,213.9260711669922,14526593
2022-12-05,215.0507409103979,219.61759539290432,214.77809753861152,217.6068115234375,17018137
2022-12-06,217.09560047081212,217.368243846454,213.4148628962564,214.33505249023438,7693396
2022-12-07,214.7099069579592,215.05071633408292,212.08567060153564,213.27850341796875,5552148
2022-12-08,213.1421832772248,215.7323261074205,212.05158915874927,213.9260406494141,5763591
2022-12-09,215.3915764371694,216.41400480633317,208.57538730941087,210.51800537109375,7643243
2022-12-12,210.41570594952563,211.02915863365453,204.1788780570501,210.55201721191406,8476131
2022-12-13,211.47222330233237,215.49376988334686,211.2336525726633,213.44891357421875,8177297
2022-12-14,214.36912776789762,216.75479373669776,214.02831834378333,215.42562866210938,7878753
2022-12-15,214.7099191203244,216.0731567020407,211.50630248274908,211.94937133789065,5846776
2022-12-16,211.30181568690827,214.57357741571244,209.25695940606724,209.80224609375,7609735
2022-12-19,210.5520454006244,214.70992428514745,210.2794020379936,214.26687622070312,5148697
2022-12-20,213.9601514510175,214.3009608737816,209.3251516219686,212.7332458496093,7495069
2022-12-21,213.78977553140805,214.64179920306307,204.5197538235295,206.6668701171875,10996743
2022-12-22,208.3708905286473,209.5637235147912,203.42915387176555,205.88296508789065,9075631
2022-12-23,203.80403692327184,205.06503596082763,193.54568151239224,194.397705078125,11859798
2022-12-26,194.77258750356216,202.74753641480183,192.08018471009188,201.8273468017578,7669940
2022-12-27,203.87217999469328,210.6202017145989,203.8040139568449,209.70001220703125,11251874
2022-12-28,209.22290786235828,209.22290786235828,207.28029003962035,207.82557678222656,5313187
2022-12-29,206.56458075843784,210.27941175009207,205.2013430809656,209.3251495361328,6837877
2022-12-30,210.96104286106853,213.92608914232756,209.52963905618236,210.2112579345703,6318160
2023-01-02,211.26775018151545,216.7547730659449,210.75653609409576,215.459701538086,13487019
2023-01-03,215.4597220109016,219.20862567486387,214.19872298184302,217.81129455566406,10680716
2023-01-04,216.75480852322434,217.02745192084362,208.71171388598748,210.14309692382812,16035314
2023-01-05,211.30184104257887,212.66507872672454,209.56372131583564,212.22203063964844,6589413
2023-01-06,212.83544525359247,214.36908737311404,210.34754108663927,211.063232421875,4971988
2023-01-09,212.80143190994445,216.00502830443435,212.80143190994445,215.05076599121094,6356082
2023-01-10,216.41396898378824,217.9135386642179,213.34668438401803,215.4256134033203,8269189
2023-01-11,216.17543674272247,218.15212745433686,215.73238860412317,216.8570556640625,6183545
2023-01-12,218.1180525158735,218.1180525158735,214.43731453993985,215.8005523681641,4051242
2023-01-13,216.07318405598102,219.48127844172205,215.59604252143436,217.57275390625,8446441
2023-01-16,218.6633194350642,218.79965152602804,214.369128987339,216.141342163086,5228181
2023-01-17,216.14130777383204,217.0955698546809,213.687476136397,216.7206878662109,4146953
2023-01-18,217.09560447071468,222.07141377226367,216.9251997576293,220.94674682617188,12239219
2023-01-19,220.5718940563885,227.66072690143065,219.17456274279465,225.4795379638672,14218085
2023-01-20,230.1145696776585,232.26166528450656,224.9683339454908,225.54771423339844,19053763
2023-01-23,225.58178490813188,227.9674510753975,223.87773764579927,224.3548583984375,4686210
2023-01-24,225.75218521492656,226.19523333418806,223.09385489664197,224.69566345214844,5123504
2023-01-25,224.93421392331177,226.77459308504487,221.25347640120148,222.37814331054688,7049679
2023-01-27,223.57094050833172,224.5933685899247,213.65339643742084,217.9475860595703,11670027
2023-01-30,218.11799921862104,221.42385430454894,215.6300949503043,219.41307067871094,9562174
2023-01-31,220.3332906341239,229.3647402888869,219.58350574779683,226.57009887695312,12559707
2023-02-01,229.7055378890619,230.5575613975525,219.0382077230308,223.5709686279297,11727712
2023-02-02,224.2525810939001,228.17188912213695,219.82205897502365,222.9234161376953,11308985
2023-02-03,227.14024694382417,228.8057101783703,218.2814229600557,222.7462615966797,11362212
2023-02-06,222.7462416975778,223.1714695364085,216.15528589365434,217.04116821289062,7244255
2023-02-07,216.86401242134284,218.95470354522757,212.00937252356803,218.38772583007812,10473033
2023-02-08,219.34450138057792,223.5967372716392,219.3090747326818,222.60455322265625,7819410
2023-02-09,223.2069424593473,223.73847190959688,218.99013350283826,219.76971435546875,5202003
2023-02-10,219.6988434751809,220.90365223575665,217.9270786084456,220.1949462890625,4235865
2023-02-13,220.4075461198444,223.10062002574023,218.28142831161438,218.81295776367188,5188595
2023-02-14,219.69885649415397,223.06520994043535,219.0610254299303,222.67543029785156,6566932
2023-02-15,222.46276686647192,223.80930368539487,220.4783990941629,221.824935913086,5810417
2023-02-16,223.8801951848223,224.4825995407582,222.60453318353655,223.1360626220703,4366228
2023-02-17,223.13606525170707,225.29760967602263,221.82495496227483,222.53366088867188,4291109
2023-02-20,222.07298842779005,223.73845154592019,219.8051209952741,220.3012237548828,5264100
2023-02-21,220.86817894076344,222.46276714018367,217.572700987559,218.31683349609375,6336180
2023-02-22,217.46643064977403,218.1751366179154,213.42679798017238,214.9150848388672,6166923
2023-02-23,214.4189560618598,217.39552941903656,213.78112509331825,214.66700744628903,4584146
2023-02-24,215.37572476413595,216.0490040393367,206.94212864166573,208.678466796875,10491706
2023-02-27,208.32411566025507,208.32411566025507,198.9691887831043,203.6466522216797,10621491
2023-02-28,199.92596664142226,200.45749614066673,185.64554508731868,190.18125915527344,51008515
2023-03-01,189.2598844633458,198.3667587628124,188.6220535378548,197.4454498291016,18728209
2023-03-02,198.4376620448465,199.89050056219364,193.97282330003296,194.82325744628903,11979398
2023-03-03,196.2406718342073,206.1625550636666,195.99262042787305,204.99319458007807,16106822
2023-03-06,207.29648368280093,208.7847704553521,202.83164499313605,203.36317443847656,10687170
2023-03-08,201.20159412964887,202.3709545009559,196.5595792870717,202.0166015625,9159693
2023-03-09,203.39859965469705,206.09167350764056,201.6977097671544,202.3355407714844,6175922
2023-03-10,199.07549244243978,201.94576445059843,193.15779357069354,198.33135986328125,12081164
2023-03-13,196.9848364556445,203.68209501240693,195.35479971936044,197.58721923828125,11122038
2023-03-14,199.6778838156236,199.6778838156236,195.2838986616536,198.01242065429688,8027650
2023-03-15,200.5991966836782,201.9103069264972,198.22504921704584,198.7211303710937,6345240
2023-03-16,196.24064505698348,197.5517552018576,190.5001233604982,194.92953491210932,11692502
2023-03-17,198.4376394476329,203.25683061159518,196.66587480970762,201.62681579589844,14420400
2023-03-20,199.1817982871214,200.7763866721462,194.89413594747268,198.3667907714844,8043963
2023-03-21,199.85503645435887,201.55592605603303,199.28808046312903,201.05984497070312,4662762
2023-03-22,201.98116615754128,203.96553387561394,198.50851183692112,202.22921752929688,9306264
2023-03-23,201.9811550439228,201.9811550439228,189.40162696662583,192.2364501953125,31634089
2023-03-24,197.7289614814426,198.0833144590079,190.11037246378845,191.17343139648438,21108973
2023-03-27,192.41367805124315,194.32719289300422,191.03169270686118,193.299560546875,9242191
2023-03-28,194.7523894907538,195.46109545196904,191.35060952811645,194.36260986328125,10805861
2023-03-29,196.3115339439954,200.17398974318604,193.40583543366725,199.67788696289062,24728158
2023-03-31,201.94574508607897,201.98117172816995,193.47670133961543,194.50433349609375,41562626
2023-04-03,196.98483641923173,200.56379297842813,196.02807901758823,200.13856506347656,13738062
2023-04-05,201.27247714246724,203.5757713351188,198.72113155731728,202.8670654296875,16288540
2023-04-06,203.4014442757864,209.5466087286972,203.05791592653352,208.55422973632807,23000052
2023-04-10,208.4015336581532,208.4015336581532,205.4243735508829,206.0350646972656,9479279
2023-04-11,208.40153725796287,209.05041117243653,206.2259121547862,208.210693359375,8814894
2023-04-12,208.439700245134,211.1496976287493,208.40154078332063,210.3863220214844,7011009
2023-04-13,209.92828950587207,212.82910746049433,209.01222946947848,210.46266174316406,6795496
2023-04-17,209.9282787692162,213.55431267523,208.78321543047505,212.98178100585932,8147387
2023-04-18,212.9817893232793,213.9741682703936,211.4550381453346,213.4398193359375,4609166
2023-04-19,214.50854324217983,216.7986700383597,213.7451676434532,214.9283905029297,9731032
2023-04-20,214.1649968570037,215.92077456394418,212.82908967180597,213.43980407714844,4378157
2023-04-21,213.43984655671784,213.63069047829995,210.69168942665988,211.26422119140625,4599260
2023-04-24,210.3099539858119,211.26417337776203,208.85954516932205,210.11911010742188,4484853
2023-04-25,210.6152964562433,214.81386171951024,210.27179145798075,212.7527618408203,5696665
2023-04-26,211.91306624842952,212.18025236143703,210.08096951067992,210.84434509277344,3570055
2023-04-27,210.99699345451592,212.065714545456,209.92827236357587,210.7679901123047,3689315
2023-04-28,211.45504034907697,213.7451671398612,210.8825086513809,213.2489776611328,4837041
2023-05-02,215.27194863580127,215.92082264380176,213.8215394567505,214.5849151611328,4879314
2023-05-03,213.1726315644873,213.93600714752927,211.07334871112167,212.4092559814453,4587957
2023-05-04,212.6382312758329,214.4321683185097,211.76035413046327,212.3328857421875,3969851
2023-05-05,212.3329115412592,212.371094297836,209.20306702427388,209.69927978515625,5353349
2023-05-08,211.14966672986185,213.74513875547547,209.7374174038103,213.05810546875,4388448
2023-05-09,214.12684799396,219.85216478524228,213.5924757748908,216.6078186035156,11933072
2023-05-10,218.32541142958576,219.4704747762445,216.72231808498896,218.2490692138672,5747802
2023-05-11,219.08880674485616,219.08880674485616,214.5085529453121,214.85208129882807,5313663
2023-05-12,215.42462591028428,215.42462591028428,209.24127825174227,210.00465393066406,9987592
2023-05-15,207.63815478044685,211.98940484255712,204.9663402887867,211.5695343017578,9215600
2023-05-16,212.21841152656043,215.3482560680615,211.53137816290752,213.6306610107422,5374740
2023-05-17,213.4779785225864,216.0352914016332,210.3099744916959,213.3253173828125,8194381
2023-05-18,215.2719149745506,216.9513505801357,212.21841263448604,212.6382598876953,7505208
2023-05-19,214.5085637007197,215.5009427551617,211.6077454674457,215.23377990722656,6918149
2023-05-22,216.79865977411683,219.73766034934343,215.65359643023947,219.4704742431641,8718882
2023-05-23,223.66901504373163,223.66901504373163,219.85213765390688,220.11932373046875,19814977
2023-05-24,221.3789079598872,223.6308751352696,217.25668467783964,222.4094696044922,12159427
2023-05-25,222.48580785517012,226.3408449686333,221.87509345247352,225.8064727783203,13711792
2023-05-26,227.48592085114976,227.63860528436444,225.57748191783475,227.21873474121094,14274998
2023-05-29,228.93634835456808,229.73790674941424,226.87524811719712,229.2798767089844,13277968
2023-05-30,230.37806240654024,234.64884198104872,230.21535611159905,232.3304138183593,14960466
2023-05-31,227.77492742342807,230.4187435453072,225.9852573491881,226.3919982910156,13042404
2023-06-01,226.1479406780433,228.18164518054368,225.82255292274212,226.2292938232422,5137986
2023-06-02,227.49017022442683,228.79174601127855,226.67668846083117,227.8562469482422,4851414
2023-06-05,227.81559158741203,227.81559158741203,224.76503452370545,226.3919982910156,6297485
2023-06-06,226.96141159973828,227.612187079146,225.37511223362887,225.6598358154297,3892263
2023-06-07,226.10729714832618,226.88009003448968,225.09044480429793,226.5140380859375,4434944
2023-06-08,227.65289874468075,228.3850274383332,225.4158236762732,225.7818756103516,5236354
2023-06-09,226.88006916256703,226.88006916256703,224.60233005168388,225.13108825683594,3951837
2023-06-12,226.79871750274836,227.36816469694568,225.0904255711455,226.0259246826172,3615243
2023-06-13,227.20548099993306,227.20548099993306,225.45649990882129,226.14796447753906,4423326
2023-06-14,227.04278365357737,230.21535782457673,226.96143050550143,228.58839416503906,8520513
2023-06-15,229.32055262242974,230.05268139918454,228.26303603661714,228.83245849609375,3650454
2023-06-16,229.56460349009075,230.09336176316958,227.04280461983296,227.8155975341797,4363955
2023-06-19,229.32055667149095,229.32055667149095,227.49022228453697,228.22235107421875,3070098
2023-06-20,226.96142984007017,231.3135625816724,226.96142984007017,229.93063354492188,5600444
2023-06-21,229.93064823043017,230.3373891701003,228.0189608488812,228.79177856445312,3186136
2023-06-22,229.4019012348284,230.0933658313096,226.961455477011,228.3036956787109,3205576
2023-06-23,228.46637074488487,228.46637074488487,224.4396258650344,224.6836853027344,5178936
2023-06-26,224.6836983166997,228.3036776767241,223.1380629315587,227.6122131347656,4184383
2023-06-27,227.7749360446292,228.2223411673748,226.7174194860497,227.4088592529297,5026622
2023-06-28,228.99512451869,229.0357886781049,226.96142003806224,227.73423767089844,6885093
2023-06-30,227.7342635742467,228.018962373522,225.6598698727605,226.1072998046875,5227979
2023-07-03,227.20544176451608,228.05961249325048,225.98521914531784,226.22927856445312,3717787
2023-07-04,227.6935629066353,227.6935629066353,225.3344705268684,225.7818756103516,3459962
2023-07-05,226.7174138914013,226.7174138914013,225.3344847407716,225.7005615234375,2945805
2023-07-06,226.961450958252,228.1410096479114,225.1311166763305,227.77493286132807,9098372
2023-07-07,228.1816258826493,230.2559943695674,226.9614032843464,228.2222900390625,8454807
2023-07-10,230.21533592366032,230.9474645357041,227.4088139477507,229.605224609375,8227148
2023-07-11,224.6836949826208,227.6122097572305,223.70750684075372,225.7818756103516,13640445
2023-07-12,225.7818823218097,226.22931224408867,224.56165952095216,225.8632354736328,5782947
2023-07-13,226.55469064690243,228.913782999132,225.74120881334085,226.1886138916016,5632082
2023-07-14,227.4495417268079,232.98120865633584,226.75807715424256,231.72032165527344,10425854
2023-07-17,231.8423136828518,232.45242503464877,229.72725603152338,230.9068145751953,4852437
2023-07-18,231.35423966171447,231.7609805981189,227.9376306912156,228.95448303222656,3886657
2023-07-19,231.0288337056087,232.0863501268801,229.44253424820684,230.74411010742188,5190259
2023-07-20,231.0288478695552,231.1915541714928,228.95447906007988,229.5645904541016,3435623
2023-07-21,229.40187521057953,229.40187521057953,225.98524160703238,226.351318359375,7273251
2023-07-24,221.67378940372947,223.54478760427884,219.88411952238238,220.69760131835938,16254554
2023-07-25,223.62614913996717,225.94457731059344,221.34840995596304,225.25311279296875,7486014
2023-07-26,225.49716793915002,227.6122007873519,224.3582735433555,226.92076110839844,4427527
2023-07-27,227.36816917981105,228.30366830972736,225.1310941699918,225.45648193359375,4048684
2023-07-28,226.02594368715708,227.2461664983253,224.6837035599714,226.79873657226562,3466932
2023-07-31,228.18163349317467,229.27983883337416,224.27693097856894,224.52096557617188,9590319
2023-08-01,226.96142959371943,226.96142959371943,224.19559634871578,225.25311279296875,5615483
2023-08-02,225.537830780446,225.6598480862833,219.9248112824788,221.3890686035156,10728356
2023-08-03,212.2374128886508,212.3187660399722,201.4181140512951,206.66506958007807,226675327
2023-08-04,207.03114071444483,207.11249386843008,199.62845056073465,200.970703125,31876311
2023-08-07,201.74350369632066,202.15024463119227,192.79520312914514,193.56800842285156,34406950
2023-08-08,193.60868112894315,198.3268783616939,192.9578931636072,195.2763214111328,24176083
2023-08-09,197.59471618170696,198.8962919736269,195.4389944648829,198.5302276611328,10427414
2023-08-10,199.22166907263426,199.22166907263426,196.69988317803208,198.36752319335938,8194222
2023-08-11,198.36755754370333,198.40822170671345,193.4459897829066,193.77137756347656,12825769
2023-08-14,193.7713728507963,194.34080765931867,189.17520539510028,190.3547515869141,8996918
2023-08-16,190.35475361926865,192.71384602808345,188.76846648832435,192.38845825195312,7462518
2023-08-17,192.71384397054163,193.0799207307148,189.94801066471985,190.3547515869141,6139153
2023-08-18,190.354746990517,191.9817106400086,189.2565415620112,189.82598876953125,5574667
2023-08-21,190.31408039621047,191.1275622636128,190.07003335344007,190.6394805908203,3857957
2023-08-22,190.63946993027002,192.7138386459486,190.63946993027002,191.16822814941406,4862624
2023-08-23,191.98169432567948,194.42213959253135,191.57495344787085,193.60865783691406,5524962
2023-08-24,194.13743732786997,195.88643074212203,192.95789113526848,193.24261474609375,5052952
2023-08-25,194.2594744133437,194.2594744133437,188.7277951756458,189.7853240966797,6099075
2023-08-28,192.9985570771283,195.3983259049162,192.0223813995405,193.7713623046875,8338095
2023-08-29,194.4221448294724,195.0729327340451,192.225746512693,192.7951812744141,4115948
2023-08-30,194.2187924213692,194.5848567727028,192.18508778868468,192.38845825195312,3960361
2023-08-31,192.83585541107746,193.0799024238042,188.40238226207026,188.97181701660156,11631767
2023-09-01,188.971846659262,192.6325151861461,188.971846659262,192.103744506836,6220159
2023-09-04,193.60868042659712,198.8963124550546,192.1037340380139,196.6185607910156,14056203
2023-09-05,197.67608763121515,198.44889289866416,194.2594663769289,196.37451171875,5648932
2023-09-06,199.3437118785871,200.56393454373324,195.3983202961826,196.3338317871093,10891500
2023-09-07,196.33385903198464,196.82194071812512,193.2426253687672,194.50352478027344,6429626
2023-09-08,194.4628481526862,195.19497688808093,192.5511607474077,193.4053192138672,6836165
2023-09-11,193.6086751369273,194.25946308212195,192.3884523944677,193.85272216796875,7148576
2023-09-12,194.91027063456903,194.91027063456903,187.1415159101852,188.5651092529297,10667079
2023-09-13,188.56510128304404,190.5988059724368,187.9143132998887,189.7853240966797,6192848
2023-09-14,191.127572052146,193.56801777933936,190.3547667210845,192.14442443847656,8069630
2023-09-15,192.14441589058188,195.6830670026885,191.53430448592547,192.22576904296875,20035443
2023-09-18,193.52732788115725,194.0967751085073,192.0223939006196,192.38845825195312,4974748
2023-09-20,191.16823341339042,191.94103868293752,188.1176764972193,188.56509399414062,8778511
2023-09-21,188.5651033212509,188.5651033212509,182.74870039906895,184.25364685058594,11856688
2023-09-22,185.88060663872918,186.08397710551114,181.0403920118677,183.0740966796875,7322963
2023-09-25,183.39947180443767,184.25363018852335,182.0572317814083,182.66734313964844,4962618
2023-09-26,183.03342206137523,184.8230797056479,181.93521656390763,182.21994018554688,4392920
2023-09-27,176.9322956578013,179.33206454164497,169.2855715232068,170.0177001953125,35505658
2023-09-28,170.0176955809054,173.39364007351352,169.2042137838676,169.4889373779297,17396618
2023-09-29,170.83120461058823,182.83006302966527,170.83120461058823,181.0404052734375,27711678
2023-10-03,187.10084131970308,190.15139851513302,183.11478488277422,187.71095275878906,46754460
2023-10-04,187.30418200457328,188.93114558333178,179.73879888079682,181.73182678222656,15548752
2023-10-05,183.114770517242,183.5215114447234,179.00668466712983,180.5929718017578,10155103
2023-10-06,181.1217074629763,182.30126593582207,179.65745023678213,181.16238403320312,5523734
2023-10-09,178.925328766287,179.94218106936066,176.81028342354256,178.11184692382812,5142409
2023-10-10,178.31522725238352,182.21994279482226,177.8678097317215,180.71499633789062,5621177
2023-10-11,180.91835310469926,187.06014337244204,180.71498264823592,185.1891326904297,12216514
2023-10-12,183.84690388574987,185.1891440153916,183.23679247904937,184.0095977783203,7239091
2023-10-13,183.0334220101492,186.6127372976928,182.87072811757872,184.0095977783203,7221397
2023-10-16,184.49768345204856,189.2972213340396,182.46397885582394,186.9788055419922,10185425
2023-10-17,187.30419718562763,188.36172608008306,186.28734486648742,187.06015014648438,5064750
2023-10-18,187.1821653488074,189.1345166849728,185.71789564030982,187.50755310058594,5784720
2023-10-19,186.28734077354105,187.8736278739976,184.2536361799434,184.7823944091797,4657398
2023-10-20,184.41634552716985,186.8974678219368,180.8370301074314,181.20309448242188,5244069
2023-10-23,181.2030934329593,183.19612160769685,174.4918677502571,174.9392852783203,7384814
2023-10-25,174.89858430392863,178.88464009738448,174.32914953525594,176.36285400390625,6955789
2023-10-26,175.34602223551042,175.50871612944226,171.80737108193793,172.66152954101562,7706350
2023-10-27,173.96310551210362,176.76961552376562,173.47501141757613,175.5493927001953,4623399
2023-10-30,175.50870545827584,176.52555774945935,174.45117659289542,176.07814025878906,2745365
2023-10-31,177.25771191716478,177.50175898468336,174.45120167257463,176.2001953125,3233237
2023-11-01,176.52556834300805,184.5790340073823,175.9561335083222,182.01657104492188,11714180
2023-11-02,182.3419535030262,187.4262151154544,182.3419535030262,186.40936279296875,7719938
2023-11-03,188.0770064984688,191.69699834968003,188.0770064984688,189.33790588378903,9794909
2023-11-06,189.33789602317088,192.3477763130627,187.4262087566563,189.62261962890625,7768055
2023-11-07,189.62261843272768,194.34080308902574,189.62261843272768,193.40530395507812,8362338
2023-11-08,194.340783603221,195.07292462019274,192.06304465107695,192.9171905517578,5322427
2023-11-09,192.7951870846286,193.85271590983635,190.55811212900528,191.33091735839844,3824543
2023-11-10,190.35473856794727,200.1165200329702,190.27338542397325,199.50640869140625,17676902
2023-11-13,198.89631111911348,199.0590050055775,196.37451243430368,196.82192993164062,4210127
2023-11-15,197.67607835022562,199.9131533109792,193.24260500146343,195.31698608398438,6420011
2023-11-16,196.04910256532318,196.61853731014205,190.63945387042426,194.2594451904297,6844037
2023-11-17,193.60866525924777,198.44887940817958,193.60866525924777,194.82888793945312,9273728
2023-11-20,194.5848442757048,196.3338375951351,193.64934516985053,194.8695678710937,4219360
2023-11-21,196.4965428617308,197.3100247097092,194.869579165774,195.4796905517578,4018369
2023-11-22,195.23563740289026,195.35765471116804,190.31406989414288,192.2664337158203,5432510
2023-11-23,192.42910924089944,193.0798971193764,189.7446170001487,190.47674560546875,3977608
2023-11-24,190.9648689212831,191.5749803235876,187.99566506183425,188.89048767089844,3866099
2023-11-28,191.1682240526694,191.1682240526694,188.6464254936842,190.6801300048828,7469037
2023-11-29,191.49363586829637,192.55116482953525,188.44307871823165,189.9073486328125,7774049
2023-11-30,190.2733938429434,191.0868756676892,187.7109310600932,189.82598876953125,19036194
2023-12-01,191.0055194336367,196.86258561398273,189.98866723521735,194.74752807617188,9817732
2023-12-04,198.89632314899023,198.89632314899023,194.8289136776408,196.78126525878903,12552937
2023-12-05,197.0252943997349,200.76731573832063,194.42215505725005,197.18798828125,10005319
2023-12-06,198.48956129375205,205.16010964156638,195.88642198884247,202.92303466796875,17430210
2023-12-07,204.1432561220645,204.38730314568343,199.6691062024576,202.43495178222656,6937185
2023-12-08,203.16708283434247,206.62438054023207,196.45585787585068,199.14035034179688,13224817
2023-12-11,201.05202074886114,203.16707838179852,198.73360507984023,202.19090270996094,5346227
2023-12-12,202.55699691434057,204.46868438043893,199.83182753292354,200.6453094482422,5675356
2023-12-13,201.09270612319048,208.08865483428207,198.2048431408417,206.0956268310547,15557190
2023-12-14,208.08864873281806,209.87830622583778,202.39427608327983,207.15313720703125,18271383
2023-12-15,210.32571968549624,211.38326097220883,207.9666273158999,209.2275390625,17235864
2023-12-18,211.50527508077735,214.3524614760955,208.98347645125367,212.07472229003906,12388584
2023-12-19,216.58955265784112,216.71156997592925,210.8951794424237,213.213607788086,17762921
2023-12-20,214.6778493220503,214.7592024699031,204.02124482895746,204.5500030517578,15309407
2023-12-21,204.18393044114444,208.9834680641044,202.63831999652945,208.21066284179688,10812029
2023-12-22,211.0985399380226,212.60348632464525,209.6342825391711,211.30191040039065,9677532
2023-12-26,213.1322487407564,213.8643774545376,211.13920824027215,212.88821411132812,12322864
2023-12-27,213.90719956521428,216.03013728601783,212.97311474249085,214.331787109375,10673963
2023-12-28,214.8412810961161,220.2335476820744,214.8412810961161,218.7050170898437,15441735
2023-12-29,217.38882831143772,220.36094119850816,215.77540078426733,219.55421447753906,9136816
2024-01-01,219.55419631886167,221.04025263948958,217.388810331853,218.3653564453125,6352734
2024-01-02,218.66256474272137,220.2759920763167,214.92619988735208,219.2145233154297,5803881
2024-01-03,219.511757337118,226.9420392585871,217.26144856671203,224.0123748779297,22285124
2024-01-04,229.27726369859755,229.82922229862243,225.32860489563043,226.0079345703125,10745140
2024-01-05,226.0079159564589,230.33871354148192,223.41794263093027,225.753173828125,12327980
2024-01-08,225.75320512119805,227.23926154358634,218.91733002935146,219.4693145751953,7890414
2024-01-09,222.39893036413147,224.5218678932178,217.09158654141564,221.1251678466797,10284498
2024-01-10,217.09158130435893,227.7487429921408,213.94963642858303,226.7721710205078,19849401
2024-01-11,228.08842142848425,234.37231155534843,226.3475970437971,233.1834716796875,24108269
2024-01-12,233.1834819319281,233.52314678065568,229.44711676639096,231.44265747070312,10048702
2024-01-15,232.67398898505465,233.5231641273359,229.02254623915292,231.82481384277344,9881531
2024-01-16,235.2214836591334,236.11310707605068,228.72529985294435,231.99462890625,12507371
2024-01-17,229.6594077863446,231.357757924414,223.8425533805035,224.90402221679688,10649774
2024-01-18,225.45597883354063,228.3431688597552,219.0871658721412,227.19677734375,9930238
2024-01-19,227.706323371602,229.0225604728027,225.7956791827236,226.2627410888672,4537034
2024-01-23,226.6023756387661,226.7297467180138,212.8457289551372,214.11949157714844,8740319
2024-01-24,216.3698035896589,223.58777849916987,214.9262086077567,222.95089721679688,6563186
2024-01-25,224.4794411345352,226.55990456460947,221.33748292289025,223.84255981445312,5195068
2024-01-29,223.9699091879794,228.55544906517846,221.21009040177682,227.4090576171875,11648515
2024-01-30,227.7062924588545,230.38118877719407,225.24368991045884,226.09286499023438,6620878
2024-01-31,226.5599004917871,235.1365739643308,225.66827702560767,232.54660034179688,9537630
2024-02-01,233.9052867074072,234.796910177618,225.07384512262,228.0035095214844,7974578
2024-02-02,229.44711676639096,235.05165155731325,228.2158025356408,231.44265747070312,9665486
2024-02-05,231.697408288808,237.641633400558,230.5934652191955,232.33428955078125,10619393
2024-02-06,232.41924059181062,241.5903215172434,229.14991119851823,240.31655883789062,11559491
2024-02-07,242.01492075050544,242.73672481990818,235.73102974555144,239.72213745117188,7603119
2024-02-08,241.16574078790336,242.43950350333245,234.88184990807372,236.5802001953125,6966850
2024-02-09,236.91981936174824,238.15113344835103,227.91855939300865,232.97116088867188,4627489
2024-02-12,235.17907104757813,238.66066847353432,225.07386590662068,227.7063140869141,6191878
2024-02-13,227.1967898235624,230.1264543126377,221.37996106444825,228.85269165039065,4469509
2024-02-14,228.42809249800104,239.97687856561163,224.64925309262944,237.4718017578125,11916664
2024-02-15,239.9344036943423,241.1657179016481,226.72974183007057,227.53646850585938,108103036
2024-02-16,228.64037996502603,230.97561132957134,225.1163087251199,226.5598907470703,16394886
2024-02-19,228.34316376514212,231.9946319970689,226.81465905441556,229.40463256835938,10944899
2024-02-20,230.0415138502897,231.14545695449507,227.66383409698935,229.40463256835938,9025475
2024-02-21,231.82479265001083,234.71198268687456,228.0035048590766,229.2772674560547,12329064
2024-02-22,230.8906902266636,231.78233957537628,226.8146603646693,230.551025390625,6661898
2024-02-23,230.97562835674873,231.1454737435063,227.57892793973772,227.8761444091797,5955886
2024-02-26,228.3856254524388,228.3856254524388,224.22464724182453,225.24366760253903,4923166
2024-02-27,226.47501114359073,227.57892841552015,222.99338802592214,224.09730529785156,5033046
2024-02-28,228.00349951127777,231.23035431536346,222.101722584465,223.29058837890625,17579831
2024-02-29,223.4179523602733,229.19233211525585,221.46483427052553,227.62135314941406,9404521
2024-03-01,225.11631352256111,231.73986862270118,223.84255093293677,230.80577087402344,12244554
2024-03-04,231.86726214672774,236.9198646073072,231.61251997004672,234.6695556640625,10443351
2024-03-05,235.64606842388946,244.90207097362259,233.18346604493516,242.60931396484375,19847512
2024-03-06,243.2886820955554,245.62391377361047,233.5231678055069,239.8495330810547,13944430
2024-03-07,240.9109824734776,244.05291474554795,238.66064776180824,240.18917846679688,9134995
2024-03-11,240.18920258396687,240.18920258396687,232.6739971287875,233.8203887939453,6214148
2024-03-12,234.3723212440966,235.051650939767,227.15433308984,229.53201293945312,7220451
2024-03-13,228.00350746202656,229.70185761071951,211.86918104944368,213.90719604492188,15451474
2024-03-14,213.8222983369052,222.05929442982327,213.65246590396148,220.91290283203125,10335603
2024-03-15,220.9128907584391,225.88057013419328,216.6670153799768,225.11631774902344,17681404
2024-03-18,225.03135581369742,231.7823068540132,222.69612476280054,230.16885375976562,7234156
2024-03-19,229.2772981831254,233.31088028079148,225.5409325808729,226.4325561523437,5908875
2024-03-20,227.5789242282667,229.1923517170808,222.31402830185516,227.28170776367188,4421057
2024-03-21,230.12644424106833,232.84381483417576,229.4046402477648,232.16445922851562,5477627
2024-03-22,231.82479218272724,233.01363208789053,229.19234430465875,230.2113647460937,9338889
2024-03-26,230.80574762122296,231.6549225954214,227.0269345348982,228.04592895507807,10405333
2024-03-27,229.1923933053693,232.88631080186283,227.36667171266643,230.6360015869141,5949040
2024-03-28,230.9755916663699,233.52311657445486,229.91412295466785,230.67837524414062,6625066
2024-04-01,232.2493671450408,244.77469864555027,232.1219960754462,244.1378173828125,17331916
2024-04-02,243.67080345226225,256.40842985510363,242.7367056664337,255.8564453125,27928247
2024-04-03,255.77151542387773,261.5458949463992,252.8842997478532,253.7334747314453,19966252
2024-04-04,259.89000937230526,265.3671987197879,256.19611869793823,263.2018127441406,24723528
2024-04-05,264.1358872842929,273.7740292244547,259.80511528819676,270.8443908691406,22256365
2024-04-08,275.0477486552492,276.2790626428439,269.2733696228835,274.5382385253906,16694867
2024-04-09,275.21765068137586,288.2949418288011,272.2455378790171,287.02117919921875,32086038
2024-04-10,294.6637559126755,313.8975664975091,293.5598386627712,307.2315368652344,75804480
2024-04-12,310.4159432324833,318.3557354928405,306.3823615621445,316.6998596191406,39995547
2024-04-15,317.5914992873604,326.0408022145224,305.9153412253251,314.6618347167969,44715399
2024-04-16,314.2796968085654,323.9602873687409,309.14217211532576,321.15802001953125,28859435
2024-04-18,326.97484617791065,335.2118546180283,325.27649605951655,329.9045104980469,35907412
2024-04-19,329.6497796911359,336.91021633123296,324.5547291606069,327.7391357421875,33307212
2024-04-22,333.0040025279815,333.85317760820834,317.08196977372927,323.53570556640625,19626373
2024-04-23,325.4038740427752,325.4038740427752,315.1288512437207,320.1814270019531,14434838
2024-04-24,319.289815987247,328.29107662090445,319.289815987247,325.6161804199219,11074253
2024-04-25,322.68653204493967,329.22519056017813,320.2239294833396,323.5781555175781,10150138
2024-04-26,328.5458223779107,342.1750975089669,327.7815700141987,336.7403564453125,24602811
2024-04-29,340.64658979732155,346.63328986471873,337.20744097172894,345.01983642578125,11228541
2024-04-30,347.3974872622656,348.1192911735669,336.273289912999,337.8442687988281,11863519
2024-05-02,339.66998521814054,351.4735120215183,337.3772024520128,348.841064453125,12788526
2024-05-03,352.40766661191884,356.65354211326724,343.4064053661067,352.9596252441406,14324148
2024-05-06,354.9551466687443,355.5495795290713,343.44883589263685,348.5863342285156,8108475
2024-05-07,348.58635349466346,349.4355285336273,332.8766152738321,336.2733154296875,8797213
2024-05-08,333.72581360419866,348.1193418850959,333.5984425224177,343.7885437011719,8831897
2024-05-09,345.44439410672663,346.8030793466026,333.7257889816733,335.1269226074219,6134997
2024-05-10,337.12248679540767,349.73274116957435,335.63643049341283,348.7561950683594,11076423
2024-05-13,350.3271590466421,352.83223582817584,338.056595034209,351.6009216308594,10884162
2024-05-14,357.5026774757196,372.3632400786296,352.4500758248244,367.3106384277344,22195946
2024-05-15,371.9386789237467,381.2796046501422,369.17885995912985,371.4291687011719,20115791
2024-05-16,377.88288127664606,379.62367968965503,362.6401794075586,367.7352294921875,16155897
2024-05-17,370.2403502851306,377.8829263231264,367.3531600759525,375.8873596191406,13366917
2024-05-21,399.9614928625364,419.4075984790562,393.1680917098818,417.5394287109375,34592201
2024-05-22,422.8891738170961,430.3194554855692,404.8866524372893,413.5482482910156,33932802
2024-05-23,407.6040583535848,407.6889810486954,392.14906077510415,401.4050903320313,25849836
2024-05-24,403.3177244135127,408.62111008488097,399.57928657241837,400.62255859375,12873214
2024-05-27,401.57890787082334,407.31699680352114,397.1884151029974,399.6662292480469,11775106
2024-05-28,402.4483269024293,410.2729866342931,394.1020178820041,395.53656005859375,17930755
2024-05-29,394.53673490257006,401.9266915726478,392.2328125412772,394.927978515625,11526945
2024-05-30,394.7106457195703,398.188272554104,380.1046236274038,383.2344665527344,13122990
2024-05-31,388.45092005118727,396.31906695194544,382.53896484375,391.2330322265625,35126841
2024-06-03,410.35992931733074,410.53382125618657,393.3195540646657,398.0578308105469,14471274
2024-06-04,398.1882585071445,398.1882585071445,318.4636555250448,363.2815856933594,30797125
2024-06-05,364.28138702007874,387.75536661325805,349.19717630839494,383.14752197265625,16642007
2024-06-06,392.1023791840676,398.188225424175,388.0161575242647,391.1460266113281,13579110
2024-06-07,395.05836556962396,402.4918081416423,392.84138928607626,400.4921569824219,11283521
2024-06-10,396.0147152653652,396.0147152653652,383.62567093489,386.1034851074219,13920775
2024-06-11,386.0165459947184,396.2755336762986,384.5385441021349,385.7991943359375,10546091
2024-06-12,388.8421065502779,394.4063035511005,384.7993711178465,386.23388671875,11163309
2024-06-13,390.3635722665013,391.18951916813495,381.6695060690291,382.3650207519531,11641274
2024-06-14,383.4952500187516,392.8848305255631,382.53889746864326,389.1463928222656,9634670
2024-06-18,391.18952064211214,395.40612153802647,389.146409771571,393.23260498046875,8601634
2024-06-19,393.4499523842661,396.10165847514065,387.79880939568716,389.8854064941406,6416994
2024-06-20,391.232964672081,416.4457557287262,390.49396376570814,408.57763671875,28530186
2024-06-21,411.0119870483463,412.6203946309112,403.4046789855795,408.8384704589844,17801714
2024-06-24,399.97054158107466,409.92525890543885,397.492753712698,402.839599609375,7716484
2024-06-25,404.4480262544367,407.3605176090801,392.1024399276531,394.7541198730469,8309097
2024-06-26,379.6263780644724,388.4943357983426,370.410663004843,384.3646545410156,162210828
2024-06-27,384.27771051931927,387.8422828237858,376.9312142641648,385.4079284667969,20922873
2024-06-28,386.53821484685056,398.7533680757278,385.8861598375044,394.71063232421875,15248617
2024-07-01,397.3188254079511,407.62129916314996,396.6667704428396,404.2740783691406,15408362
2024-07-02,406.01289616778274,411.3162819166683,395.5800166088676,398.0578308105469,11050920
2024-07-03,400.05747400999275,404.49145333471483,398.4056066429512,403.3177490234375,7347763
2024-07-04,406.9692469384501,411.6205776940032,402.926511433973,407.8386535644531,12818706
2024-07-05,408.96888966614534,416.9674415922589,406.0129123133419,411.9683532714844,12860621
2024-07-08,413.75062107890466,415.1416770308903,404.1002019189746,404.8392028808594,8576939
2024-07-09,406.3606645244281,406.8823138229459,402.1875232006567,404.8392028808594,5474279
2024-07-10,405.14348486810616,405.9694317698742,387.0163515369911,397.0580139160156,11556309
2024-07-11,397.3188080026535,398.1882145847162,383.97341166155445,389.23333740234375,13978497
2024-07-12,392.8848466151118,395.05836316701243,386.9728922068161,390.97216796875,11038603
2024-07-15,393.0587090496736,402.10053192047593,387.9726753935402,399.4488525390625,10391508
2024-07-16,405.9259394856229,406.4910484737135,394.36284222585914,396.01470947265625,23302200
2024-07-18,399.0142010604126,400.36177078350875,389.49418742890754,392.4501647949219,16469541
2024-07-19,393.8411987454902,394.92795702017423,380.8000994492819,382.3650207519531,14552716
2024-07-22,384.2777452559192,392.1024052271936,379.93071193854456,390.146240234375,17818304
2024-07-23,390.71131629024126,390.71131629024126,356.9348649579235,378.1484069824219,33154992
2024-07-24,379.75680671202593,383.4083251837931,374.58385316457134,376.1922607421875,36773405
2024-07-25,372.8450159479283,377.6267521226472,368.62838874196683,374.6272888183594,18871603
2024-07-26,381.6695267598996,389.6245924554057,377.844142732069,386.4512634277344,28749214
2024-07-29,388.62477579997926,396.01473238677977,380.80011588454346,390.32012939453125,45433689
2024-07-30,388.45086115120205,389.624565376353,382.71279877434654,388.79864501953125,16607270
2024-07-31,393.84117453982947,395.0583384262312,387.3206252924813,391.885009765625,14227543
2024-08-01,398.1882672342759,401.88324569660267,385.6253298494901,389.5811462402344,19749880
2024-08-02,385.9844195889953,387.69504306609167,379.22968153772456,380.8964538574219,13093052
2024-08-05,371.9486427376361,375.8523597201153,354.62320477992785,362.5183410644531,20763297
2024-08-06,366.29044244697945,370.1503081792797,360.80770904446115,363.0885314941406,17994697
2024-08-07,373.26447234237634,381.11575691092,367.12381122276025,379.2296752929688,15297435
2024-08-08,377.2559261494147,378.52793106423604,369.36078969616295,370.45733642578125,9305734
2024-08-09,377.2998243764928,379.18587949865633,371.55390314152,376.2032775878906,8363641
2024-08-12,373.8346572711575,382.475449735233,372.60653044734,379.0542297363281,8178539
2024-08-13,380.0192205318936,380.7209996845999,369.5362237722067,370.5011901855469,8522806
2024-08-14,372.8259022330704,375.8962331926368,355.4566120845589,368.61517333984375,18914429
2024-08-16,373.7031292877003,377.95773599649897,369.79941218174713,376.3786926269531,9815524
2024-08-19,377.6506629913692,389.8442562795999,376.55411635086,388.3968200683594,10922980
2024-08-20,389.93199926454446,392.8707497200952,386.1160114653165,391.8180541992188,8887888
2024-08-21,394.4059215686312,402.5642182907588,392.6952980118175,399.4061584472656,13609457
2024-08-22,403.5291669162483,404.93275198149297,398.87981983198097,403.1343994140625,8864437
2024-08-23,403.48532990889095,403.7046392464279,393.309371292946,394.1427307128906,6908675
2024-08-26,397.38855387209145,408.74878924422853,396.5113164463253,406.2486572265625,11143399
2024-08-27,406.1609006599862,410.9857061753856,404.27484567638027,406.9504089355469,10906758
2024-08-28,410.459350750718,411.6436265275651,406.68724085381456,408.8364562988281,9277650
2024-08-29,412.47697882062266,413.1349067791172,402.69576175407855,406.5117492675781,12608981
2024-08-30,408.48558327117075,415.1087415954837,407.4767656319116,410.9418640136719,14026797
2024-09-02,414.6700602203921,415.5034195480861,404.4063736513635,406.3801574707031,11933834
2024-09-03,414.9332967380778,415.1526060915334,405.371414281644,407.5206298828125,23319237
2024-09-04,403.9239508197355,406.1170442072438,399.1429965265037,402.958984375,15530065
2024-09-05,406.5995070499069,411.8190799308559,405.4152312867919,409.40667724609375,12242972
2024-09-06,410.4593261953035,412.6085682828997,401.0729031736211,403.35369873046875,17832425
2024-09-09,404.3625815138869,404.7573222726733,396.116528714876,403.7485046386719,14042464
2024-09-10,403.3357970492491,407.1875826748935,400.7221153611402,403.5192260742188,13192375
2024-09-11,403.5192602619122,403.93196160938965,389.35022049641503,390.49658203125,13394230
2024-09-12,394.3941966075866,406.77490072416384,393.2478351153109,405.07830810546875,13025897
2024-09-13,408.0129670654217,418.559492544458,407.6461369940537,416.4043273925781,15909513
2024-09-16,420.0267978943076,431.9489559131416,407.5543808309829,409.2968444824219,34590598
2024-09-17,413.3320553855834,416.5877103918395,409.98465788744664,412.50665283203125,11644008
2024-09-18,413.42376528704585,413.60719430650755,408.7007619029648,411.13104248046875,5180919
2024-09-19,413.6072073868078,415.7165012406294,400.76795926393567,412.4608459472656,7777695
2024-09-20,414.5243087305841,420.4395451275387,411.45205438478087,412.644287109375,17249829
2024-09-23,415.4413970571249,418.4219368814861,412.73597279084527,415.5331115722656,5177341
2024-09-24,418.46774076686734,434.2416843171456,418.1926252346744,431.2153015136719,28418267
2024-09-25,438.3685956095009,445.70530850673106,434.51681014351965,440.0652160644531,24495683
2024-09-26,444.37553072548144,463.03830028555484,437.45151892691985,460.14947509765625,42980530
2024-09-27,464.0471117640564,473.126316775399,464.0471117640564,470.46673583984375,24451210
2024-09-30,475.96924537857984,480.2337321056575,466.33980977843515,470.145751953125,19027211
2024-10-01,467.99055549485337,478.1243788323935,464.1846413357805,473.3555603027344,14071685
2024-10-03,470.4667349751542,477.34490361514185,466.7983783671608,469.32037353515625,13155901
2024-10-04,471.3838156174408,473.1721506264893,459.5992146295369,466.5232543945313,12088199
2024-10-07,470.37505931534986,471.2004059864058,450.6117708408554,458.8197021484375,15751180
2024-10-08,458.81970594524927,461.9378315497463,444.4214225995347,456.2060241699219,13145961
2024-10-09,457.62749447762513,460.8373065631395,448.59416058235223,455.1054992675781,11444008
2024-10-10,447.5395111238896,457.9943219748075,447.1268098059909,451.6664123535156,9613583
2024-10-11,454.96791190144853,461.7543657005732,453.4088492235122,456.2518310546875,8286066
2024-10-14,458.5445765436078,465.0100438779367,453.27131391335627,457.7650451660156,7263419
2024-10-15,458.5445635444374,459.4158094101074,446.0721458185609,449.2361145019531,7413480
2024-10-16,449.4195162296881,455.3347523034908,445.5677586823641,446.3472900390625,7989101
2024-10-17,448.59411534599394,451.7580838490245,432.08651199940846,433.0036010742188,12114419
2024-10-18,433.46215798169936,443.5501380925019,425.52934285567227,440.9822998046875,10334732
2024-10-21,444.3296868896484,448.91513257478414,434.70025095086345,435.6173400878906,5567492
2024-10-22,436.5344377373847,438.96471840042943,420.531220789261,422.548828125,7805984
2024-10-23,421.8610067346956,431.7655583065743,416.4501863762185,424.6122741699219,9830637
2024-10-24,424.61226649871855,433.1411841988976,418.42191488129663,430.16064453125,7269166
2024-10-25,432.5909650180333,433.09535285765895,411.8188732957613,417.6423950195313,11660475
2024-10-28,420.02684167878357,432.6368178208868,417.64240422899053,430.25238037109375,6637174
2024-10-29,431.0319109328661,434.6085531069686,420.89808677501895,433.1412048339844,6379918
2024-10-30,431.81144568647915,435.1129723295466,428.3264900126088,429.6562805175781,5903663
2024-10-31,429.1977085345972,430.8484577571024,421.86099556819386,425.5751953125,6616282
2024-11-01,426.44645841665783,430.114815048199,426.44645841665783,428.60162353515625,995005
2024-11-04,429.9313897042815,430.0231042183236,415.16627652572924,420.760498046875,5030700
2024-11-05,420.9438985823811,432.2240833625292,419.38483591121474,430.84844970703125,5654407
2024-11-06,433.4163675647885,436.9471666315209,423.0532426677904,434.7002868652344,8641368
2024-11-07,434.7002922529671,435.61738147712947,413.9740701894289,419.9351501464844,16220004
2024-11-08,422.77813233885615,429.0143278682235,415.7624053714824,419.9351501464844,13143777
2024-11-11,422.3195401398457,423.60345931153273,415.5330862432096,418.3760681152344,7271375
2024-11-12,418.3760786205656,420.8063592543075,406.3163339890301,407.8753967285156,8421968
2024-11-13,407.1875727227394,408.47149190412705,396.4576187330829,398.7044982910156,7960930
2024-11-14,398.9338095267937,403.4275410941099,394.5776357446046,397.4664611816406,7028180
2024-11-18,407.50854433740193,421.3107240011052,402.64795534893375,410.3973693847656,13385897
2024-11-19,411.7730187723533,414.0657415940256,404.5738635148343,406.7748718261719,5930593
2024-11-21,405.3534369837494,408.7925215735437,400.8138341302842,406.0870971679688,6484933
2024-11-22,406.9582805320193,410.6266368635756,404.71140108400607,408.4256286621094,6859041
2024-11-25,414.52429255672257,416.1750418188711,406.041217985595,407.004150390625,12634711
2024-11-26,408.1046504529213,415.6247922854161,406.3163155088103,411.2227478027344,6483177
2024-11-27,413.974022532648,414.11158030296826,407.3709976712258,408.83831787109375,6120311
2024-11-28,414.5243070463422,418.5136505545439,411.6813250067421,414.3867492675781,10793434
2024-11-29,414.8910987472127,419.8433742360874,411.8188446980327,415.89990234375,6826623
2024-12-02,415.89994985190805,422.96154784697615,415.44140525449694,422.36541748046875,5709168
2024-12-03,425.9879084645993,430.3899251719887,422.77809645248715,429.5187072753906,5333303
2024-12-04,430.9860496275388,432.7743566460589,425.62107259729993,429.5645446777344,4980949
2024-12-05,430.9401781344993,435.06707923429474,428.32646850716105,433.3246154785156,7267698
2024-12-06,435.6173434064471,463.634405561126,433.5997360946814,459.8284912109375,25827648
2024-12-09,458.498722718258,460.10362869918777,448.2731565070344,455.8391418457031,11524481
2024-12-10,457.1231154082106,463.0383238584094,452.4917982320624,458.77386474609375,10316327
2024-12-11,457.6274771540896,481.471794600996,457.1689325878029,471.7047729492188,32419915
2024-12-12,475.96928300528685,482.939138362698,473.2180154734644,478.7205505371094,20273326
2024-12-13,477.3449151018012,477.9868887185843,464.6890956946148,476.4278259277344,10678273
2024-12-16,478.7205569420728,483.260159625253,467.71548666754234,470.87945556640625,13821306
2024-12-17,470.879442496364,472.30091950576565,457.94847968524294,461.4792785644531,12711460
2024-12-18,461.2958329483439,465.7437208316954,454.1883921822412,455.56402587890625,6546985
2024-12-19,442.2662365545672,452.58348935133006,437.0388172759383,451.4829711914063,9500042
2024-12-20,451.43712304636347,453.5005735833961,435.6173355957799,437.6807861328125,13786961
2024-12-23,440.6155103643449,444.32971037064925,429.6562834027847,433.9666137695313,9725884
2024-12-24,434.9004596732709,435.9276872348217,427.24276376456015,431.5385437011719,8942361
2024-12-26,432.1922075426527,434.0599353686784,423.88082441669104,429.9976501464844,5351568
2024-12-27,430.6046609665707,432.47238881418167,420.4255498969437,421.2660217285156,4487792
2024-12-30,421.3127392572494,422.94700126251354,408.3320353152904,410.57330322265625,18171489
2024-12-31,409.9662470582758,416.9702262221416,409.0790649644805,415.0558166503906,7109627
2025-01-01,415.3359644172396,417.85740831593694,409.7794628808671,415.0558166503906,5403126
2025-01-02,415.1492061356975,421.9664300466583,413.001330457839,420.00531005859375,7704338
2025-01-03,420.7057302987972,434.7136902421534,419.3983264039375,427.9431762695313,8814796
2025-01-06,429.39062289813353,429.39062289813353,411.8339924431216,413.0480041503906,7485474
2025-01-07,413.7017368842155,424.4411724918193,413.7017368842155,418.6045227050781,5869461
2025-01-08,418.6045462236376,419.7251944453602,411.83403209062845,416.87689208984375,4953341
2025-01-09,417.437198209552,418.41774398684754,408.19195052624076,409.8728942871094,4870742
2025-01-10,409.87288716250777,410.666677229946,398.1995876392006,403.5693054199219,6250604
2025-01-13,399.88056623684975,400.4408618234761,384.75195841406565,386.3395385742188,8467239
2025-01-14,386.3395602951957,404.8767384761422,385.31230416318095,402.1218566894531,8727736
2025-01-15,406.2775102392019,413.23480824093105,401.98175876085645,406.46429443359375,4794795
2025-01-16,409.9662943072184,422.8536060542987,409.0324303110744,420.0987243652344,6641373
2025-01-17,422.10652527067924,427.9431752329397,418.41775109482364,424.02093505859375,5594080
2025-01-20,426.4489675205506,433.68641314073705,421.6862556706392,430.464599609375,4806736
2025-01-21,434.2467241003147,436.86153168443843,423.04035702675816,423.8808288574219,7353985
2025-01-22,425.3283923113984,425.7019322309643,409.8729252083493,421.6396179199219,6538867
2025-01-23,421.1726638776858,422.3399938773469,413.2348198799911,416.9702758789063,5671143
2025-01-24,416.5033392582544,423.5073191785165,411.32040551696736,412.76788330078125,4758741
2025-01-27,410.43321275806125,410.6666787493912,393.71705347868976,395.86492919921875,6314851
2025-01-28,396.8454847895048,404.223004068542,387.08659541139326,397.2190246582031,8080097
2025-01-29,400.160736528201,403.7561187406185,396.2384962056968,402.1218566894531,4671527
2025-01-30,403.42923711631795,408.6588810750866,399.6937812170928,403.8494873046875,4765643
2025-01-31,406.09072238935244,414.44878719015253,398.6664929887693,412.20751953125,11277319
2025-02-01,415.52279293512197,417.11034461544745,402.915629094852,410.8067626953125,6736515
2025-02-03,407.16466740472356,407.16466740472356,382.8842055870107,393.8104248046875,18277593
2025-02-04,400.3474828333157,413.70172578747133,400.3474828333157,408.75225830078125,9934297
2025-02-05,409.9195954034836,418.2309789225245,408.7522654570096,415.05584716796875,7176758
2025-02-06,415.66285216634753,420.47224583585495,413.04801599218393,414.4021301269531,5475073
2025-02-07,414.4021325581056,426.68243794138266,412.4877228383888,425.6551818847656,8580933
2025-02-10,423.97424086646953,423.97424086646953,404.92342164633175,406.9779052734375,10212102
2025-02-11,394.8843691362836,406.74442396682406,392.50299901138936,393.57696533203125,7728184
2025-02-12,393.5769707074557,398.47975641481287,384.98541102057106,393.9971923828125,8868601
2025-02-13,396.89220455022814,403.2424684233247,393.2034303082307,396.4719543457031,5255713
2025-02-14,401.3747094883076,403.4292215533318,381.4367371947488,386.0126647949219,10205699
2025-02-17,386.0126598470718,388.3940014607331,374.8529745219774,387.693603515625,9351334
2025-02-18,391.1956188443349,392.2228749309122,378.21491511195103,390.54193115234375,9347116
2025-02-19,388.58080631680565,399.1334578514213,386.61968626632597,395.49139404296875,9389191
2025-02-20,394.93108341935914,406.6977756240651,394.1372933124322,404.8300476074219,10218019
2025-02-21,406.46429762075724,413.0013454859963,403.9895637716273,409.2192077636719,11856575
2025-02-24,406.2308099575136,406.8845261088755,391.3356688593652,394.8843688964844,6486110
2025-02-25,394.9310756537087,395.67818394523607,379.475638019598,382.183837890625,16517618
2025-02-27,381.9503840213562,385.2189080899986,374.1526137577414,377.794677734375,9800701
2025-02-28,373.54557745210576,374.3860493015198,366.4015239831874,368.6427917480469,13633752
2025-03-03,373.4988924752796,384.05154354876737,363.45985516670993,382.0904235839844,10995655
2025-03-04,374.6195079298563,382.2304932211091,368.68946630441764,379.8491516113281,7083802
2025-03-05,374.3860615587668,401.9350487978022,374.3860615587668,400.5809631347656,14319490
2025-03-06,405.296965824585,417.2971236231617,402.72883988906057,413.6550598144531,13001883
2025-03-07,413.56166356167313,420.33217732366523,412.39433360270897,415.9897155761719,7860045
2025-03-10,415.9896981361344,421.9197112796479,407.3047465059908,408.4720764160156,6433534
2025-03-11,400.16071228879423,413.8885240867396,397.826052357121,412.3476257324219,6287024
2025-03-12,415.4760558173277,418.6978977682459,408.93900832211466,415.5227661132813,5120030
2025-03-13,418.2776385402239,420.2387584461589,412.76784718489387,413.655029296875,5054710
2025-03-17,414.63559288357,421.21932231681217,413.84180282797126,417.3905029296875,4865003
2025-03-18,417.3905029296875,417.3905029296875,417.3905029296875,417.3905029296875,0
2025-03-19,433.96659215595935,434.5735980280699,428.9237039894627,430.0910339355469,5728903
2025-03-20,434.2467373581054,443.7721610611509,429.7642017915346,439.616455078125,10370120
2025-03-21,440.22350157388354,441.8577636394946,431.4451853213123,436.3946533203125,12194708
2025-03-24,437.9821846488924,444.5659139779169,434.8537347729758,441.0172424316406,7110186
2025-03-25,442.6048629579211,442.6048629579211,429.6708406021306,431.2583923339844,6983464
2025-03-26,433.6864078794469,442.0911833364101,432.4723961575919,433.4529418945313,9260792
2025-03-27,433.0327090508507,443.351893918225,431.16498121970494,441.1106262207031,7585534
2025-03-28,441.6242713038736,443.9589312584291,431.4451596018648,432.7525634765625,6966128
2025-04-01,427.709677081452,434.90044069409953,424.5345454405257,427.14935302734375,4385769
2025-04-02,423.9742452042257,429.0638152743356,420.00532330528745,427.3828430175781,4104869
2025-04-03,427.2427477527397,427.3828216423138,409.1257932200176,410.4331970214844,13020114
2025-04-04,407.8183924834759,408.05185846760907,371.67784673995953,374.8996887207031,32283095
2025-04-07,345.4829787110999,355.9889481184608,338.9926128775127,349.3117980957031,26557078
2025-04-08,361.82561946102135,364.9540410725129,343.802027098631,351.22625732421875,17126260
2025-04-09,351.13281286674834,352.48692686926427,344.22222597294694,346.0432434082031,13982904
2025-04-11,359.53763841385654,363.0863101984941,353.0472722427826,355.0083923339844,12949202
2025-04-15,364.1602705647341,371.3977164129941,358.65045028083875,369.6233520507813,10517215
2025-04-16,371.6778573124539,375.4133131648404,365.2342016669406,372.3315734863281,9739439
2025-04-17,371.9113109605901,377.0475625871645,367.1485992070044,373.5922546386719,8212290
2025-04-21,377.2810614412653,385.5924454612811,373.5922871883576,384.7052917480469,7998005
2025-04-22,386.6196956265845,390.6352994229991,385.03211542841086,385.7325134277344,7329286
2025-04-23,388.487388622154,391.9426965072013,383.44452918123864,390.5419006347656,8692823
2025-04-24,390.54191962665016,402.49536691968603,388.9543394943138,392.4563293457031,13580010
2025-04-25,394.8843598177768,397.6392412511442,382.4172709265456,385.9659423828125,11205671
2025-04-28,386.6196904750467,390.02828832648294,381.9036887421473,388.580810546875,6864935
2025-04-29,390.35512770833435,393.53025941089345,386.9932118176917,388.7675476074219,7054453
2025-04-30,390.6352991625051,395.2579373546648,386.2928372694485,391.4757995605469,13507492
2025-05-02,393.1567077222643,394.93104345868755,385.68579641162745,387.27337646484375,13939534
2025-05-05,388.16056880101127,392.6431331340716,387.5535628963284,391.7559509277344,7450806
2025-05-06,392.22284997560524,396.51862974661975,382.2304945408063,383.7713928222656,7943490
2025-05-07,376.1137286699735,390.3551547710712,375.4133306650015,388.4874267578125,8806194
2025-05-08,387.5535450053311,390.2617448006957,378.2615871651352,380.176025390625,10344459
2025-05-09,374.47947021363876,381.7169163337278,372.23820227630347,380.9231262207031,7120988
2025-05-12,392.1761485320792,409.2658461680265,390.21502868059406,407.2113342285156,16818909
2025-05-13,407.1646942035595,411.1802979072365,403.94285208137046,406.6043701171875,7806161
2025-05-14,409.4993601786909,417.5305962035996,406.8845524027984,413.4216003417969,11385432
2025-05-15,415.2893224010671,418.7446020199801,411.2270083970628,414.4488220214844,7108289
2025-05-16,414.448805919669,415.28930626659724,410.61998655817706,412.0207824707031,5525659
2025-05-19,412.76786288028234,417.34379050195264,411.50714085715225,412.8145446777344,4707043
2025-05-20,417.9041195680587,419.8652395720302,405.2969561844413,406.55767822265625,6201064
2025-05-21,407.44483604795727,410.1063540449131,403.14908461345055,408.7989501953125,5310912
2025-05-22,409.96628253048584,410.4332145151447,402.9623027606028,406.32421875,5505100
2025-05-23,406.60434631981354,413.32817796421784,404.5031524933454,410.9468078613281,4707367
2025-05-26,414.68227293166245,417.81072284390183,413.0013292321762,416.08306884765625,4402485
2025-05-27,416.50333527156283,422.43337724714365,414.5422152128075,418.3710632324219,7017265
2025-05-28,419.02477317854573,419.72517115343794,414.6356011361813,417.297119140625,5398706
2025-05-29,420.2387932106851,427.2427730975298,415.56947328612193,421.7796630859375,8539002
2025-05-30,422.94695984873965,423.0403519397493,406.23080153154734,406.7444152832031,13752148
2025-06-02,405.11016871823233,406.1841350564548,397.7326492384366,403.8027648925781,9008143
2025-06-03,407.16469450919857,411.1802982158899,402.9623066071541,405.2969665527344,6553349
2025-06-04,405.2969476624066,409.3592614782309,401.9350317976119,407.9584655761719,4747404
2025-06-05,409.03241590188566,413.0947298418604,404.8300280672772,410.1063537597656,5877012
2025-06-06,411.64724110548616,419.7718693309536,409.5927573985326,418.4177551269531,10475617
2025-06-09,422.57344279540223,430.88482635716014,421.2660389484852,427.6163024902344,8982580
2025-06-10,429.4840324988591,436.76818853721,428.7369527253564,431.02490234375,8036246
2025-06-11,433.77979365616727,441.81102912016036,431.5852077300666,438.2623291015625,15635681
2025-06-12,439.3830125707239,440.643734672215,427.7097125555612,430.04437255859375,7559224
2025-06-13,420.61233644529443,432.98603434365856,417.0636646741498,427.8031005859375,6666190
2025-06-16,433.3128745170983,436.11446637820023,426.49567905479006,433.219482421875,8258945
2025-06-17,433.3128951010561,435.04054919732545,427.52292691336083,428.5968933105469,5621986
2025-06-18,433.3128786452629,436.8148685050037,423.36723314345227,426.3088989257813,15852801
2025-06-19,426.30888382322553,427.1026738631657,407.9117530120899,410.4331970214844,12549420
2025-06-20,409.4526611288331,419.7718463980897,408.7522631648763,417.53057861328125,11493281
2025-06-23,414.63561428793844,421.59291245891825,412.81456809575064,420.0987243652344,7310603
2025-06-24,425.93273762672356,428.63632538156384,421.66392399794796,422.8971252441406,6350436
2025-06-25,424.9367164224813,424.9367164224813,416.92082102537125,419.2449645996094,6329973
2025-06-26,420.2409998938752,433.52175384085996,418.4860373323601,432.09881591796875,10412097
2025-06-27,435.8458803026543,446.8024903001811,435.41898736259685,439.9249572753906,23776172
2025-06-30,442.10678410225376,443.8617465964448,433.4268688955464,437.1739501953125,6466543
2025-07-01,438.26490555107483,446.0910645787726,432.9051781887223,441.96453857421875,11455315
2025-07-02,443.1502977866497,450.5970120922284,439.07122062550275,445.3321533203125,11881474
2025-07-03,443.9566204235118,448.083146082782,433.56916227601226,434.75494384765625,17268863
2025-07-04,437.31626157165033,439.83011281676585,431.71937811371953,435.4664306640625,4456947
2025-07-07,435.41899021085885,436.0355908340625,429.7272387048346,430.8656005859375,4498429
2025-07-08,430.5810016887638,434.66010769522376,428.9683561092527,432.8576965332031,4116967
2025-07-09,437.3162600841295,437.7905727306416,399.0392237206561,418.1065979003906,38812827
2025-07-10,416.0670799922714,420.00386936406284,410.94450894525664,416.6362609863281,13276890
2025-07-11,415.49787510807806,423.3240337145658,414.122356864009,420.00384521484375,8741844
2025-07-14,417.9643007828468,427.3082655053426,416.7310705589576,425.1738586425781,5611380
2025-07-15,426.8813781738281,428.0671597798665,422.2331200681068,426.8813781738281,5408813
2025-07-16,426.8813852804405,427.3082782456196,421.7588144470245,424.46240234375,3554230
2025-07-17,424.4624117676402,426.691658113801,420.66791048090215,421.5216674804688,2713654
2025-07-18,421.5216360002712,425.7430009966577,420.7627184297528,422.8971252441406,3419720
2025-07-21,428.3991929202932,433.04745111825054,425.6007366946138,430.5335998535156,6402589
2025-07-22,430.4861450820121,433.2371815831921,426.9762488783715,427.4505615234375,2871620
2025-07-23,427.6877294485038,433.6166376726714,427.35570479800094,432.2411193847656,3049686
2025-07-24,431.62449423884794,433.853769394646,425.1264054037645,428.1620178222656,4846149
2025-07-25,426.881370385502,427.7351273363238,419.8141005625548,420.7627258300781,2481198
2025-07-28,420.7152980061106,420.9050346358424,412.41482707588864,415.450439453125,3837524
2025-07-29,414.5966633893549,418.818057428041,411.13418693782654,416.9208068847656,3034968
2025-07-30,417.86943585245194,418.059172488356,411.32392721020614,412.2725524902344,2945839
2025-07-31,406.96024914217037,412.0828199148498,402.2171226952919,403.7823486328125,7762131
2025-08-01,403.2606130944099,408.8574964672373,400.6518935693869,402.6440124511719,4291007
2025-08-04,402.5965676403141,411.08677557318356,400.5096093703255,409.2843933105469,3635372
2025-08-05,410.1855436412875,416.5413442618636,408.5728981202159,415.92474365234375,5703172
2025-08-06,417.3002694536058,419.8141207434369,414.9761548062986,417.9168701171875,4042034
2025-08-07,415.02355998223874,417.0630985442022,407.9088703825432,415.3081359863281,4103120
2025-08-08,415.3081407475504,417.30025964825256,408.28831938532255,409.2843933105469,2396484
2025-08-11,409.8061359701769,412.4148555857278,404.7309847463376,408.0037536621094,5148588
2025-08-12,407.9088503160163,414.7389635756242,407.00764476449,410.9918823242188,4915393
2025-08-13,413.4108943696205,422.4228347241879,412.746874029132,416.2093505859375,5925324
2025-08-14,416.8259373996867,417.11054235022806,406.1064834401156,408.0986022949219,5618967
2025-08-18,417.3951360469695,417.3951360469695,410.84962720345504,415.6876220703125,4699393
2025-08-19,419.2923672027827,427.8299945892648,417.53740467227897,427.0711059570313,12000341
2025-08-20,427.83001859688466,429.53753259009966,415.3081528141501,422.6125793457031,19775631
2025-08-21,422.75483124624986,425.93273158140533,420.3832681528122,423.94061279296875,8103807
2025-08-22,428.44660974022463,428.77863438423253,420.90505599645616,421.4267883300781,16717742
2025-08-25,423.94063440826926,428.30431651263297,421.23704655395454,427.16595458984375,13543057
2025-08-26,427.8544557444529,428.2478791257895,419.0022945911193,421.1661682128906,10665952
2025-08-28,421.16618094549847,422.7398745184205,414.1828031546039,417.5269470214844,6955858
2025-08-29,417.5269371951643,421.51039773433047,413.10085658885515,413.74017333984375,7712901
2025-09-01,415.8548515466346,427.75609654940126,415.8548515466346,423.920166015625,7817717
2025-09-02,424.90373832548863,428.19871544770393,416.4450004944567,424.51031494140625,6420682
2025-09-03,426.1332166033398,434.44442464054634,425.4938998350042,432.23138427734375,10052593
2025-09-04,438.67379462574047,438.67379462574047,427.8053191196649,428.5429992675781,7605728
2025-09-05,428.8380583175505,439.46064041615136,428.4446349095064,438.1820068359375,8277809
2025-09-08,433.75590370074116,434.6903105111438,426.23157259898437,427.2643127441406,11885826
2025-09-09,427.8544558979381,430.7068129340017,424.8545688458554,425.6905822753906,6379983
2025-09-10,427.8544697168107,430.3134034508153,424.90374923600507,426.5758361816406,5516735
2025-09-11,426.9200645572572,432.5756121675364,425.83815772309816,430.5101318359375,6964582
2025-09-12,432.7723409622316,447.525943495035,431.88713081351966,443.4932861328125,15838929
2025-09-15,447.5751077853932,455.1978023868376,445.3129007488963,446.935791015625,14003502
2025-09-16,449.49308859200903,455.787952976037,447.5259415959827,453.7224426269531,9675778
2025-09-17,457.36167488552815,463.26311585179303,436.70663150360105,448.65704345703125,27609041
2025-09-18,448.6570394283196,451.4110631976154,445.1653655611454,448.1652526855469,7741800
2025-09-19,450.4766592442505,450.9684459901504,444.7227483139663,448.1160888671875,10444975
2025-09-22,447.52594043996703,455.00110500881385,447.18168371329546,450.9192810058594,6873708
2025-09-23,450.9192862194935,452.34544979464954,444.8211184705434,449.6898193359375,6504267
2025-09-24,449.44393205039216,451.4602457602378,439.6573635181401,441.0835571289063,8390096
2025-09-25,443.5916593967204,456.37811521081653,442.1162991104785,454.06671142578125,12571562
2025-09-26,454.6568555613524,456.1813824972305,437.7885758471892,440.5917663574219,10271939
2025-09-29,443.5916391080621,450.0340333901482,440.2966619495688,444.82110595703125,11707970
2025-09-30,449.8865175701648,460.50912949028117,446.5423736386821,458.1485290527344,16517105
2025-10-01,460.853345741102,462.1320092851185,450.9684441943895,457.2141418457031,7779725
2025-10-03,457.2141542974925,472.01692368675975,456.8698975641018,463.2139587402344,21404838
2025-10-06,467.1482296288711,470.1481166933101,459.4271719184133,463.0663757324219,9042871
2025-10-07,467.19740206386393,468.6727622809077,462.5254280432253,464.0991516113281,5931853
2025-10-08,464.1483343621825,470.0989721202263,457.95183324239235,464.9352111816406,10158945
2025-10-09,465.2302720123311,477.0331541775488,459.6730876627974,476.2463073730469,16201074
2025-10-10,475.0659910649698,477.03313802590134,465.9679363706614,474.2791442871094,13091981
2025-10-13,471.623484515369,472.7545880161644,466.8531471254611,471.4267578125,8312537
2025-10-14,475.902056637708,481.065817650069,467.0006982161546,472.1644592285156,14181566
2025-10-15,472.1644528015163,476.54136693988124,468.3777187903546,475.11517333984375,7569516
2025-10-16,477.0331496949293,477.0331496949293,467.197414649673,471.2300720214844,5099739
2025-10-17,470.14812777662974,473.19721159601045,459.86977280931035,466.26300048828125,5816016
2025-10-20,468.18098888159415,470.63992264672856,464.29586152616923,466.115478515625,4010765
2025-10-21,469.6563479418423,470.0989680249492,466.7056274312129,467.8367309570313,841526
2025-10-23,469.2629186804823,476.8856132376999,466.85315162039797,475.3118896484375,11194491
2025-10-24,481.9510276621891,492.81950311622165,479.2462004661258,487.45904541015625,25748299
2025-10-27,492.770313200651,497.63901393040317,489.0819126527419,496.95050048828125,13611047
2025-10-28,497.6390098352665,501.37657701987854,491.442478956003,494.1965026855469,10881126
2025-10-29,495.770200301708,515.7859566277068,495.770200301708,507.72064208984375,25108474
2025-10-30,504.5731966757482,506.4420103060903,494.9341885508329,498.6225891113281,7439433
2025-10-31,498.6225968760508,499.065186940434,483.1313142807352,485.44268798828125,13235197
2025-11-03,493.7539030376233,506.0485719379626,492.1801794151236,504.5732116699219,16492217
2025-11-04,502.6060468586412,509.09760779525885,496.8029693463083,499.8028564453125,9015840
2025-11-06,501.6224907685764,505.95023823136967,494.34405278813176,496.6554565429688,7236023
2025-11-07,492.77031269127184,508.7533817156893,489.327805516782,506.5895080566406,9229050
2025-11-10,512.4417851914795,517.9497726891504,509.7369581103345,511.06475830078125,9368684
2025-11-11,511.5565335993426,516.277734243232,507.0812863535256,515.2449340820312,6857737
2025-11-12,516.3760872547192,520.1628212148956,509.4910727579896,512.04833984375,8017904
2025-11-13,518.3432455538031,526.7036204820902,515.5892517015859,520.9005126953125,14483739
2025-11-14,519.3268308166037,522.5726115026944,512.9336027857174,516.7203369140625,6780850
2025-11-17,518.2940570647095,519.3267972117434,510.8188626004584,512.2450561523438,4575270
2025-11-18,513.0811466027371,513.2286466100152,499.9012375275014,502.3110046386719,7919977
2025-11-19,500.6389199782334,506.3436343683293,499.2127263725686,503.3929138183594,4009545
2025-11-20,507.5239212313021,510.4746417035771,500.78643681635134,501.3765869140625,5736356
2025-11-21,501.6224857502151,502.6060592516861,486.4262631459755,488.2458801269531,8023391
2025-11-24,489.9671389929918,495.2292632853777,485.6885882125927,487.01641845703125,10371411
2025-11-25,487.45902355916365,498.5242252288649,487.45902355916365,496.3603515625,7658295
2025-11-26,499.55695859528856,508.50748316095206,497.78653835868704,507.8189697265625,7777469
2025-11-27,510.1795741583172,515.1466082070713,508.85171394578873,510.5729675292969,5978457
2025-11-28,510.8681188481984,522.0808211442564,510.13043869585647,517.3596801757812,9990143
2025-12-01,526.2118208379499,528.8183146177421,521.2939533534831,524.5397338867188,10279499
2025-12-02,522.1299416683062,531.0313294125715,521.392261581161,529.5559692382812,9490883
2025-12-03,532.1132887216124,532.1624553924304,520.0645127755131,524.0479736328125,9182829
2025-12-04,525.9167409970632,534.0803887074421,519.5726801744131,520.94970703125,14735849
2025-12-05,520.1627978616038,522.7201248651123,509.2943231862312,515.88427734375,14808276
2025-12-08,515.6875815847064,518.6383021278566,500.8356455305423,502.8519592285156,7598744
2025-12-09,501.5241139742478,509.0976117986171,494.0981461693654,507.6714782714844,7594795
2025-12-10,510.7205326359351,522.0316277256092,507.6714788421779,515.5892333984375,14712797
2025-12-11,519.3268179172596,525.7200457893471,516.4744306997644,520.3595581054688,11125398
2025-12-12,526.2118241136484,537.5720860669727,526.2118241136484,534.6705322265625,18629112
2025-12-15,532.0640970902275,542.7358455573917,530.4903434699249,540.3753051757812,13889922
2025-12-16,538.9982513615288,563.4892543141548,536.2442577041496,560.1450805664062,34011443
2025-12-17,570.472647562241,570.9152676573798,556.8009514783272,560.440185546875,30344596
2025-12-18,560.3418154222043,573.4233305096517,554.7354346611382,569.6365966796875,14766995
2025-12-19,572.4397790980607,573.8168060161327,562.1122573102091,572.0463256835938,16753034
2025-12-22,580.3083669175189,584.734447682144,571.9479921398936,576.0298461914062,16201067
2025-12-23,576.3740636818145,581.095204415358,574.9970367862736,576.7675170898438,7941430
2025-12-24,580.259209070009,589.9473842112772,577.5543818949525,588.3245239257812,15686960
2025-12-26,593.7833182644564,597.9143388617973,587.1441973149101,591.0784912109375,12119491
2025-12-29,598.9962646194692,605.8812791553253,580.7018214372199,583.357421875,25560591
2025-12-30,583.9967502848156,597.0290988174872,581.4394832650137,595.6029052734375,14079178
2025-12-31,599.9798505224444,600.0290171922039,589.5047684634122,594.4718627929688,8925223
2026-01-01,593.0948370731566,596.9307978433717,587.8819093840015,592.7506103515625,4250535
2026-01-02,594.2751118891906,608.2910340562349,593.6849317784098,606.815673828125,9255218
2026-01-05,610.3073557943493,614.2416497881887,599.6847740174951,605.5370483398438,8336113
2026-01-06,608.045130391646,617.585805045094,607.8484036913827,611.5368041992188,10820314
2026-01-07,615.6678317016797,619.5529589534925,608.1434705680099,611.9794311523438,10182854
2026-01-08,608.8319981787555,608.9303315160017,585.2262341136664,593.5866088867188,18002061
2026-01-09,593.0948209238352,605.1927629759681,592.4554741353534,599.832275390625,10839255
2026-01-12,609.6679986910622,618.3726600246767,604.7009646144,617.0447998046875,13566302
2026-01-13,620.7331979908578,631.94595965377,618.7660510347372,626.7330322265625,17754332
2026-01-14,636.3720426739387,668.28901416232,631.6017353006129,664.6497802734375,45759805
2026-01-15,664.6497802734375,664.6497802734375,664.6497802734375,664.6497802734375,0
2026-01-16,664.6498087410174,674.7314373604705,653.4370465561124,671.4856567382812,27743749
2026-01-19,673.6986882138269,676.698575415187,662.4367595089076,663.7153930664062,16748844
2026-01-20,664.8956690386308,675.2231905251776,658.158214748527,660.7646484375,18175860
2026-01-21,660.7646666751751,666.7645010572584,648.1749378553619,665.5350341796875,16508847
2026-01-22,668.8299975123667,682.6000268729155,653.879667914401,667.502197265625,19313521
2026-01-23,673.7478176241226,687.5178460135207,670.2561438604657,672.9118041992188,21435331
2026-01-27,685.6490637214309,695.7306921094357,683.140963299708,693.8619384765625,18667388
2026-01-28,699.419093339591,729.7623718993171,698.435519837478,724.9920043945312,26645434
2026-01-29,733.0081585891485,757.1548762617551,730.7951181908585,753.7615356445312,30290476
2026-01-30,742.5979761814675,742.5979761814675,664.0104312453977,670.3544921875,54628339
2026-02-02,642.6177170441912,663.4694870830185,628.5526281138119,649.7978515625,35747809
2026-02-03,683.5835756582068,688.5014431089852,642.814442484741,664.5514526367188,21124257
2026-02-04,668.8299698773129,682.5508320011612,666.4693695000155,676.5018310546875,13319058
2026-02-05,649.207685456234,654.3714464011313,633.6180692832362,644.4373779296875,18234038
2026-02-06,632.437753189486,662.2891845564005,629.7329260957518,660.0269775390625,16866400
2026-02-09,670.7971468859186,674.8297743424417,659.8795047252877,668.5841064453125,10904101
2026-02-10,674.7314393082488,681.3705606133956,666.8628510947416,678.8132934570312,10605218
2026-02-11,683.5835674544871,693.419302238005,678.1739133235524,689.632568359375,11146383
2026-02-12,689.6326051917376,697.3536333961447,686.5343245564301,691.206298828125,8735305
2026-02-13,673.7478243796685,673.7478243796685,651.6665880558958,662.5842895507812,15868021
2026-02-16,658.0106581678338,670.2561600012361,654.3222576175656,668.6332397460938,6387272
2026-02-17,668.6332443523744,668.8299710562562,649.4535613588495,657.2238159179688,10070194
2026-02-18,658.9942657560725,667.6988674922129,657.322178746895,666.8628540039062,7902530
2026-02-19,672.2233487703563,677.4854432029907,662.6826734137676,665.0432739257812,8113467
2026-02-20,664.6006249785198,672.2233195923026,661.5023444450542,671.23974609375,6871777
2026-02-23,683.5835838947821,684.3212640212873,659.2893063886997,670.0594482421875,10762317
2026-02-24,667.3545894206779,687.4195119218106,664.8956557824293,683.681884765625,10730605
2026-02-25,694.7963505318281,720.3200350555555,694.7963505318281,715.8447875976562,23666523
2026-02-26,721.0085562136088,726.2214838586433,713.2875281012294,725.3363037109375,13822953
2026-02-27,722.7298129269254,722.7298129269254,703.2550691717587,706.5992431640625,12543859
2026-03-02,683.5835510438206,718.9921954144357,683.5835510438206,711.4678344726562,13268756
2026-03-04,698.4355415207959,706.9434765912326,680.5345512526416,689.4850463867188,14669674
2026-03-05,694.845509607155,725.7789081230314,694.4028895265817,699.566650390625,22092809
2026-03-06,700.4026659696923,717.3201421914873,690.173537579989,709.156494140625,13468762
2026-03-09,697.4027835652984,701.5338043037785,686.5343083127058,697.7470703125,10105473
2026-03-10,708.1729286595395,712.0580560385592,691.5505122932557,710.1400756835938,14950497
2026-03-11,715.6480564141492,731.2868991171028,703.2550542955327,709.6974487304688,15906006
2026-03-12,718.2545619667163,718.3037286361342,692.9767105318646,707.7794799804688,10180516
2026-03-13,702.7632539143093,703.7468273977443,673.2068827435997,678.2230834960938,15416801
2026-03-16,676.6985520174273,686.0425000467378,666.125137142155,674.3379516601562,11112301
2026-03-17,678.3706730730898,690.8128421608333,667.2563042327819,687.8621215820312,9586258
2026-03-18,688.5014170223905,688.5014170223905,663.4202939737177,667.8463745117188,11227748
2026-03-19,656.0435135225877,677.3870701219638,649.5519525442343,654.4205932617188,13840558
2026-03-20,658.9942683068011,676.8461519761977,653.4862805250237,661.1581420898438,25993024
2026-03-23,649.15850029036,650.0437404401442,623.8314830441832,635.142578125,21999651
2026-03-24,653.0928200884729,653.0928200884729,632.9787295114643,640.896484375,14286858
2026-03-25,650.1420895469062,662.7318184574896,648.1749425286099,658.6500244140625,12926445
2026-03-27,655.4500122070312,666.7000122070312,648.0499877929688,649.4000244140625,17226044
2026-03-30,652.9500122070312,678.5999755859375,650.25,654.7999877929688,24457507
2026-04-01,664.0,689.5,663.1500244140625,677.2000122070312,16756679
2026-04-02,669.9000244140625,689.5999755859375,652.7999877929688,687.6500244140625,16016248
2026-04-06,687.75,708.4000244140625,686.7999877929688,690.0,13013026
2026-04-07,700.0499877929688,718.9500122070312,693.0,713.25,20950898
2026-04-08,734.0,735.0,717.2999877929688,721.4000244140625,16394216
2026-04-09,725.0,739.0,722.2999877929688,737.0,15515507
2026-04-10,740.0,746.5,731.75,745.1500244140625,15333995
2026-04-13,735.0,754.5999755859375,734.0,752.5499877929688,12586088
2026-04-15,752.0,768.0,741.0999755859375,766.0499877929688,23115401
2026-04-16,772.0,787.8499755859375,770.2999877929688,782.8499755859375,15151305
2026-04-17,782.8499755859375,791.1500244140625,772.4000244140625,787.5,9934013
2026-04-20,782.9500122070312,782.9500122070312,768.1500244140625,771.0,10554185
2026-04-21,791.7000122070312,795.0,763.1500244140625,766.7999877929688,30562626
2026-04-22,769.7000122070312,773.8499755859375,755.5,757.0,14257215
2026-04-23,758.7999877929688,758.7999877929688,733.0499877929688,735.5999755859375,17456241
2026-04-24,734.9500122070312,734.9500122070312,707.5999755859375,720.9500122070312,19062006
2026-04-27,724.25,746.5999755859375,720.5499877929688,742.5,22351684
2026-04-28,747.0,757.9500122070312,728.7000122070312,739.2999877929688,37978285
2026-04-29,745.0,780.0,732.2000122070312,773.5999755859375,54738724
2026-04-30,289.5,292.0,268.70001220703125,271.54998779296875,73870853
2026-05-01,271.54998779296875,271.54998779296875,271.54998779296875,271.54998779296875,0
2026-05-04,277.0,296.0,274.95001220703125,294.6499938964844,86297119
2026-05-05,296.95001220703125,305.8999938964844,292.0,303.8999938964844,69612545
2026-05-06,310.0,318.0,308.6000061035156,316.3999938964844,75050951
2026-05-07,319.8999938964844,322.75,303.6000061035156,305.3999938964844,64690914
2026-05-08,305.6499938964844,306.3999938964844,295.8999938964844,296.45001220703125,32681575
2026-05-11,296.6000061035156,301.54998779296875,294.20001220703125,298.3999938964844,25738983
2026-05-12,298.1000061035156,309.8999938964844,298.1000061035156,305.04998779296875,47596105
2026-05-13,311.95001220703125,325.5,308.79998779296875,323.3500061035156,72680545
2026-05-14,329.0,340.6499938964844,325.1000061035156,338.8999938964844,77635934
2026-05-15,338.8999938964844,338.8999938964844,325.0,331.04998779296875,56392805
2026-05-18,323.8999938964844,329.3500061035156,320.6499938964844,327.0,21115770
2026-05-19,325.3999938964844,339.0,325.3999938964844,337.6499938964844,35074019
2026-05-20,332.54998779296875,339.45001220703125,331.45001220703125,333.75,21015658
2026-05-21,338.0,338.25,328.8999938964844,329.75,14507403
2026-05-22,331.0,333.6000061035156,327.0,329.95001220703125,14086715
2026-05-25,333.0,335.3999938964844,330.5,332.5,11129217
2026-05-26,332.5,348.5,332.1499938964844,344.8999938964844,39844071
2026-05-27,347.3999938964844,357.95001220703125,345.8999938964844,354.70001220703125,26959207
2026-05-28,354.70001220703125,354.70001220703125,354.70001220703125,354.70001220703125,0
2026-05-29,359.95001220703125,360.0,350.0,352.6000061035156,32684449
2026-06-01,355.1000061035156,356.6499938964844,335.04998779296875,337.1499938964844,21598323
2026-06-02,336.45001220703125,343.5,328.20001220703125,333.54998779296875,30249461
2026-06-03,333.54998779296875,334.0,325.0,328.20001220703125,20194365
2026-06-04,328.20001220703125,330.79998779296875,325.0,327.5,13730888
2026-06-05,329.6000061035156,329.70001220703125,312.3500061035156,315.6000061035156,20824974
2026-06-08,311.0,314.79998779296875,301.6499938964844,304.25,14491919
2026-06-09,305.0,309.79998779296875,303.25,306.25,12416474
2026-06-10,306.29998779296875,306.3999938964844,296.3999938964844,299.29998779296875,13610674
2026-06-11,295.04998779296875,310.0,292.79998779296875,304.8999938964844,21784565
2026-06-12,314.0,314.0,303.70001220703125,309.6499938964844,18636477
2026-06-15,313.1499938964844,318.45001220703125,300.3999938964844,302.5,28394765
2026-06-16,302.5,304.29998779296875,295.6000061035156,299.95001220703125,21934302
2026-06-17,299.0,308.20001220703125,297.29998779296875,306.5,17292581
2026-06-18,307.0,309.0,302.75,306.0,12373677
2026-06-19,302.3999938964844,304.8999938964844,299.5,300.79998779296875,15040336
2026-06-22,300.79998779296875,306.79998779296875,300.79998779296875,305.8500061035156,13551008
2026-06-23,294.5,294.5,279.0,281.70001220703125,174644055
2026-06-24,280.95001220703125,284.3500061035156,278.1499938964844,282.54998779296875,21011503
2026-06-25,279.0,279.0,271.3999938964844,273.45001220703125,39094966
2026-06-26,273.45001220703125,273.45001220703125,273.45001220703125,273.45001220703125,0
2026-06-29,270.5,287.3999938964844,270.5,284.54998779296875,57647547
2026-06-30,283.8999938964844,283.8999938964844,278.04998779296875,280.75,17134140
2026-07-01,280.75,281.0,274.6499938964844,275.54998779296875,15467108
2026-07-02,277.0,279.75,275.25,276.1000061035156,11185934
2026-07-03,279.0,282.79998779296875,278.79998779296875,280.3999938964844,12313780
2026-07-06,281.95001220703125,282.8500061035156,278.54998779296875,282.0,9188601
2026-07-07,282.0,282.3500061035156,274.1000061035156,275.04998779296875,13028080
2026-07-08,273.6000061035156,278.79998779296875,270.6499938964844,272.29998779296875,20776930
2026-07-09,273.25,274.70001220703125,270.79998779296875,271.3500061035156,10018324
2026-07-10,273.79998779296875,276.75,272.20001220703125,272.54998779296875,11889321
2026-07-13,271.0,271.25,268.1000061035156,269.6499938964844,9688301
2026-07-14,269.6499938964844,270.95001220703125,266.20001220703125,267.70001220703125,11000576
2026-07-15,268.0,271.29998779296875,260.1000061035156,260.54998779296875,21696090
2026-07-16,261.0,262.3999938964844,256.1000061035156,257.8999938964844,15712716
2026-07-17,258.0,258.3999938964844,249.6999969482422,253.0500030517578,24108053
2026-07-20,253.0500030517578,262.95001220703125,252.8000030517578,261.8500061035156,13725150
2026-07-21,261.8500061035156,266.29998779296875,259.54998779296875,264.8500061035156,11178039
2026-07-22,264.8500061035156,266.1499938964844,260.95001220703125,262.29998779296875,6972972
2026-07-23,261.0,268.29998779296875,261.0,264.6000061035156,9488717
2026-07-24,262.0,266.04998779296875,260.1000061035156,264.6499938964844,6744189
2026-07-27,267.04998779296875,268.1000061035156,264.0,264.6499938964844,7084059
2026-07-28,264.6499938964844,266.0,259.0,259.3500061035156,5991534
2026-07-29,260.1499938964844,265.5,260.1000061035156,264.5,4780075
2026-07-30,265.3999938964844,269.70001220703125,263.25,267.5,9414948
2026-07-31,268.79998779296875,269.0,263.0,264.25,15446979
2026-08-03,267.8999938964844,268.79998779296875,264.5,267.25,6725800
2026-08-04,268.0,271.8999938964844,266.04998779296875,269.0,14077888
2026-08-05,270.0,277.20001220703125,267.6000061035156,277.0,17363666
2026-08-06,280.95001220703125,282.3500061035156,273.6000061035156,275.0,18499108
2026-08-07,273.95001220703125,278.8500061035156,271.8500061035156,278.8500061035156,10287563
2026-08-10,280.0,285.79998779296875,277.20001220703125,283.6499938964844,26401833
2026-08-11,284.8999938964844,286.3999938964844,275.0,275.0,13475283
2026-08-12,276.25,281.0,273.0,275.79998779296875,10568708
2026-08-13,276.20001220703125,276.8999938964844,268.75,271.1000061035156,8900356
2026-08-14,270.0,271.1000061035156,266.54998779296875,267.5,10612499
2026-08-17,268.0,270.6499938964844,267.04998779296875,269.70001220703125,6638615
2026-08-18,268.8999938964844,270.5,264.0,264.0,9772133
2026-08-19,264.0,264.70001220703125,261.3500061035156,262.6000061035156,8301777
2026-08-20,265.20001220703125,271.95001220703125,265.20001220703125,268.0,9569566
2026-08-21,270.29998779296875,279.70001220703125,269.0,279.0,23088301
2026-08-24,280.04998779296875,281.45001220703125,272.3999938964844,277.0,18926670
2026-08-25,276.0,276.79998779296875,273.0,275.0,7970246
2026-08-26,275.5,287.0,273.25,286.5,24161109
2026-08-27,289.0,291.0,279.20001220703125,281.0,13441814
2026-08-28,283.70001220703125,289.5,282.3999938964844,287.95001220703125,19438996
2026-08-31,284.0,284.0,276.5,278.20001220703125,16664814
2026-09-01,280.0,281.95001220703125,272.75,274.0,6769011
2026-09-02,272.0,272.0,267.75,270.70001220703125,7580567
2026-09-03,272.0,274.75,268.0,270.5,5945928
2026-09-04,272.0,274.5,268.8500061035156,272.1000061035156,5992724
2026-09-07,272.1000061035156,272.5,267.0,268.0,4892640
2026-09-08,269.29998779296875,272.79998779296875,269.1499938964844,272.0,5812809
2026-09-09,271.5,275.75,268.54998779296875,272.5,8634652
2026-09-10,273.75,275.1000061035156,268.79998779296875,269.04998779296875,4834991
2026-09-11,264.0,264.8500061035156,256.5,263.70001220703125,11843976
2026-09-14,263.70001220703125,263.70001220703125,263.70001220703125,263.70001220703125,0
2026-09-15,263.70001220703125,264.3999938964844,253.5500030517578,257.0,9234199
2026-09-16,256.0,257.70001220703125,252.5,256.0,5794228
2026-09-17,254.0,257.70001220703125,253.9499969482422,257.45001220703125,3297466
2026-09-18,258.0,267.6000061035156,258.0,267.6000061035156,8484152
