Date,Open,High,Low,Close,Volume
2016-09-19,80.84648134869968,81.17491872496461,80.20644549677046,80.83805847167969,11299922
2016-09-20,81.26756829515892,81.26756829515892,80.52647151981328,81.02334594726562,5829321
2016-09-21,81.3433649382402,81.60443305685328,80.88860487705914,81.49494934082031,8668616
2016-09-22,81.68864095265826,81.722325610998,80.77911405684443,81.14124298095703,7633032
2016-09-23,81.39388602916097,81.46967822176522,80.68648080912132,80.88017272949219,12300882
2016-09-26,80.91385332289573,81.01491414358541,80.18960238379191,80.72858428955078,11939239
2016-09-27,80.90543525412197,81.68863952741691,80.67805867421572,81.55389404296875,9878285
2016-09-28,81.5875652367395,81.63809564174879,80.90542190271132,81.46966552734375,4245028
2016-09-29,81.46967668343368,81.51178421780095,79.16218517079501,79.53273010253906,26351076
2016-09-30,79.66747403028916,80.84648496959103,79.66747403028916,80.66963195800781,11216973
2016-10-03,80.84649261571158,80.86333151865891,79.88644213074188,80.66963958740234,5336686
2016-10-04,80.6780524705402,81.68021036888322,80.6780524705402,81.149658203125,7095976
2016-10-05,81.14966637634211,81.3770429616653,80.28224701128201,80.77069854736328,7538366
2016-10-06,80.8464885793109,80.94754255227063,80.34962103196551,80.50962829589844,7396014
2016-10-07,80.50962431199777,80.79595416804175,80.10538787984186,80.33277130126953,5566297
2016-10-10,80.37487880880762,80.80437701945553,80.18960292078235,80.34119415283203,3538004
2016-10-13,80.34120485900789,80.67806517053278,79.9032837126493,80.55174255371094,7329358
2016-10-14,80.47593156340359,81.04859121790525,79.88642615588287,80.00432586669922,6884195
2016-10-17,80.01276643811607,80.11382041826157,79.43167692515735,79.5243148803711,8298392
2016-10-18,79.68430707768158,81.53703841761754,79.66746817756386,81.30966186523438,5801342
2016-10-19,81.68863865937239,83.69295458888037,81.47810098385936,83.37294006347656,12378636
2016-10-20,83.86139062722211,84.4087886220542,82.90134013005083,83.44031524658203,6252382
2016-10-21,84.18982121764274,84.38351311986678,83.08660252906058,84.08033752441406,10617160
2016-10-24,82.53079888166225,82.53079888166225,80.44226078758838,81.51179504394531,18579446
2016-10-25,81.52018876153798,81.62124270922858,80.71172291282166,81.08226776123047,18599248
2016-10-26,80.9728118664489,80.9728118664489,79.25482577728769,79.42325592041016,7329390
2016-10-27,79.38116119713327,79.77696798529216,77.47789890196556,77.76422882080078,10042829
2016-10-28,77.76421942650903,78.55583976063646,76.48414754543123,77.83158874511719,12320247
2016-11-01,78.3284454931845,78.56424490853847,77.47787205715105,77.60419464111328,3786724
2016-11-02,77.09049899540734,77.62105122756887,76.19781782797337,77.12418365478516,7523630
2016-11-03,77.1410285469793,77.4694659657541,75.12828279033937,75.38935089111328,8053976
2016-11-04,75.41460991201984,76.42519067385169,74.81668159058145,76.21465301513672,6547449
2016-11-07,76.63572975202077,76.7115219398741,75.53251102923254,75.7935791015625,7134574
2016-11-08,76.29886314559113,76.78730774085417,75.19564451456439,76.08832550048828,6916238
2016-11-09,71.58282210665726,75.86937458652523,68.73635552578321,75.27144622802734,11558738
2016-11-10,75.9872738984294,76.02938143255302,74.1261195194774,74.94300842285156,8316376
2016-11-11,74.42928899227933,74.808256768111,73.10710978855764,74.50508117675781,10485629
2016-11-15,74.36193014973897,76.02938585668734,74.03348588171079,75.44830322265625,37705734
2016-11-16,75.62514240558937,76.5515080406651,74.46297049679465,75.00194549560547,8829107
2016-11-17,74.63140291124246,74.94300137583303,73.06500141844722,73.83978271484375,11076418
2016-11-18,74.10086298842147,74.4461461633771,72.8628986561348,73.62925720214844,5763107
2016-11-21,73.6882010061575,74.74088929824093,73.63767059744963,74.41244506835938,8909576
2016-11-22,74.44614382375252,76.29887539818183,73.95769229661167,75.86095428466797,5891539
2016-11-23,75.86095209215866,76.10517442195062,74.46298057389589,75.60830688476562,6756803
2016-11-24,75.53251592122223,76.61888895998624,75.22091741899565,75.91990661621094,7374200
2016-11-25,76.29886955380024,78.65689137699835,75.96200929334337,78.27792358398438,6822590
2016-11-28,78.82532853204553,78.82532853204553,76.7367906190212,77.57894134521484,6135518
2016-11-29,77.71367816350349,78.57267454978012,77.56209379107321,78.34529113769531,3333673
2016-11-30,78.32002930923487,79.32218719028045,77.8147389302096,78.36213684082031,11587709
2016-12-01,79.11165394083007,79.32219161048943,78.19371107180325,78.8758544921875,3302127
2016-12-02,79.24640479598457,79.33061986956126,77.22524303014404,77.54525756835938,4041268
2016-12-05,77.47788660565918,77.47788660565918,76.30729847848826,76.91364288330078,3176116
2016-12-06,76.80417753590999,77.95792008016718,76.78733177765294,77.10735321044922,3357785
2016-12-07,77.20838444661906,77.43576784887463,76.13043442530461,76.3578109741211,3144911
2016-12-08,76.63572871105198,77.38524140909105,76.48413748396489,77.24207305908203,5596430
2016-12-09,77.15786743164062,77.68000363306584,76.88838330626011,77.15786743164062,5430270
2016-12-12,76.63573233594505,76.78731671676269,76.04622686074792,76.39151000976562,3831332
2016-12-13,76.8883860797382,78.16003511673867,76.64416372643254,78.10950469970703,6269049
2016-12-14,78.17686493334774,78.88427012924494,78.02528055331253,78.53899383544922,5507907
2016-12-15,77.57895176475611,79.48221403226678,77.57895176475611,78.50531768798828,5511310
2016-12-16,78.53898085356408,79.18743265368592,77.46944693235108,78.06737518310547,8818851
2016-12-19,77.94105257837367,78.57266547965453,77.89052217558348,78.07579803466797,4144553
2016-12-20,78.64005370387639,79.14534414648679,77.7557954293082,78.59794616699219,4334313
2016-12-21,78.90954484202118,79.24640513778084,77.68000339181036,77.89054107666016,5486622
2016-12-22,77.91581323270144,78.52216458718641,77.35999915343825,77.76422882080078,4312617
2016-12-23,78.26109208048406,78.32004537817488,76.70311309217193,77.2673568725586,3585124
2016-12-26,77.20838981723428,77.56209583347139,76.34940026177776,76.82099914550781,3316809
2016-12-27,76.63572807070192,78.48845946106285,76.48413684488149,78.35371398925781,2952121
2016-12-28,78.48846699191968,80.08013046839608,78.32845972717847,79.05270385742188,6353966
2016-12-29,78.99376176071657,80.34120297522225,78.16003387992926,79.55799865722656,10907890
2016-12-30,79.77695952444587,80.25698820028985,79.33904524015355,79.91170501708984,2779631
2017-01-02,80.01275373531641,80.57699054851207,79.2463952870375,79.42324829101562,2460948
2017-01-03,79.6674639165696,79.85273292859061,78.43792272241323,78.6568832397461,3686937
2017-01-04,78.65688984693598,80.44224508056429,78.50529862061546,80.10538482666016,6050638
2017-01-05,80.35804325455152,81.84022998657979,80.35804325455152,80.91386413574219,5216996
2017-01-06,80.59383410476818,80.86331818846458,78.99374794244368,79.15375518798828,8381720
2017-01-09,78.99374832678077,79.91169112736631,77.78105281064872,79.49903869628906,3922249
2017-01-10,79.6000916822306,80.65277993913358,79.37271513080304,80.25697326660156,3528383
2017-01-11,80.4927812817511,81.09913252378851,80.00433661981646,80.20645141601562,4507028
2017-01-12,80.17275679065273,81.56230526523312,79.87800408392356,81.38545227050781,3741476
2017-01-13,81.70546136692745,81.932844752789,80.90541835855039,81.62966918945312,4322788
2017-01-16,81.33491645339002,82.1433823373214,80.81278723398333,81.64651489257812,3227332
2017-01-17,81.7476000563249,82.14341370009956,80.93071783790828,81.250732421875,2948943
2017-01-18,81.25070770540377,82.02548899876476,80.84647815878706,81.34334564208984,2863620
2017-01-19,81.41915235785181,81.59600538610268,80.04644937624059,80.67806243896484,4785278
2017-01-20,80.26539840554298,80.8127963145604,80.00433033978527,80.4927749633789,4077220
2017-01-23,79.59167914051275,81.57073315006032,79.45693366704715,80.80437469482422,6108473
2017-01-24,81.29282828024095,81.35178157307557,80.1727705439052,81.09913635253906,3921167
2017-01-25,81.18334128948598,81.52020154147424,79.36429455806157,79.78536987304688,10906509
2017-01-27,79.07797163541065,79.78537685580972,78.20213627427654,78.41267395019531,10272157
2017-01-30,78.15159738334526,78.82531787319894,77.05680158733301,78.44635009765625,9853933
2017-01-31,78.45477038160513,78.45477038160513,75.01036900831126,77.1410140991211,14628407
2017-02-01,77.64631944833033,77.64631944833033,75.79358780458173,76.80416870117188,8750755
2017-02-02,77.14249545701075,77.47237966333722,75.46768759748927,77.08328247070312,8171731
2017-02-03,77.14249406810315,77.75150946490315,76.82106296535342,77.43854522705078,4682452
2017-02-06,77.59081682063086,78.29288530387046,76.88875522102298,78.00528717041016,6599518
2017-02-07,78.15754075768271,78.15754075768271,77.0663819510999,77.57389831542969,4459769
2017-02-08,77.54004631212332,78.69041793556387,77.32858119324199,77.90377044677734,7007704
2017-02-09,77.53159706593487,78.97801304403507,77.37087806069661,78.83422088623047,5274137
2017-02-10,79.06259446570819,79.88308187313099,78.56353816630768,79.38402557373047,4093449
2017-02-13,79.17257409518238,80.52595107713603,79.04569500312422,80.26373291015625,4523470
2017-02-14,80.72048947542598,80.81353551183543,79.8830889150023,80.64436340332031,4619060
2017-02-15,80.61898615259582,81.08420942684552,79.2740624528606,80.30601501464844,5640489
2017-02-16,80.01843818625996,81.52406739066092,80.01843818625996,81.33798217773438,5667011
2017-02-17,81.54098385441269,81.82011510362781,80.19606685464937,80.41598510742188,4210692
2017-02-20,80.35677671657473,80.76278704640151,80.02689246313658,80.46673583984375,3054543
2017-02-21,80.35677214260566,81.32951176592641,80.2129730970103,80.49211120605469,6829411
2017-02-22,80.37368541440198,80.78816258788105,79.54474483470531,80.27218627929688,5558777
2017-02-23,80.27218115749889,82.76746960317323,79.77312484509008,82.23457336425781,8693864
2017-02-27,81.20263787762116,83.33420933327521,81.14342488244087,82.85206604003906,7528200
2017-02-28,82.8943503598539,83.26652760631092,82.39529403731174,82.69134521484375,5401139
2017-03-01,82.55601706553502,83.76559499725602,82.1838397699002,82.64906311035156,5426302
2017-03-02,83.57104756861132,83.8163457648217,82.57292793475948,82.92819213867188,5423075
2017-03-03,83.02969324573648,83.85017384540294,82.42067089899726,83.54566955566406,3947295
2017-03-06,83.1142830256087,83.34266125314895,82.6575128032661,83.21578216552734,3143300
2017-03-07,83.48645562934799,84.51840823765048,83.21577750413174,83.76558685302734,8801080
2017-03-08,83.6810005289196,83.94321867119469,82.77593388768706,83.75713348388672,3064671
2017-03-09,83.40186822365828,83.40186822365828,81.76935328399274,81.96390533447266,3759439
2017-03-10,82.06540308411826,82.7167184293435,81.8116449314794,82.39529418945312,2914404
2017-03-14,82.89434709573372,85.36426243305253,82.79284108541042,84.814453125,6553246
2017-03-15,85.55035601234137,85.58418905789647,83.30036555391118,83.70638275146484,9607608
2017-03-16,84.1293059794171,85.0766655937193,83.74020877906518,84.67911529541016,8848888
2017-03-17,85.26275305951488,85.77026932385193,84.40843263782152,85.30504608154297,8875816
2017-03-20,85.26275797944345,85.30505100391197,83.7740421414252,84.16313934326172,3751881
2017-03-21,83.418796763003,84.92442589535874,83.418796763003,84.35769653320312,5951390
2017-03-22,83.48645063322223,85.16125164233361,83.23269248737927,84.67911529541016,10620082
2017-03-23,85.09358915362303,86.61613809303572,84.73832498097453,86.27779388427734,14922870
2017-03-24,86.18475837866671,86.95449292435063,86.18475837866671,86.8276138305664,8062056
2017-03-27,85.99867310326422,86.69227468522381,85.05976643327742,85.26277160644531,5232713
2017-03-28,85.43193676628606,86.44696943300362,85.04283953398485,85.86332702636719,3323252
2017-03-29,86.01558419968133,86.93757776606914,84.95825844339366,86.65843963623047,5380707
2017-03-30,86.40466926457263,87.74958606010067,85.66876788856642,87.28436279296875,14290321
2017-03-31,86.64997827437905,87.57197182609292,86.24396794387893,87.24208068847656,8061645
2017-04-03,87.3689482659903,87.37740824751756,85.54188825220022,85.78719329833984,4160286
2017-04-05,85.60110878524937,86.61614145087415,84.94134030604559,86.38775634765625,6502814
2017-04-06,85.78720255579033,87.2167055447311,85.67723655132968,87.07290649414062,7980291
2017-04-07,86.85300062587137,86.86991370953031,86.09171911952502,86.59923553466797,12196978
2017-04-10,87.11519619127728,87.59733945199001,85.00900482576041,85.33042907714844,13798807
2017-04-11,85.22892295475077,86.51462673851915,84.61990066311357,86.30316162109375,6303993
2017-04-12,86.22704061300162,86.25242055875935,84.46765348628139,84.71295166015625,7258323
2017-04-13,84.71297321450221,85.25432270787768,83.28346994986578,83.80789947509766,9674765
2017-04-17,83.86709731961881,83.86709731961881,82.91127073219701,83.28345489501953,7798259
2017-04-18,83.06353616321057,84.20544803634323,82.99586318129043,83.57105255126953,6285310
2017-04-19,84.1631599580169,84.50996422033043,82.94512193170556,84.2900390625,6543459
2017-04-20,84.24771868870253,85.44884324148872,83.9178345008226,84.54376983642578,5025646
2017-04-21,84.58607566489346,85.16125808553636,81.71014979441742,83.10581970214844,8445800
2017-04-24,82.45450206700237,83.74021282145722,81.98081879517002,83.15657043457031,6887352
2017-04-25,83.48646420717785,84.58608301794956,82.75056271113192,83.6218032836914,11770706
2017-04-26,85.0936008282,86.70073604029622,82.6575180607384,83.03816223144531,60514032
2017-04-27,83.5541225152344,84.27310397833548,82.62367591592711,83.9178466796875,19864101
2017-04-28,84.07856562252444,84.19698473167371,82.9028207466293,83.61334228515625,12086663
2017-05-02,83.93476226164846,84.23927344358592,83.50337887783724,83.72329711914062,5568494
2017-05-03,84.26464988646525,84.53532112744003,83.61333452117567,83.98551177978516,4065380
2017-05-04,84.10393055613467,84.8059989275553,83.5541212105835,84.5776138305664,4048926
2017-05-05,84.53532508908916,84.75525021518376,83.96860263435681,84.46765899658203,2722905
2017-05-08,84.58607671557162,85.31351817445403,83.92630823171946,84.97517395019531,5002041
2017-05-09,85.2627798423682,86.23551965457249,84.67913733177203,86.09172058105469,7581832
2017-05-10,85.83797020065585,86.30319363154632,84.35771382964067,84.52688598632812,4459065
2017-05-11,85.06821453562605,85.55881087590109,84.65373738057289,85.37271881103516,3393796
2017-05-12,85.54190245465819,85.90562665167772,85.2966042514221,85.77874755859375,6031102
2017-05-15,86.27778317110956,86.27778317110956,84.86519352149328,85.65184783935547,3549668
2017-05-16,85.51652094608961,87.32666111863868,85.51652094608961,87.18286895751953,7146846
2017-05-17,87.46200070254477,87.54658675675333,85.93945172679067,86.37084197998047,7362627
2017-05-18,85.76181815783484,89.2975192929815,85.56727298996107,88.88304901123047,17123643
2017-05-19,89.15372098049933,89.29752002480579,87.63963200058413,87.9272232055664,5097614
2017-05-22,88.25710191729391,88.53624000637785,85.69414741170169,88.17251586914062,5733070
2017-05-23,88.30786179372424,89.49206656000743,88.00335061995384,89.0522232055664,8735341
2017-05-24,89.27213959111364,90.03341406794948,87.94414268947841,88.81537628173828,6636990
2017-05-25,88.92534986593216,91.1330405301628,88.92534986593216,90.75240325927734,20100101
2017-05-26,90.33793152554384,92.18191173911896,89.9319211964136,91.1837921142578,7765843
2017-05-29,91.18379243343227,91.19225241607523,89.66124336841771,90.43943786621094,3166943
2017-05-30,89.66123990905861,91.3529610271372,89.55974077215241,90.70165252685548,6637379
2017-05-31,90.93850960016164,91.35297998336956,90.16877495498566,90.59170532226562,15642998
2017-06-01,90.58322929561471,92.1988243892236,90.43943712638496,91.54751586914062,4250820
2017-06-02,91.86893907902164,93.70445928023707,91.48830182026894,93.32382202148438,6428073
2017-06-05,93.30690072203662,94.38114639038255,92.46104015912827,93.98358917236328,9633970
2017-06-06,94.05971800311538,96.089783413595,93.30690345678872,94.82945251464844,11049943
2017-06-07,94.7702518800562,94.99017013866144,90.54940179662424,92.94319152832033,13762215
2017-06-08,93.02776261909938,93.55219199919192,91.6320927933788,92.35107421875,8001795
2017-06-09,92.03809971784968,92.03809971784968,89.9319085254306,90.83697509765624,9384610
2017-06-12,90.6086197287036,90.6086197287036,88.07949766433752,89.04377746582031,12396076
2017-06-13,87.96952405342621,90.23643461743946,86.86990526089455,87.63117980957031,8946043
2017-06-14,88.40938059001856,88.40938059001856,85.36428217949029,86.64998626708984,8080517
2017-06-15,87.96951938042889,88.61237478633245,86.29471821576124,88.25711059570312,8317803
2017-06-16,88.00334903705291,89.01838167560986,85.5334404134094,86.36238098144531,8030288
2017-06-19,86.61614570878952,87.25900113867982,85.71953210001867,86.12554931640625,3891671
2017-06-20,86.27780604389486,86.73456941336678,85.77028965923014,86.0240478515625,2063458
2017-06-21,86.0240517418877,86.78532635331241,85.262777130463,86.58232116699219,4895705
2017-06-22,86.61614013378893,87.58041977474348,85.66877357349247,86.29471588134766,3843239
2017-06-23,85.93946019295356,87.93569264565681,85.60111594278798,86.90373992919922,6051953
2017-06-27,86.44696665955529,87.30974715203723,85.75335827276542,86.80223083496094,9540496
2017-06-28,87.29284541973104,87.76652879132709,86.02405436204448,87.42818450927734,4448070
2017-06-29,87.96951182935558,88.27402298323787,86.63305500528872,87.73267364501953,12944967
2017-06-30,86.88682543376386,88.2571154944696,86.68382026369241,87.4112548828125,7242552
2017-07-03,87.96952945122534,88.10486853379834,85.2627753342921,87.83419036865234,5572713
2017-07-04,87.29283210794031,88.29095171795723,86.2777994165793,87.96952056884766,5868339
2017-07-05,87.9695285714551,88.1048676526746,86.76841057425719,87.22517395019531,5030668
2017-07-06,87.22517191924533,87.9864464892939,86.56539649502436,87.208251953125,4398852
2017-07-07,86.31162948036872,87.37741514619537,86.27779643521866,87.19132995605469,3889807
2017-07-10,88.05409549749477,90.99769406058526,88.05409549749477,90.76084899902344,1769468
2017-07-11,90.06726357873626,92.53717245841072,88.68004665533824,89.05223083496094,10827743
2017-07-12,89.22139309092964,89.93191455626156,88.40936560899434,89.2552261352539,3170908
2017-07-13,89.28908309870785,89.94885173247962,88.4601423143656,89.33983612060547,4331508
2017-07-14,89.37365281853982,89.64433096337119,87.63117860981194,87.91876983642578,6545345
2017-07-17,90.13492588783392,92.70634068730001,89.50899043219754,90.28717803955078,20717986
2017-07-18,90.4394354861722,92.24957572799362,90.16875735050711,91.01461791992188,7342675
2017-07-19,91.35295854408761,92.04656693709933,90.43943191860792,91.72513580322266,7928152
2017-07-20,91.60671802649837,92.79092279405006,90.76085747824716,91.06536865234375,7137662
2017-07-21,96.05594479055029,98.42435429861835,94.82098702747436,96.78338623046875,43712663
2017-07-24,98.18753135370042,99.30407019154204,97.8661070525563,98.64429473876952,17479614
2017-07-25,99.08412898899368,99.11796203358602,97.78150514495796,97.96759033203124,8993269
2017-07-26,98.11985034945182,98.62736667435662,97.37548894274634,97.8999252319336,7921576
2017-07-27,98.11985471679897,99.21947346970377,97.18940119609466,98.01834869384766,15748342
2017-07-28,98.11985491800743,98.40744613878456,97.40932652315328,97.79842376708984,6488043
2017-07-31,98.11988017418204,98.28905233390556,97.2401794367134,97.59544372558594,6801080
2017-08-01,97.78151167639508,100.13300136164852,97.78151167639508,99.74390411376952,10760455
2017-08-02,99.47324396878302,100.72511502759812,99.13489969519712,99.40557098388672,6469635
2017-08-03,99.71008768235151,99.94692593341472,97.64618887686629,97.81536102294922,9722197
2017-08-04,98.0521786647557,99.20255039305327,97.78150741809384,97.91683959960938,6796056
2017-08-07,97.98451625292375,98.08601539287129,97.13865566853903,97.35857391357422,3921329
2017-08-08,98.5596865479796,98.64427259599164,96.39428234214516,97.24014282226562,7279766
2017-08-09,97.13865046401452,97.6292468232199,96.73263327508492,96.93563842773438,2906265
2017-08-10,96.7664702731239,97.93376199489933,96.68188421576181,97.49391174316406,7222248
2017-08-11,97.44316625347294,99.65931684068708,97.34166023052163,98.01834869384766,9466389
2017-08-14,98.13676461697716,98.4243558278419,97.18939804557839,97.61233520507812,4292153
2017-08-16,97.91683609325491,98.15368116968737,97.44315970765109,98.1029281616211,5363422
2017-08-17,98.4243504285263,98.45819035564408,97.44315774924075,97.56157684326172,7032915
2017-08-18,97.46008503885699,98.45820471085776,97.40933202441094,97.47700500488281,7948899
2017-08-21,97.89993657409248,98.52587207059976,97.2063280962459,97.34166717529295,7613358
2017-08-22,98.28902331074424,99.13488385959296,97.74766705257645,98.20443725585938,7238720
2017-08-23,98.49202741950522,98.72886561721472,97.98451109558711,98.1198501586914,6223409
2017-08-24,98.27210378516465,98.45819586019468,97.71383444370528,97.91683959960938,7413579
2017-08-28,98.11985125277464,98.72886671808877,98.01834523340689,98.356689453125,5715785
2017-08-29,98.39051690064599,98.79653407138667,98.15367871377003,98.37360382080078,4691806
2017-08-30,98.61045734012451,98.796549432769,98.32286610173605,98.52587127685547,4899684
2017-08-31,99.8115739284745,101.67246716632783,99.50706274919052,101.19878387451172,27585715
2017-09-01,100.82660609948417,100.92810523631736,100.08224467788648,100.30216979980469,8535629
2017-09-04,100.4713483470154,100.82661255776455,100.04841804070986,100.58976745605469,8020043
2017-09-05,100.62359921758187,100.9619434583013,100.28525497686242,100.5728530883789,7789014
2017-09-06,100.48826499798427,100.79276930157476,100.18375381076272,100.5559310913086,8243296
2017-09-07,100.82660887449202,101.46945740968766,100.6574367581498,101.14803314208984,8910077
2017-09-08,101.50329797537202,102.0784804210844,100.9957816231678,101.67247009277344,12046586
2017-09-11,101.97697344805015,102.65366191135759,101.58788308855318,101.89238739013672,14275591
2017-09-12,102.21382006199636,102.48449132117008,100.65743794994631,100.86044311523438,20911485
2017-09-13,100.8604426855194,101.40179208519152,99.9130760733698,100.11608123779295,17684075
2017-09-14,95.24392636909752,97.74767517855808,95.14242722497626,95.90370178222656,15503769
2017-09-15,97.10482271760976,97.1894087821278,95.29468231364991,96.68189239501952,15001278
2017-09-18,95.92059658942935,98.11984066389007,95.92059658942935,97.88299560546875,4860657
2017-09-19,97.88299431655248,98.61043567758976,97.27397204135151,97.86608123779295,4557233
2017-09-20,97.73076471839778,98.84729663547513,96.85106414395732,98.76271057128906,5712945
2017-09-21,98.32285957228362,99.10104717250184,98.01834838801084,98.76270294189452,4954436
2017-09-22,98.33976232770372,99.79464512000109,98.27209624213977,99.62547302246094,8097163
2017-09-25,99.20256085850929,99.65932422838782,98.15369503932818,98.76271057128906,3578780
2017-09-26,98.45819542051399,98.89803877573686,97.79842006223352,98.20443725585938,4138670
2017-09-27,98.3397777110724,98.39053072499983,97.20632585697273,97.54467010498048,6102854
2017-09-28,98.00142633580172,98.20443837674716,96.3942912746456,96.73263549804688,10644440
2017-09-29,97.1894011362972,97.40932626346904,94.4657342032643,94.82099151611328,4236150
2017-10-03,95.21009126189682,96.6480542833811,94.82099400876895,95.73452758789062,3430145
2017-10-04,95.71760787130903,96.8510597027,95.27776448789004,95.66685485839844,2334927
2017-10-05,95.95445251464844,96.42812894321455,95.39618314254561,95.95445251464844,1547076
2017-10-06,96.42813373407279,97.1048222469372,96.00520341353254,96.96949005126953,3982263
2017-10-09,96.74956391308312,97.20632727784385,96.27588058222214,97.03715515136719,1350306
2017-10-10,97.03714653094345,97.54466286528756,96.42812417627812,97.10481262207033,2435394
2017-10-11,97.08790415469743,98.74579230239688,96.83414597546683,98.33977508544922,5113769
2017-10-12,98.45819927570103,99.81157620685124,98.08601511272991,99.28713989257812,4607998
2017-10-13,99.6593088310724,100.06532600661504,98.39051806430876,98.7626953125,4222649
2017-10-16,98.76269976333442,98.94879183763169,97.18939776491906,98.356689453125,6938446
2017-10-17,98.79654088416602,99.01645912273142,96.81722166803047,98.06909942626953,9840952
2017-10-18,97.98450058536464,101.19877029207018,97.98450058536464,99.72697448730469,14532324
2017-10-19,99.7439079882624,99.7439079882624,98.49203702068208,98.81346130371094,739517
2017-10-23,99.03338653311664,100.62360175108398,98.89804745669504,100.45442962646484,7465974
2017-10-24,100.3021741551226,101.13111478492677,99.84541081046254,100.42059326171876,3978687
2017-10-25,100.5897693488825,102.1292384462558,100.14992595222684,101.13111877441406,4602841
2017-10-26,100.75892992500924,102.83974820939852,100.5390048100748,102.28147888183594,10070656
2017-10-27,101.30028460513348,101.48637668529808,99.81157549834067,100.47134399414062,3277807
2017-10-30,100.2514051651416,100.2514051651416,98.8134423825449,99.2194595336914,3809919
2017-10-31,99.2194791809281,100.30217803111914,99.03338708934928,99.49015045166016,2886132
2017-11-01,100.1499083993853,100.3698266173533,99.15178890247964,99.32096099853516,2277490
2017-11-02,99.30405321562522,100.04840772451855,99.11796114658658,99.21946716308594,2564335
2017-11-03,99.38865336964534,100.09917493505944,99.33790035419472,99.6593246459961,2107524
2017-11-06,99.4393928347401,101.84164241354208,99.28714068222725,101.45254516601562,3876529
2017-11-07,101.4525370373476,104.46380186856098,100.91118768068273,102.26456451416016,15161185
2017-11-08,102.77209311881182,103.73637285127144,101.85855951677269,102.31532287597656,5255548
2017-11-09,102.5183390012504,103.00893542808404,101.36796713281824,102.3491668701172,2553036
2017-11-10,102.36606929777136,102.85667255716976,100.91119325164274,102.39990234375,4214004
2017-11-13,101.60478442465023,102.99199423734564,100.84350999143116,101.02960205078124,2073570
2017-11-14,101.435624316935,101.55404342159441,99.96382828215432,100.99578094482422,3545721
2017-11-15,100.99578793818687,101.41871825813519,99.50707183524244,100.31909942626953,3918684
2017-11-16,100.82660163902565,101.21569197178626,99.710062997839,100.70817565917969,4846150
2017-11-17,100.8942880015302,101.11421315791216,99.64241693232808,99.86233520507812,4640212
2017-11-20,99.84540244439486,100.45441789170171,98.93186894798875,99.59164428710938,5142518
2017-11-21,100.53900724325734,100.82660533785605,99.18563035999114,99.47322845458984,5494382
2017-11-22,100.04841321638106,100.04841321638106,99.13488655226384,99.5747299194336,3391791
2017-11-23,99.8792379645227,99.8792379645227,99.16871648323648,99.32096862792967,1803850
2017-11-24,99.60856869896351,99.60856869896351,98.458203761974,99.03338623046875,4289313
2017-11-27,98.54277866939015,99.92998855327505,98.45819261691386,99.743896484375,2796903
2017-11-28,99.8115791239675,100.11608343547098,99.23638978123944,99.76082611083984,4009460
2017-11-29,99.81157314299044,101.23261612362477,99.30405680938807,101.04652404785156,6735475
2017-11-30,101.28337941421319,101.65555671990563,97.89993684676995,98.76271057128906,18265488
2017-12-01,98.7965400812451,99.4224755134622,97.46007627791747,97.91683959960938,3808745
2017-12-04,97.08789553481766,98.49202537862185,95.66684572711453,98.1029281616211,8790643
2017-12-05,97.64617603443683,97.64617603443683,95.64994359647646,95.90370178222656,4956230
2017-12-06,95.85293825372979,96.24203547259073,94.93941163869158,95.58226013183594,5759926
2017-12-07,95.93752543514096,96.34353573912814,94.736400720097,95.14241790771484,6731998
2017-12-08,95.6499471216402,96.76647904991144,95.27776981221645,95.71761322021484,4843796
2017-12-11,96.15745240359952,98.11985163914426,96.15745240359952,97.91683959960938,4125876
2017-12-12,98.28902179005121,98.57661299548411,96.49579470078379,97.37548828125,3314548
2017-12-13,97.57850332583268,97.93376754032242,96.51271756599488,97.17249298095703,2911417
2017-12-14,97.5785138414203,98.28904234697013,95.53153504693425,97.64618682861328,3375145
2017-12-15,97.64617141574455,98.37361289054623,97.00331599885861,98.01834869384766,4930972
2017-12-18,97.10482035053303,100.74202791977807,96.17437366351558,100.0822525024414,6890507
2017-12-19,99.81156226673104,100.4713306750682,98.30592651093151,98.9318618774414,10183834
2017-12-20,99.76083002721144,100.99578793818687,98.93188246993381,100.31909942626953,7081611
2017-12-21,100.0822518695504,101.164957592321,99.60856854606523,100.74202728271484,3711281
2017-12-22,100.8266168884409,102.65367038325086,100.166841452087,102.0446548461914,4689556
2017-12-26,101.92622696752582,103.87170629280304,100.87735434612375,102.48448944091797,4948094
2017-12-27,102.822825165665,104.21004190279638,101.52020136278765,103.73635864257812,4841953
2017-12-28,103.49951650852863,104.85290024055298,102.34915169429846,104.21004486083984,13459388
2017-12-29,103.33034011279369,107.05213317499947,102.5183195443724,106.32469177246094,10069992
2018-01-01,105.39425577369443,108.27018174490775,104.70064734483175,107.10289001464844,8934389
2018-01-02,106.86602754156796,109.62353378224121,106.39234434772227,107.83030700683594,7665379
2018-01-03,108.4055288874252,108.4055288874252,104.46381691543544,104.86982727050781,5860470
2018-01-04,104.92056342712677,105.90176299179565,104.02394991314262,105.44499969482422,3905556
2018-01-05,105.90178127203755,106.20629248379187,104.1085539345312,104.73448944091797,4301878
2018-01-08,104.88674350074093,105.86794318811889,104.58223230346759,105.27584075927734,4760660
2018-01-09,105.76642533551484,108.27017384568661,103.6686871205577,107.32280731201172,12201522
2018-01-10,107.05214499235726,110.92618373425461,106.61229473288257,110.5370864868164,10163032
2018-01-11,109.47130435450033,110.31716491752401,107.93183537634488,108.6423568725586,5643897
2018-01-12,108.60852771203315,109.5389743646442,107.32281685679088,107.86416625976562,8433768
2018-01-15,107.8810846107967,109.70814484167435,106.03711129848514,106.57846069335938,3187225
2018-01-16,107.22130150868288,113.00698571547268,106.9167903644034,112.3133773803711,16443849
2018-01-17,112.66865367694115,112.8378257882661,109.96189989574192,110.19873809814453,8113347
2018-01-18,110.63859929438733,111.06152961457029,108.99763102880377,110.08032989501953,4722081
2018-01-19,110.63858663201549,111.65361928428607,108.43934921876257,111.29835510253906,4288268
2018-01-22,107.2551627526856,111.29837408710978,107.2551627526856,108.7946319580078,12193514
2018-01-23,108.98070442729396,109.2682956507822,106.03711233149272,106.66304779052734,8613403
2018-01-24,107.08597849440635,109.42055510532904,105.6310955225416,106.22319793701172,17542056
2018-01-25,106.8152919479986,107.59348638496029,104.46380244041138,105.54650115966795,22129831
2018-01-29,106.27394582700086,106.95063426806551,104.7513968346054,105.2758331298828,9397269
2018-01-30,104.73448008597877,105.66492672101185,103.09351194273752,103.97320556640625,6079993
2018-01-31,103.90532164016264,104.87274950389872,102.36082657436828,103.43009185791016,7530432
2018-02-01,103.54889748939576,104.9236681250879,101.83468490221566,102.08927154541016,5872873
2018-02-02,101.59707428483038,102.66633964878724,100.20533524407784,102.03836059570312,6713662
2018-02-05,101.15579085002796,103.71862567399369,100.45991790432258,101.4103775024414,5851054
2018-02-06,99.01724447801068,100.52778894659885,98.47412775369268,100.01861572265625,6489310
2018-02-07,101.22367203063281,101.22367203063281,97.76129651970005,98.21955108642578,6662763
2018-02-08,98.47414424801819,100.01863247568208,97.43882242347796,98.37230682373047,14125508
2018-02-09,98.10075285041627,98.10075285041627,96.4035015632386,96.74295043945312,8405269
2018-02-12,97.72735429620155,98.7626761388792,97.04845653867,98.08377838134766,6722288
2018-02-14,98.44020174668525,100.7314816616,98.28744560869454,99.61129760742188,8063123
2018-02-15,100.34110072526305,100.34110072526305,98.59293786372204,99.28881072998048,4415065
2018-02-16,99.44157035472476,100.44294174897716,98.45716726014328,98.77964782714844,8209045
2018-02-19,99.45853951632404,99.45853951632404,98.03285021926203,98.4232177734375,4420870
2018-02-20,98.44019784639066,99.5434066506024,98.13469248861875,98.9323959350586,9160624
2018-02-21,99.79799958460144,100.08652975496597,98.62689679038516,99.1869888305664,13748271
2018-02-22,99.42459152265587,99.88285300083837,98.79661252343033,99.33972930908205,12838500
2018-02-23,100.30716033391418,100.45990955021787,99.22091989695076,100.13743591308594,9779768
2018-02-26,100.0695558244635,100.37506120537702,98.5759793336349,98.98332214355467,13418935
2018-02-27,99.27183688647304,99.91679105568,98.83055063751448,99.0342254638672,10467034
2018-02-28,99.45855707182884,99.7301120529365,98.10076144797345,99.39066314697266,13724575
2018-03-01,99.390641235657,99.83192747856783,98.84752448706963,99.28881072998048,10895423
2018-03-05,99.66219790266636,99.71311660592023,98.37228964871942,98.76265716552734,9996650
2018-03-06,98.86450959145463,99.10212103459871,97.13331485444414,97.40487670898438,12604231
2018-03-07,97.9140454224871,98.72872404186099,96.50533131696001,96.86175537109375,4868340
2018-03-08,97.2351478540978,97.67642721502492,96.11496388769717,96.81083679199219,5387353
2018-03-09,96.74294300794186,97.727346054566,96.43744456770035,96.75991821289062,2681455
2018-03-12,97.18423427035022,99.1190969592478,97.11634725927516,98.67781066894533,4658262
2018-03-13,99.28881079426819,101.63100220569932,99.28881079426819,100.68054962158203,8546243
2018-03-14,100.13743786925161,100.68055464529083,99.45854017267646,99.7470703125,5547337
2018-03-15,100.29019516203991,102.51358805975154,99.11909930361473,99.59432220458984,13181140
2018-03-16,100.13744216146566,100.86725169168234,98.79661500959487,100.39202880859375,12891090
2018-03-19,99.64524987377303,100.64662829050539,97.28608273864607,97.98194885253906,3963271
2018-03-20,97.38788966422725,100.20531766468545,96.62412981054804,99.66220092773438,8064555
2018-03-21,99.96770342835637,100.57870715038881,98.84751957880788,100.2222900390625,8382829
2018-03-22,99.73010500800518,100.13744781005052,97.47276856158265,97.91405487060547,5036841
2018-03-23,96.42047756163156,97.62552384453517,96.08102868262831,96.6241455078125,8771707
2018-03-26,96.60717383151965,96.9466226986606,92.44891830293784,93.0090103149414,18744243
2018-03-27,94.68927878570034,95.31725775851744,92.75441625392077,93.0259780883789,14239615
2018-03-28,93.00901990118615,96.23378447139513,92.66957099905889,95.43608093261719,13853121
2018-04-02,96.23377629274565,98.71175583012008,94.6383693507791,98.3213882446289,6543819
2018-04-03,97.523680107451,97.54065531274472,96.08102246504428,96.36955261230467,4300609
2018-04-04,96.7429419642712,97.25211523398676,95.04569773188598,95.5888214111328,4358041
2018-04-05,96.0640579377066,97.32002299201208,96.0640579377066,97.16726684570312,2813628
2018-04-06,97.08240171430086,97.08240171430086,96.16589248831932,96.38653564453124,1802274
2018-04-09,96.64111249656288,97.09936706302967,96.14890752019852,96.75991821289062,2986425
2018-04-10,95.24937160393893,97.89706843609164,94.28193687635364,97.08238983154295,11673823
2018-04-11,97.7612954120916,98.1686312654318,96.35258131795806,96.98056030273438,3468465
2018-04-12,97.18423389382446,98.60992327582088,96.77689801674256,97.37093353271484,5989886
2018-04-13,98.27046823717887,100.12046167970963,97.3709274168429,99.8488998413086,8491437
2018-04-16,98.10074393466128,99.7979881614821,97.57459546190505,98.40624237060547,6256147
2018-04-17,97.79524794973985,98.03285940178785,96.16589057365186,96.65808868408205,5854046
2018-04-18,97.82917715652624,99.73008921336749,97.25211000488066,99.3397216796875,7066675
2018-04-19,99.45853494633772,99.73008986703545,98.3213758394461,99.27183532714844,2552252
2018-04-20,100.06954362706207,101.83468177601918,99.76403828338636,101.1727523803711,8937349
2018-04-23,101.76678175087676,102.17412448668114,99.73008879016716,100.93513488769533,10660490
2018-04-24,99.93376016423376,100.3580712124025,97.13330724632011,97.40486907958984,9443424
2018-04-25,97.72734970864686,99.73009938057209,96.1149676101985,97.47276306152344,17195110
2018-04-26,93.34845394545148,96.06404473024097,93.0090050973528,95.50395965576172,25550129
2018-04-27,93.82369278663698,94.80809592253452,93.1278198183029,93.73883056640624,6519427
2018-04-30,93.73882563365078,95.84341272828782,93.72185042805584,94.62139129638672,5648769
2018-05-02,94.70625204699886,94.70625204699886,93.1278134769665,93.53515625,6354939
2018-05-03,93.34846438970594,93.60305105426428,91.49847072302413,92.14342498779295,8949440
2018-05-04,92.49982939458984,92.55074810168756,89.63148946596904,91.61726379394533,8256123
2018-05-07,91.65121348606645,93.56910093816815,90.70076081584152,93.26359558105469,5265878
2018-05-08,93.41634772904128,93.67093436476183,91.65120957771602,92.5846939086914,5221180
2018-05-09,92.66955302538244,93.14478277740876,91.51542560077682,91.73606872558594,5165820
2018-05-10,91.95670427943752,92.1943156828356,91.108082258582,91.803955078125,4808846
2018-05-11,92.16037557783436,92.87321672038888,91.0741421135707,92.55074310302734,4066852
2018-05-14,92.12643992937116,92.99203725874769,91.6512101584606,92.44891357421876,4104721
2018-05-15,92.60167233049135,92.95808948921938,91.02323375296812,91.99066162109376,4501617
2018-05-16,91.95671183805347,94.68927773225997,91.65120650421295,93.24662017822266,8413891
2018-05-17,93.34845935934304,95.31726555494124,93.12781621406148,94.4856185913086,6949715
2018-05-18,93.85763446540064,93.85763446540064,90.98929423991184,91.27782440185548,12844244
2018-05-21,91.345710992859,91.46452362320386,89.64846662913241,89.9030532836914,8120387
2018-05-22,89.6145159131351,90.6158941508308,89.30901057102277,89.93699645996094,3966732
2018-05-23,90.14066714373529,90.1915858533292,89.13928887540372,89.42782592773438,9401189
2018-05-24,89.6484675538875,90.29342179997754,88.91865799484083,89.73332977294922,6267787
2018-05-25,89.95395717748285,90.1746002896412,89.49570265598709,89.81817626953125,6265014
2018-05-28,89.1562566002468,89.86909775643889,89.1562566002468,89.37689971923828,3131052
2018-05-29,88.81682320451661,89.7842511493005,88.81682320451661,89.27507781982422,4768596
2018-05-30,89.24112282881254,89.42782245470465,87.76452174456227,88.54524993896484,7799451
2018-05-31,88.86773648733961,89.78424566194035,87.57782803572648,88.90167999267578,13729428
2018-06-01,89.25809849277996,89.7842400579127,87.93424661846102,88.46038818359375,3800052
2018-06-04,88.74893400888939,89.08838288686573,87.59480644254886,88.30764770507812,4223321
2018-06-05,88.3246164824793,88.93562027470011,86.2200294485509,86.64434051513672,6572043
2018-06-06,87.28929501737714,88.42644729851193,86.05030531747015,88.00213623046875,5079518
2018-06-07,87.59479810351056,90.2424949560017,87.59479810351056,89.81818389892578,5339491
2018-06-08,89.81818514090588,89.9539660622686,89.10534393638224,89.61451721191406,5026132
2018-06-11,89.78425631453922,90.37829189976942,89.35994518223194,89.75031280517578,5541131
2018-06-12,90.54801277504347,91.36269149810578,90.14067686656503,90.44618225097656,6065963
2018-06-13,91.3117529681098,91.6512017868823,90.5819366265282,91.24386596679688,4100905
2018-06-14,90.68378586604508,91.34570838657038,89.83516370839479,90.42919921875,6231142
2018-06-15,91.22690942082713,91.22690942082713,89.95397609009441,90.59893035888672,12894495
2018-06-18,91.3117582240231,91.3117582240231,89.58057052985689,90.20854949951172,8318768
2018-06-19,90.27643665625477,90.27643665625477,88.29065557582918,88.59616088867188,9780146
2018-06-20,88.69800875123975,89.12231981740166,87.6966304914349,88.15489196777344,5125212
2018-06-21,88.59617298146368,88.6980104016793,87.27232104918417,87.79846954345703,10174400
2018-06-22,87.83242892808215,88.1209591293858,86.55949547576674,87.66270446777344,6965470
2018-06-25,87.5438925120948,88.68104493421635,86.89893822748533,87.40811157226562,4371876
2018-06-26,87.40811124023318,88.23976517721178,86.94985661289276,87.44205474853516,5289660
2018-06-27,87.95121602887919,88.22277787026127,86.287915289149,86.91590118408203,8530568
2018-06-28,87.03471977102285,87.90031722559567,86.79710139814722,87.27233123779297,10412698
2018-06-29,87.91726993214994,89.10534086747207,86.55947457749609,88.7658920288086,9652752
2018-07-02,88.49433096059306,89.02047248034795,87.61175851642956,88.46038055419922,10055613
2018-07-03,88.74893838189645,89.20719300852348,87.76453520603869,88.90168762207031,10490968
2018-07-04,88.95259126861228,89.12231568721151,87.61176421801578,88.91864776611328,10224848
2018-07-05,89.10535877716842,89.88609402545967,88.30765522719602,89.64847564697266,12472818
2018-07-06,89.27507084741002,89.75030063236,88.76589755770036,89.20718383789062,7580592
2018-07-09,89.37690448377242,90.03882696992875,88.98653693030136,89.93699645996094,5832667
2018-07-10,90.29340290507118,92.43193314035696,89.51267479674257,91.85486602783203,13242228
2018-07-11,92.65259652069878,93.2805755665473,91.4475502360422,92.3640594482422,10556522
2018-07-12,92.48286676906037,95.55487480840029,91.60029420817577,94.8590087890625,11900279
2018-07-13,94.97781968953024,98.3723084746901,94.45167116538842,95.33424377441406,20625128
2018-07-16,94.79111592240629,97.42184461652165,94.65534190178742,96.0979995727539,12543791
2018-07-17,96.06404725975057,98.0837721027828,95.63973618845446,96.36955261230469,14471569
2018-07-18,97.0823923171708,97.52367858688017,96.28468889679272,96.67505645751953,6125915
2018-07-19,97.08239048563019,97.88010079706338,95.58882109101656,97.0145034790039,7434390
2018-07-20,97.59156089701412,98.64385781165046,95.21541904918486,96.06404113769531,13966393
2018-07-23,95.89433710101417,95.89433710101417,89.3938891402226,93.8406753540039,23582642
2018-07-24,94.43469434199122,94.5365248526923,91.37965471107772,92.652587890625,9224277
2018-07-25,93.34845068543332,93.9255178507108,92.5337720972267,93.24662017822266,6629507
2018-07-26,92.80533198443744,93.38239223152155,91.5323988751895,92.12643432617188,11554893
2018-07-27,92.3301116662358,93.51818268946272,92.3301116662358,93.1787338256836,4829553
2018-07-30,92.94112502149866,93.00901203373945,91.48149210337664,92.7204818725586,7272923
2018-07-31,92.83927409206407,94.11220718219778,92.05854594044446,93.82367706298828,7436176
2018-08-01,93.68790247218479,94.53652458952058,92.90717426789854,94.14616394042969,4219572
2018-08-02,94.0273557206073,95.31726416178104,93.21267706860836,94.74020385742188,8010016
2018-08-03,95.19846759723885,95.19846759723885,94.06130827252164,94.36681365966797,4362841
2018-08-06,94.70624927312484,94.94386761029423,93.4333160936247,94.04432678222656,4540062
2018-08-07,93.55212122716893,94.8759731068343,93.55212122716893,94.18010711669922,4592433
2018-08-08,94.8590024507366,94.8590024507366,93.14478305983454,94.5365219116211,3821153
2018-08-09,94.40074797223177,95.1645078567709,93.53515067397906,94.60441589355469,6388521
2018-08-10,95.01175926608663,95.01175926608663,93.85763174565068,94.65534210205078,3598180
2018-08-13,94.36680711409448,96.55625648168834,94.19708267813085,95.67369079589844,6481139
2018-08-14,96.74294300794186,97.42184070821996,95.38514760738568,96.75991821289062,5241916
2018-08-16,96.74294581840135,96.74294581840135,94.38377900384113,94.8590087890625,6015278
2018-08-17,94.84203233874918,95.38514912639992,94.1801098328787,95.06267547607422,7277246
2018-08-20,95.31727563108537,97.21818811041206,95.04571374570772,96.75993347167967,4291894
2018-08-21,96.69203935962902,99.96772242093972,96.40350228779403,98.08377838134766,16189619
2018-08-23,98.44019363297478,99.49248368150052,97.89706995080259,98.35533142089844,7277960
2018-08-24,97.99891000264076,100.08652185706949,97.387899296821,99.17000579833984,11267031
2018-08-27,99.11909524843878,100.91817007192421,98.79661468613612,100.42597198486328,6811390
2018-08-28,100.73147780348796,101.15578888259104,99.8319369345685,100.3411102294922,4051198
2018-08-29,100.6635895393411,101.00303842168331,99.49249365770254,100.73148345947266,4285462
2018-08-30,100.9860657592861,101.83468792848666,99.79799472240532,101.47826385498047,9067763
2018-08-31,101.83468398797088,104.04110154251453,101.66495956069828,102.25899505615234,18087318
2018-09-03,110.99978910537874,110.99978910537874,103.9731945560408,104.6690673828125,68625769
2018-09-04,105.3819147550153,106.92640970303704,104.9915472169995,106.36631774902344,21828613
2018-09-05,106.77366634096944,108.62366684002316,106.756698041005,108.2332992553711,30871477
2018-09-06,108.62364716037308,109.47226918799774,107.94474953827331,109.0309829711914,26924326
2018-09-07,109.26862532753697,111.42412437080807,108.31816568500382,110.21907806396484,22940730
2018-09-10,110.11723965712974,111.3392541770967,109.70989687973757,110.32090759277344,16966961
2018-09-11,110.98283176799227,111.33925584027155,109.69293021891056,109.96448516845703,12710847
2018-09-12,110.3378759761055,112.1878693941326,110.3378759761055,111.59383392333984,16704169
2018-09-14,111.59383100937168,113.03648854362584,110.04933606319906,112.08602905273438,11404741
2018-09-17,112.78191827138204,114.05485157439512,111.37320403482649,111.98421478271484,12352938
2018-09-18,111.8144856050768,113.22319978194945,110.32090921159862,112.88375091552734,7248678
2018-09-19,113.172280213593,113.22319892439164,111.01678130935956,112.93466186523438,7797531
2018-09-21,112.66309480295963,114.69978776705707,111.33924299507552,113.78327178955078,17700584
2018-09-24,112.1030073380292,114.73373585515408,112.1030073380292,112.93465423583984,9975645
2018-09-25,113.03648488035914,113.68143902069792,110.74520534138732,111.44107818603516,9037680
2018-09-26,111.40714422001115,111.66173087302312,107.4016516896193,108.36907958984375,20972861
2018-09-27,109.2686130463126,109.86264852960299,107.50347489515843,108.2672348022461,47992758
2018-09-28,108.28421623568923,110.88100145037795,107.06220169527832,109.98146057128906,18433179
2018-10-01,109.98145706130731,112.849797134488,109.64200820502062,112.0690689086914,10879266
2018-10-03,111.79749646045362,112.01813957733927,109.472273396591,111.16951751708984,9550589
2018-10-04,110.35484243164947,112.15392401844922,109.1667715099036,110.54154205322266,12296495
2018-10-05,110.25302032065976,111.32227870677185,109.03099889749494,110.42274475097656,8937680
2018-10-08,109.09889931887979,109.77779708062987,106.14568991160384,107.7750473022461,9465389
2018-10-09,107.60532291855729,109.57412919111289,105.80624108652871,109.18376159667969,9932090
2018-10-10,108.759445330411,108.87825105191686,105.28009446484018,107.24889373779295,9764277
2018-10-11,104.5502756351306,107.0791668586621,103.4810103538001,106.26448822021484,7138056
2018-10-12,107.31678686495194,108.60668839854792,105.059450548528,107.3676986694336,8960733
2018-10-15,107.72412378344119,109.31953759604735,106.63789017553879,108.606689453125,8342805
2018-10-16,108.62366617853064,108.86127762542579,107.29981420243143,108.30118560791016,8320912
2018-10-17,109.54016075511323,111.71263461763584,107.43558080129374,109.6929168701172,12641962
2018-10-19,109.76080387271628,110.69428814202564,107.77502962649714,109.6929168701172,7051648
2018-10-22,110.18512387953483,111.08466472081827,108.62366053762835,109.37044525146484,4842137
2018-10-23,108.25026946767295,108.70852404325272,103.5658724801572,104.92366790771484,10176672
2018-10-24,104.95761931310416,105.78927321875064,101.83469235707808,104.82183837890624,12479882
2018-10-25,100.47688705671236,109.6929247000508,100.47688705671236,108.13145446777344,37804166
2018-10-26,108.21632082812638,109.47228576283464,107.2658681569441,108.82733154296876,11805695
2018-10-29,108.2842137944425,112.7649359769671,107.48651035591561,111.84842681884766,6600369
2018-10-30,111.67870608191612,113.59659358254396,110.54155374632066,111.1695327758789,9880349
2018-10-31,111.40715227671012,113.29109640768291,109.33651539702366,112.42549896240234,8013245
2018-11-01,113.01951478344704,113.01951478344704,109.47227721046488,111.89933776855467,6681864
2018-11-02,111.67869996923157,112.56126560350158,107.62228204283169,108.0805435180664,9761930
2018-11-05,106.96035653508875,110.49062587897443,106.62090769252484,110.01539611816406,6810854
2018-11-06,110.253028538526,110.94889461102944,108.99706351690362,110.28697204589844,6109153
2018-11-07,110.45670299094124,111.25440653862437,110.16817280213316,110.43972778320312,380109
2018-11-09,111.3392466063306,111.3392466063306,107.82595251053073,110.26998138427734,12329274
2018-11-12,110.23604061877468,110.83007610065344,109.23466928319228,109.76081085205078,6897542
2018-11-13,109.81173234533648,111.23741477556187,108.96311020684408,110.71127319335938,6101731
2018-11-14,110.32091635159176,110.69430874760113,108.16541729152812,110.16816711425781,4883777
2018-11-15,110.0323656953206,112.1878643541414,109.18374363231209,109.6929168701172,8942797
2018-11-16,109.81172425777272,112.15392256873126,109.81172425777272,110.72823333740234,7275846
2018-11-19,110.4906252182373,113.85117012074485,109.13282985610127,112.9855728149414,7513344
2018-11-20,112.3236567083555,112.3236567083555,108.6576062602402,109.06494903564452,6907315
2018-11-21,108.6236682252711,108.6236682252711,106.33238830634691,106.63789367675781,6943816
2018-11-22,106.92642130982323,108.21632286776197,103.87138149024027,104.2447738647461,8239488
2018-11-26,102.9888105984415,108.58972393246987,102.73422394262681,108.09751892089844,18657115
2018-11-27,107.55439075711077,109.4043910712036,105.5686164324569,105.92503356933594,11458234
2018-11-28,106.56999868043268,107.1131154967257,104.97459173767724,105.33100891113281,16926705
2018-11-29,106.58696596884806,107.48650679788022,105.09338965541221,106.89247131347656,7793384
2018-11-30,106.94338804309407,110.79613817290584,106.48513345809016,110.2021026611328,16991251
2018-12-03,110.32090167212064,111.84842146662729,109.65897919027616,111.42411041259766,7115262
2018-12-04,111.42412807470076,115.83696373609796,110.55853062483068,113.69843292236328,15925097
2018-12-05,113.03649999996271,114.97135577367872,111.39017438111946,114.20759582519533,10264210
2018-12-06,113.12135621647816,114.20758976759852,111.6786986125284,112.57823944091795,6232265
2018-12-07,112.96862698640396,114.17366646632334,110.13422307928936,113.13835144042967,9264269
2018-12-10,111.44108082419868,114.22455845647588,110.35484042893864,110.864013671875,8528293
2018-12-11,110.45668304245568,113.30805471841924,110.25301511690922,111.33924865722656,11795237
2018-12-12,111.95026351810164,112.69704824167776,111.32227760724824,112.03512573242188,7028448
2018-12-13,112.35759872589693,116.75345863947969,111.67870101531399,114.95438385009766,13728244
2018-12-14,115.07319186715854,116.43098731545047,112.79888725371151,113.07044219970703,12792082
2018-12-17,114.03786578754892,116.00667187598663,113.5117242147817,115.27685546875,9162003
2018-12-18,113.80024784337913,114.86951303873784,112.88373876513111,113.73236083984376,9864405
2018-12-19,113.73236522852982,116.17639413557032,112.49337557041864,115.6502456665039,9978008
2018-12-20,114.13970736384435,115.41264059513905,112.81585542207691,113.1213607788086,6421739
2018-12-21,113.10438297194762,113.64750666302565,108.87824750368976,109.33650207519531,26209361
2018-12-24,109.54017660959713,112.18788059184524,109.0988972166258,110.8979721069336,11285031
2018-12-26,110.55851706476795,111.1016407582868,108.40301821421815,110.71127319335938,6281385
2018-12-27,111.27136236491273,112.4764016273577,109.98145398466558,111.15254974365234,13527065
2018-12-28,110.7282345666086,113.00254589917685,110.59246055782596,112.03511810302734,5945206
2018-12-31,112.35760511377673,113.3080647250713,111.69568257076784,112.30668640136719,5696321
2019-01-01,112.27273561849888,112.9516333236785,110.45668563836428,110.88099670410156,4036542
2019-01-02,111.61082300437636,112.45944521101804,109.6420167225256,110.5076141357422,8822139
2019-01-03,110.99980439143772,111.32227804467983,109.6589841623514,110.49063110351562,9446080
2019-01-04,110.1511762542541,110.94887964739416,108.50485076073012,110.13420104980467,6414073
2019-01-07,110.6943090199023,110.91495217912048,109.40440738450548,110.06632995605467,5076276
2019-01-08,110.32091448783892,111.1695366944806,109.50623578824188,110.5076141357422,5559089
2019-01-09,110.1681511072876,112.90071011814496,110.1681511072876,111.67869567871094,10474346
2019-01-10,112.28971235021292,112.3745745645141,109.64200850157349,110.57549285888672,8265043
2019-01-11,110.5245684981952,111.98420127198982,109.81172731573211,111.5768585205078,4263836
2019-01-14,112.0351266675772,112.39154382703434,105.68742883977744,106.09476470947266,18435523
2019-01-15,108.28421354094591,112.79888612373205,106.94338640552672,111.95026397705078,40188776
2019-01-16,112.62915699011624,115.3447477460718,111.69567266775653,114.24153900146484,26390100
2019-01-17,114.39430551173976,114.9374223638116,112.56128009315512,113.85118865966795,14104487
2019-01-18,114.05484376137164,117.95850562320186,113.17227811296138,117.500244140625,26911902
2019-01-21,115.41264781709046,117.07594181851242,113.10439265079498,114.66586303710938,41658250
2019-01-22,114.32639813183825,118.67134598672573,114.0548363011187,117.61904907226562,17817926
2019-01-23,118.34886487877924,120.77593246876246,118.12822864887588,119.3332748413086,26499796
2019-01-24,118.87502030711669,119.82547991492244,117.61906223818514,119.4011688232422,11281453
2019-01-25,118.2130793453322,121.64151795673727,118.12821714022029,119.97821044921876,13964137
2019-01-28,120.28372839046445,123.11811788855972,120.24977798192327,120.55529022216795,18399880
2019-01-29,121.18502932764378,122.81898717597848,120.18083053947426,122.34242248535156,12320260
2019-01-30,122.20625353339784,125.15078511275274,121.8658462191054,123.65298461914062,19757160
2019-01-31,124.58913537589157,126.42734363589973,123.67003817149374,125.67843627929688,20517517
2019-02-01,125.9847904206185,126.78473936297974,123.73809642465505,126.47837829589844,8977608
2019-02-04,125.95073444690155,127.5506460596302,125.30396608788651,126.3762435913086,8383256
2019-02-05,125.95075277740547,126.6996462103118,124.52104461436411,125.4231185913086,6550401
2019-02-06,125.66140704848613,127.63575856268237,125.52523580016239,126.69963836669922,5811361
2019-02-07,126.63155883818372,127.48257719259072,125.83160989576724,127.17621612548828,5982481
2019-02-08,126.46136408999665,127.61875744437815,125.50822069556813,126.8698501586914,3735809
2019-02-11,126.25712053093412,128.46976827794307,125.8486206351334,126.9889907836914,7927406
2019-02-12,127.36344831289036,128.07829545005768,125.3890828770368,127.6527862548828,7939320
2019-02-14,128.12936858876367,128.81018332083386,127.2953594610087,127.68683624267578,8199603
2019-02-15,127.73786992763452,128.45273081434846,126.00180096894314,128.0272216796875,9393792
2019-02-18,128.9463258216404,128.9463258216404,126.20604407156932,127.85702514648438,9280197
2019-02-19,126.81876594647817,127.78893226028144,123.29554496604314,123.72105407714844,8171619
2019-02-20,123.6359946054892,127.31239735500408,122.95517979451284,126.6996612548828,11761287
2019-02-21,126.90389040965567,128.26551980812127,126.22307571042288,127.49960327148438,6861558
2019-02-22,127.65279362978885,129.35483050882038,127.14218256607938,128.9293212890625,8519101
2019-02-25,129.62715946775646,131.63557130020357,129.09952526384188,131.1930389404297,12475916
2019-02-26,130.88666232417611,132.4014862115609,129.78033836443436,131.95895385742188,10140096
2019-02-27,129.43990654519422,130.66537839424842,126.7677174886196,127.4485321044922,21357373
2019-02-28,127.61875333298669,128.23147549068364,124.7933695177868,125.57630920410156,25142033
2019-03-01,126.25711575888393,128.7931476182072,124.41890785088924,127.89105987548828,18763773
2019-03-05,127.31237125371158,127.53364433264166,123.22748322532787,123.77214050292967,36042630
2019-03-06,124.54370037958536,129.76327977544184,123.95366651010325,125.92803192138672,43014120
2019-03-07,127.08542435778293,127.22158177196717,121.41196791323904,122.0247039794922,16200268
2019-03-08,118.50714352495577,119.029098670715,116.4419973726597,116.9639663696289,54689738
2019-03-11,117.55398662372549,118.41634900632195,116.85048375005141,117.89439392089844,14708454
2019-03-12,118.46176118941835,119.52837368684496,118.07596341147116,118.62062072753906,12580708
2019-03-13,119.14258324027581,120.54960318402237,116.2831667829939,117.05474853515625,14439446
2019-03-14,117.71286962277085,117.87172916339436,115.73850413493273,116.57817840576172,8978946
2019-03-15,117.10012122468791,119.93684896753403,116.73702561408747,119.5737533569336,17440194
2019-03-18,120.16379302685203,120.16379302685203,116.21506227642034,116.9185791015625,11497228
2019-03-19,117.00934769670225,117.5086145808346,115.78388954606162,116.85050201416016,10103694
2019-03-20,117.28167949455776,119.36951406982347,117.28167949455776,118.71138763427734,12229124
2019-03-22,119.119891373054,119.70992527468164,117.32707368153632,118.25751495361328,6396058
2019-03-25,118.91562425044545,118.91562425044545,116.19236567982456,116.41930389404297,6747924
2019-03-26,116.6916304970772,117.3724451279222,115.01228220050918,115.73848724365234,7701032
2019-03-27,115.82928056342888,116.37393097430406,115.17116102838781,115.53426361083984,6715462
2019-03-28,116.14697035919542,117.05472317771388,115.32999836301231,115.62501525878906,14209672
2019-04-01,116.19238309691201,119.77800464880099,116.16968788696725,118.75678253173828,14133132
2019-04-02,119.55106640056484,119.77800464880099,117.64479342610798,118.75678253173828,7413134
2019-04-03,119.09718990409252,119.41490899210771,117.19091692963568,118.75678253173828,7538708
2019-04-04,118.46174761885128,119.02909315342431,115.71579384639682,117.5766830444336,12838396
2019-04-05,118.46175455344726,119.75530521823843,117.7809398721056,118.96102142333984,7229104
2019-04-08,119.68722534179688,120.50419741087813,118.34828427452533,119.68722534179688,7274928
2019-04-09,119.59644790923372,124.81602722975056,119.52836921007776,124.27136993408205,27982768
2019-04-10,126.17765438853634,127.90237937566536,124.81602502463127,127.5392837524414,37061332
2019-04-11,128.67397933179845,129.17324621937735,127.15349038603065,127.67544555664062,18883256
2019-04-12,128.17470935605894,129.21863352333784,127.72083289668818,128.6285858154297,11578108
2019-04-15,129.35480438095354,131.39724866065282,128.96900658010134,130.5802764892578,14134384
2019-04-16,132.23692691933815,132.28231734159672,126.17767260493773,127.49391174316406,40734118
2019-04-18,131.17029420103842,131.41992070834183,127.17618697692333,129.26400756835938,54851156
2019-04-22,129.58173470277944,131.17030237864537,129.40018688149408,130.82989501953125,16824108
2019-04-23,131.48801931375576,132.46385095708814,130.12638989946575,132.12344360351562,12355568
2019-04-24,132.5546226579255,133.5758447549857,131.7149622368672,133.0084991455078,18298138
2019-04-25,133.00849895455198,134.3247518476199,132.91773196789254,133.98434448242188,20781632
2019-04-26,134.52900062789203,134.64246976031288,133.21276146205292,133.80279541015625,12393102
2019-04-30,133.89358084107286,135.91333700780473,133.89358084107286,135.5048370361328,14679834
2019-05-02,135.5048302018821,135.64100146930917,132.8269614903628,133.2808380126953,9078250
2019-05-03,133.212766114808,133.30354696440037,130.96607167391974,132.03268432617188,14816616
2019-05-06,131.57877583519976,133.3488911627889,131.2610706411866,132.0099639892578,8608690
2019-05-07,132.82698560025966,133.87091010183818,131.76037280893118,133.37164306640625,8707688
2019-05-08,133.55314109917632,133.55314109917632,131.64685453025902,132.0099639892578,7904232
2019-05-09,132.44116116948632,133.03120894807836,131.76034639887303,132.1007537841797,7497994
2019-05-10,132.30497512714956,132.71346113088526,131.62416050385377,131.78302001953125,6133344
2019-05-13,131.85110723598046,133.2127365706033,130.8298852350133,131.21568298339844,8563900
2019-05-14,131.1702865274546,131.1702865274546,128.49241839627092,129.17323303222656,16740848
2019-05-15,129.5817432740552,129.78599324351828,128.12933290527982,128.44705200195312,8631244
2019-05-16,128.83282671617158,130.2625346925553,128.83282671617158,129.51364135742188,7191096
2019-05-17,130.03559426964262,131.57877132668452,129.4909370254118,129.99020385742188,6713562
2019-05-20,131.3972482607346,132.30500127117148,130.4441048295336,131.73765563964844,8366922
2019-05-21,131.89651165070876,132.07805947768668,129.80867701243434,130.2171630859375,5029334
2019-05-22,130.26254710632244,130.4894853416993,127.5392882818,128.492431640625,15300108
2019-05-23,129.62710030212452,129.76325767921674,127.7662043250176,128.08392333984375,9712568
2019-05-24,128.85551828478387,128.99168952723392,127.08540294261088,128.40164184570312,9855298
2019-05-27,128.90090730228528,128.94629771594347,127.17618239294976,127.31233978271484,10900622
2019-05-28,127.53928230683759,129.69519544191758,126.92654632978338,128.42434692382812,88274856
2019-05-29,129.1278585526871,130.94336447258428,128.6739820727128,129.67251586914062,11011746
2019-05-30,129.80864736768933,131.6241529252794,129.58170917299057,130.71640014648438,23151914
2019-05-31,130.78448759205318,131.62416173890526,129.35477963995862,129.99020385742188,14648962
2019-06-03,130.94335437541213,132.55461021459095,130.37600881919283,132.21420288085938,11706676
2019-06-04,133.4396867727726,134.32475146021932,131.9872764782988,133.3262176513672,22163334
2019-06-06,133.43965308580349,133.7119816786691,132.07802397268304,132.30496215820312,17201760
2019-06-07,132.75888019670262,134.30205757233645,132.53194193995614,133.916259765625,13569768
2019-06-10,134.23394378417754,135.25516567264552,134.1204746854589,134.8466796875,14963786
2019-06-11,134.8013299594855,135.9360212891108,134.3928438510629,135.11904907226562,14468168
2019-06-12,135.02826498658865,135.6182989233561,134.73324801820493,135.2552032470703,12445080
2019-06-13,135.2551892412035,135.66367529752875,134.86939146809215,135.43673706054688,10004562
2019-06-14,135.59558259315267,136.88913318060116,135.25517527283512,135.61827087402344,15931606
2019-06-17,136.16292785946348,136.50333517911213,135.6409727395774,135.77713012695312,12357208
2019-06-18,135.9359873573252,136.38986377588054,134.34741989238148,135.2551727294922,16803584
2019-06-19,135.70906591610338,135.79984675151485,132.60000929460602,133.46237182617188,23805922
2019-06-20,128.92361522350657,130.62565211090305,128.17472176329446,130.2398681640625,19120844
2019-06-21,130.26255579186468,131.62418529491552,128.99170712950186,129.7406005859375,12954516
2019-06-24,129.5817349227413,130.534878300121,128.51512242546428,128.85552978515625,6343478
2019-06-25,128.90091766671551,129.9448280087434,127.92508602504414,129.49095153808594,5619496
2019-06-26,129.42287827103056,130.71642903695096,129.1505496069613,129.8767547607422,4663538
2019-06-27,130.42144158747632,130.62567774331376,127.40316501846533,128.03858947753906,10178400
2019-06-28,128.81014963242419,128.81014963242419,127.08542441301805,127.31236267089844,6298778
2019-07-01,127.81162386399228,128.6285960151581,127.5166069122497,127.99317169189452,3471842
2019-07-02,128.19740175495124,129.35478109797575,127.85699443627237,129.01437377929688,5218738
2019-07-03,129.3094085442319,129.62712762602956,128.0158577843573,128.37896728515625,2516552
2019-07-04,128.44702697943072,129.30938940799072,127.9931505590087,128.83282470703125,3256662
2019-07-05,128.9009104307699,129.15053693513426,123.00051664344592,123.38631439208984,9170926
2019-07-08,121.52545392897534,123.1140219541907,120.75385820481372,121.13965606689452,7149570
2019-07-09,121.41194905713904,122.88704750362764,119.9368506106504,120.5041961669922,5240124
2019-07-10,120.14110099287916,122.31970239675296,119.50566288647356,121.16232299804688,5561126
2019-07-11,121.4119596508037,122.54665086249344,120.77653534249964,121.52542877197266,5383786
2019-07-12,121.63890311615158,121.93392007361633,117.1228263592277,117.53132629394531,15190556
2019-07-15,118.00787668220961,118.91562957976507,116.14698047197892,117.96248626708984,9494898
2019-07-16,117.55400469853328,119.23335316328223,116.30584441698514,118.00788116455078,9723314
2019-07-17,118.91563282887245,119.27872845733144,117.1455174005168,117.82633209228516,11637538
2019-07-18,118.46175113284174,124.43022356335408,117.80362475273094,122.13815307617188,42054706
2019-07-19,122.13816708093356,122.38779361168976,119.59645594896752,120.14111328125,8459390
2019-07-22,120.54959478201218,120.86730000444925,119.09718451849449,120.18648529052734,8839780
2019-07-23,120.23187894074049,122.54665180054864,119.73261203353306,120.05033111572266,9361236
2019-07-24,120.05034198860477,120.66307807334486,118.91565066546106,119.9141845703125,4498944
2019-07-25,120.48151640759318,120.48151640759318,118.68869878225263,119.02910614013672,9982362
2019-07-26,119.00640620872149,120.16378557176174,118.37096812189756,119.64183044433594,5438744
2019-07-29,119.36952717407802,121.2531119999284,118.12136671883574,119.09719848632812,5764526
2019-07-30,119.32411697268896,120.18647946494816,118.46175448042978,119.05178833007812,4830174
2019-07-31,119.14255796097017,120.8672827833502,118.25749341849084,120.41340637207033,5698432
2019-08-01,123.22746974002612,125.33799269461299,121.88852852464987,122.72820281982422,35302414
2019-08-02,122.50127143561467,122.95514796101614,118.77949223805,119.66454315185547,9957332
2019-08-05,118.52982878408356,120.45880364185066,118.1440310422882,118.9156265258789,7665468
2019-08-06,118.91563339299722,119.23335245781382,117.00934670651844,117.50861358642578,7906452
2019-08-07,117.55401193132167,119.93686352452414,117.55401193132167,119.16526794433594,7992066
2019-08-08,119.36950789816741,121.18501372171369,118.62061451619661,120.61766815185547,7250870
2019-08-09,120.73114198977852,121.95661400910645,119.30143386803644,119.59645080566406,7060998
2019-08-13,120.23188671468698,120.23188671468698,117.10014151420077,117.32707977294922,4380900
2019-08-14,117.91709842830228,118.05326967663672,113.58258378825556,113.94568634033205,8706726
2019-08-16,113.46912063756756,113.92299712011783,111.22243343406483,113.10601806640625,9944870
2019-08-19,113.60527746993252,114.92151641221928,113.46911314903268,114.42225646972656,5540152
2019-08-20,114.9668960571289,117.59938062068504,114.4676292358046,114.9668960571289,15930242
2019-08-21,115.05767749859352,115.6931017441229,113.96837681322748,114.55841064453125,6826530
2019-08-22,114.3768714415708,115.05768615253255,112.78830378266012,114.39956665039062,6739804
2019-08-23,114.8080478539121,116.69163929665206,113.26487067786945,114.10453796386719,9793938
2019-08-26,114.55840986979314,114.80804329513605,112.49327762298634,113.06062316894531,6529420
2019-08-27,112.87907229048508,114.2180064395138,112.15287412224147,113.5145034790039,8045102
2019-08-28,113.51449799235843,114.92151077097625,112.60674513172575,113.12870025634766,5363314
2019-08-29,112.13018515846623,113.58258850143544,112.13018515846623,112.92446899414062,5438102
2019-08-30,113.51450798300208,115.85196903461406,113.08331979576802,115.46617126464844,8368026
2019-09-03,115.33002053276054,115.89736615339474,114.626510578053,115.12577056884766,4411118
2019-09-04,114.1499251035071,116.5781668371835,114.0591512002754,116.21505737304688,6606662
2019-09-05,117.5086128904808,117.5086128904808,115.5115592338894,116.01082611083984,8811234
2019-09-06,115.8973581299402,116.78240892613152,112.92446589850614,114.37686920166016,22872104
2019-09-09,114.10453943565105,116.23776434116182,113.62797469245902,116.01082611083984,11581912
2019-09-11,115.28462816700586,115.73850465585235,112.26635228641902,112.62944793701172,19598224
2019-09-12,111.51744619293696,112.78830168151168,110.74585758667544,110.99549102783205,9329514
2019-09-13,111.1997296454849,112.28903034932112,110.38275065480522,111.35858917236328,7620240
2019-09-16,111.24512487327986,112.49328515799367,110.79124840611121,112.15287780761719,7950382
2019-09-17,112.08478979226754,112.28903281301744,110.60969130542198,110.81393432617188,6329530
2019-09-18,111.3812866505078,111.63092010238285,110.42815018735617,110.88202667236328,5052560
2019-09-19,111.31320467646816,111.58553332971086,109.0438223181304,109.61116790771484,5137674
2019-09-20,109.7927117519252,112.8790730326673,109.1572874848335,111.63091278076172,12392500
2019-09-23,112.42519437171812,112.5613586907392,107.3417795579025,108.63533020019531,13553962
2019-09-24,109.33884367606689,110.26929186573318,108.70341936027828,109.2480697631836,11536662
2019-09-25,109.15729266593469,109.54309044144108,108.02260147398111,108.38570404052734,7209996
2019-09-26,108.56724158022996,109.134587122482,107.36447180089752,107.61410522460938,10777480
2019-09-27,107.75027215237075,108.47647728097932,107.02407394936762,107.38717651367188,6383350
2019-09-30,107.56873632602851,109.22538287051182,107.00139067030052,108.83959197998048,6597906
2019-10-01,108.93035300538678,109.1345960321508,105.39011514759063,105.98015594482422,8754660
2019-10-03,106.2978602818129,108.74879719977802,105.5489669301486,107.04676055908203,9570460
2019-10-04,108.0226007896953,109.33883979378137,107.22831696035931,107.88643646240234,5951042
2019-10-07,108.04529186180224,110.01965029233946,107.20561764698192,107.59141540527344,4447336
2019-10-09,108.58993328106516,108.74879279800864,107.29638271625267,107.90911865234375,4556276
2019-10-10,107.90913359899275,108.74880786096216,107.02407584418522,108.56725311279295,4135724
2019-10-11,107.56872152120155,109.11189872214972,107.34178329014416,108.68071746826172,5316578
2019-10-14,108.83957713123635,111.1316546527956,108.02259811332546,110.49622344970703,7184274
2019-10-15,111.17703877577479,111.42667221677864,108.58994430901951,110.58699798583984,17103786
2019-10-16,111.60821924667684,114.24070411166016,110.74585673903302,112.9698486328125,32571658
2019-10-17,112.96985088698507,113.53719647586227,111.9259405439353,112.4932861328125,10324480
2019-10-18,112.49327629093936,113.7868199650459,112.49327629093936,112.96984100341795,5528778
2019-10-22,113.01523643178925,115.48886170752468,112.15287394411801,115.08037567138672,12546576
2019-10-23,114.7399715406461,115.98813181725882,113.49181126403339,115.4434814453125,5348508
2019-10-24,115.23923037536824,115.37539469843207,113.10601239938502,113.28756713867188,7834196
2019-10-25,114.39956063982385,115.05768010738811,112.90176696928123,114.83074188232422,6530578
2019-10-27,115.53424825813693,115.85196037846129,114.8307383966727,115.1257553100586,630698
2019-10-29,115.12575952197732,116.14698154112769,114.46764005031253,115.82926940917967,6382884
2019-10-30,117.10011358888156,118.41635240549157,115.01227933604734,115.62501525878906,8119090
2019-10-31,115.28462291781956,118.00788172690191,115.19384900930454,117.6901626586914,6992524
2019-11-01,118.09864918994214,118.4617447828927,116.53277001152377,117.37244415283205,5061842
2019-11-04,117.69015688474292,118.32559498998896,116.07890104223593,116.4646987915039,3841070
2019-11-05,116.7824224114681,117.73556586845402,115.60234762133979,117.32707977294922,3169448
2019-11-06,117.55400238889004,117.75825233506912,116.21506129996108,116.5781707763672,3255238
2019-11-07,116.64622938946859,118.23479671578431,116.46468160813123,117.8489990234375,4253934
2019-11-08,118.07596101959126,118.3709779551473,116.07890731981506,116.3739242553711,3079708
2019-11-11,116.73702904324256,116.87318643841496,115.01229021420204,116.39662170410156,3804758
2019-11-13,116.7824173899721,117.55401297702403,114.44495619561334,114.87614440917969,3722946
2019-11-14,115.28462311304168,115.62503046475342,114.10454152353222,114.71727752685548,5796412
2019-11-15,115.28462248197508,115.37539639014692,114.21801001554148,114.62650299072266,2425834
2019-11-18,114.6038147431896,114.6038147431896,112.6975348533745,113.21949005126952,5756874
2019-11-19,112.6521384346278,113.99107263559962,112.4252001996968,113.65066528320312,4061312
2019-11-20,114.26339160312924,114.26339160312924,112.7429027877216,112.96984100341795,2988298
2019-11-21,112.742915182347,113.24218208200888,112.10749087878234,112.35712432861328,3488196
2019-11-22,110.42814573439178,111.49475127578482,109.88349535946708,110.33737182617188,8183112
2019-11-25,110.3146645052808,110.655071817933,109.52038077575897,110.2919692993164,3782394
2019-11-26,110.836627358429,111.01818209322452,107.34178008947411,107.81835174560548,15380804
2019-11-27,108.47646942836019,109.33883189625165,108.04528819441445,108.95304107666016,3894494
2019-11-28,108.907655420092,109.15728885873614,108.13606682159619,108.8395767211914,3198740
2019-11-29,108.95303353668014,109.4749886376081,107.50063041072004,107.88642120361328,5333922
2019-12-02,108.13607758639984,108.79419713517282,106.91061240495952,108.29493713378906,7259920
2019-12-03,108.24952430661271,108.24952430661271,106.84250465859108,107.47793579101562,5730370
2019-12-04,107.38717472753588,110.17851222583714,107.3417843106508,109.92887878417967,6671932
2019-12-05,110.1558189601358,111.15434581877064,109.4296207564038,110.60969543457033,5226290
2019-12-06,110.60968896213106,110.97279150555242,109.08920701711122,109.38422393798828,2735116
2019-12-09,109.29347035665218,109.67926125372115,108.29494337077108,109.1119155883789,2414590
2019-12-10,109.1119050826875,109.1119050826875,107.61411821088134,108.09068298339844,4411226
2019-12-11,107.8637334626024,109.29344840750228,107.27369962962659,108.95304107666016,4775320
2019-12-12,109.0892180975989,109.49770417193588,108.34031772717354,108.68072509765624,2811896
2019-12-13,109.83809833881008,111.13164896138925,108.93034545997692,110.67777252197266,8623666
2019-12-16,110.7004690002757,111.83516018283534,110.11043512582899,110.36006164550781,5685154
2019-12-17,110.85933494373045,111.63092360734764,110.54162277937111,111.08627319335938,4422758
2019-12-18,111.58553665025357,113.42373087472356,111.42667711020047,112.6975326538086,10598214
2019-12-19,112.83369633223938,113.76413758098305,112.40250813333222,113.10601806640624,4968422
2019-12-20,112.56136272256062,115.1938475907093,112.243650583868,114.28609466552734,10423252
2019-12-23,114.73997342460049,115.60233595054115,114.19532304371137,115.21654510498047,3701304
2019-12-24,114.83074089178837,115.26192213056936,113.9683784142264,114.4903335571289,3088960
2019-12-26,114.3768742843442,114.55842210820413,113.26487828058974,113.60528564453124,4052868
2019-12-27,113.4691126177517,113.80951995560496,111.81246634377456,112.35711669921876,5022240
2019-12-30,112.76560784602044,113.26487473441212,111.92594052995031,112.99254608154297,4333614
2019-12-31,112.42519051215177,112.8336834551914,111.33588984858883,111.56282806396484,4329828
2020-01-01,111.88054343897628,112.85637502327305,111.74437912066384,112.4251937866211,2827732
2020-01-02,111.92592885981492,113.4237155176102,111.81245975388472,112.69751739501952,2887932
2020-01-03,113.24217867063197,114.69458198188775,112.26634703549588,113.9683837890625,6762808
2020-01-06,113.92299113180823,115.4888635291762,113.53719337167757,114.4449462890625,9133390
2020-01-07,114.94421928213495,116.35123914921672,113.55989462431687,115.82927703857422,8805574
2020-01-08,115.28461779338869,116.26044938635845,114.62649832890176,115.64772033691406,5588820
2020-01-09,115.39809158955258,116.41931363901764,114.6718864730242,115.12576293945312,4990046
2020-01-10,115.26193942192964,115.82928506480742,113.92300508985926,114.26341247558594,4113154
2020-01-13,115.28461779338868,117.05473317036802,114.7626626484244,115.64772033691406,13927198
2020-01-14,116.5781781184594,117.25899284698704,115.53426081626256,116.7370376586914,14593554
2020-01-15,115.2846171368525,116.19237002769385,111.92593421098145,112.6748275756836,20280902
2020-01-16,112.56136674397908,114.64920131673055,112.10749026517271,113.6733627319336,17623672
2020-01-17,114.37686983967636,115.23923235790802,113.31025737053253,113.9683837890625,8281636
2020-01-20,113.83221870620928,113.83221870620928,112.19826066341568,112.56136322021484,3817166
2020-01-21,112.51597344086788,112.65213776613955,111.65361092348955,112.15287780761719,3015884
2020-01-22,112.83369343707696,114.35417545924352,111.3812831896986,111.58553314208984,6800848
2020-01-23,111.85784450239608,113.0606211941838,111.35858458603533,112.87906646728516,3393088
2020-01-24,113.31200007078422,113.6765685328094,112.21830163827376,112.83351135253906,3421554
2020-01-27,112.97021848127154,112.97021848127154,111.53473841889968,111.80816650390624,3306994
2020-01-28,112.05880888935584,112.14995622664568,110.19040668552849,111.21575164794922,4272362
2020-01-29,111.466380548353,112.742359686022,110.8511708577474,112.44615173339844,4009378
2020-01-30,112.83351262943088,112.83351262943088,109.46126300949199,109.68911743164062,4294930
2020-01-31,108.45869916891796,108.98276153053514,107.09157270880554,107.91184997558594,11107276
2020-02-03,108.32199389397391,109.43847920266128,107.20550858528655,108.1852798461914,8463660
2020-02-04,108.91442607518414,109.93977109053628,108.41314350847449,109.48406219482422,6329512
2020-02-05,110.09925408350924,110.73724365234375,108.13970475985357,110.39546203613281,7751206
2020-02-06,110.62331972483952,112.0815866065034,110.12203722478398,111.03345489501952,6112396
2020-02-07,112.56008704171326,112.56008704171326,110.71446479059964,111.17017364501952,5519024
2020-02-10,111.83095575685138,111.94488297622615,109.1194893264449,109.78026580810547,4517992
2020-02-11,109.62077110886352,110.6916827913808,109.27898945312204,109.93976593017578,5460620
2020-02-12,110.14482619183472,112.62843800064542,110.14482619183472,111.39802551269531,6838800
2020-02-13,112.01323743713732,112.01323743713732,110.50939683180589,111.07903289794922,4829910
2020-02-14,111.10181540259111,111.80816548780129,110.28153810859108,110.6916732788086,3619586
2020-02-17,110.6916873528779,111.64867880981696,110.25876529514484,111.1018295288086,2035556
2020-02-18,111.07903759558,111.58032013641191,109.93976541511252,111.21575164794922,2505274
2020-02-19,111.42081870365128,113.17530063439878,111.42081870365128,112.8335189819336,3570768
2020-02-20,113.01579840512427,113.2664396713326,111.69424547939376,111.96766662597656,4241614
2020-02-24,111.64867187610812,112.92465808826245,110.4638260462008,111.28410339355469,7043950
2020-02-25,111.26132053061475,112.40059273327748,110.48661682351724,111.23854064941406,5059572
2020-02-26,110.76003381738971,110.94231457009526,108.64098356097158,109.32454681396484,7988388
2020-02-27,108.89162338730657,108.89162338730657,105.040885169841,105.54216766357422,9733628
2020-02-28,104.129466124282,104.585174947583,100.1192270885201,100.91671752929688,11274618
2020-03-02,102.89905813080962,103.44590735164716,99.52680852077545,100.62051391601562,11532350
2020-03-03,102.07878405525416,102.89906138926835,100.52937672155588,101.94207000732422,10346226
2020-03-04,102.48890796642884,104.69909846295958,101.37242277940834,104.2889633178711,9036356
2020-03-05,104.3801225695473,106.59030651230565,104.19783484153994,104.67633056640624,5941556
2020-03-06,102.53449472590594,102.99020359135442,101.41800939627028,101.87371826171875,5868566
2020-03-09,100.34707667208698,100.71164510389995,97.06597469289906,97.70396423339844,17462228
2020-03-11,92.82788972010816,97.70397293855464,92.82788972010816,97.11155700683594,12270332
2020-03-12,92.96459884407204,94.30893846605524,90.00249152796191,90.73162841796876,10764010
2020-03-13,90.68606907299994,93.16968113177346,77.12872960103135,89.9569320678711,13043196
2020-03-16,88.38473828161207,88.38473828161207,81.36682412076563,81.9136734008789,11201148
2020-03-17,81.36681334276072,84.55677516669986,77.81228306251555,78.8832015991211,12175374
2020-03-18,80.5237424886002,81.34401970830439,76.7869317694638,77.44770812988281,12733198
2020-03-19,75.19194705336675,78.08570052442192,72.63997515982689,73.98432159423828,11980172
2020-03-20,74.32611655596608,84.67070610750966,74.0526884632909,81.66302490234375,20319490
2020-03-23,75.19196615534999,80.66047278482999,75.19196615534999,77.53886413574219,10720786
2020-03-24,76.78694058823906,82.82508280066736,76.58187299815265,80.3642578125,12061562
2020-03-25,80.84274551485782,85.67326200508097,77.56164325431241,79.58954620361328,13456292
2020-03-26,80.63766647685226,85.12640069933761,78.60976381551272,83.2124252319336,10247690
2020-03-27,83.46305774416196,86.35681119082085,82.71114106139305,83.62255859375,13535120
2020-03-30,82.52887111037677,85.39983114924986,81.73138066545317,83.91877746582031,7334804
2020-03-31,85.21754274380957,91.05061657901848,84.60233310300345,89.6379165649414,10615252
2020-04-01,89.18221237292417,89.18221237292417,85.21754713234611,86.35681915283203,9875668
2020-04-03,85.67327440049912,86.40241143214257,81.00225811004638,82.02760314941406,13147474
2020-04-07,85.78718889641978,87.81509183818521,83.41750432558493,87.45052337646484,9562862
2020-04-08,87.26822998199479,91.1417545503862,86.03781768627738,87.90621948242188,10275308
2020-04-09,90.41263549892768,92.48611221310654,88.88601498236135,89.63793182373047,6930346
2020-04-13,90.2303470705181,90.2303470705181,83.3491410529062,86.22010803222656,12384376
2020-04-15,86.60746255809741,88.22523025843527,84.67070007474364,85.01248168945312,22652006
2020-04-16,82.02758717491713,86.47074814689181,82.02758717491713,85.60490417480469,43380846
2020-04-17,87.72395077873678,88.29358682275456,84.55677576471098,85.2175521850586,13212894
2020-04-20,86.12896650565317,86.12896650565317,82.09594068943876,82.52886962890625,16203026
2020-04-21,81.57189147706018,81.98202669747381,79.2022066349202,81.13896942138672,18086618
2020-04-22,80.66045601345407,81.79972799104522,79.77182526164582,81.36680603027344,10621898
2020-04-23,81.75415803491349,83.2124317951581,80.70603333088904,82.4377212524414,11104460
2020-04-24,82.0048010588313,82.39215633862962,80.72881496759751,81.00224304199219,9282278
2020-04-27,82.02758752137007,83.34914031667735,79.97689783333581,82.9617919921875,18283250
2020-04-28,82.98458215298636,83.37193049301553,81.11617313639617,81.89087677001953,13329834
2020-04-29,82.07316483424803,83.14407643570219,81.75416308351717,82.32379913330078,10060582
2020-04-30,84.30613482440886,87.76952476618895,83.64535840163325,87.0176010131836,17667854
2020-05-04,84.07828216306599,87.17710370938255,83.41750572648122,86.60746765136719,17140740
2020-05-05,87.24544760910331,88.407506429691,83.03014124583196,83.94155883789062,13864778
2020-05-06,84.62513146190388,85.6732632002799,82.4833012726099,85.24034118652344,10885580
2020-05-07,83.85042243056837,84.48841199372289,82.57443635069461,83.89599609375,11402138
2020-05-08,84.39727493202498,84.76184339108674,83.18964929954572,83.85042572021484,8227344
2020-05-11,84.30613237276486,86.56188965905291,83.89599721291788,84.16941833496094,8787666
2020-05-12,83.94157570483736,85.6732708684229,83.21244565682005,85.24034881591797,7030818
2020-05-13,87.26824485072166,87.26824485072166,84.3744908692847,86.44796752929688,10560968
2020-05-14,84.19221237141599,85.37705819568752,83.44029552949797,84.76184844970703,10324394
2020-05-15,84.76184301595357,84.76184301595357,83.23521564257358,83.75928497314453,6849030
2020-05-18,82.96179782087658,84.30613754232493,81.84531252521829,83.0301513671875,14454486
2020-05-19,83.05293599094999,84.76184413891193,81.1161734232598,84.03270721435547,11486668
2020-05-20,84.3061349160783,84.71627008829809,83.03014878068953,84.2833480834961,15415706
2020-05-21,83.57698451238512,87.35936864322129,83.57698451238512,86.17453002929688,14258230
2020-05-22,86.15175411694993,86.97203138656914,84.9669083993261,86.12896728515625,9177652
2020-05-26,86.1289592738239,88.04293475586272,84.62511891166335,86.0378189086914,11822268
2020-05-27,86.4024121309509,93.64818101965862,85.5365610296757,91.71141815185547,36165936
2020-05-28,92.73674703217137,92.73674703217137,89.34171763472868,90.8455581665039,24695246
2020-05-29,90.84555602043726,97.93182260640224,89.38728223403473,96.97483825683594,61260422
2020-06-01,98.20525068370088,100.71164919302967,97.24825938053125,98.00018310546875,26749248
2020-06-02,98.02297970357759,99.59517389808728,96.13178374051815,98.36476135253906,12812554
2020-06-03,98.47868096891725,99.0938837174313,95.94949557107526,96.3140640258789,16844202
2020-06-04,96.31407217169557,100.23316426999071,95.76721596645697,98.54704284667969,14794936
2020-06-05,100.25594587053573,100.36987308175225,97.97740164620537,99.68630981445312,14491168
2020-06-08,99.80022245690832,103.58260670786014,98.36474258655652,103.19525146484376,24427392
2020-06-09,102.12435415886802,103.1269122194284,98.95717214767492,99.5040283203125,15690504
2020-06-10,100.25593559862831,100.73443122742556,98.25081966808152,98.88880920410156,14787292
2020-06-11,98.88881764377628,99.18502560644453,96.76977433283565,97.0204086303711,12497490
2020-06-12,94.7874330987585,95.4709963182207,94.01272950741426,94.74185943603516,12418688
2020-06-15,96.5874930647726,99.29895943537178,94.85579797775921,97.43055725097656,28511450
2020-06-16,99.09388003046084,99.29894760566894,95.51657001931054,96.79254913330078,15921712
2020-06-17,96.61027476959264,99.68630946154902,96.17735275921552,99.25338745117188,27938908
2020-06-18,98.79767718644682,99.93694927818729,97.817899015411,99.41287994384766,12408426
2020-06-19,99.34452524207737,102.12435189495596,97.97739874792035,101.19014739990234,22447354
2020-06-22,100.7800027398694,101.05343081323642,98.79767354543517,99.3673095703125,12961806
2020-06-23,97.9773934406023,101.30406912022869,97.06597582720134,100.52936553955078,14850298
2020-06-24,102.07878164651568,102.07878164651568,99.139460976425,99.4356689453125,16492172
2020-06-25,98.86602530132912,101.16735619098102,98.11410854349768,99.43566131591797,10193692
2020-06-26,99.93694880782196,104.81303194680831,99.48123997327062,102.73955535888672,38389012
2020-06-29,101.19015845935594,102.94463347980502,99.66353092593708,100.1192398071289,13374148
2020-06-30,100.07365566963364,101.1445671818633,99.34451880523365,100.096435546875,11001386
2020-07-01,100.71165176580863,101.34964134850995,99.50402614370793,99.8230209350586,7905234
2020-07-02,100.71165495861989,102.73955793245825,100.05087852268134,102.169921875,14359882
2020-07-03,102.16993126087542,104.12948086925954,101.46358109402505,102.443359375,10838912
2020-07-06,102.9446156186252,103.55982528291982,100.98507333233904,101.46356201171876,15175628
2020-07-07,101.71421085884508,104.0838954165985,101.16736164606584,102.4889144897461,18235138
2020-07-08,103.28640862950778,103.76490431530789,101.39521967320886,101.66864776611328,14152368
2020-07-09,102.1927102118479,102.35221109170944,100.09644670812747,100.9850845336914,13417996
2020-07-10,100.7116614862816,101.82814684055214,100.0280981730263,101.21294403076172,9097518
2020-07-13,102.05599598197294,104.35732707454832,101.41800637080355,103.7193374633789,24694620
2020-07-14,104.08389207534492,105.587732577386,102.12434970525403,102.53448486328124,27877134
2020-07-15,107.5472910379252,122.44897633357476,107.091582177595,119.7375030517578,260735176
2020-07-16,119.62355622662898,122.3350290639506,116.22852716443369,119.35012817382812,104555854
2020-07-17,117.84631841012748,120.2387900151185,117.11718142527538,119.09951782226562,37713024
2020-07-20,119.0995047521088,124.65914409882896,118.02858622692504,123.40594482421876,42789980
2020-07-21,126.9149086632019,128.3276088121536,122.76795554484546,123.6565933227539,65998100
2020-07-22,124.15789485012733,124.34017562794085,120.14764820257047,121.21856689453125,25167708
2020-07-23,122.26667052465741,122.33503797318295,119.64634481648307,121.49197387695312,20736656
2020-07-24,121.67426186485817,123.86165876249787,121.01347847539913,123.29202270507812,44244246
2020-07-27,123.29201537333009,124.49965486895007,121.7426081707123,122.51731872558594,27980494
2020-07-28,122.72239604192109,126.11743276688117,122.72239604192109,125.52501678466795,28087614
2020-07-29,124.77311001525729,126.68709324585402,124.11234035519783,126.23138427734375,21567278
2020-07-30,127.64405300856777,130.69729399139348,127.64405300856777,129.46688842773438,51694590
2020-07-31,131.97328122403567,132.52012348103924,126.96048404562163,128.03140258789062,33401320
2020-08-03,128.96560824337757,129.78587863401668,127.37062722269975,128.30482482910156,17817526
2020-08-04,128.30481975454484,129.12510401987188,126.80098612880731,128.07696533203125,16239042
2020-08-05,128.16811228192054,129.6263861445136,126.41363045236864,126.77820587158203,14690906
2020-08-06,127.91746743442987,129.53522813322448,126.5731208935905,127.43896484375,20305210
2020-08-07,128.07694662570685,128.44152199275857,125.9579035872542,126.41361236572266,14642400
2020-08-10,127.59847337297245,128.1453295359943,126.04906612058377,126.41362762451172,12621492
2020-08-11,127.14276451287388,129.7175166400419,126.82376276665626,127.43897247314452,20157816
2020-08-12,127.78077510077748,127.91749611754132,125.11487520590278,125.86680603027344,17807334
2020-08-13,126.64148895084412,128.4415445041335,125.22878870856864,126.23135375976562,19307912
2020-08-14,126.91489657355476,127.94024133940934,125.730050951586,126.00347900390624,13163422
2020-08-17,126.96049408464742,130.51501771118885,126.52756509488164,128.48712158203125,29094008
2020-08-18,129.76308545007868,130.97071103192832,128.37317912312272,128.82888793945312,24108414
2020-08-19,130.10486857096353,130.3099431035419,127.2566884358724,127.48454284667967,18745042
2020-08-20,127.14275712282691,127.14275712282691,124.49965160570581,124.95536041259766,19783530
2020-08-21,127.11997280432259,127.11997280432259,124.27179286075135,124.56800079345703,15939272
2020-08-24,124.63635101099685,125.06927991374009,123.90721418343739,124.27178955078125,12309628
2020-08-25,125.0237319806934,125.18323286753147,122.74518761766683,123.01861572265625,15592276
2020-08-26,123.01860091651805,125.18321780086669,122.12996315903894,123.97557830810547,19265334
2020-08-27,124.40850500287696,125.4110699467042,123.72494178857544,124.11229705810548,12380336
2020-08-28,125.18324091200286,125.31994801971702,123.63381951987164,123.97560119628906,15199568
2020-08-31,124.8642237679863,128.5098945349348,122.12997069277492,123.63380432128906,41141934
2020-09-01,123.49711021238818,127.32506213865209,122.58569242484288,123.77053833007812,24586106
2020-09-02,124.36295596900094,126.00351078964144,123.5882591836512,124.72753143310548,16863810
2020-09-03,125.54776971911852,131.17577597071158,125.09206093610902,128.89723205566406,49790330
2020-09-04,127.00606185086644,127.37062336742014,125.36550721211403,125.77564239501953,21415428
2020-09-07,126.00347908601633,127.37060544137998,123.72493516041024,127.02882385253906,16651534
2020-09-08,128.60104159444134,130.76565860772996,126.91491330544862,128.76052856445312,44589722
2020-09-09,127.50734211171009,131.90494403462606,126.91492611638931,128.8972625732422,45588720
2020-09-10,130.62892731546037,130.72007464010997,128.09974898841944,129.67193603515625,19035804
2020-09-11,128.7377435449545,136.00630489379583,128.7377435449545,133.65939331054688,83871852
2020-09-14,133.6366299336501,140.60897028037928,133.5910562639259,139.9937744140625,76179084
2020-09-15,139.99378023519967,141.83939572515612,137.9658700587663,140.0621337890625,56312624
2020-09-16,139.90261397262225,142.86472143458332,138.5582673308802,142.24951171875,29986974
2020-09-17,140.01655402316047,144.32300852179452,139.99377414190835,142.04446411132812,53623304
2020-09-18,143.09258512524067,145.3711294743687,142.29509460304584,144.2318572998047,36975462
2020-09-21,143.95842502610552,147.8775239744983,141.2469656734709,142.13558959960938,45477692
2020-09-22,143.73056983096066,144.34577956554696,138.51271179473224,142.2950897216797,47020668
2020-09-23,143.54828823868942,146.64710286638672,141.79380637879046,143.4799346923828,44278872
2020-09-24,142.81915083906827,142.81915083906827,137.8291472747811,138.8544921875,35838302
2020-09-25,139.58363700523182,143.6622374129571,138.62665939638688,143.04702758789062,44013790
2020-09-28,143.54830603191147,144.45972384798708,141.08748070993371,141.97610473632812,24921524
2020-09-29,143.5482736651817,145.16603436109642,141.4975840413934,141.9532928466797,29660738
2020-09-30,142.18116901356635,143.93565096390998,141.0874704948882,142.88751220703125,24786634
2020-10-01,144.18629559071587,144.84707906962313,142.20395906112628,142.65966796875,18514618
2020-10-05,143.6394343271786,153.11817279445967,143.6394343271786,152.18397521972656,77811262
2020-10-06,152.6624567571311,152.79916384212143,147.19395084344282,150.4066925048828,55159848
2020-10-07,149.01678612483173,153.36879985094666,148.333222885727,152.79916381835938,35479916
2020-10-08,159.9538048613834,167.5869280278454,157.8803351760324,163.80455017089844,214540492
2020-10-09,164.96659834754658,171.39209570549303,162.80198138027905,170.4351043701172,110861504
2020-10-12,171.80223590775043,173.07821512087094,168.2021387855393,172.03009033203125,105931918
2020-10-13,171.93894154217884,173.94407158455982,169.9566191934413,171.32374572753906,72176286
2020-10-14,166.33374482063294,166.33374482063294,158.7234007961239,159.70318603515625,148263902
2020-10-15,159.95379561924463,161.43484928238578,154.46250990798845,155.67013549804688,77922358
2020-10-16,156.26256317414607,158.63225477656954,154.3030206658144,154.78150939941406,50488458
2020-10-19,156.05752556022455,157.9031411274324,154.32582331613474,156.39930725097656,25693748
2020-10-20,157.1056263654801,159.27024340749904,155.78407347914725,158.0170440673828,33993548
2020-10-21,159.31582082931416,159.5436752601607,154.5308777815372,156.51321411132812,19934922
2020-10-22,155.39670165637483,158.67781059730825,155.32834811742393,156.96890258789062,19082496
2020-10-23,158.0854191120663,158.17656645750412,155.53344641826288,156.03472900390625,17346096
2020-10-26,156.6271599306119,157.1740022853179,153.43719751986325,154.84988403320312,17390338
2020-10-27,154.16630060415625,154.82708400898946,150.86241139425138,152.2295379638672,19821156
2020-10-28,153.00422234090422,154.87263111368566,152.3890127086663,152.95864868164062,17969178
2020-10-29,152.04725916022065,154.94101321792272,150.90798700420652,153.77896118164062,14479922
2020-10-30,154.59922637449571,157.2195522452499,154.2346648596777,155.260009765625,22991068
2020-11-02,155.73850169532992,155.73850169532992,152.07005096367624,152.57131958007812,9662266
2020-11-03,152.8903256502499,154.69038124683848,151.59155259131785,152.95867919921875,9515596
2020-11-04,154.0295752205995,160.20442393064474,153.8017208193856,156.28533935546875,30763800
2020-11-05,158.5639061675228,159.04239491602232,156.78663045679653,157.40184020996094,11204872
2020-11-06,157.7436058204621,159.04237874348956,156.49040656102198,157.5613250732422,10915586
2020-11-09,159.49809619570374,160.77407540241722,158.1309696568834,160.38673400878906,14214570
2020-11-10,159.83988113567833,159.83988113567833,155.46507333956222,155.9891357421875,18099240
2020-11-11,156.99169915274226,158.47275291833415,155.62457259988818,158.0170440673828,15275758
2020-11-12,158.58667654863356,159.8170959812595,156.90054827535064,157.47018432617188,10228848
2020-11-13,156.99166942816098,157.78915976633016,156.17139921460952,156.83216857910156,9455776
2020-11-14,158.1993029182983,158.38158365200982,156.35368789038526,157.4246063232422,1498484
2020-11-17,158.1309747981,159.7259558119137,156.62714111935657,158.9056854248047,13307668
2020-11-18,159.38418763185177,160.56903355221402,155.76129631725283,157.3562774658203,14815616
2020-11-19,158.44997240415907,159.27024276973472,155.67014564306095,156.1258544921875,22113702
2020-11-20,156.67270898947663,158.81454631031627,155.87521844128997,157.81198120117188,12362786
2020-11-23,158.58666919143127,162.8703293134521,157.67525155240006,162.1639862060547,20666694
2020-11-24,163.5994669596354,164.69316535008448,161.77663167317706,162.00448608398438,20184882
2020-11-25,163.0981896755006,163.5083248466067,159.29301811224914,159.4980926513672,13624676
2020-11-26,159.9538157722168,162.41464092574776,158.22212760306243,161.7082977294922,14732740
2020-11-27,161.7082729819729,162.91589853937035,158.51831133225096,159.72593688964844,24804168
2020-12-01,160.72850619971217,161.2753484388318,157.78917875109985,160.79685974121094,21387134
2020-12-02,161.52599812180057,164.19188361471683,161.41207091587663,163.55389404296875,18868154
2020-12-03,165.87803826936613,165.87803826936613,163.14378489129965,164.19190979003906,21394090
2020-12-04,164.55645976153554,165.1488756721651,163.59946844602422,164.41973876953125,14854786
2020-12-07,164.96662273565877,165.3084044125973,162.91593267402766,163.34886169433594,16784766
2020-12-08,164.1918813850062,166.33371839014202,163.32603741316836,165.74130249023438,23626602
2020-12-09,167.58694516368965,167.58694516368965,162.91592901704706,163.8273468017578,36275376
2020-12-10,162.32351911282075,163.14378958699746,160.75131781232778,162.18679809570312,13794794
2020-12-11,162.87034034838075,164.0551861408239,160.70572330902266,161.09307861328125,11727232
2020-12-14,161.09307797832906,161.57156670650164,158.1765441287472,159.20188903808594,23003678
2020-12-15,159.17909442214437,161.27535789618702,158.35882406179866,160.728515625,14463562
2020-12-16,161.27535997031944,163.5766980176108,160.95637211814048,163.3260498046875,13332544
2020-12-17,163.3260345276608,163.7133897971244,162.00448176166378,162.64247131347656,8330742
2020-12-18,163.57669357825327,166.69828800459126,162.9159101978157,165.67294311523438,34796162
2020-12-21,165.19446193273907,167.45022635508673,158.7461843380321,161.29815673828125,19330126
2020-12-22,161.3208966804887,166.65269459125406,159.24742744137288,165.96913146972656,16372078
2020-12-23,170.43511553462318,176.63275888094475,169.3869907078241,175.69854736328125,89748866
2020-12-24,176.10869873664052,176.2226259543749,172.55416119904956,174.17193603515625,24480344
2020-12-28,174.74155395895744,176.08588664419722,174.08077060193594,174.49090576171875,9451758
2020-12-29,174.9921976461039,177.95430515834263,174.5820624642969,175.44790649414062,22918252
2020-12-30,175.44791235230753,176.17704931493807,174.44534729029914,175.1744842529297,14376870
2020-12-31,173.71620836233097,176.6327420392384,173.71620836233097,176.0175323486328,12789210
2021-01-01,175.47067545879273,178.06822129387766,175.47067545879273,176.860595703125,10084672
2021-01-04,177.72645617698038,181.34934719267116,176.7238911177451,180.6429901123047,19511442
2021-01-05,179.59485576225666,186.74947617159202,179.32142767814477,185.1544952392578,50313494
2021-01-06,184.56209884196156,190.21288624730144,183.7873881728587,185.20008850097656,44972600
2021-01-07,187.86597202068907,188.20775365565697,184.03802049047468,185.3595733642578,24689510
2021-01-08,185.70136266444695,197.16243784869155,185.5874354480884,196.04595947265625,81986460
2021-01-11,198.68903775505368,205.52466978791105,198.2333289528632,203.61068725585935,94668036
2021-01-12,204.13476576517044,209.9678329349668,201.60557354072137,208.5779266357422,44268930
2021-01-13,210.0817667643229,213.0210942265888,206.3449488642315,209.1703491210937,58380386
2021-01-14,205.98039674664557,212.36032053968324,195.9548022147292,207.0513153076172,143103614
2021-01-15,207.233577629957,209.35262077701785,198.9624656582575,199.85108947753903,50615558
2021-01-18,200.9676022538669,202.79043764845983,195.54466973637915,196.66114807128903,43021174
2021-01-19,197.3219248778871,200.30681217404245,194.90667362352707,196.0687255859375,31355580
2021-01-20,197.7776519291128,204.08922263500497,197.3219430537001,202.76766967773438,48839358
2021-01-21,205.79813389803425,206.6411981111827,201.56003295104404,203.15501403808597,31822754
2021-01-22,204.36532663468927,206.4434576350829,201.16819344122567,203.13214111328125,22797624
2021-01-25,203.31484032195783,205.9867331066972,198.7475069936497,199.70664978027344,14760338
2021-01-27,200.04919765669848,207.69948090041927,199.70664766071096,203.9085998535156,59180420
2021-01-28,202.44707996446422,204.89060644714624,195.16217664419116,197.26315307617188,29624870
2021-01-29,199.77518234609008,199.91221072636677,189.7955549695381,190.86888122558594,31264842
2021-02-01,190.0467650572662,193.56360377299723,186.43857408880584,192.51312255859372,30163704
2021-02-02,195.48187942682097,198.93021074322073,193.49508650945327,195.64173889160156,26620996
2021-02-03,196.48668208649553,200.93983200742437,196.48668208649553,197.993896484375,19795332
2021-02-04,197.99389792178766,199.5467884511423,195.59604794695633,196.3496551513672,14386598
2021-02-05,197.30878942131844,197.94821326602343,192.079187459678,194.36285400390625,17358052
2021-02-08,196.555233196102,199.91222667392196,194.70545445278174,198.81605529785156,25032680
2021-02-09,201.07682865305685,206.32926142877554,198.77033113994656,200.665771484375,58949660
2021-02-10,201.87616641103273,202.8581404509182,198.67903255384442,200.50596618652344,21215470
2021-02-11,200.50593493568545,201.19103494116044,197.9482254608997,199.59246826171875,18474052
2021-02-12,200.96266250265128,205.16461465761012,200.7799719607824,201.87612915039065,38561668
2021-02-15,203.06364363112186,203.2006580563329,199.50111525328748,200.82565307617188,15689754
2021-02-16,203.70309168079152,204.5252062063866,198.1309387545232,199.84368896484375,24907596
2021-02-17,199.09006608897462,200.50594227311544,195.71024205929376,196.4866943359375,14780384
2021-02-18,196.532382120732,199.43264208217443,196.0984937412391,197.74273681640625,16771472
2021-02-19,197.8340665720768,199.0215761826475,194.6141017238265,196.37252807617188,16957332
2021-02-22,196.7150843416121,197.6970583808364,190.00109767067863,191.2342834472656,21332174
2021-02-23,191.6910061178444,194.5684208508433,189.22463470282065,189.7727203369141,17984706
2021-02-24,190.777539012158,194.4770682512852,189.43016996148552,193.243896484375,10120594
2021-02-25,193.24389663880368,195.9386208039053,192.0335559646407,192.42176818847656,18220784
2021-02-26,190.89171113278573,191.75950171885728,186.3472086791013,187.397689819336,23463882
2021-03-01,187.7174338810959,191.23428675787696,186.8953193080706,189.27032470703125,12843392
2021-03-02,191.69099490576338,197.81121908264802,191.02872596483658,196.57803344726562,29750468
2021-03-03,197.7655457453941,199.43261972900984,195.5960622759008,198.90737915039065,17564904
2021-03-04,195.89295391088044,202.92664553485363,195.2535299338642,200.41461181640625,25927594
2021-03-05,200.96268907972515,200.96268907972515,190.4578212414668,192.2162475585937,87862344
2021-03-08,194.15734355732667,194.18017464872577,189.79553184366583,190.41212463378903,24709676
2021-03-09,191.7366600924982,193.1068601806439,187.28350980602465,191.46263122558594,23811258
2021-03-10,194.61411024044807,196.7150867298003,193.19823387120653,194.88815307617188,34582736
2021-03-12,197.08044808731876,197.6741958897436,192.78715722025686,194.20303344726562,17920252
2021-03-15,194.0203264109354,195.75592154786173,190.82319288008782,194.728271484375,15034204
2021-03-16,195.13933994770284,198.65619260930453,194.40856373950544,196.0756378173828,21347294
2021-03-17,195.9385959630403,198.90736256854092,190.77751497806645,191.6681365966797,24269624
2021-03-18,193.31238743782924,193.72344465887795,184.65728501203546,187.3291778564453,20165862
2021-03-19,186.78111305715342,188.9277514850791,182.4421461392489,187.48904418945312,33750804
2021-03-22,187.7402169706411,190.11523570069812,187.35200481722285,189.29312133789065,13245968
2021-03-23,190.77752401370432,193.3808957203308,188.49385728592907,189.772705078125,23150388
2021-03-24,187.8772666870624,189.749876213498,186.8952927702716,187.7174072265625,10280694
2021-03-25,187.58038958752218,188.03712293062458,181.66568721898764,182.53347778320312,25474258
2021-03-26,184.8856666292776,186.21020458185617,182.99022589015544,184.474609375,18066738
2021-03-30,184.97701054159322,192.03354651909385,184.97701054159322,190.96022033691406,26339126
2021-03-31,191.73666875797608,191.73666875797608,188.79074679836046,189.1561279296875,14890268
2021-04-01,191.3027945616384,193.1297282302449,189.24749418445606,190.1837921142578,15193886
2021-04-05,190.20661469666024,195.4362033427207,190.09243135585024,194.3172149658203,42432790
2021-04-06,195.4590382231301,195.8929265326373,192.9013287341366,195.09364318847656,16641040
2021-04-07,194.1117055884235,200.50597353721864,193.3809293208816,200.0492401123047,27735300
2021-04-08,201.85332200460465,203.68025551680503,200.96268634204827,201.9218292236328,25833228
2021-04-09,202.28722792825903,206.1466308835,200.96270380449982,205.57571411132812,23398770
2021-04-12,205.5300129371673,205.5756890610548,196.12130289058666,197.58285522460938,30172534
2021-04-13,197.30879883777527,199.84366324748586,188.44817501098012,191.3484344482422,40840640
2021-04-15,191.32561037683968,198.42782280936504,189.5443529798887,196.71507263183594,53517782
2021-04-16,201.73914793257245,216.33177166895223,199.1357619826695,214.29931640625,218723272
2021-04-19,211.46756467208985,218.2957345926922,210.599773997832,215.92071533203125,87619710
2021-04-20,217.40506628143933,218.11299737149352,213.6598473793842,214.71034240722656,35461382
2021-04-22,215.395470395808,225.8546622820602,215.395470395808,222.2693023681641,85241858
2021-04-23,220.85339664534905,222.58899166630914,216.6514583628882,217.26805114746094,27192006
2021-04-26,218.9579765648245,220.99044565315478,217.86181925562013,219.36903381347656,18629288
2021-04-27,219.8714391885286,222.42914882096636,219.68874863015364,221.53851318359375,14418934
2021-04-28,221.9039077732275,225.26090078761,219.80293151033263,223.4796295166016,19231068
2021-04-29,225.0325431476148,225.0782053351504,221.8354094699087,223.73085021972656,15282266
2021-04-30,224.48447263767005,233.75615535233072,223.47965355304777,225.05538940429688,58231142
2021-05-03,222.86303204114571,226.53972974081506,220.71637983316305,222.5889892578125,17199462
2021-05-04,222.56614706267897,223.02288039458543,218.2271804095672,220.1226348876953,16204858
2021-05-05,221.4243328584826,226.5397521930388,220.7392328014472,224.07339477539065,23713182
2021-05-06,225.4892529360909,235.1263151483714,222.5433173516651,233.98448181152344,48827088
2021-05-07,234.7609467041371,235.92561119511245,231.7921798683844,235.3318634033203,29333162
2021-05-10,236.40517753953105,241.3835823469784,234.4183985611857,240.2189178466797,25088944
2021-05-11,236.5650332742974,239.00854543314665,234.78376214090764,236.77056884765625,15298998
2021-05-12,237.47851998316025,238.66601558782415,230.58184334692288,231.83786010742188,15742214
2021-05-14,231.7921683031076,232.2032255183306,225.05535158887932,227.6587371826172,13599758
2021-05-17,227.65873548202362,230.05658548104054,226.08299990731155,228.2753143310547,11505300
2021-05-18,229.28017960590788,235.1263618770738,228.7777700501675,232.0434112548828,18761492
2021-05-19,232.1575776775676,236.4965449034239,230.7188702798314,233.6876373291016,14980792
2021-05-20,235.67443421340843,236.1311676130468,230.01094284557183,232.1347503662109,12584608
2021-05-21,232.9340049501928,235.6287428248427,232.54577882093,234.1671905517578,10395006
2021-05-24,233.80181351488244,236.81625659870733,232.77416341392373,235.17202758789065,14873624
2021-05-25,236.31384620118334,239.71648735380123,235.5373939316121,236.38233947753906,15909128
2021-05-26,235.17200701132296,242.2742048456219,235.1034858598705,240.81265258789065,17646380
2021-05-27,240.81265215768127,248.9196688969868,239.80783323998668,247.0470733642578,58822252
2021-05-28,246.17926601119117,246.77301376758552,243.27902050296285,246.04225158691406,11757252
2021-05-31,246.04225714199893,246.8872026747767,242.5482359216988,246.2021026611328,10772410
2021-06-01,247.5038126695114,249.833141595831,246.4761626355249,247.91485595703125,11930088
2021-06-02,247.5266915703875,248.91972297682508,243.4389217369684,248.0062561035156,9427136
2021-06-03,249.23937509197364,251.15766058664573,245.85953741675192,246.20208740234375,11275982
2021-06-04,248.2345784311326,249.1480451410908,246.84154727380474,247.18409729003906,9543432
2021-06-07,248.78271559864024,251.7514830213524,247.86924869934415,250.40411376953125,8696866
2021-06-08,251.20335759885512,253.7153911748437,250.81514537873767,251.47738647460932,10859468
2021-06-09,252.57355411901497,252.6877374617451,247.6408392884325,248.55430603027344,12413798
2021-06-10,249.17091436072155,253.71541751350537,249.17091436072155,253.14450073242188,11441488
2021-06-11,253.48703157058114,255.29113403729812,251.88846470482073,253.1673126220703,11224718
2021-06-14,252.9846399850049,257.0495504960201,252.5735687766037,256.50146484375,11904318
2021-06-15,256.4558289802436,257.5976625910194,254.4005284808472,254.8115997314453,7674490
2021-06-16,255.72500216170224,256.9353287579699,252.80189770419872,253.60118103027344,10994538
2021-06-17,252.3452186106205,256.45581945676633,250.99784942458007,255.17697143554688,8798696
2021-06-18,255.7706854288164,256.6613210695074,249.39924938607936,251.11199951171875,20014232
2021-06-21,248.80550710401226,248.80550710401226,244.4437089293143,247.61801147460938,10781642
2021-06-22,249.03386488918423,255.7478508659567,247.68649589993663,254.1949462890625,11505842
2021-06-23,255.77067460596365,256.1588868006312,245.9052454504501,246.70452880859375,22485404
2021-06-24,247.5038129779361,251.45453972077703,246.2706273602573,250.7694396972656,17337360
2021-06-25,251.1348203964328,251.6600748976616,246.8643747408096,250.0615081787109,10079644
2021-06-28,251.08916613341745,251.5687305888732,248.57713263867657,250.015853881836,6519660
2021-06-29,250.19853595880843,252.91610510139645,247.0927546001905,247.82351684570312,15855760
2021-06-30,248.85117424167376,250.2898955584664,247.5494952421328,249.21658325195312,8586644
2021-07-01,248.91966580322315,249.3307369525133,245.7225324809799,246.339111328125,8658748
2021-07-02,246.6816820865284,247.6865010762953,243.712915180322,245.99658203125,8314614
2021-07-05,247.9605589957498,247.9605589957498,244.6035519829529,244.96893310546875,6878338
2021-07-06,245.06029755428028,245.85958099566852,242.91364502205013,243.25619506835938,8386882
2021-07-07,243.91845111698,244.99179126450863,239.83068187268333,243.05067443847656,10755374
2021-07-08,243.84995907542984,245.24299028817836,241.15522102312852,242.52542114257812,9131020
2021-07-09,240.88118071341907,242.50257853576193,238.98572615412223,240.150390625,11449216
2021-07-12,242.4112685125087,243.05070646665166,238.96293668368625,240.1732635498047,7731112
2021-07-13,241.1552129270572,241.8403129637817,238.68884164413188,239.71649169921875,8344716
2021-07-14,240.3559454755152,257.2779119284088,240.0590576225476,256.5471496582031,58696166
2021-07-15,256.2274370767733,264.74552612674563,255.3139702779256,263.03277587890625,62132402
2021-07-16,264.90533555549547,269.1301189242684,259.5615499353109,263.877685546875,73815654
2021-07-19,261.50269167228333,266.7322944592139,260.3380271262876,262.0736083984375,21715702
2021-07-20,262.9414051617247,264.0604074871033,256.4786168629322,259.47021484375,21047054
2021-07-22,263.580815280117,267.1890200347217,260.79475288859163,266.8236389160156,24086770
2021-07-23,267.8741363497728,274.8621517226689,266.5952884182615,273.6518249511719,28114910
2021-07-26,274.0857449631589,274.2684495023896,268.67346447923507,269.67828369140625,12199806
2021-07-27,268.9702842491096,271.5965010436686,266.8008008101262,270.13494873046875,7966274
2021-07-28,269.906578418153,271.00272173069857,266.27554271486474,270.3633117675781,9147860
2021-07-29,271.11691603908264,273.12655400859194,268.51355814344475,269.67822265625,11668940
2021-07-30,268.94744496769414,270.8428996828022,267.18903257072395,268.1710205078125,6356412
2021-08-02,268.65054082971756,271.9390262653804,265.9329720364688,270.50030517578125,9247796
2021-08-03,275.866984299282,275.866984299282,271.3681712855169,273.7660217285156,10331214
2021-08-04,275.63854888708505,275.86691553902136,271.43659691609986,272.57843017578125,9018712
2021-08-05,272.89814544141854,280.66261150418694,272.89814544141854,274.4510498046875,22588728
2021-08-06,275.75271166287934,276.9630659786567,272.3500432272513,273.1264953613281,10540400
2021-08-09,274.040013004743,276.7804131347904,271.98471290720744,272.5784606933594,9293502
2021-08-10,273.3092266156917,278.12775750951084,270.8885177468065,275.79840087890625,14055564
2021-08-11,274.9078192297919,277.00878152510234,273.33208356991315,274.6109313964844,8565026
2021-08-12,274.9535016561145,278.1049732078739,274.33692272836737,276.7119140625,7905016
2021-08-13,276.7803877730567,283.38018972353115,276.7803877730567,281.1193542480469,16729368
2021-08-16,281.39339002486065,283.58573228351173,278.8356945588208,280.45709228515625,7144852
2021-08-17,280.3201191199709,290.9620015698591,279.1554545466439,289.98004150390625,23645544
2021-08-18,290.36820191154266,291.9439374068294,285.2756143529408,287.46795654296875,13847154
2021-08-20,284.31651205509576,288.63264781345913,282.2612119679505,283.197509765625,12341386
2021-08-23,285.9150570344124,290.9162924412828,284.77322373954655,287.21673583984375,14072750
2021-08-24,290.4824362194407,290.4824362194407,285.04729772436565,289.3634338378906,8967436
2021-08-25,290.02568158095977,293.5881961888006,287.53647921093017,288.4956359863281,12815436
2021-08-26,288.74680391052794,291.62421818571045,285.91505181559086,287.2624206542969,8416702
2021-08-27,287.513666126407,290.4824331316836,285.5953803322541,290.00286865234375,8743108
2021-08-30,290.45958973047976,292.08098760468596,287.9932184029601,288.86102294921875,8743710
2021-08-31,289.8429518087204,293.4739872541184,287.23959420333057,292.74322509765625,15591816
2021-09-01,294.04498053451994,295.6663786570327,290.13991523190555,293.2456970214844,9450444
2021-09-02,294.59300480626666,300.0738048956856,292.6518881079308,297.5389404296875,9077556
2021-09-03,298.24689522878543,299.9368142993148,296.6483284090293,299.2060241699219,7549940
2021-09-06,299.9139788230241,314.55227776894395,299.9139788230241,313.5246276855469,24676832
2021-09-07,315.14600369768493,315.14600369768493,307.2673536052428,307.95245361328125,12812218
2021-09-08,308.4777076588915,308.4777076588915,301.4440031024514,302.4488220214844,13432462
2021-09-09,301.85509290474766,303.5221529654815,298.70362152691195,302.517333984375,11611460
2021-09-13,302.51734083937015,306.8563079170569,300.4620406446764,306.3539123535156,11177578
2021-09-14,306.46806441658157,308.6147166428456,306.0113310866016,307.5870666503906,7322676
2021-09-15,307.83831392471774,310.8299121419507,306.0113803109212,307.86114501953125,8290832
2021-09-16,310.46449594838407,310.9212293002758,303.7276790079815,305.02935791015625,9315692
2021-09-17,306.65077913399927,308.0209791696708,302.70002454709663,303.84185791015625,10815562
2021-09-20,300.4163928222656,306.23974365234375,298.42961368978024,302.5858764648437,9092860
2021-09-21,301.67239582104816,305.5546295295703,300.11949118692206,304.9151916503906,7367102
2021-09-22,305.554624567346,308.06665810265304,302.8142243470111,305.1664123535156,9583304
2021-09-23,307.3358403675922,309.20843569598134,306.65074043621263,307.9752502441406,6462586
2021-09-24,310.8070665854308,319.3251553141324,308.2950329833443,308.9801330566406,24253176
2021-09-27,309.688021395385,309.8250358157372,297.3333906908836,298.6579284667969,16798164
2021-09-28,298.6579573443502,298.6579573443502,290.13986897003457,292.12664794921875,16224924
2021-09-29,287.71920152016673,295.278133468241,286.53167799282625,292.65191650390625,17679132
2021-09-30,291.7384453832067,295.39231240953256,288.9066928624455,289.6146240234375,12027918
2021-10-01,289.9343496631604,292.19518551329963,287.83338722519295,290.59661865234375,8417708
2021-10-04,292.26368328304727,293.95357438509836,290.45958096613134,292.7889099121094,10494244
2021-10-05,290.68794762616227,296.648312297898,289.59177643000305,295.4379577636719,10912148
2021-10-06,297.0593797759868,297.08221086795834,289.7516462304697,290.36822509765625,9673198
2021-10-07,291.85263581781555,296.2144341110955,290.8935068508219,293.65673828125,7448686
2021-10-08,295.11829829926137,304.8923763576447,294.59304373722915,301.96929931640625,22091966
2021-10-11,296.39710537690974,304.3214176433395,290.0256697341633,298.155517578125,20422932
2021-10-12,297.7901329549666,302.5401707663141,293.4739973850925,301.0329284667969,18680432
2021-10-13,303.7276599160172,308.1579787262404,299.6170600073794,307.1988220214844,18925882
2021-10-14,318.3431342623489,337.91414650207986,317.42966759301646,323.48138427734375,118377606
2021-10-18,328.3913184230115,329.21343297722336,320.8095550454652,324.1665344238281,21198892
2021-10-19,327.5234507620337,333.39249061679067,323.3671887243433,324.98858642578125,21865148
2021-10-20,325.9249621184139,330.1040841231297,317.77228160313734,320.6040344238281,16108782
2021-10-21,323.8010946645982,323.82392575537256,311.35511162251936,318.0234069824219,15916912
2021-10-22,320.5126453632155,322.22539551656365,309.77941106890046,311.67486572265625,10758302
2021-10-25,311.8347081021357,312.4969770634307,301.8094050638085,304.96087646484375,17621916
2021-10-26,306.49092240060196,310.03060601853457,303.7276910871227,305.1664123535156,12193966
2021-10-27,305.16642224383696,308.08949918085443,303.01976975964396,306.5137634277344,12631178
2021-10-28,306.46806604321426,306.74209489194067,299.16033272474715,300.02813720703125,10357542
2021-10-29,300.64476821834535,301.17002279246043,294.25050045525103,295.392333984375,13522634
2021-11-01,297.3790684760198,300.0509752586393,295.7348395919393,299.3658752441406,8802466
2021-11-02,300.0737958742735,301.9007291824883,297.3790580939408,298.6122436523437,8079378
2021-11-03,301.1700264165228,302.2890009870931,296.9680734034242,298.0185546875,6871182
2021-11-04,299.1603371209614,300.370691620335,295.6891748943963,298.56658935546875,1565810
2021-11-08,298.2240859965855,301.9007843761861,295.7348833337073,300.6904296875,9504460
2021-11-09,302.859877364765,304.29859858760324,299.93680061097416,300.736083984375,8284130
2021-11-10,299.57148219437164,300.98734474427056,297.5846749529098,298.0642395019531,8091390
2021-11-11,296.76247467844564,296.76247467844564,290.8477726089194,293.1314392089844,12067796
2021-11-12,295.9631963687942,302.5858296208737,294.95837747243104,301.4668273925781,12126506
2021-11-15,302.1519159018838,304.1843847084013,300.14230606231604,300.94158935546875,9435996
2021-11-16,300.71326152348405,305.44044074542524,299.000511388463,302.1062927246094,11327094
2021-11-17,302.10629826734385,305.09789631604224,300.530562538856,302.2661437988281,8854994
2021-11-18,302.9969405048092,304.1616050679083,294.70721836859764,297.5389709472656,7842498
2021-11-22,300.5305235016866,301.649525707104,291.3958571338542,294.1590881347656,11582434
2021-11-23,293.54250310304457,296.3970862826744,285.9378823617954,293.5881652832031,9134924
2021-11-24,294.27329956034004,295.780514079577,289.1578803305973,290.7107849121094,7985552
2021-11-25,290.93916898244606,293.1314836757149,289.1122354252565,290.8021545410156,6661362
2021-11-26,288.65550685991144,289.7516781632617,283.0148605585407,283.83697509765625,8277074
2021-11-29,281.5989838044652,289.04373295604006,275.8441538779216,288.0160827636719,10376060
2021-11-30,288.0160566163606,294.821395089833,287.9703944293412,291.0533447265625,26850200
2021-12-01,293.4968716334161,295.0269452492016,289.22642549494674,289.9343566894531,9453644
2021-12-02,290.8935171439684,296.00890898466537,287.2853120894246,295.4151611328125,10210456
2021-12-03,294.47881933622324,298.6807716163402,292.26367380019167,292.6518859863281,13405010
2021-12-06,291.05329960990275,294.22760166590206,284.6133711380217,285.2299499511719,9409906
2021-12-07,286.82858811713885,289.82018644650464,284.54492101429537,288.8382263183594,8557090
2021-12-08,291.8526297287146,298.2468970467146,291.5100796938217,293.0858154296875,15360658
2021-12-09,293.10863558956856,295.7805146113472,291.3273643238547,293.7709045410156,6865604
2021-12-10,293.2913420786005,295.0040922008143,290.0713495474048,291.51007080078125,8525212
2021-12-13,293.9079217700308,299.86828663616245,292.4007072337481,294.7757263183594,13123680
2021-12-14,295.0497442637428,297.74448218095483,291.9667941495319,295.4608154296875,8609412
2021-12-15,295.36947879613683,295.36947879613683,290.1855382706861,290.6651306152344,7123544
2021-12-16,294.1362399823194,296.8309775552328,292.03527799030365,294.27325439453125,12437240
2021-12-17,301.44399464732226,309.11710893571427,296.9223235768965,306.376708984375,104600018
2021-12-20,304.8923834017442,309.43688642347007,302.8142519538902,304.16162109375,26298202
2021-12-21,308.75179498407283,318.3888590909934,306.4681278614095,315.5114440917969,27362096
2021-12-22,317.84072670811497,317.84072670811497,311.1267413674262,313.1592102050781,12327754
2021-12-23,315.19168257116405,320.6268207401252,314.73494920828637,317.2241516113281,12944908
2021-12-24,318.6856827032688,320.80950384978604,315.21452052751437,319.0054016113281,13182426
2021-12-27,319.6448535141134,320.1701080660806,315.67129530174697,319.5306701660156,10188656
2021-12-28,321.08354289068274,323.1388429518606,320.4212739622783,322.2025451660156,10158044
2021-12-29,322.11119038414853,324.2806737649705,319.73617142346944,321.4032592773437,7898416
2021-12-30,322.0426593139597,328.80233488851223,321.5402638024844,326.1532592773437,18087350
2021-12-31,326.92971770632744,328.2999177200814,323.8695987669189,326.72418212890625,8549558
2022-01-03,327.93452304469884,331.95377067657404,327.02105640669134,328.2542419433594,9280810
2022-01-04,330.10402825898126,330.2638737805451,324.9886091706509,329.5331115722656,10228800
2022-01-05,328.84803948405744,329.23625171328644,321.0835718851283,325.8792724609375,14711264
2022-01-06,322.3624307041974,325.308366732947,319.69055144370043,322.339599609375,12883220
2022-01-07,323.3672533819396,329.53315439981554,323.18454886772895,324.9658203125,13120326
2022-01-10,323.82393456467986,323.82393456467986,315.14600119834853,316.74456787109375,27537820
2022-01-11,317.4296855944375,319.0054212637539,314.68928543103226,317.0414733886719,15487458
2022-01-12,319.7133585554898,320.5126419518785,312.04024352551653,315.7626037597656,23460682
2022-01-13,302.9055817134165,304.1844295958181,295.9632287959311,296.76251220703125,61505934
2022-01-14,296.5341536924028,296.5341536924028,290.7108029652898,292.218017578125,26514548
2022-01-17,292.0810245562079,297.6303468067823,289.1350883969746,295.3466796875,20457876
2022-01-18,296.37426307489426,296.8766585771551,288.26724662913347,289.24920654296875,14329980
2022-01-19,288.198763830557,288.49565167935657,282.7179632505781,283.699951171875,17382766
2022-01-20,283.47156315803596,284.27084651582663,278.8357085321333,280.98236083984375,16827124
2022-01-21,279.06096444325055,279.5184414341411,274.8521705426213,276.79644775390625,19646694
2022-01-24,277.0022983692557,277.0022983692557,260.05278264141884,262.0199279785156,26150716
2022-01-25,257.3308012656524,261.67683257591676,251.93257848575985,257.42230224609375,34712370
2022-01-27,253.8997100788062,254.7689274623614,245.756625862516,249.2105712890625,31351744
2022-01-28,251.65809703872236,258.4516475256847,250.07982366056814,252.595947265625,29899780
2022-01-31,260.3043880719008,262.77477480419583,257.35365612004216,261.9512939453125,26252174
2022-02-01,265.2909078283597,266.4346002609321,259.1378369566846,263.8041076660156,20920202
2022-02-02,266.2515981246014,269.91141390638285,263.04925931554266,268.9964599609375,16368826
2022-02-03,267.4867422570798,269.3623863308269,263.5753204453265,264.5360107421875,14082780
2022-02-04,263.96425448185397,264.3302305327475,259.86982935216156,261.5625,13633558
2022-02-07,261.63113162257577,262.500321249511,254.1742334964132,254.8147125244141,15091358
2022-02-08,256.82762344087786,258.8405056793687,253.6481524034836,256.301513671875,13953814
2022-02-09,258.20004032671613,261.10500822437854,257.6967988532202,260.28155517578125,10207476
2022-02-10,261.8598553895834,262.9349152093879,259.0234923031059,262.43170166015625,11603824
2022-02-11,258.9319478405709,258.9319478405709,254.8603919088362,256.8504333496094,15442458
2022-02-14,251.6123303181569,254.8833017811641,247.03756067600858,247.81527709960938,16241546
2022-02-15,249.5994189457365,258.58885240520885,248.5243592554263,257.7196350097656,13676992
2022-02-16,258.5430986048939,260.8990880451573,255.0662571775836,257.97125244140625,14607822
2022-02-17,261.67681664668174,261.8598185964245,256.7132028844049,258.4287414550781,14228840
2022-02-18,255.72965159338705,258.7947531808209,254.05984931840393,257.3079528808594,13411838
2022-02-21,254.24281560432024,261.9970555108308,254.08270984028687,261.1278381347656,17534002
2022-02-22,254.4715833431966,260.3044151411755,254.40295062376,258.0856628417969,21490124
2022-02-23,260.3958990623162,261.1736155021848,257.39943046846633,259.4351806640625,14408512
2022-02-24,250.69739415176076,254.76895059061573,242.98891792746275,245.73377990722656,26953888
2022-02-25,250.69740599761508,255.6152839437362,250.46866748849317,254.0141143798828,15922624
2022-02-28,252.0698324893504,256.2328621111371,248.9132299517367,254.2657165527344,18316874
2022-03-02,253.89974046867127,255.40940901675154,251.79535739221765,253.99124145507812,16354110
2022-03-03,257.55959155364724,263.48392522089006,256.34726614389035,260.5560607910156,25911326
2022-03-04,256.6446076504541,265.3366710111647,253.4651367840737,263.1865234375,26948372
2022-03-07,257.55955498821135,265.1765583250298,257.2164472328985,261.60821533203125,21112334
2022-03-08,261.67681799720947,270.2545108948453,261.67681799720947,268.7448425292969,22039998
2022-03-09,268.9964450539736,272.8392625807583,266.3202160807258,267.8527526855469,23527232
2022-03-10,272.19874779619767,272.8849631267763,267.4409770019831,269.11077880859375,16161966
2022-03-11,268.5390106994772,269.91144175927013,266.43462757666737,268.17303466796875,9927188
2022-03-14,268.2645375558752,274.8521899362171,268.0815355777345,273.639892578125,15006442
2022-03-15,276.1788853229562,276.1788853229562,267.30381987724525,268.8592529296875,13853244
2022-03-16,272.3131769469628,274.2345858798695,271.0551152307022,273.68560791015625,11150296
2022-03-17,276.773532417718,279.51839389624087,274.0286709391952,275.0351257324219,16881290
2022-03-21,276.81932763728,281.80583821614584,273.5712520345052,274.4862060546875,15592952
2022-03-22,276.0416265610371,279.51844051145673,272.7249183880288,279.0838317871094,15580500
2022-03-23,280.86801661480285,281.3483618921337,278.00878529476086,279.6099548339844,11393836
2022-03-24,277.68852336105533,280.7993612014222,277.1395454075368,279.31256103515625,7751490
2022-03-25,279.5184171201521,280.89084797344253,273.22810904257096,276.0187072753906,11986194
2022-03-28,278.1460127274874,278.603489722105,273.15950231728385,274.57769775390625,11476810
2022-03-29,275.8586213044606,276.93368104780365,274.09734608523576,275.6298828125,9402006
2022-03-30,276.81931834448136,278.7407273067988,274.2574583428447,274.8521728515625,15488764
2022-03-31,274.4861920725451,275.9958605445082,270.00292318646274,270.7806396484375,14476178
2022-04-01,270.68915518558293,276.04164184207156,269.59119918141766,275.3096618652344,8567994
2022-04-04,276.7735596619684,277.45977509914684,274.0286979132547,277.04803466796875,8855948
2022-04-05,279.28530436955697,281.1535049652248,275.8717804961494,276.37921142578125,12862488
2022-04-06,275.84871599941715,275.84871599941715,272.6197176515979,273.7959899902344,8235902
2022-04-07,273.08096570997805,273.08096570997805,266.3923271917438,267.9376220703125,15721530
2022-04-08,270.3133188085737,270.7746043355508,267.77624841019974,269.22930908203125,8636632
2022-04-11,269.3907184236834,269.5060397928716,262.0562680814601,263.44012451171875,17164216
2022-04-12,262.01016436886295,262.01016436886295,256.5670010921265,257.72021484375,16338532
2022-04-13,258.3198589206011,260.8569289635713,255.82890616201468,257.9508361816406,11204576
2022-04-18,253.6378262418382,253.6378262418382,247.24903319446872,248.4483642578125,18930062
2022-04-19,250.9393011742292,251.6542880374574,242.65922117551352,244.6888885498047,13286008
2022-04-20,247.24903253873487,249.3478759713367,245.10404366250643,247.47967529296875,8660976
2022-04-21,249.55545168901097,250.24737992844445,247.87174837786995,248.7251434326172,13388782
2022-04-22,246.78771154152417,249.48622011615464,244.78113113009425,248.03318786621094,9782424
2022-04-25,244.4582304241605,245.0117785963674,241.3906709127096,244.1814422607422,9473768
2022-04-26,247.71032348690477,248.05628762585292,243.14358559093515,244.13536071777344,8718740
2022-04-27,243.09746753798925,243.09746753798925,237.33139857361567,239.38412475585938,16275078
2022-04-28,241.71357779088822,242.93599550530854,238.02329416049298,241.04470825195312,13241338
2022-04-29,243.7893868701716,243.7893868701716,233.87174861528285,234.7020568847656,24151260
2022-05-02,237.7926715735233,239.4071707985618,227.22923660230626,228.33631896972656,43822854
2022-05-04,230.64273277635678,232.41868463419777,225.6839140216651,226.83712768554688,17267854
2022-05-05,231.10402776621615,232.3495042054634,228.93598035784228,231.1732177734375,10869532
2022-05-06,226.02990376614338,226.4450579167811,221.87833410513258,223.7696075439453,18441782
2022-05-09,222.33961116000336,225.73006240290653,218.92610127301015,222.87008666992188,16675250
2022-05-10,222.8008725286528,223.14683661643016,219.64106437815613,220.3329925537109,14969534
2022-05-11,221.44009218602883,222.3165458723211,213.36759617145387,217.6806182861328,21029342
2022-05-12,215.9277338489295,219.5718862891049,213.1830796393895,218.5570526123047,14573000
2022-05-13,221.18639264705106,221.18639264705106,215.42032401704452,216.1814422607422,16775318
2022-05-16,218.6493199666341,218.81077270190386,214.49775060017902,215.88160705566406,7314066
2022-05-17,217.2654585033362,225.56859704486496,216.01998209118065,224.4845733642578,11321450
2022-05-18,226.44503914818844,228.4516338001598,221.69380433864697,221.99363708496094,15390968
2022-05-19,215.02821439616716,218.55704535023966,207.57845703149968,208.1089324951172,22945978
2022-05-20,213.11388773555257,213.20615046073652,209.88488943652905,212.00680541992188,12731912
2022-05-23,213.9441964810998,215.7893383708111,211.03810363573064,214.9590301513672,14111568
2022-05-24,216.08918518249726,216.6196606603084,211.2687463648619,212.1682586669922,13779460
2022-05-25,212.26052839859565,212.58343389228418,204.44174731096794,205.20286560058594,15481506
2022-05-26,205.7333281365604,209.746517522617,204.81075715836957,209.123779296875,11583082
2022-05-27,212.19132282571005,215.85854805764592,210.4615022591961,215.3972625732422,11414472
2022-05-30,218.257222278028,222.10895885557642,218.257222278028,219.6872100830078,12291148
2022-05-31,219.52574093761004,221.76297816619004,216.98867098459075,220.5175018310547,31587004
2022-06-01,220.9326931693044,220.9326931693044,216.11225412199616,217.150146484375,10514566
2022-06-02,217.6344669910121,219.77945556887053,215.9277192934814,218.71849060058597,10535040
2022-06-03,221.2555948929649,225.10733176631507,218.87997730146824,219.3412628173828,23269778
2022-06-06,217.72674050475763,219.34123963985647,214.1287194917492,218.28028869628906,13791156
2022-06-07,216.804177511615,217.15014162466545,214.5669400984256,215.7201538085937,4701342
2022-06-08,217.28852599249262,217.72675284206304,214.17484891265377,216.9886932373047,5627652
2022-06-09,215.44336806028068,219.64106855391512,214.15177440561547,219.13365173339844,7402238
2022-06-10,215.51258136212,215.51258136212,210.48455838051143,212.62954711914065,17453098
2022-06-13,207.60153400344402,208.96233186172617,205.27204785533806,205.7794647216797,14130822
2022-06-14,202.96561327979376,209.28523005147733,202.04304231034016,205.68719482421875,13056384
2022-06-15,206.86348596823828,207.87830561136155,202.64271242500192,203.01174926757807,11391596
2022-06-16,205.7333132147115,206.07927730644028,193.6245700042044,194.80084228515625,17944686
2022-06-17,191.8947652714792,193.16330037844207,185.45982700705,186.9128875732422,41550546
2022-06-20,188.6657733782941,192.77121159722398,186.42853584184124,191.27203369140625,20750838
2022-06-21,193.7399068214307,196.85358389534656,192.1945976063204,196.1155242919922,12187804
2022-06-22,194.9853679014784,194.9853679014784,189.26541698465863,189.70364379882807,16202862
2022-06-23,190.280267149889,194.1089311367664,189.7267189236174,193.3016815185547,19655010
2022-06-24,194.20119191639455,196.507619373834,191.7794430860833,193.16329956054688,15362102
2022-06-27,196.9689006913176,198.69872124774017,195.58504424617954,196.0001983642578,12447870
2022-06-28,194.66249472861963,197.93762482506222,191.7564015045932,197.08424377441406,12091828
2022-06-29,193.7399123356729,195.95407713143973,192.54056720575068,194.08587646484372,16684176
2022-06-30,194.61633900518757,195.12375584293727,191.4334720444893,191.91781616210938,12123284
2022-07-01,191.43346217006302,195.216008499289,189.77283173095617,194.66246032714844,8907248
2022-07-04,194.1781427443834,194.5471655246475,191.89477381921367,193.8782958984375,6372716
2022-07-05,194.2473149886636,195.14681321227613,190.5339584943184,190.7876739501953,11513210
2022-07-06,193.09408721694203,193.09408721694203,190.5570173072236,191.9178009033203,10522910
2022-07-07,193.7398792670037,195.56196233389284,192.448285702816,194.10890197753903,10706024
2022-07-08,195.58504890640248,195.90795438222156,192.1484663548329,193.3247528076172,9535432
2022-07-11,191.31814552913784,191.43346689473705,187.07431364415976,189.6805877685547,16689574
2022-07-12,188.66576482616168,191.3642877497741,188.2044793375892,188.7349548339844,9777472
2022-07-13,190.049620064793,190.049620064793,186.98207440105503,187.6048126220703,11956780
2022-07-14,189.4038189759665,189.4038189759665,184.74483285991624,185.1830596923828,13161242
2022-07-15,184.952406109413,186.40545245595837,180.36261026833387,181.67727661132812,22328354
2022-07-18,184.0529003272902,187.14351857022842,182.96887667030052,186.70529174804688,13632394
2022-07-19,185.89803401041758,188.11219851162576,185.06772584179316,187.1204376220703,12897178
2022-07-20,189.496054121025,192.58667221625967,187.78930643040735,190.09573364257812,25237412
2022-07-21,188.59658095830207,192.5866977488937,185.7135465608636,190.97219848632807,45382342
2022-07-22,191.7794150247948,192.54053315891923,188.6887970531208,189.5191192626953,15468542
2022-07-25,189.35771015083247,191.73332781594587,188.45819773599783,191.3412322998047,12535662
2022-07-26,191.34120142812404,191.6179755170572,186.49770414239592,186.91287231445312,15186298
2022-07-27,186.7975644479025,187.92770544984376,185.4137079805585,187.5817413330078,14084158
2022-07-28,189.95735548034784,192.3560456129221,189.54220136283345,191.894760131836,15898464
2022-07-29,194.0166675302148,195.72341528792603,192.72505979423633,195.4466552734375,15919784
2022-08-01,196.59987056396665,198.76790380032108,194.93924007661496,197.89146423339844,10365748
2022-08-02,197.868395428408,199.1138576719673,195.8848595869169,198.1682281494141,16912426
2022-08-03,197.8914736421937,199.7366155875754,197.1995454126755,199.4367828369141,12034938
2022-08-04,201.604803110752,203.103980844216,197.0150212654588,200.8898162841797,17789134
2022-08-05,201.1896699407318,203.88819295709783,201.1896699407318,202.9656219482422,12967586
2022-08-08,204.25721051761593,204.25721051761593,200.75145203527518,201.05128479003906,9557496
2022-08-10,200.65918874251471,201.1204742338768,196.645999336738,198.4219512939453,11329742
2022-08-11,202.0430415121183,203.8881834437358,201.25885056025453,202.25062561035156,9154644
2022-08-12,201.6278809270961,202.27367776698944,200.65917862859845,201.1665954589844,7092398
2022-08-16,202.27366545292213,202.87333089403464,201.397225932329,201.62786865234375,4774208
2022-08-17,201.69706284058907,205.2258937146184,201.420288755362,204.3725128173828,10401476
2022-08-18,203.77285396112632,203.77285396112632,200.2209502532321,200.68223571777344,16888260
2022-08-19,202.4812502685616,204.1188079556985,198.8140253760588,199.4828948974609,17253908
2022-08-22,198.7679231772299,198.7679231772299,193.30168707559017,193.7399139404297,12900580
2022-08-23,191.43347709885168,193.04797630329983,189.12704966392576,192.1945953369141,17028776
2022-08-24,192.72507700266823,193.5092679865797,191.1336504680004,191.9639587402344,7429170
2022-08-25,193.41700082921545,193.78603766856503,191.41042020434844,191.52574157714844,8753902
2022-08-26,193.04798138563044,194.8931233821478,192.03314765661932,192.47137451171875,7904194
2022-08-29,186.8206152105162,187.4433534100143,184.0529023925826,186.52078247070312,23519514
2022-08-30,188.73494938547014,191.8716990635993,187.39722432269127,190.7646026611328,19750992
2022-09-01,189.08090979132615,189.88815935722485,186.75142381780168,189.33462524414062,11778706
2022-09-02,190.30332445278768,190.3955871822882,187.78932696303323,188.06610107421875,9815080
2022-09-05,187.74321309382466,188.20449862968172,186.35935648625346,187.05128479003906,18018508
2022-09-06,187.7431820812437,187.90463480758737,185.090790688204,186.56690979003906,18226162
2022-09-07,185.4828799455329,188.59655669417245,184.9754631414028,187.9507598876953,12248532
2022-09-08,189.1270464261978,191.13364107569498,188.9425350500256,190.41864013671875,14064948
2022-09-09,192.35602667491685,193.48618162323717,189.74976677883708,192.4252166748047,14671342
2022-09-12,193.67071460398407,195.76955793968344,192.8403922806878,194.6624755859375,11678424
2022-09-13,196.00020315021254,196.5076200079498,194.43183528955595,194.96231079101562,9408334
2022-09-14,188.6657636747417,194.98538046054324,188.6657636747417,192.03314208984375,17583964
2022-09-15,193.60154725578718,194.1550814587887,190.62624988437804,191.45655822753906,10640314
2022-09-16,190.39557040746914,190.39557040746914,184.60644361292265,185.27529907226562,20192486
2022-09-19,186.82061131122097,187.37415949418025,183.1303276309993,185.4136962890625,13584188
2022-09-20,187.281907206211,188.85027504222842,186.5669203342565,186.7744903564453,8989822
2022-09-21,187.23577056736036,187.23577056736036,184.28354635732438,184.8601531982422,19290112
2022-09-22,183.5916163817465,184.6756400477048,182.2077599768589,183.5685577392578,16500324
2022-09-23,183.637748984592,184.23741446650143,181.5850230058823,181.90792846679688,13966710
2022-09-26,180.82391526934856,184.1451764868549,177.41040539860472,182.11550903320312,18994144
2022-09-27,183.0380635010412,185.1599794163203,180.82389894085463,183.776123046875,12454694
2022-09-28,182.66905542783567,184.74484014860653,182.3692226725209,183.61468505859375,8921590
2022-09-29,184.9754631438856,185.39061722824684,180.61631006480584,181.1929168701172,11883068
2022-09-30,181.03147772226197,182.9919408548602,178.7481091486629,181.86178588867188,13570530
2022-10-03,181.70035296380024,183.5916263014645,180.17811646710143,181.9771270751953,8140834
2022-10-04,184.49114064701388,187.2819122803637,184.05291379277128,187.05126953125,12591696
2022-10-06,188.8272052913936,190.51089439980296,187.9507657355258,189.1962280273437,11203878
2022-10-07,189.03477191193574,189.93428417099383,187.39721419421068,188.25059509277344,7580186
2022-10-10,184.65257473314475,190.74154878976617,184.3988733463338,189.72671508789062,18714926
2022-10-11,191.387335864534,192.7711922541218,185.57513621280205,186.54383850097656,22723292
2022-10-12,186.47466500609752,188.94254526814737,185.2522612358684,188.18142700195312,12610118
2022-10-13,178.51748944583667,180.98536969937547,174.41205128954815,174.8733367919922,84896212
2022-10-14,178.51748953319023,178.7481322845251,173.5586703794905,174.0430145263672,27864794
2022-10-17,174.04298722490208,174.80411944676433,171.78269143184767,173.02816772460938,16909538
2022-10-18,176.99524353689736,177.24894491886732,174.5504220571443,174.965576171875,22328480
2022-10-19,175.8420376326908,175.8420376326908,173.9276915523506,174.38897705078125,10198278
2022-10-20,173.90463816791498,176.48783985271606,173.44335265553326,175.9804229736328,11868814
2022-10-21,176.44169355452456,176.8107163022745,175.38074259675687,176.46475219726562,8931540
2022-10-24,178.24068924417614,178.24068924417614,177.1336070157903,177.45651245117188,3472470
2022-10-25,178.2637787282665,178.2637787282665,176.97217094257695,177.43345642089844,5783256
2022-10-27,178.05618863237143,178.49441545293675,175.79589268022147,176.51087951660156,11723118
2022-10-28,176.5800745962631,177.9870037445671,176.21105184635925,176.78765869140625,7609676
2022-10-31,178.3098907470703,179.1632716722198,177.47958254154472,178.3098907470703,6638382
2022-11-01,178.97876951785415,181.2851969600945,178.33297264949002,181.0084228515625,11540196
2022-11-02,181.2160175657677,182.13858859669708,180.20118380081865,181.7234344482422,6716614
2022-11-03,179.78600317170722,181.6311449617953,177.84859866118884,179.2093963623047,10312476
2022-11-04,179.20939974254432,181.0084102063501,177.89473337684643,180.155029296875,9023630
2022-11-07,181.28517460731712,182.1385554711859,178.79423609229772,180.5932464599609,8252598
2022-11-09,181.76952747824492,181.93098020257278,179.50923156959945,180.3395538330078,6862546
2022-11-10,179.34777427996977,180.40873924332107,178.51746611501179,179.39390563964844,5494908
2022-11-11,183.8222605187148,187.2127115520262,183.2456536789447,184.3758087158203,28417046
2022-11-14,185.73661987821018,185.73661987821018,182.46148972852322,182.9227752685547,17623428
2022-11-15,183.61469333196743,184.3066216034015,181.7464926300221,183.1995391845703,12462712
2022-11-16,184.0528885146319,185.29836481971677,182.76129492791105,183.70692443847656,11039528
2022-11-17,183.5454901363032,183.59162149988185,182.2077650564154,183.0150146484375,6057616
2022-11-18,183.52241840435457,184.00676249409813,181.19291844426988,181.67727661132812,9546202
2022-11-21,181.6772850438988,181.95405914116225,178.79425085847868,179.27859497070312,7904612
2022-11-22,179.44004104174832,179.62455240730517,177.36425650527565,179.3477783203125,8410828
2022-11-23,180.2473085458639,180.80085677501185,178.9787734249397,179.32473754882812,6717760
2022-11-24,179.8552031806797,184.39886790704816,179.50923907578843,183.7069396972656,13370266
2022-11-25,184.052906935779,186.54384571794293,182.6229191290855,185.8057861328125,13648550
2022-11-28,185.80578644223704,188.8733461581277,185.4367636877152,187.1204528808593,13679200
2022-11-29,185.8980704589613,188.61965229785983,185.8519390900341,186.88983154296875,9102602
2022-11-30,187.6970672607422,188.20448412654665,185.736603884424,187.6970672607422,13892346
2022-12-01,190.44170581134932,192.05620492842718,189.88815762599657,190.83380126953125,15852984
2022-12-02,190.87995834293807,190.92608971421942,188.68885194159475,190.23416137695312,11726622
2022-12-05,190.6262136630085,191.41040456490148,189.4268686684196,190.2110595703125,9947062
2022-12-06,189.35769090067248,190.32639323109646,188.11221446479658,189.74978637695312,8832518
2022-12-07,188.66576453408152,188.8964072780107,186.9590025980791,187.4202880859375,6568616
2022-12-08,187.85850503029758,188.20446912795927,186.0364218183533,186.220947265625,8940712
2022-12-09,187.28189816940994,187.28189816940994,180.477937583206,181.76953125,15423336
2022-12-12,181.23906481190468,183.3609808650515,178.97876874374836,182.83050537109375,10365880
2022-12-13,183.7530772092241,184.21436269784908,182.66905349549222,183.47630310058594,6813842
2022-12-14,184.8831955193212,186.58995724868979,184.1682087306289,184.5372314453125,9995152
2022-12-15,184.39886150981388,184.39886150981388,181.76952877293184,182.30001831054688,7766926
2022-12-16,180.54712894718529,182.1154967193385,179.00181981745325,179.7860107421875,18012634
2022-12-19,179.18632899607212,180.13195848652262,177.91779407715293,179.4630889892578,8838046
2022-12-20,179.34778810399052,179.85520494493824,176.67233796417983,179.4169921875,8778558
2022-12-21,180.31648163632065,181.40050527158843,178.90956662877656,179.67068481445312,10215214
2022-12-22,179.9474604755125,180.8008413906194,178.05618727705485,179.32472229003906,9093800
2022-12-23,177.13361802399788,177.98699894712863,173.90461977876876,174.20445251464844,12120710
2022-12-26,174.36590560131097,176.02653608916745,173.58171468064356,175.5191192626953,7261148
2022-12-27,176.44168883059027,178.67892613187908,175.4037965433515,178.3329620361328,7685840
2022-12-28,177.59492655084466,179.6937700518824,176.78767688470447,178.8865203857422,7676002
2022-12-29,178.17149947563655,180.87002208898284,177.50262996318418,180.24728393554688,9485398
2022-12-30,181.2851974710699,182.8074339563128,180.6163278800085,181.1698760986328,8256556
2023-01-02,181.2851994128326,181.7003535425896,180.13198567610976,181.30825805664065,5559512
2023-01-03,181.30825466223305,183.4763020776088,180.6855305179141,183.1533966064453,5994422
2023-01-04,183.36097577544956,183.36097577544956,179.25553787543714,179.76295471191406,8926522
2023-01-05,179.90133175431748,180.91616541052434,177.01829759158804,178.47134399414062,9568980
2023-01-06,178.51745613457643,179.3477642531141,175.93425498745057,176.21102905273438,8484754
2023-01-09,178.0561935496836,181.2851918783048,177.64103943718112,180.7316436767578,7347432
2023-01-10,180.8239139181435,181.7003535425896,178.6789391833022,181.30825805664065,7879496
2023-01-11,181.28518116484707,182.6690375096169,180.59325299246217,181.67727661132812,7656600
2023-01-12,182.55373394172005,183.5454949366793,180.13198510231626,181.9771270751953,9510500
2023-01-13,182.6690502246207,182.94582432830296,178.28683816115125,181.70034790039065,13621860
2023-01-16,179.90133504832014,184.9754752676317,179.44004957383726,183.86839294433597,23867444
2023-01-17,184.53725322458018,185.45982419748609,181.63116029085288,182.83050537109375,14310032
2023-01-18,183.82227836874463,186.29015869806696,183.59163561044008,185.9903259277344,16080426
2023-01-19,185.4828845872316,186.35932413776302,183.9375754948837,186.08255004882812,9447456
2023-01-20,186.15175075734572,187.00513171509186,185.11385842213667,185.9672393798828,9265614
2023-01-23,186.9128863283408,188.08915869785469,185.6674098734188,187.74319458007807,8815290
2023-01-24,188.85299846427915,189.68536589894555,187.3501281063416,188.02064514160156,9552640
2023-01-25,187.28076989722595,187.69694656348867,184.96866162688983,185.68540954589844,6355554
2023-01-27,185.6854007614966,186.6333735746811,182.28661305448344,184.06692504882812,7410134
2023-01-30,184.06694801355036,187.18829442026768,182.67968294389817,186.00912475585935,7261256
2023-01-31,186.03223597515074,186.14784139499906,183.90510753953308,184.4368896484375,9566846
2023-02-01,185.662299274305,186.77210845255058,184.2056738458584,186.07847595214844,7029896
2023-02-02,186.07845071717193,189.59285773166863,186.07845071717193,189.33853149414062,10835460
2023-02-03,190.77203815649642,190.98013353516782,187.81254254154524,188.6217803955078,8850236
2023-02-06,187.4657432564157,187.83568906170277,185.708546545268,187.11892700195312,5958022
2023-02-07,187.51196772924226,187.51196772924226,184.52934262241595,185.19985961914062,6683580
2023-02-08,185.43110207509028,188.4830881236619,185.43110207509028,188.09002685546875,8300976
2023-02-09,188.08999954892582,189.10733278808536,186.6102446759644,188.80674743652344,5277374
2023-02-10,188.20562271729185,188.20562271729185,186.26344602725612,187.6507110595703,5160140
2023-02-13,187.5813480618691,187.5813480618691,184.5987367504272,185.24612426757807,4825356
2023-02-14,186.35592283203724,187.95128315120127,185.66229036492047,187.32701110839844,4638822
2023-02-15,186.21719083188907,188.59865933731257,185.13049720941785,188.39056396484372,5227672
2023-02-16,189.03796422373023,191.0957462039341,188.92235881162864,189.546630859375,11189362
2023-02-17,188.1362526081438,188.66803468743854,186.81834807285583,187.8819122314453,5616244
2023-02-20,187.41949135082913,188.5755454897116,185.9859955082061,188.22872924804688,6497188
2023-02-21,188.39058385161576,188.6680396735335,185.93975466731905,186.2403259277344,5761172
2023-02-22,184.73744330808543,185.13050452050032,182.40221969454328,182.7259063720703,6883372
2023-02-23,183.02647396772798,184.36750797302415,181.9166648874726,182.17100524902344,6078322
2023-02-24,183.09586634023344,183.35019261457515,181.523621368701,181.8704376220703,5106634
2023-02-27,181.61611106654848,181.87043734049644,178.24043851710925,180.5063018798828,5554710
2023-02-28,181.1999179282563,181.82418994905362,178.35602773572214,178.98028564453125,10061602
2023-03-01,179.46584789661338,181.1536841221952,179.09590210383539,180.78375244140625,4542612
2023-03-02,179.74331915710403,180.50631213428227,179.09591749211376,179.44273376464844,4438972
2023-03-03,180.62191169939013,181.014972951244,179.9282791768211,180.55255126953125,4393936
2023-03-06,181.4773792380804,183.4195416693248,181.3155288408129,182.0785217285156,6727722
2023-03-08,181.10743147056036,181.7317035034661,179.8126565305982,181.54673767089844,4908842
2023-03-09,181.6392313703894,182.12478260455364,180.1594904525309,180.3907012939453,4157054
2023-03-10,179.3733568029019,180.2982001111014,178.77221429736778,179.9282684326172,4567396
2023-03-13,179.88200857199908,181.54672921151538,177.4542950887009,178.24041748046875,5982520
2023-03-14,178.7490944988607,179.02655032885454,174.4948235162508,175.46591186523438,8094852
2023-03-15,177.43120179741246,177.43120179741246,173.3618826027154,173.75494384765625,7687926
2023-03-16,173.56996400282756,174.19423603421308,171.09600542629295,172.41390991210938,7686620
2023-03-17,174.42546168197524,174.95724378651994,172.87634624630968,174.1017608642578,9044282
2023-03-20,173.40811947962436,173.84742569376832,168.8532633855618,169.77810668945312,8184754
2023-03-21,170.63358878478985,171.21161584706894,168.99199757271273,169.43128967285156,7211152
2023-03-22,170.10180670989084,171.09601043461313,169.17696341024427,169.43128967285156,5374846
2023-03-23,168.73766666623723,168.73766666623723,166.63365368627754,167.16543579101562,9485192
2023-03-24,168.02091385920755,169.6393896776439,166.93422013014535,167.28103637695312,7906696
2023-03-27,167.28103076974415,168.32147947529197,166.10186121491878,167.04981994628906,6227714
2023-03-28,167.8590612272384,168.34459832152984,164.34465381716288,164.714599609375,7813096
2023-03-29,165.54693366538183,166.8185930720293,164.15966885813,166.032470703125,8823840
2023-03-31,168.0209073132818,169.13071643743183,167.07293447507908,168.89950561523438,7914212
2023-04-03,170.14804077148438,170.35612203334995,168.85325176792873,170.14804077148438,4053500
2023-04-05,170.95730753351026,171.97462680273796,169.8012532875763,170.9804229736328,6443110
2023-04-06,170.63359928392518,171.30411636222158,169.17697381975302,169.54690551757812,6429614
2023-04-10,170.1711499085944,173.13064534547684,169.9861840897869,172.62197875976562,5624940
2023-04-11,172.71447918754748,173.33875121182783,170.44861601792644,171.21160888671875,6784354
2023-04-12,171.3734620659931,172.69136655823493,170.7954350178158,172.0902099609375,5578210
2023-04-13,171.04976822118408,171.04976822118408,169.24632658002426,170.3098907470703,6724634
2023-04-17,166.44866663593274,167.37350986966598,162.77240913704804,167.09605407714844,13603290
2023-04-18,168.06715581268375,170.58734536011409,166.1249792208387,170.1249237060547,8024898
2023-04-19,170.12493257726646,170.12493257726646,166.6567699909727,166.84173583984375,7475944
2023-04-20,166.70300963786903,168.18276460538644,166.00937714284322,167.78970336914062,4423266
2023-04-21,168.3677179350544,170.49486025077314,168.15962255721684,170.19427490234375,5299988
2023-04-24,173.4081282450411,175.0728490985914,171.35034614507077,174.77227783203125,17779044
2023-04-25,174.88789352533266,175.21158024987923,172.99196172273838,173.70870971679688,7528552
2023-04-26,174.6335528222582,174.6335528222582,172.66826059005962,173.20004272460938,7008146
2023-04-27,174.05550430044914,174.1479942742153,172.0439673229388,173.1306610107422,8491700
2023-04-28,175.72024020900977,179.41961368709417,175.72024020900977,178.0323486328125,27709406
2023-05-02,179.88200738315564,181.3386326411101,179.16525952809496,179.58143615722656,9746608
2023-05-03,179.58145314749203,179.58145314749203,176.66818824397032,178.07858276367188,4828488
2023-05-04,177.91673522251745,178.5641227297142,177.13061274892829,177.4311981201172,6253358
2023-05-05,176.9918795711516,177.75487244122266,175.2577984519045,175.44276428222656,7902194
2023-05-08,176.18265133280414,177.10749464688712,175.53526383534387,175.882080078125,9613544
2023-05-09,176.8762729294944,177.31557912143484,175.74333429469323,176.78378295898438,5716698
2023-05-10,177.56992060260586,177.82424687533987,176.64507726613397,177.45431518554688,3670402
2023-05-11,178.35603459416805,178.8878166649302,177.1537354915827,177.8704833984375,4049964
2023-05-12,177.8473708096853,178.147942062149,176.43697629891096,177.2230987548828,4580358
2023-05-15,177.22309627273373,178.95717744957065,176.87628003736634,178.379150390625,5089694
2023-05-16,179.18839304036774,179.7895355528688,178.72597138090873,178.93406677246094,4059352
2023-05-17,178.58725401446415,179.11903611082627,176.34450609990444,176.78379821777344,5376102
2023-05-18,178.12484563689318,178.19420606994373,176.76069596827384,176.92254638671875,4237016
2023-05-19,177.93983294235008,179.51207773297023,177.33869048381027,178.5872344970703,7281582
2023-05-22,178.72598673374083,183.39644871787442,178.21732004224285,183.00338745117188,12197390
2023-05-23,183.58140200511198,185.93975533185764,183.14209577617302,183.88197326660156,12725634
2023-05-24,182.42534254968743,185.1767570364872,181.89356046984915,184.82994079589844,8256974
2023-05-25,184.506234924638,184.506234924638,181.5698546792541,182.2403717041016,13605054
2023-05-26,182.7259208414192,186.147838391316,182.6565604130273,185.7547912597656,7926180
2023-05-29,186.8183515530456,187.7431948775656,184.6680936459344,184.8761749267578,7959308
2023-05-30,184.96865598311336,186.7489821193485,184.714329725932,186.1247100830078,7378972
2023-05-31,185.77791102468223,187.18829151212097,185.19988392130736,186.65650939941406,11783582
2023-06-01,187.28077487741064,188.66803987650255,186.84146864956912,188.2749786376953,7065484
2023-06-02,188.9917411653565,189.50039371005084,186.81835368315768,187.25765991210938,6320754
2023-06-05,189.0842162568109,189.4772774950007,186.67963206268902,186.9108428955078,7252860
2023-06-06,186.51778753090568,186.51778753090568,182.91088995815497,184.945556640625,13707400
2023-06-07,186.0784619039632,186.63337350718697,185.4310744415276,186.263427734375,8215860
2023-06-08,186.864601426296,187.16517269222408,184.390642646138,184.7605743408203,10615052
2023-06-09,184.71434116810272,185.13051784744718,183.1420962052624,183.72012329101562,12018232
2023-06-12,184.87616818073485,184.87616818073485,182.47158409191817,182.9340057373047,11973622
2023-06-13,184.02071198614124,184.27503826366663,182.42535155587572,182.910888671875,13016186
2023-06-14,183.25769760519356,183.65075883728727,181.592990924308,183.3270721435547,18512564
2023-06-15,183.62765108823533,183.78950149787337,179.53521641705206,179.85891723632812,28702320
2023-06-16,178.28665732275863,179.72016722646725,175.32716165470802,176.3213653564453,41110648
2023-06-19,176.64507947695847,176.64507947695847,174.37921609664147,175.7895965576172,10629440
2023-06-20,176.55258093736336,178.009220429505,175.99768342263266,176.87628173828125,11802658
2023-06-21,177.68552273009382,179.07278770911864,177.1537406438655,178.2635498046875,8829264
2023-06-22,178.49476403597097,178.49476403597097,176.4601115170262,176.78379821777344,9356174
2023-06-23,176.78379263414,177.10749343665267,174.84163015503063,175.69711303710938,6470406
2023-06-26,175.72023688819726,176.5988352502403,175.2809306511809,176.13641357421875,4100400
2023-06-27,177.6855240496618,177.6855240496618,176.41386447611185,176.9225311279297,5880750
2023-06-28,177.45432172506102,177.45432172506102,176.09017210869783,176.50636291503906,7140112
2023-06-30,178.03233843857433,180.2288413154139,177.1074951220103,179.95138549804688,9070810
2023-07-03,182.1478842133129,182.1478842133129,180.113231785756,181.08432006835935,9036924
2023-07-04,182.07852245059343,183.74324319253944,181.7317062173542,183.09585571289062,12617234
2023-07-05,182.24037815994865,182.8415206702883,181.1999294299068,182.14788818359375,12366958
2023-07-06,182.42533387939412,183.55827252293344,181.80106185360688,183.21145629882812,9037242
2023-07-07,182.65656033865145,183.78949907921861,181.82420697430908,183.04962158203125,9065220
2023-07-10,183.0496198539998,183.0496198539998,180.18259987146016,180.3213348388672,5630400
2023-07-11,180.34444542697133,181.6392204160104,179.35024169124608,181.2924041748047,9634838
2023-07-12,182.14787936207367,182.17100891103675,180.5062882011953,181.19992065429688,6848220
2023-07-13,181.19993062274366,184.321276833417,180.92247480384154,182.33285522460938,13595726
2023-07-14,182.540956429441,187.511989441769,181.43114723048197,187.30389404296875,31366784
2023-07-17,188.2056056142643,196.50607961477473,187.65069400696987,192.0205841064453,45759860
2023-07-18,193.2922491790904,194.35581332642852,190.633324698756,192.9223175048828,17769026
2023-07-19,194.21709326046013,194.67951491108028,191.5119237819345,193.2691345214844,10830990
2023-07-20,193.5234475510858,194.21707997958433,191.74312149554206,193.13038635253906,8255710
2023-07-21,187.28078018521688,191.60442571065627,185.4310934673382,187.14205932617188,23514212
2023-07-24,187.88190988937356,188.66803233556723,186.58713492010145,186.84146118164065,6808460
2023-07-25,187.5119787212296,187.5119787212296,184.968659651028,185.15362548828125,6458200
2023-07-26,186.58714217713427,186.63338716611878,185.61605385641673,186.24032592773438,5329662
2023-07-27,186.81835880063747,188.02065799155437,184.50625039963947,184.945556640625,8948358
2023-07-28,185.4542044512227,186.2865719214654,183.3733069436,184.39064025878903,6760060
2023-07-31,184.853064807268,187.74320027955173,184.4831331116115,187.30389404296875,6762180
2023-08-01,187.51197808343764,188.66803220232444,186.8414610496878,188.1824951171875,7181804
2023-08-02,187.6969376160463,187.6969376160463,184.50623117748003,186.263427734375,5399618
2023-08-03,185.89351751345535,185.89351751345535,183.60452452614294,184.80682373046875,6821698
2023-08-04,185.36173791706,189.59289357318548,185.1073975194629,189.0611114501953,12481540
2023-08-07,189.56975156285108,190.98013187988064,188.69113918228777,190.1246490478516,8822866
2023-08-08,190.7026951044518,193.06104845892278,189.56977047290454,192.52926635742188,15724284
2023-08-09,192.1362038702835,193.52346888017723,190.77205429909222,193.19976806640625,9309388
2023-08-10,192.87607130759088,194.5870229300529,192.15930928932585,193.5928192138672,9901644
2023-08-11,193.59282955840476,195.21130540537192,190.6795786786596,191.00326538085938,7571468
2023-08-14,191.0957516410136,192.45990118742088,189.36167041015145,191.974349975586,5792180
2023-08-16,191.51190671275484,194.3095659168487,191.4425462937416,193.59280395507807,8131780
2023-08-17,193.59280355458154,194.4020413693665,191.67375670191763,193.08413696289062,6340960
2023-08-18,191.92811441425857,192.52927107101223,188.6680471849036,190.37901306152344,10602392
2023-08-21,190.42522740872965,192.991676000855,190.3558669845076,191.7200164794922,7334260
2023-08-22,191.90497985261865,193.33848975343344,190.86453116667067,192.8760681152344,6350240
2023-08-23,192.9454427095582,193.26914352486733,191.72002810072703,192.0205993652344,6134234
2023-08-24,193.6390761493044,194.21710324228735,190.5177298471962,190.8414306640625,5776956
2023-08-25,189.59288345294803,190.19402597519823,188.25186344116653,189.45416259765625,6598510
2023-08-28,190.263422507148,190.7258442275572,188.5062115023986,188.6911773681641,3401974
2023-08-29,189.43102709125932,190.4714758092033,188.2518575223852,188.7142791748047,3998562
2023-08-30,189.59288600201003,189.68537598144096,188.0437705744737,188.2981109619141,4018182
2023-08-31,188.66803099073556,189.59287427990583,187.95128308642407,188.85299682617188,22061952
2023-09-01,188.6449121760554,193.17663856706432,188.4368167949221,192.5292510986328,8476130
2023-09-04,193.29226686268404,201.84706814727653,192.36742348056595,200.7372589111328,27634648
2023-09-05,201.523349654928,202.3094721056196,198.9800305770287,199.69679260253903,17973426
2023-09-06,200.575406046234,201.40775943517457,196.94539299337396,198.5176239013672,13531912
2023-09-07,198.81820542462654,200.55228671122816,197.33845041526396,200.1592254638672,9322650
2023-09-08,200.43666892377442,200.43666892377442,198.51760779542977,198.84130859375,5748410
2023-09-11,200.22856258594803,202.30945988764955,198.88754270280464,201.08404541015625,8253314
2023-09-12,202.12451545667523,204.15916798909504,197.40780876207475,201.15342712402344,14545328
2023-09-13,201.13031082301998,202.51757583172136,199.5349504182176,201.4771270751953,7445670
2023-09-14,202.7256425567118,204.9683903154432,201.292132661606,201.8239288330078,14895010
2023-09-15,203.37302277983352,205.1995938231673,202.6562749138097,203.9510498046875,19835876
2023-09-18,203.9510883589301,203.9510883589301,201.24593266083005,201.662109375,6025196
2023-09-20,200.8066204482529,202.00891967402563,198.40202199670748,198.8875732421875,9102700
2023-09-21,198.79505073685763,199.4193227434957,195.62745983146192,198.3557586669922,8893070
2023-09-22,196.2517530358104,197.3384467777813,192.6448696709595,193.52346801757812,19818260
2023-09-25,193.52345240101704,194.10147943925188,190.517711802196,191.48880004882812,9301132
2023-09-26,192.73737136747712,192.73737136747712,190.37903183470306,190.93392944335938,6480566
2023-09-27,190.63330526558005,192.62171250772747,189.7315774976368,192.20553588867188,7773994
2023-09-28,192.59862575662476,192.59862575662476,186.8183548755736,187.442626953125,16876116
2023-09-29,187.28077454149224,189.2460666200141,185.66229871212133,187.7663116455078,12780272
2023-10-03,187.95129802411017,188.7142909759178,186.6333934099025,187.48887634277344,5728104
2023-10-04,186.2171932257009,187.4888526889428,185.26922043136412,187.2345123291016,6905870
2023-10-05,188.64490956730944,189.7778340934004,187.2807601142744,188.1131134033203,8125304
2023-10-06,188.66803901610763,189.5003923669712,188.1825019134354,188.5986785888672,6365004
2023-10-09,186.91084003946,190.05530167295169,186.5408942454092,187.5582275390625,6030450
2023-10-10,187.9281723529162,189.01486614889194,187.8356964819334,188.5524444580078,5128014
2023-10-11,189.1304655649904,196.04367526894666,189.1304655649904,194.74888610839844,19092228
2023-10-12,195.0263413393624,195.0957017681818,191.76627417694425,192.87608337402344,10234398
2023-10-13,190.4714761446388,191.62753027772348,189.1535716105244,190.0784149169922,10914054
2023-10-16,190.0552954394598,190.47147209612658,188.7373909333578,189.68536376953125,5277652
2023-10-17,190.37899985543137,191.37320358526307,190.07841449191042,190.24026489257812,5979388
2023-10-18,189.13045947809513,191.280717380815,188.20561615546384,188.41371154785156,4881066
2023-10-19,181.24617158731627,183.46578986527643,180.3906887113564,182.79527282714844,25629102
2023-10-20,182.6796768037848,183.14209847812617,180.8068746674978,181.199935913086,8429336
2023-10-23,180.7375016545418,181.73170536275447,176.73755727239035,177.17684936523438,8837826
2023-10-25,177.7548837023234,179.2808836511287,176.22889786550726,176.57571411132812,6678294
2023-10-26,175.1653217553664,175.9745596723418,173.43124050470482,174.91099548339844,10995582
2023-10-27,175.2809305448529,177.7317738934743,175.2809305448529,176.8069305419922,6202812
2023-10-30,177.56990858147904,177.73175897680255,175.90518786613,176.6450653076172,4688744
2023-10-31,177.1999833920611,177.6161600581094,175.32716722686038,176.55258178710938,6153536
2023-11-01,177.5005659576134,178.28667435203172,175.7896000846025,176.1595458984375,4241952
2023-11-02,177.47741095726082,178.10168296259943,176.69130267556477,177.40805053710938,4742730
2023-11-03,178.49477043826442,178.81847126261164,176.94565497087115,177.36183166503906,5291528
2023-11-06,178.4947707555832,178.70286615903206,177.10750569789732,177.87049865722656,4939936
2023-11-07,177.9860932953171,178.95718159926128,177.0381345414603,177.2462158203125,5692178
2023-11-08,177.8473578938488,178.42538491891202,176.41384804929444,176.737548828125,7102052
2023-11-09,177.10750028065596,177.56992195240701,175.58151440867326,176.11329650878906,9231126
2023-11-10,175.85896711080207,176.55259966177076,174.33298114346707,175.39654541015625,10710700
2023-11-13,176.92252153295584,177.06124237956968,175.72022245167824,176.48321533203125,3585902
2023-11-15,178.286662234964,181.38489294731085,177.68551973232425,181.10743713378903,10792518
2023-11-16,181.1074361368752,184.737448906497,180.02074243855688,183.6276397705078,13843576
2023-11-17,184.04380600050925,184.5062276236261,182.42533031960025,182.8415069580078,7886928
2023-11-20,181.82419055782628,185.47731861236898,181.82419055782628,185.06114196777344,8610496
2023-11-21,186.17096924437809,186.17096924437809,184.99178550551008,185.2692413330078,5440248
2023-11-22,186.12472305440812,186.1709680440245,184.5524921913775,185.0842742919922,5318582
2023-11-23,185.19986680309225,187.2807641829023,185.19986680309225,186.1247100830078,9677360
2023-11-24,186.124713493116,186.58713514154607,182.91087739173125,183.1189727783203,6250566
2023-11-28,183.581399611396,184.39063751900284,181.77795795398407,183.5120391845703,8145314
2023-11-29,184.0438165564904,188.9223593153908,184.0438165564904,187.8587951660156,15544086
2023-11-30,188.18250448002243,191.67378244797013,186.8414703458009,191.00326538085938,19825958
2023-12-01,191.32695465221823,191.32695465221823,187.97439774290447,188.5061798095703,9830426
2023-12-04,190.84140981435985,190.9801306567245,188.08999550756096,188.4136962890625,10662472
2023-12-05,188.3905898314509,189.13046734272007,185.93976056936071,186.980209350586,11165368
2023-12-06,188.0900087271164,194.40206151412272,187.7200770468187,193.6390686035156,22082070
2023-12-07,194.21709004805177,194.9107225125091,192.66797472169927,193.4078521728516,11250552
2023-12-08,193.6621771188103,196.29798611067483,191.9049805322263,195.4193878173828,15479122
2023-12-11,194.21709679448617,195.2344300891577,192.94543723214133,194.4945526123047,10084242
2023-12-12,194.54078832090212,197.87021563994145,194.28644795337186,195.2344207763672,11903364
2023-12-13,195.8586937758538,196.2055100302877,191.9049941201029,194.0552520751953,9696816
2023-12-14,195.83558303292884,201.61585407876493,195.7199776120121,200.8759765625,24681376
2023-12-15,201.63894247942105,207.85851893552388,200.45977298898688,206.494369506836,41567234
2023-12-18,206.24005048131755,209.7082127651962,204.3903639299156,205.8932342529297,20182072
2023-12-19,206.0551018873093,206.8643398212492,201.1534292936186,202.8643951416016,16064694
2023-12-20,204.3903584238051,207.8585206142543,198.54072768497844,199.74302673339844,26449942
2023-12-21,198.33264104688803,201.84704837711178,197.54653271627805,200.6909942626953,10663008
2023-12-22,201.2921416872002,215.6272130570414,200.6909991777767,213.9393768310547,46080814
2023-12-26,209.939438220796,220.0202249839592,207.3267586071861,217.38442993164065,54628644
2023-12-27,216.64454239510007,219.8352489484253,214.60988996341365,217.7774810791016,25262992
2023-12-28,218.51734285683665,220.7600906590945,216.25147961710763,217.08384704589844,16839956
2023-12-29,217.77747950962635,219.81213192664947,215.53473170741245,217.93931579589844,15961140
2024-01-01,218.72545359201462,223.58088120875067,216.55206606163213,220.64450073242188,20347278
2024-01-02,221.0375513845887,221.0375513845887,214.7023690578499,216.9682464599609,14282514
2024-01-03,214.51741234271665,214.51741234271665,210.40186225507037,210.8180389404297,19534364
2024-01-04,211.3266968842861,212.64460142685942,208.73713278715744,209.19955444335938,15170336
2024-01-05,210.4249616236655,214.10121930622438,209.70821372650704,211.1417236328125,16889130
2024-01-08,211.5579142951761,212.7139684716525,207.65044553389015,208.2516021728516,10082886
2024-01-09,211.78912634487227,213.87002387446162,208.06663752006935,208.4365692138672,14465048
2024-01-10,208.76025187778183,210.86426466328905,207.62731323205435,209.75445556640625,8874676
2024-01-11,210.3787623095369,211.28047617555768,206.56378320747268,207.2574157714844,8638818
2024-01-12,210.40184951795408,216.87575258004497,210.40184951795408,215.23416137695312,36086734
2024-01-15,236.73677915784592,244.6210629717815,226.1935566344016,228.71376037597656,127844264
2024-01-16,228.89870665245448,228.89870665245448,222.19359302324116,224.2744903564453,25912492
2024-01-17,219.71963254599552,227.28022894573343,218.26300724798816,223.0721893310547,28668932
2024-01-18,223.0722150148785,226.1242009171397,216.5983115121383,223.1878204345703,26144924
2024-01-19,225.66177223548988,228.1357309625186,223.62711973445298,224.29762268066406,15498620
2024-01-23,221.06066478854171,224.73692256166075,215.97402662356583,217.29193115234372,19972336
2024-01-24,218.26510002526695,221.97236287070672,216.89804119417684,221.53211975097656,11708750
2024-01-25,221.53210891751732,222.13454758569182,217.12973450384442,217.8016815185547,12852980
2024-01-29,217.8016862607153,221.0455411624707,217.8016862607153,219.19190979003903,10051300
2024-01-30,219.8406924685818,223.77965939527763,218.4968124631852,218.9602203369141,11828014
2024-01-31,218.96020916875324,222.3894244310214,217.33828169342917,221.57846069335935,10584480
2024-02-01,221.3004275004765,221.36994999616533,218.07975121880682,218.42730712890625,7828120
2024-02-02,220.11873652992995,225.44792699328613,220.11873652992995,223.8955078125,16296222
2024-02-05,223.82599254886466,226.83814358730694,222.04186948998563,223.5247802734375,11566604
2024-02-06,224.6138086174153,232.53807217609184,223.87235316936332,231.541748046875,29024038
2024-02-07,232.1441790027133,232.49173490651486,228.25154156646667,229.47958374023438,9103534
2024-02-08,229.80396137590307,231.75028009919873,224.79916200469418,226.5369415283203,11303840
2024-02-09,227.48690639092166,229.27102940775677,223.710135313986,227.27838134765625,7893788
2024-02-12,227.5332521093309,236.70872179213993,227.5332521093309,232.37586975097656,48873500
2024-02-13,233.14048589554568,237.72822065878955,227.85763937598955,237.07945251464844,22373576
2024-02-14,233.5343926621943,239.58185947370018,230.3368671698635,238.42333984375,22594656
2024-02-15,239.55868579335728,242.29277504745264,237.75138392444725,240.27696228027344,14570776
2024-02-16,242.1306164005624,252.5572936618306,241.412339846065,251.63047790527344,34942644
2024-02-19,252.9743785187898,252.9743785187898,246.2317710905089,248.36346435546875,18602758
2024-02-20,248.29393567896744,249.38296116410152,243.86839609549412,246.50982666015625,10374126
2024-02-21,248.34029439199458,248.52564057363023,240.74039384062357,241.62088012695312,13115574
2024-02-22,242.26962800464415,246.99639392036732,241.64403869581284,246.09274291992188,14596482
2024-02-23,247.92321586442694,250.81951511517957,247.13541681138773,248.45614624023438,19860994
2024-02-26,248.50246298863345,248.61831495273069,243.77569719663083,246.95005798339844,8820636
2024-02-27,247.4597757140378,249.0353736146486,244.47078962020865,246.27809143066406,10399260
2024-02-28,245.60616090762588,246.04640402269067,238.6550431460893,239.90625,12789056
2024-02-29,239.72087866565084,242.94156892724294,237.82091776644046,240.32330322265625,14462764
2024-03-01,242.08427649432707,243.38181284075827,239.83673141102545,240.5550079345703,9420630
2024-03-04,242.33915132529654,243.9379141339737,240.30014538319062,241.20379638671875,5662370
2024-03-05,239.92941916599077,241.20379077913702,236.6392205363597,237.86724853515625,10521548
2024-03-06,238.0526134065084,238.5855154527713,231.70392033256215,237.79774475097656,11091922
2024-03-07,238.07577031428784,241.1574436670601,236.5696948816427,238.88673400878906,9707982
2024-03-11,239.767232023702,240.48550853173177,237.40383502687354,238.44650268554688,11131512
2024-03-12,237.61237516303473,242.13060170197102,235.29533591229816,236.73190307617188,11652760
2024-03-13,238.0989354001332,240.36964506175556,230.22100235620866,233.74290466308594,13580480
2024-03-14,232.23684934695964,240.4623531151313,229.4564021494095,240.0221099853516,12825472
2024-03-15,238.53919571926332,240.16112322779642,234.66973726334578,239.5818634033203,13649086
2024-03-18,240.04525472008586,240.30012336845675,235.8745842712813,236.43067932128906,6393960
2024-03-19,235.87460121632452,235.87460121632452,228.5295837920749,229.3173828125,9617386
2024-03-20,229.87345681378,232.28318327466044,226.699124375964,228.6917724609375,8385344
2024-03-21,231.54174080246776,234.15999245521638,230.98565984039206,231.9124755859375,11644580
2024-03-22,226.72229146003397,227.4174032376324,222.2272296413964,225.72596740722656,28646502
2024-03-26,225.21621212530746,227.5100866093437,221.99552195351276,222.3662567138672,18273346
2024-03-27,222.29673711945608,222.87599689499973,218.38093537994743,218.8675079345703,14320668
2024-03-28,220.90651765089027,223.84914605017045,220.2577353768876,222.4821014404297,15455150
2024-04-01,224.15038495706256,225.40157767939996,223.15404675587,224.72964477539065,6041008
2024-04-02,223.33942295914633,223.68697885286295,222.2504116637504,222.9918670654297,6932654
2024-04-03,222.4357599312546,226.00400590365237,220.55896386366854,223.91867065429688,13794516
2024-04-04,225.12351961436963,227.97348910098495,222.250399535023,225.86497497558594,16004046
2024-04-05,225.4479174937546,225.7491297657917,223.61745084185304,224.77597045898438,6414344
2024-04-08,227.06984156740927,227.81129693971985,221.6016347130281,222.38941955566406,26640770
2024-04-09,224.2662415844654,224.86866615122017,220.2114227718468,220.4894561767578,15801250
2024-04-10,221.27724227799118,222.18089321742633,219.23825062259002,221.18455505371094,10771534
2024-04-12,220.11872958579852,222.4357688445964,217.80169032700064,218.1492462158203,13170046
2024-04-15,216.15659253400318,217.0370646012162,212.3334778556097,212.86639404296875,12176472
2024-04-16,209.94691397878205,212.472492336232,206.1237993402348,207.76890563964844,21439424
2024-04-18,209.692054393058,211.05911322217844,205.2201714206066,205.915283203125,21986258
2024-04-19,203.89945693202995,210.34082331123835,202.50923336203883,209.8079071044922,20470106
2024-04-22,209.80789888059937,216.01756108807425,208.53352732472604,214.09442138671875,18881740
2024-04-23,216.31877065764257,216.31877065764257,213.26029027534733,214.14076232910156,10322712
2024-04-24,214.9749083378248,215.3224642407665,212.5188522805374,213.12127685546875,5915168
2024-04-25,212.65785268084664,214.34928845040048,211.2212855637421,213.63101196289065,11805090
2024-04-26,214.0480790603728,220.48944522579464,213.9090623648217,215.29928588867188,21478294
2024-04-29,216.712676359762,216.87487193428376,213.90906454821484,214.53466796875,7249940
2024-04-30,214.55781741367088,216.2955967123777,213.8627056941881,214.2797698974609,8902956
2024-05-02,214.279792606396,214.55784015207283,211.0591164500558,211.96275329589844,14937276
2024-05-03,213.3529787893048,214.0944342037088,210.0164506376153,211.9395904541016,9730626
2024-05-06,212.61151579533023,214.37247410952256,211.31397947294448,212.54200744628903,6918126
2024-05-07,214.0017399762872,215.64684633290605,210.3871643946234,214.9748992919922,9278528
2024-05-08,215.48464113318775,216.13340926732235,213.77002650389628,214.6505126953125,8205680
2024-05-09,213.9785779517959,215.20660594432576,210.4103317963611,211.26763916015625,9233484
2024-05-10,211.33714309638256,212.00909013177636,208.67254797450778,209.39083862304688,6654714
2024-05-13,209.3908359528754,210.0396041023808,206.2164894110523,209.4371795654297,7111608
2024-05-14,209.78473002262027,213.12125790899233,209.55302610792424,211.47616577148438,4909420
2024-05-15,211.4761697196206,213.0517535405519,210.6883707381125,212.3798065185547,4793424
2024-05-16,214.0944272124406,216.64317039354108,211.3603237193135,215.2297821044922,14621472
2024-05-17,215.20661114500592,215.20661114500592,213.1907840900935,213.6310272216797,6876820
2024-05-21,214.5578303147151,215.39195877141563,213.0285900967358,213.5846710205078,8467448
2024-05-22,214.5114748641128,214.76635764776665,212.63467886906759,213.77001953125,7765884
2024-05-23,214.32612175360904,216.87486482311127,213.97856588049504,215.85536193847656,13171332
2024-05-24,216.4114737472802,218.03340128071807,214.0944344137976,214.8590545654297,8205526
2024-05-27,214.094423522324,214.16393187037528,209.2749847822731,209.6688842773437,40983758
2024-05-28,210.3871625149242,211.89323801750905,209.970098281087,211.337142944336,15778126
2024-05-29,210.3871772281996,211.0822890472355,208.3018417710919,208.90426635742188,9756036
2024-05-30,208.07011206470636,208.30181597569154,201.62874616773476,202.48605346679688,20724568
2024-05-31,202.76409646374063,204.89577537433027,201.81411604047597,203.06532287597656,21438004
2024-06-03,208.62622931996208,208.78841076125136,204.61773991947405,205.7994384765625,8964424
2024-06-04,206.6335555797488,206.6335555797488,193.2410716667529,203.04214477539065,17730732
2024-06-05,203.76041603410783,210.8505497422329,203.45918964938048,209.22862243652344,12267428
2024-06-06,210.82741527614704,214.0944350898395,209.7384039575543,213.6310272216797,15425568
2024-06-07,217.8016872558767,225.40157308915408,217.0138882621597,224.5442657470703,72672440
2024-06-10,226.32839924101177,226.32839924101177,219.3541165048385,220.23458862304688,18311752
2024-06-11,222.06504694162768,222.06504694162768,219.81751604511538,220.6053009033203,9371714
2024-06-12,221.50895801954803,224.47476550771063,220.3736031008981,220.99920654296875,13875116
2024-06-13,222.4357769717748,224.91501189768988,221.5784695862789,223.64064025878906,12995932
2024-06-14,224.7528111323012,225.0308586755212,220.67482763869367,221.2772521972656,11322596
2024-06-18,222.8991765248753,228.4600707417121,222.45893340920824,227.9271545410156,31870984
2024-06-19,228.1125085997089,230.38320418091823,225.56376548686293,229.73443603515625,20880284
2024-06-20,230.54538627917475,230.54538627917475,226.25886402172276,227.25518798828125,12571126
2024-06-21,230.753951801255,232.14417539485527,226.652789371717,227.32472229003903,95171176
2024-06-24,227.11619723625043,229.3405493291766,226.8149849527209,227.32472229003903,9934518
2024-06-25,227.32470854606578,230.77710258494355,226.74544875042085,230.2441864013672,9258210
2024-06-26,230.24418859054973,231.65757684852807,228.8307861904864,229.4795684814453,12812090
2024-06-27,228.06617137038,237.2416553186733,226.69912669320823,236.708724975586,42137138
2024-06-28,237.2648092504572,239.2574572650627,234.4148539208852,238.58551025390625,16405832
2024-07-01,239.99893133799173,248.29391469271746,238.2379589209427,244.37811279296875,30757528
2024-07-02,245.28175645031476,252.55726496957485,244.8183486246825,249.40609741210938,36276968
2024-07-03,251.1207036556009,252.7657957249416,248.15488235671796,249.7768096923828,16049384
2024-07-04,250.8890114492631,254.3182124340688,245.18907249080857,245.9305419921875,19524632
2024-07-05,246.23174876791202,248.6183104992336,245.351290827047,247.9695281982422,10376090
2024-07-08,248.3634496632824,251.63046943838296,247.92320653689666,250.7963409423828,12176360
2024-07-09,252.0938519885051,252.53409507068636,249.1280306514435,250.70362854003903,8681444
2024-07-10,250.70363311049317,251.7926301846438,246.4171107329108,248.1780548095703,9233748
2024-07-11,248.71098080920447,250.0316817727576,245.60614278136111,247.506103515625,8807618
2024-07-12,252.55730102038703,261.73277162080683,250.9585381369096,259.57794189453125,54186042
2024-07-15,262.7058961025877,262.7058961025877,257.7242621962887,259.3693542480469,16099478
2024-07-16,260.36569469361064,260.7132505884321,257.84014448524465,259.369384765625,11239032
2024-07-18,257.9096443797048,266.1814918293242,257.8169571488747,265.6253967285156,25019786
2024-07-19,268.7302092397649,268.7302092397649,257.0523263838664,258.2108459472656,26523490
2024-07-22,241.43548262241694,244.10007768014995,232.4221945529035,234.3916778564453,76014568
2024-07-23,235.41119552211305,235.41119552211305,225.3784180689284,231.95880126953125,25847632
2024-07-24,232.8624506987952,234.64657379624785,231.6344226926813,231.75027465820312,12240276
2024-07-25,229.85028751309343,235.1794776469656,228.59908069439388,234.87826538085932,21887890
2024-07-26,236.33799608365493,244.9342057745696,235.6428843304677,243.1964263916016,26153996
2024-07-29,244.67936548580792,245.86104994637637,242.29280354287377,243.0111083984375,12011554
2024-07-30,243.0110692688597,244.19275353915367,240.85621161748895,241.66717529296875,10816526
2024-07-31,241.80620803777128,243.2427893288048,240.71721091490753,241.89889526367188,7758508
2024-08-01,242.36230041866222,244.12324455454507,239.81355729762464,241.6903533935547,10759752
2024-08-02,238.6550345860825,240.62451788121035,232.16732490801425,232.7002410888672,15652228
2024-08-05,227.06984687097292,229.78078562631896,222.55162032609132,224.7528076171875,21938080
2024-08-06,226.95400199071867,231.4027203252326,225.49427004369767,226.8381500244141,11271584
2024-08-07,231.10150792359585,231.75027610615416,228.2978818552004,230.4990692138672,7079826
2024-08-08,228.9234722078357,228.9234722078357,225.3784050719005,225.81863403320312,13160570
2024-08-09,229.54908201187524,230.0588334768156,226.90765160214772,227.6722717285156,6065948
2024-08-12,227.7881278036739,228.9234827168976,225.8649880141252,226.62960815429688,7338468
2024-08-13,226.62958195487136,228.32103176109084,225.74910995154858,227.30152893066406,6289418
2024-08-14,228.46006634792133,230.2441893699276,227.27838200640403,229.45639038085938,11121756
2024-08-16,232.1673291074739,239.7903937739246,230.75394084459177,239.2342987060547,25931140
2024-08-19,239.11846738873103,242.4550097998269,238.05263491573209,240.8562469482422,11466562
2024-08-20,240.92575059636516,244.49396838541048,240.80989863479434,243.12693786621094,9543812
2024-08-21,242.54767287913188,244.7256670828196,241.45864749311832,243.91470336914065,6454402
2024-08-22,244.586650293988,245.8610218435612,240.06842389095556,240.5086669921875,11496506
2024-08-23,240.92575421178032,241.64403072746413,236.96360858134955,237.4501953125,11277706
2024-08-26,239.11844505896937,243.19642838763718,239.09528032384026,240.97207641601562,17351380
2024-08-27,240.97206817053635,242.4781435966022,239.11843687691683,239.6513671875,7965796
2024-08-28,240.9720950814978,249.35976630816572,239.97575683624203,247.7378387451172,34375566
2024-08-29,247.92317235287632,251.1438622113033,247.48292928719195,249.6377868652344,25685318
2024-08-30,251.02805013654256,251.16706684142852,248.2476029021356,249.49880981445312,19434804
2024-09-02,249.49879848570532,251.1670554369318,246.4634544319631,246.74151611328125,15735982
2024-09-03,246.99638648069836,250.63412682532925,245.37445898973692,248.40977478027344,15056686
2024-09-04,244.67933401318686,244.79518597057947,239.4659959305195,240.57818603515625,20402128
2024-09-05,241.52816761764348,243.752519553695,240.74036864666266,243.21958923339844,12069118
2024-09-06,243.21959010394,245.5598222905,240.25379693997917,241.25010681152344,14579954
2024-09-09,239.62817787268267,241.78303559848834,237.93675626161362,238.58551025390625,11919540
2024-09-10,239.4891671301816,244.67934061831312,238.1916308291912,243.6366729736328,10287272
2024-09-11,243.2891258094412,243.86838563279701,237.84408346989656,238.35382080078125,8261524
2024-09-12,241.18061431772338,246.53296917589236,239.9294075015381,245.6293182373047,15779474
2024-09-13,247.36709774488403,256.03282995400747,246.00003896883865,255.15234375,35919706
2024-09-16,256.2645438454469,258.04865277374057,254.41091242522668,255.7548065185547,11088578
2024-09-17,254.41091242522668,257.14503008371986,253.50726145103516,255.7548065185547,8728238
2024-09-18,254.4340629375373,254.4340629375373,246.83419150999188,249.3829345703125,16665520
2024-09-19,252.18656155730392,255.54626852216686,245.2122789629399,247.1585693359375,20969182
2024-09-20,249.26709908915598,250.5878001758596,246.06957354300775,249.8231658935547,16664232
2024-09-23,249.8231518465679,250.42560465774383,246.53296754080023,247.87686157226562,8544290
2024-09-24,246.62565622057346,251.12071789106443,245.3049269161621,250.0316925048828,12355694
2024-09-25,249.68415824748493,249.9622199439396,245.9537304978053,248.47930908203125,8065196
2024-09-26,249.6378015799018,251.67677904426486,248.2475781015851,251.12071228027344,11403400
2024-09-27,254.36456863529,258.99864692498977,250.5646187809023,251.0743560791016,26462384
2024-09-30,249.3134380935344,252.32558929726665,247.45980658354523,250.9122009277344,8199446
2024-10-01,250.3329396913101,254.68895674510176,250.3329396913101,253.3682556152344,9411274
2024-10-03,250.2865908484592,251.35245162609,243.8684028658028,245.6757049560547,14035368
2024-10-04,244.70252316255883,251.143903949932,244.70252316255883,247.2512664794922,11922754
2024-10-07,249.31342243964448,251.0280371355616,243.72936352324857,246.27810668945312,9878074
2024-10-08,246.3244444013052,247.36711209508908,241.1111059323859,244.1927795410156,11502804
2024-10-09,245.51348153204614,249.63782284945395,244.91105696361515,246.13909912109375,8841688
2024-10-10,247.9231865292504,249.1280355613324,242.5708318040041,243.2891082763672,12620244
2024-10-11,241.1342613426159,247.6451642059871,241.1342613426159,244.818359375,8436982
2024-10-14,249.63782271784623,255.73161917662185,248.52563252735115,254.6657867431641,33136266
2024-10-15,256.1950201261074,256.1950201261074,246.0000473637396,246.9732208251953,21601252
2024-10-16,246.99637863633143,249.68413845058697,245.1427472769593,246.6024932861328,12553622
2024-10-17,247.90002014077933,249.3134083416445,243.3122713873678,245.02688598632812,23755278
2024-10-18,246.53298134336745,258.76696015227066,243.1964390969237,254.2487335205078,74653054
2024-10-21,255.6157475946704,260.3888708687714,253.48408289133604,253.9938201904297,23966964
2024-10-22,254.7816208648628,257.42305116915696,252.02433860234663,252.76580810546875,18478300
2024-10-23,253.7157836581496,256.9596384263817,251.2597278476077,253.57676696777344,12698576
2024-10-24,253.57677609479387,255.1060163123116,252.62679567816693,253.4377593994141,9576604
2024-10-25,254.7584683469632,255.80113602096165,250.4719456871916,251.8390045166016,10124540
2024-10-28,251.83900703597092,259.4157142291548,251.4914511411612,258.859619140625,11185858
2024-10-29,259.41567255045715,261.08395754801364,256.38035721361814,260.5278625488281,12055630
2024-10-30,260.6668822378355,268.1972588358174,260.0181000172657,261.9412536621094,20755492
2024-10-31,261.73275246972935,262.42786425653856,254.086522814828,255.7084503173828,15680094
2024-11-01,255.662118166324,257.1450289528126,254.87431915936094,255.49990844726562,1962810
2024-11-04,255.3377121375205,256.0096591420846,247.55246631720303,250.61094665527344,9855560
2024-11-05,251.6304733362139,252.71947051672583,250.4256241882359,251.95486450195312,6862260
2024-11-06,253.69263936917216,262.21932704805664,250.70365300643863,261.3157043457031,19554884
2024-11-07,262.28883342689744,264.0034480654973,256.93647861362416,261.083984375,11997142
2024-11-08,261.8254153715915,268.2204375592321,261.8254153715915,263.6790466308594,20852658
2024-11-11,263.67906895365627,270.2594661379806,262.3120101273788,265.764404296875,16139444
2024-11-12,266.45950785761426,268.63753036128435,263.70222555425363,264.4436950683594,11260890
2024-11-13,264.1424544456764,265.8107112653501,262.0802840129072,263.6790466308594,11391200
2024-11-14,263.6559184603556,266.2509912695441,261.45473103471767,262.6132507324219,9783520
2024-11-18,262.6132540178774,262.6132540178774,250.37927454339743,256.1950378417969,15289764
2024-11-19,257.6547640871747,264.04978674761225,257.05233954020787,260.4352111816406,12919778
2024-11-21,260.4351997612711,263.030272288641,257.3303616517673,258.18768310546875,11672608
2024-11-22,260.4120427628762,265.81072715777213,258.53524665749035,264.9071044921875,14733232
2024-11-25,266.69123583587776,272.2752951518014,265.94979453905603,269.91192626953125,23297474
2024-11-26,271.0936036296126,273.5728244175138,268.4521731168999,272.9472351074219,15771340
2024-11-27,274.1057491627954,276.19108453258843,269.65704502090534,270.1204528808594,13659676
2024-11-28,271.4411270090161,271.55697896249836,264.39732258045893,265.1619567871094,11896556
2024-11-29,266.4595113553808,269.12410646893466,264.8839133658722,267.7802124023437,8540112
2024-12-02,269.9119255657187,271.34847868112956,267.94244207423833,270.88507080078125,11194000
2024-12-03,273.73501544621195,274.5228144273085,268.12776363831125,270.3057861328125,15445286
2024-12-04,273.0862196685626,275.26424205546476,270.44478946675224,272.4837951660156,14036431
2024-12-05,273.410608677352,278.8788151940654,272.3911058356198,277.3959045410156,13487264
2024-12-06,277.25687980552044,277.25687980552044,274.52279076862004,275.588623046875,7894350
2024-12-09,273.4106560852302,283.3275962806349,272.2521363560555,281.5202941894531,9285213
2024-12-10,283.60556154868436,288.23963935176744,281.24219318277846,285.5518798828125,17028502
2024-12-11,285.5982483722764,287.2201758249811,283.18852192856684,286.38604736328125,8608406
2024-12-12,285.4591959452595,290.83471494484775,284.9494586947382,286.47869873046875,12958440
2024-12-13,286.4787415172861,288.28601518064926,281.9373501967142,287.2665405273437,7382211
2024-12-16,287.312852341316,288.6103885982817,284.62509260527946,286.5714111328125,7221189
2024-12-17,288.2396571992186,289.3981767217235,284.8104280989368,286.24700927734375,10568517
2024-12-18,286.38605301799413,290.32501976662354,285.96897463682393,289.72259521484375,10965226
2024-12-19,283.92995821822177,290.46399673500315,279.1105058948628,289.861572265625,12405595
2024-12-20,292.4103567676726,296.5810274664192,282.12269672059705,282.8641662597656,22214824
2024-12-23,284.16169754188377,287.915289790298,282.67878677410357,285.3665466308594,6693583
2024-12-24,284.9958234498559,286.5714214297508,280.63977841191365,282.9568176269531,8837902
2024-12-26,283.0494887847751,284.48606998705253,281.7519525548431,282.72509765625,6516148
2024-12-27,282.8641839244839,288.14701683563703,282.400776040128,286.478759765625,8063921
2024-12-30,286.4787370862806,286.7567704812143,280.5007645376725,281.47393798828125,13709891
2024-12-31,278.92517943837373,280.8251401953347,273.6423189527148,279.7593078613281,9337030
2025-01-01,278.0447204994192,281.149558868497,277.07157529133985,278.32275390625,7878201
2025-01-02,276.19106978078577,282.1690421685679,275.4032708041073,281.56658935546875,8800435
2025-01-03,281.1032061996995,281.566614075587,272.4838310218605,272.9009094238281,12535720
2025-01-06,273.4106231040578,276.00569567069965,269.2862820520406,272.7618408203125,9173687
2025-01-07,272.76182475384616,275.72764604174387,269.981377903005,272.5301208496094,7381943
2025-01-08,271.55701695097434,276.60817414308286,268.12778733451154,275.7740173339844,7937785
2025-01-09,275.2642790010447,276.191094755257,270.0277756465798,270.9082336425781,7964702
2025-01-10,272.7618751997234,281.05688781918565,272.7618751997234,278.5544738769531,19505556
2025-01-13,277.07154659615924,277.34957997419525,269.0082392230916,270.4911499023437,9541248
2025-01-14,270.44482575518896,272.99356907917576,265.57904304575953,271.4179992675781,7670070
2025-01-15,271.55702668163434,273.13262483953156,268.49854588592007,271.2326354980469,4662694
2025-01-16,274.24477818377613,274.8008732975365,265.7180901480828,266.9692687988281,10345666
2025-01-17,266.73752254574396,266.73752254574396,259.97177987340103,261.315673828125,9358955
2025-01-20,279.8983557809898,283.04952366606057,275.2179475691818,278.27642822265625,39380165
2025-01-21,280.2690647195534,283.46659022898405,276.00570680170273,276.5154724121094,15619474
2025-01-22,277.44224691077306,287.3128270877612,277.44224691077306,286.47869873046875,30859317
2025-01-23,288.3323818089761,300.8443942745946,287.91530341312017,294.4493713378906,39904371
2025-01-24,295.65417273292104,298.8980272926866,293.4298209773437,296.6736755371094,17479586
2025-01-27,294.5420147442498,295.79322158163194,284.3007126912093,285.41290283203125,12372895
2025-01-28,287.35062133325425,290.75346340775667,285.03479064258164,286.9725341796875,12077491
2025-01-29,288.34308782643825,297.46460216342535,288.34308782643825,295.33782958984375,16338112
2025-01-30,293.96724683644317,296.5193855982624,289.19383523497476,292.0767822265625,9984186
2025-01-31,294.62890298718787,298.4098319759425,292.5966305787731,294.81793212890625,15597644
2025-02-01,295.4323310131383,296.0940051329207,286.73621153802355,288.1067810058594,6046117
2025-02-03,286.40539721264355,296.80295288703,283.8532583722681,296.42486572265625,14877076
2025-02-04,300.5838438735178,301.3872970241803,296.18851985026726,298.9296875,15366864
2025-02-05,300.39479956868666,303.8449203817731,297.6536317941544,299.733154296875,9628027
2025-02-06,302.4743050544479,305.87714675555,297.3227780080103,300.5365905761719,15062390
2025-02-07,301.5290945760859,301.5290945760859,296.802933219094,300.5838623046875,8589587
2025-02-10,301.3400164108601,303.4195388072079,298.5515987046184,301.5763244628906,12304840
2025-02-11,302.0017373569476,302.85244070702254,294.5344075233089,295.85772705078125,10627890
2025-02-12,296.2830952628925,298.4571181559513,292.40763681134194,293.2110900878906,9668342
2025-02-13,293.30555413410497,296.47208792462465,290.13904918978415,291.6513977050781,8832731
2025-02-14,293.0692598759002,295.29056152588134,287.87048228267616,291.22607421875,7371341
2025-02-17,291.22609799318985,293.3055918925202,285.46017478621457,288.626708984375,7507772
2025-02-18,288.62671488551143,295.6214287739109,288.62671488551143,295.1015625,10368789
2025-02-19,294.20354320637045,299.1660126098514,291.415096479268,296.8974609375,7835672
2025-02-20,294.156270817703,297.0864675471898,293.25828869337806,296.1412353515625,7697134
2025-02-21,295.66866114961744,295.66866114961744,288.3431105954846,289.5719299316406,8722925
2025-02-24,286.3581358083803,286.68894403524723,277.2838999913071,278.8907775878906,12600963
2025-02-25,278.22910591027204,280.0722914062735,274.21186903036926,275.3461303710937,10810040
2025-02-27,277.8982944974268,279.5997010885227,275.39343468701315,278.37091064453125,15555649
2025-02-28,277.8982784744178,277.8982784744178,261.8293303993664,262.4437255859375,17458839
2025-03-03,264.1451701244187,270.66726703631304,264.0033622065647,268.0205993652344,11471554
2025-03-04,263.7198067801339,267.5952649070748,261.1676680792655,264.6650390625,9331785
2025-03-05,265.98837706354647,271.2344339047502,263.3889881055146,269.4857482910156,10285712
2025-03-06,272.6522725505603,276.0078357272572,267.9733610571144,270.2419128417969,9782051
2025-03-07,271.6597273991046,271.9433143656627,267.4061825165105,269.2021179199219,8097300
2025-03-10,268.87136994338016,270.00563152504395,262.7273592925387,265.5157775878906,8165123
2025-03-11,261.8293752593033,264.00339824463555,258.23750367148386,262.5382995605469,8602609
2025-03-12,262.4910473077437,262.4910473077437,247.83994520322958,253.84214782714844,18584311
2025-03-13,253.84213163878306,256.2524913970794,248.9269408119973,249.5413360595703,8683943
2025-03-17,249.54133014827767,250.6756204601593,244.7206395920822,245.61862182617188,12697926
2025-03-18,245.61862182617188,245.61862182617188,245.61862182617188,245.61862182617188,0
2025-03-19,247.6508529645465,251.90439814905213,242.2157674510117,251.14822387695312,14044300
2025-03-20,254.45655596478665,258.9464095532894,252.8496494577892,253.322265625,17038774
2025-03-21,249.54133197976765,254.78735980677092,245.9494607094484,249.82489013671875,22659168
2025-03-24,252.42428236018995,256.7723568503959,250.86465478386648,254.6455841064453,9269617
2025-03-25,257.10316067516146,259.65529917622484,254.5983010922349,256.1579284667969,12563930
2025-03-26,257.10320157248844,257.33950966216906,252.14073168919592,252.755126953125,7308412
2025-03-27,255.21271378840623,258.56827682010726,254.83462664833004,257.292236328125,14783522
2025-03-28,256.1579435655796,256.96139675928714,247.27276605247096,247.8871612548828,14283389
2025-04-01,246.0912448189095,248.5961047438563,244.3425592254253,248.218017578125,8388635
2025-04-02,248.40703538229513,251.00642419139763,246.80015778984293,249.16323852539062,7136992
2025-04-03,245.66586581741328,246.23301095930432,241.31780594761577,242.310302734375,12262561
2025-04-04,239.14376814769025,240.0417359339805,231.44013079280504,232.8107147216797,14639785
2025-04-07,218.3959295353868,230.49490606696563,215.5129680864524,229.596923828125,13011904
2025-04-08,231.34559851975243,235.83545181073845,230.4948952443845,233.70867919921875,13806651
2025-04-09,227.5174025292617,229.02977991737248,221.18434925986008,223.689208984375,19063559
2025-04-11,231.5819154168568,231.5819154168568,225.296126339068,226.61944580078125,11205821
2025-04-15,231.6291697378524,231.6291697378524,228.13181323721645,230.6366729736328,10694621
2025-04-16,230.636684557415,234.84296546902647,227.9900311942672,234.08677673339844,16203319
2025-04-17,222.12958628391343,224.77623955829924,219.4356685108047,223.925521850586,54875421
2025-04-21,224.39814345384784,227.61194194493845,224.39814345384784,225.39064025878903,16298364
2025-04-22,225.39062766799265,225.91050829135835,220.71173090390033,221.3261260986328,18367713
2025-04-23,224.2090954124215,231.91274719916893,223.1693485514133,230.2585906982422,31898042
2025-04-24,231.39286824571684,231.72369089445635,228.27359879372904,229.45513916015625,23000820
2025-04-25,230.58941276645143,232.6689209063544,225.01254806083463,227.7064514160156,16620430
2025-04-28,227.328369140625,228.6989530969775,225.6742126084167,227.328369140625,14218414
2025-04-29,228.3681198802068,230.25858440099296,226.7139634245189,228.17906188964844,16647246
2025-04-30,228.3208545853652,230.06952560712693,226.09955301195748,228.27359008789065,14206640
2025-05-02,228.78400977633075,232.33809230334896,227.56466650756312,228.4437255859375,10822257
2025-05-05,230.6366828369607,233.34949494182297,229.4078779536191,230.2302398681641,12170446
2025-05-06,231.10930756389027,232.43262707313434,227.4323543313111,227.9805908203125,8869045
2025-05-07,223.08427003425385,231.06203295765368,223.08427003425385,230.6744842529297,9130056
2025-05-08,229.79543416856885,232.3664672806633,226.2035484011045,228.33978271484375,11434833
2025-05-09,223.64196529010107,229.64418166987357,223.54743629198492,228.7556610107422,10582438
2025-05-12,231.66699222533316,243.81323364097437,231.46850150960478,243.1893768310547,19791711
2025-05-13,242.87745343899132,242.87745343899132,236.89411676661243,237.79209899902344,11714159
2025-05-14,237.79208780407996,239.79597559027687,237.01699042377373,239.08705139160156,8839105
2025-05-15,239.3328069662641,243.01922145905945,236.89410598819643,242.51824951171875,12083645
2025-05-16,242.92471160642395,242.92471160642395,239.64475422971867,240.3820343017578,6640387
2025-05-19,240.38202690759667,240.7884843016853,237.5179741566736,237.9622344970703,6788784
2025-05-20,239.1437740127632,240.6561514753647,235.65586448725253,236.03396606445312,9366429
2025-05-21,236.0339655847888,238.3025173509805,234.5121409945125,237.1776885986328,5313593
2025-05-22,235.3628369261451,236.20409307558361,231.58190781889778,232.47042846679688,11469037
2025-05-23,232.62168031276727,236.7712496311952,232.1490641515656,233.8126678466797,7437642
2025-05-26,234.88078605521952,237.1115349231672,234.6066606035387,236.53494262695312,3690751
2025-05-27,237.24385706570808,237.24385706570808,234.40816020280448,234.65391540527344,6861143
2025-05-28,235.92051987121292,236.4404005066764,233.43456879761493,233.8788146972656,6205160
2025-05-29,235.97723016583672,237.95277656942864,234.51213168749553,236.44039916992188,11785042
2025-05-30,236.30808318573352,237.3572916520022,234.9091433717422,235.99615478515625,13858429
2025-06-02,234.0395216723142,234.81460465307967,232.7161878073705,234.11512756347656,5846259
2025-06-03,234.41760446060843,235.8354528746847,232.27192315550505,232.735092163086,8573438
2025-06-04,233.00920504574668,236.12847446635143,233.00920504574668,233.3400421142578,6698150
2025-06-05,233.3778512011228,235.8260138417121,233.35895693958497,234.36090087890625,6468060
2025-06-06,233.5669091121543,236.2891683519069,233.5669091121543,234.9752960205078,4445411
2025-06-09,235.93000471693117,239.52187617524987,235.57081180185875,237.52743530273438,9193904
2025-06-10,239.04923769127885,241.7904199554018,238.03784665233175,240.91134643554688,10739851
2025-06-11,241.99836620570386,247.27277866210773,240.1835363199957,244.73956298828125,17268454
2025-06-12,245.76040860948171,248.59610563189884,242.28196051840519,245.39175415039062,14528657
2025-06-13,241.03424053378612,247.8871748234722,240.08900821796735,245.95889282226562,8692116
2025-06-16,245.76037625458824,250.77955701578418,243.86991182186065,248.4921112060547,10935361
2025-06-17,248.49213784277083,250.9119302683521,247.3294917073841,248.5110321044922,7528454
2025-06-18,248.50155762814506,251.0536962916646,246.73397790137986,247.2633056640625,5016660
2025-06-19,248.4543242342835,251.84770484460353,247.47127453207165,251.0347900390625,14184486
2025-06-20,251.43179669573433,252.5660870163008,248.47321492373445,251.94223022460938,12904674
2025-06-23,249.5413380806154,250.67562842855347,247.47127694565958,248.8229522705078,6214062
2025-06-24,250.95919343620417,253.9366696229864,250.21245178934427,250.45822143554688,6319428
2025-06-25,251.3372698587115,255.1749107967825,251.29001978086484,254.6550445556641,5331739
2025-06-26,254.36201736664765,256.44151111620823,252.55662021446423,253.8137664794922,8564099
2025-06-27,254.26749265816463,255.21272497287904,250.01394724195,250.5338134765625,8906108
2025-06-30,251.52632609502723,252.1312597797396,248.501571132862,251.41290283203125,7119563
2025-07-01,250.959154633631,253.6530722322712,249.2577481745941,250.0611724853516,3886095
2025-07-02,250.486549634612,253.98392054534864,249.9666834285671,252.37701416015625,8750887
2025-07-03,253.70037065804607,256.01620157896735,251.85718478382634,252.42430114746094,9357962
2025-07-04,253.6058378300009,256.5360639982065,252.84966345907185,255.25999450683594,7141779
2025-07-07,255.2599601585324,255.7325762883177,252.66057144471355,253.0859375,4849218
2025-07-08,253.1331962048024,255.4962769342953,252.70785898121383,254.8818817138672,5519016
2025-07-09,253.3222519648968,254.64557139248834,250.34477604126582,253.13319396972656,11564433
2025-07-10,252.89689426334843,252.89689426334843,248.7378778478454,250.5338134765625,6911031
2025-07-11,246.70562687219976,247.6981092349297,243.63362193988308,244.1534881591797,13109857
2025-07-14,244.15349674069543,245.3350371408076,237.86770758133895,240.3253173828125,10388421
2025-07-15,240.08901126482797,245.6186261517818,238.95473535607098,243.30279541015625,8750149
2025-07-16,243.30279467156922,249.5413337854456,242.02672526365336,248.40704345703125,12179338
2025-07-17,249.3995347170825,249.8721508416757,243.869920290102,246.32752990722656,7484171
2025-07-18,253.88940046833872,257.0086555065787,251.05370358041134,252.32977294921875,30319126
2025-07-21,252.32977117871144,252.51880032885998,245.0042209362998,246.0912322998047,12190000
2025-07-22,247.3673017374848,247.792638960103,244.57885494456423,245.47683715820312,6724044
2025-07-23,245.9966983750615,247.41454678068143,244.0117048379537,247.08370971679688,6510321
2025-07-24,247.6508733201784,248.97419282822145,245.9967167235741,247.50909423828125,8139900
2025-07-25,247.4617922057162,247.6981002688791,242.0267067529693,245.00421142578125,8427780
2025-07-28,244.81145305592867,244.81145305592867,239.9923299642765,241.0043487548828,8998911
2025-07-29,240.18509016724929,243.5584763064152,238.3056351167876,242.6910400390625,12923128
2025-07-30,242.35369126518583,243.36571003043403,240.18508592828096,241.1489105224609,6057152
2025-07-31,239.1248954869482,241.10072420393195,237.14905206316777,239.31765747070312,7338764
2025-08-01,237.58275644320048,237.96828038838183,233.4383078519193,233.96841430664065,7436999
2025-08-04,233.9684237023037,237.50565825051575,232.37811898107256,237.1490478515625,5234393
2025-08-05,237.1490492375832,238.01648550754334,235.68403170626723,237.0141143798828,7383968
2025-08-06,237.1008520338173,237.1008520338173,230.6528630949322,231.27935791015625,7700190
2025-08-07,230.46011719596964,234.38287595131794,229.97820486146313,233.5540008544922,6190830
2025-08-08,233.63108642890066,234.45034325413127,229.77578787590363,230.40228271484375,8922847
2025-08-11,230.40228132073725,235.89607878415703,229.98782908126344,232.87930297851562,3047287
2025-08-12,233.9202214560127,237.38034815129546,232.37811095979444,232.97567749023438,8101435
2025-08-13,234.10336623188985,234.10336623188985,231.43356786106628,232.90821838378906,5820844
2025-08-14,234.30578003705884,239.44295251771263,233.6407386705345,237.88156127929688,12857225
2025-08-18,239.64535848548027,240.00196889697452,235.9057141669896,236.33944702148438,5789317
2025-08-19,236.58040135331547,238.54659713751897,235.92499295404977,238.0261383056641,4090961
2025-08-20,236.4261804455338,243.74160572657,236.4261804455338,241.7657623291016,10099384
2025-08-21,243.59704073359595,243.59704073359595,240.58026495468013,240.86941528320312,7607486
2025-08-22,242.8838065671094,243.84763119634394,238.65261703304154,239.64535522460938,13572686
2025-08-25,241.53445941620683,247.98244857751075,241.53445941620683,244.65724182128906,16391069
2025-08-26,243.8476307919132,245.60179867347316,242.21876481812083,242.9127197265625,15797327
2025-08-28,242.90307602481874,243.221139902678,240.06942939188718,241.58262634277344,5851451
2025-08-29,241.4380775577911,243.94402755887427,239.66464371134924,240.38751220703125,10117017
2025-09-01,240.39713361268923,243.8379945461304,240.37785300249388,241.3031311035156,3198345
2025-09-02,241.30312092650578,243.99218501688193,240.5706195447378,241.8524932861328,5046939
2025-09-03,242.78742009478904,243.26933241312472,240.1079887813865,240.53207397460938,3862765
2025-09-04,240.47424823197494,241.28385740180204,235.5972978954681,236.10812377929688,5021036
2025-09-05,237.19724983867712,238.37311707627845,232.54197506164175,234.8551483154297,6233782
2025-09-08,235.52018364088656,238.05504708592366,233.4383189416955,233.7467498779297,6596932
2025-09-09,236.1370355041378,240.81159086520373,236.1370355041378,240.13690185546875,12836972
2025-09-10,240.28147277531497,247.86678228493443,240.2332786045466,246.49813842773438,15261331
2025-09-11,246.44995580925047,246.44995580925047,243.0476560300271,244.72471618652344,5865301
2025-09-12,245.65963564141035,246.64272621209707,241.74650984950006,242.82598876953125,5345794
2025-09-15,242.40189244691152,242.68139511631705,240.57063154772504,242.1898498535156,3700703
2025-09-16,242.883808472728,245.29337006471937,241.14892118513487,244.8210906982422,7316998
2025-09-17,244.13676684961214,246.25717796509528,243.70304873388994,244.9560089111328,7339871
2025-09-18,247.702927053092,250.4016242205289,246.7391024342084,247.6354522705078,10498239
2025-09-19,247.7029224504322,248.33905021670645,245.4861229268317,246.6234436035156,10741757
2025-09-22,239.5586090738771,242.67175843739847,238.2670876297904,241.2742156982422,15784007
2025-09-23,241.16820134485926,242.88380801860566,239.75137795487365,240.59954833984375,8674114
2025-09-24,239.34657654249048,240.1079915432284,235.41417021482334,235.7418670654297,7888797
2025-09-25,236.57075171358017,236.75388074576497,232.5516047845229,233.2455596923828,7957740
2025-09-26,232.71544644179085,232.81183478439056,226.50841367235438,227.22164916992188,16999628
2025-09-29,228.3107813425008,232.0793244402764,227.74211363791463,230.970932006836,8894412
2025-09-30,231.2504480851109,232.7636598898272,230.3540981932451,230.7107086181641,5590909
2025-10-01,231.317898033036,234.75875882553945,229.2360334211077,232.3491973876953,9479378
2025-10-03,232.262451171875,232.6672557446049,229.4480850661364,232.262451171875,10968346
2025-10-06,231.31791367809595,234.17084108444976,230.66251998193718,233.37086486816406,6064946
2025-10-07,234.1130006106469,236.1370382497925,233.38049917419653,234.72021484375,6587728
2025-10-08,234.45033594384577,237.4381981119741,233.7949422695343,235.4334411621093,7360563
2025-10-09,235.1635678087285,237.8719125627567,234.3635916314909,237.4863739013672,4629760
2025-10-10,239.02851172567705,242.16094181885623,237.3418185985805,239.70318603515625,7070200
2025-10-13,237.1586789210492,238.7393506780979,235.66474784844175,236.2623291015625,6717589
2025-10-14,236.908088103363,241.10071626242086,236.2430467805369,239.4333038330078,7888607
2025-10-15,240.9561596908066,243.00911087754727,239.5489692472217,241.1585693359375,13278925
2025-10-16,241.34168090575858,244.87893023158037,239.79957032543737,244.62832641601562,10661302
2025-10-17,240.95615856523548,240.95615856523548,230.4601088864057,232.1853485107422,43802251
2025-10-20,232.18534996856562,233.18773583029687,230.6143258054781,232.5130615234375,9871824
2025-10-21,232.28173043872368,233.3997705132051,231.66488327811263,232.6287078857422,2082336
2025-10-23,235.94426887525432,238.83574272248345,234.5659920272076,235.4623565673828,18964626
2025-10-24,236.1370391631165,236.98520956097948,233.3997806877549,234.1901092529297,6803979
2025-10-27,234.48889027997774,236.84062475552142,234.26721473060016,235.0864715576172,9550336
2025-10-28,234.8455107449142,235.84788188003014,232.6672576885254,233.61181640625,8780789
2025-10-29,234.78768218729533,234.78768218729533,232.8985794701761,233.5154266357422,8776917
2025-10-30,234.10335279619028,235.9153477216527,231.7998126269634,233.16844177246094,8344622
2025-10-31,233.3515786248974,234.3925109761388,231.7998204031574,231.9636688232422,5659566
2025-11-03,231.96366836605088,232.561234921276,230.83599533112775,231.79981994628903,4902693
2025-11-04,231.79982545899986,232.1275223063169,228.92763215541518,229.3131561279297,6848284
2025-11-06,231.31790995337693,231.9154765145816,229.74687110876863,231.36610412597656,7141517
2025-11-07,230.0649349314524,230.59504141629745,227.46261138660896,227.9348907470703,5520619
2025-11-10,228.85052305418253,232.81184288134213,228.4457184734184,231.1636962890625,8566758
2025-11-11,232.37812434127608,233.29375479906906,230.1709577011974,232.94677734375,8831094
2025-11-12,233.96842732113487,237.39000767542942,233.34194719866818,236.3490753173828,13152546
2025-11-13,237.10085410780368,237.10085410780368,235.17320488741504,236.45509338378906,6211124
2025-11-14,235.0960975398877,237.0044661533036,233.39012385913892,235.52981567382807,6841554
2025-11-17,235.14429729370875,235.92499289469308,233.91060293789207,235.22140502929688,6559062
2025-11-18,234.14191134174817,235.17321075966981,231.6070625542637,232.1853485107422,4730012
2025-11-19,232.4744840317144,237.92010169243312,231.83835628399785,237.16831970214844,13298452
2025-11-20,238.54658822676524,238.83573854779328,236.8213486657317,237.3514404296875,6705862
2025-11-21,236.13703782780354,238.30564327724255,234.7973221606442,235.64549255371094,5516450
2025-11-24,236.15631523428277,240.3585912142264,236.15631523428277,238.32492065429688,19711070
2025-11-25,239.02851779723068,239.02851779723068,235.1732191230818,236.75389099121094,8188793
2025-11-26,237.1008697491384,241.4862749561832,236.734611666928,241.1392974853516,8202096
2025-11-27,241.34168313978205,242.8067007054256,238.72972661020896,240.53207397460932,5268129
2025-11-28,241.9199819509309,242.87417362837147,239.60680872336184,240.50315856933597,7049965
2025-12-01,241.05254706736605,241.67902719732234,239.85739922566225,241.2260284423828,3865446
2025-12-02,240.95616195066575,242.3537047486202,239.8670353924737,241.12001037597656,8535708
2025-12-03,241.53446219198148,247.8282359543822,241.48626801831776,245.47650146484375,17215454
2025-12-04,246.73910243420838,249.43779960164528,246.25719012476657,247.6354522705078,10687381
2025-12-05,248.8595280516743,251.65461356024184,248.37761574283184,250.50765991210932,7886562
2025-12-08,250.60404922775925,253.55335021621693,250.3148841931773,251.9244842529297,9684253
2025-12-09,251.92448366960394,252.34856885513423,247.75110659690662,248.0980987548828,8560580
2025-12-10,248.67640501776216,250.95101705182338,247.94388887830812,248.64749145507812,7944200
2025-12-11,248.96552354276986,250.5751235245322,248.39687057331622,249.87152099609375,6473376
2025-12-12,250.11248602204785,251.3847415651217,248.04988724037423,251.17269897460938,4008271
2025-12-15,250.5847607240754,253.0039700019681,249.1872326331733,252.27145385742188,4023911
2025-12-16,252.27144831941544,252.28109597802998,249.43780156451172,249.84262084960938,2982041
2025-12-17,249.63057745696057,252.6473532343335,248.9655361137368,251.69317626953125,4923276
2025-12-18,251.73172045075162,255.40389009327302,251.5582390692769,254.30514526367188,9008412
2025-12-19,257.3411791797771,257.3411791797771,253.77501624218536,254.8834381103516,12750745
2025-12-22,257.8327523758314,263.22052886625846,257.148415667767,262.8060913085937,14651313
2025-12-23,262.1603013976354,262.62294781252496,260.43504706071974,261.5820007324219,7572420
2025-12-24,261.1386430787878,261.1772042991256,257.53394843742046,258.3628234863281,4694861
2025-12-26,257.5339390398559,259.1531572718402,256.1267339780104,256.6664733886719,2899112
2025-12-29,256.3677081449363,257.71708618004163,254.0641825363549,254.68101501464844,3755074
2025-12-30,254.44971023637032,255.1436651681042,253.50515148068985,254.11236572265625,5117699
2025-12-31,254.4497074877141,255.0280081601777,251.8088373602296,253.75575256347656,5705044
2026-01-01,254.93162167792454,258.35318744351383,254.20875318545407,257.67852783203125,3639755
2026-01-02,257.6784942347598,262.5457963506695,256.52189303217216,259.268798828125,8286204
2026-01-05,259.7025384483251,259.89528571142137,252.23289813734945,253.7749938964844,7006599
2026-01-06,253.7750070466501,256.4737335921618,253.4376919653548,255.9918212890625,4083654
2026-01-07,255.41352165429623,262.6422062294178,254.93160934928807,261.0036926269531,10242615
2026-01-08,261.1000693171532,261.1000693171532,251.8955564677549,252.71481323242188,9269522
2026-01-09,251.89557628471195,254.40152623877253,251.02813998888934,252.473876953125,4735387
2026-01-12,251.2690718368111,254.9315933597185,249.67873779915743,253.58224487304688,3802164
2026-01-13,253.9196028628292,255.2689514213191,251.84735644009945,254.64247131347656,6931244
2026-01-14,254.4497075731208,254.4497075731208,250.2088849962876,250.7871856689453,5625861
2026-01-15,250.7871856689453,250.7871856689453,250.7871856689453,250.7871856689453,0
2026-01-16,253.7268272377673,260.0398666343716,253.4858710865444,257.77490234375,12028289
2026-01-19,242.88379986846235,242.88379986846235,232.81183571210164,237.0526580810547,65833247
2026-01-20,237.0526535159328,237.10084768649656,230.7395995487745,231.2215118408203,16796201
2026-01-21,231.2215308579032,233.82386921441923,229.0047458976076,230.8842010498047,14397792
2026-01-22,233.24555079315903,234.11298704148956,230.54683899964755,231.9443817138672,8537915
2026-01-23,233.53469674981093,234.73947746487724,229.24568034553408,229.77577209472656,13546802
2026-01-27,232.5441588745528,233.73060566282555,229.133118700835,232.148681640625,15677537
2026-01-28,232.8407751991807,235.41142248862946,232.29698268566392,234.66989135742188,10155128
2026-01-29,233.53286864540675,238.179794065089,232.79133751184608,237.09222412109372,12201949
2026-01-30,235.31254535287096,235.31254535287096,232.64303630103964,234.22496032714844,11362317
2026-02-02,241.24479625234574,241.32389471723346,236.58797408007496,239.56399536132812,12335721
2026-02-03,256.28304914464417,256.9553936654125,239.54422622894785,239.94960021972656,25915412
2026-02-04,233.2461570142917,233.2560386652372,223.70511375338745,230.7051696777344,25995324
2026-02-05,230.70516972657904,232.90999989357695,229.0836888682677,230.75460815429688,10102736
2026-02-06,230.29979806673384,230.29979806673384,226.01870475724127,228.11476135253906,12279085
2026-02-09,229.2319970691288,230.29978862509608,227.0172853196085,227.4819793701172,9112474
2026-02-10,227.38311204673963,230.23059654595468,224.63450440404904,228.85629272460938,12435622
2026-02-11,228.85628607253213,230.36900839714787,226.90852973023792,227.21502685546875,7874912
2026-02-12,223.64579895262358,223.70511903267632,216.03274858721431,216.606201171875,40899346
2026-02-13,208.27137256697807,214.035543080168,206.64989175146505,211.6725311279297,23721186
2026-02-16,212.19654190349303,214.4606920536062,207.73747350293795,210.85189819335938,20754327
2026-02-17,210.85190209079795,216.91268809220367,209.8631939058503,213.2544708251953,26941553
2026-02-18,213.7587115439929,213.95645016828723,207.8857823748628,209.55670166015625,22679760
2026-02-19,211.5835471232585,213.00728929344024,208.02419169780424,208.82505798339844,14151588
2026-02-20,207.332113730688,209.56660399572445,205.89848980814543,207.4903106689453,17690420
2026-02-23,207.9846512384049,209.34907334064056,201.97330375460703,203.56512451171875,20946229
2026-02-24,200.70775660195747,200.9944753304764,197.10885950083025,197.8800506591797,25036686
2026-02-25,199.0368410208734,203.1597523152721,199.0368410208734,199.63995361328125,13979068
2026-02-26,201.40975565647489,202.31936539730583,196.87157351677192,198.8094482421875,14378069
2026-02-27,201.69647751747044,201.69647751747044,197.7910830534253,198.69081115722656,13288519
2026-03-02,192.7980938847737,198.0975702996301,192.50147841534536,196.32778930664065,10486866
2026-03-04,193.79668574400895,194.8941524318745,192.31362346778468,193.34188842773438,19562075
2026-03-05,194.18228431846163,194.74585523360835,191.03819948603214,193.4704132080078,13149281
2026-03-06,193.39132670391479,196.68371167846257,192.79809575929033,193.19357299804688,9022914
2026-03-09,191.8093886657331,197.24728370522553,190.85034051548527,196.50575256347656,25862728
2026-03-10,198.23599552495915,199.03684675887743,195.1907724366907,198.6611328125,12982340
2026-03-11,200.40126932343745,203.6244526540816,199.30380260783787,199.9464569091797,29199002
2026-03-12,198.78967321086512,201.49873917722337,197.44502942204,200.22329711914065,19042475
2026-03-13,198.33487150232247,199.78827376725542,193.82634942522014,195.34896850585938,12629652
2026-03-16,194.02410546172283,196.0509452324345,190.5932867501861,192.9068603515625,12631649
2026-03-17,192.7980915029636,192.90685000419404,186.12431141247637,189.1596527099609,21778468
2026-03-18,190.8206791535338,195.76422006424713,190.5141820309079,192.1060028076172,24529164
2026-03-19,189.8121969255088,190.6130481575256,185.560748627745,186.2825164794922,13685195
2026-03-20,189.0311185851019,190.12858526393205,186.28251106271452,188.744384765625,24395304
2026-03-23,187.2712273921196,188.4675558887426,184.88843696343736,185.42233276367188,12014988
2026-03-24,189.33762442635032,189.33762442635032,185.67940702392252,186.60879516601562,11843191
2026-03-25,186.8658447771559,188.46754719042633,185.7782597517936,186.915283203125,13862888
2026-03-27,186.91528404898315,190.1186888900205,185.7782605925063,189.43649291992188,26269256
2026-03-30,187.84468006738422,189.46616094402066,184.3940829499458,185.52120971679688,27946986
2026-04-01,189.34750048944647,192.29386176497866,188.25993052973445,189.02122497558594,11769673
2026-04-02,188.3489148575087,193.1342589948106,186.4505968960953,192.70912170410156,16623045
2026-04-06,194.7755218511451,198.90831502251189,193.89557212746,195.062240600586,23282287
2026-04-07,194.785393724234,202.9521329721124,194.785393724234,202.4083404541016,24771466
2026-04-08,205.35468616494666,206.64000981747287,200.51002211291274,201.12301635742188,22084158
2026-04-09,201.40974996967785,201.8546656333442,199.35323514506428,200.5792236328125,14540807
2026-04-10,206.34340110912888,206.34340110912888,198.35463693487117,202.56654357910156,51219565
2026-04-13,200.71764227509874,201.10323786200135,198.04813320527367,200.6781005859375,21930624
2026-04-15,204.1682443539207,208.11319552342096,202.78405890137145,207.3815460205078,27890080
2026-04-16,210.57506011256086,210.57506011256086,205.85893304222714,207.88577270507812,36305074
2026-04-17,202.6851774819952,204.11880132981383,200.2134070248977,202.0128631591797,80542603
2026-04-20,202.19082884058895,202.8829215699336,199.7190583168654,200.19363403320312,27927164
2026-04-21,200.70777025254299,203.37727945042653,200.1936377498463,202.695068359375,21530723
2026-04-22,201.20211806951784,203.06089430737,199.91679439624752,201.69647216796875,21790433
2026-04-23,201.69647787313727,202.58630924092267,200.0156769081592,200.4704742431641,20307250
2026-04-24,200.460591724296,200.460591724296,195.64558751770736,197.1088714599609,39363394
2026-04-27,197.1088670767416,202.9323577630474,197.1088670767416,202.734619140625,42632215
2026-04-28,202.25014872750128,203.35749709340243,198.7501283072838,199.30380249023438,23455983
2026-04-29,199.30380212644286,201.30099692828904,198.03825682872588,198.41395568847656,15667662
2026-04-30,198.6215879996505,199.8673548898837,197.74163831261896,198.38429260253903,15300274
2026-05-01,198.38429260253906,198.38429260253906,198.38429260253906,198.38429260253906,0
2026-05-04,200.11453203796404,201.0735801911796,197.80095848930563,198.48316955566406,8446995
2026-05-05,197.74164115770049,200.015673048312,197.34616390998104,197.5241241455078,8899200
2026-05-06,198.2458705308143,198.85887985748613,196.01139548878703,196.87156677246094,13166683
2026-05-07,197.2472894503983,198.01848065336037,194.96337588112686,195.13145446777344,19303572
2026-05-08,195.76422731131214,196.69361545076993,194.47890360964692,195.6752471923828,15970687
2026-05-11,195.64558361432836,196.00151917009842,193.93510756456368,194.45912170410156,9199527
2026-05-12,193.88567590965667,193.92521759794,186.964718800399,187.42941284179688,27435195
2026-05-13,188.51698520689447,189.13987618247523,185.19492514794612,185.6793975830078,17242394
2026-05-14,186.12431340514985,188.03251293586305,184.88842818997625,186.1737518310547,18280387
2026-05-15,187.75567637057486,189.73309272028703,186.66810643012684,187.85455322265625,17902610
2026-05-18,188.83337738613744,190.57349832099325,187.0635813268366,190.0000457763672,16327369
2026-05-19,190.22744541611505,195.76421718940094,190.22744541611505,192.96617126464844,20534622
2026-05-20,192.41249770295815,195.70489772176057,191.81926676594372,194.89414978027344,16201692
2026-05-21,196.258569814382,197.7811737431486,195.269861654108,197.4845733642578,18980608
2026-05-22,197.7416451350036,203.08066351905256,196.58485832134264,200.8165283203125,40014399
2026-05-25,204.6625914594157,207.18380031353246,201.7557870219509,204.50439453125,72041558
2026-05-26,204.65271807734212,206.33351901916558,200.64844680449008,201.4295196533203,46458415
2026-05-27,201.54817434786398,203.66400931070504,197.9393803347562,199.30380249023438,39465643
2026-05-28,199.30380249023438,199.30380249023438,199.30380249023438,199.30380249023438,0
2026-05-29,208.6174296235513,208.6174296235513,201.35041833903543,201.9436492919922,82734524
2026-06-01,202.7840640415016,205.4041348168436,202.7840640415016,204.0792694091797,26491139
2026-06-02,205.65130059655,207.80667717859504,204.1781199832558,207.47052001953125,42476874
2026-06-03,205.6513050563035,206.046782300662,199.71905587198705,201.79534912109375,62282204
2026-06-04,200.7077611163172,202.7741575976932,199.81792978635795,202.0128631591797,40659957
2026-06-05,189.3573934689589,196.7529263768986,186.0254366679845,196.13003540039065,43539069
2026-06-08,191.2062769436464,191.70063104041225,178.95618302924748,179.7075958251953,75164049
2026-06-09,181.8926537660442,182.26836772005944,178.5607118680362,179.61862182617188,28381665
2026-06-10,180.04376407844163,180.2316059583898,176.4844086261751,176.9095458984375,16935979
2026-06-11,174.9716949876097,176.18780187459916,173.844568219707,175.36717224121094,14468882
2026-06-12,176.63271533495106,178.4123931267533,175.5649237463597,178.10589599609375,13850153
2026-06-15,180.93359633950593,180.93359633950593,178.86719987092152,179.33189392089844,13870660
2026-06-16,180.33049322515495,181.30931980268286,179.57908040249603,180.60733032226562,11706020
2026-06-17,181.92231459128,183.15819988062296,181.50705894443965,182.3870086669922,16131548
2026-06-18,182.38700509722617,182.6737238406862,179.65817586290345,180.77540588378906,18165845
2026-06-19,174.7640487007675,179.43075241675308,172.91516927167407,178.75843811035156,37469436
2026-06-22,178.7979825340377,180.3403648713688,177.96747128878084,178.1454315185547,10368112
2026-06-23,177.47312174316596,177.47312174316596,172.03522664797148,172.5196990966797,23954730
2026-06-24,169.56345003957682,173.50840104306232,169.553568389078,172.50979614257812,56627728
2026-06-25,174.01264927455358,174.39824488255462,170.74002743214902,173.02394104003906,21544904
2026-06-26,173.02394104003906,173.02394104003906,173.02394104003906,173.02394104003906,0
2026-06-29,174.2894741882829,174.6948481568508,172.62845171194016,173.49850463867188,24484011
2026-06-30,173.02393352580475,173.41941076783928,168.12983099480138,168.4659881591797,26845383
2026-07-01,169.0690946075389,170.2061029518828,167.33885533523951,168.20892333984375,34638511
2026-07-02,167.57616384420143,172.99428073688537,167.0916913788894,172.0352325439453,43447174
2026-07-03,174.21037599219633,176.1284722498395,172.61855524001209,174.09173583984375,29538753
2026-07-06,174.09174456499278,174.30926157953363,171.61009237280982,172.35162353515625,8304046
2026-07-07,171.93635542159686,174.210387371323,170.81912537882604,171.04652404785156,18837725
2026-07-08,171.04652093074372,173.4194146084817,170.29510811964104,170.76968383789062,16482564
2026-07-09,171.0465147541525,172.32194166541998,169.71175267956764,170.80921936035156,10270117
2026-07-10,173.2513307623691,175.21886547857812,173.0239321043918,173.47874450683594,16249590
2026-07-13,172.62845263285115,177.91803229401972,172.39115724075515,176.41519165039062,22417855
2026-07-14,176.48441426759663,178.46183067395626,174.71463322196033,175.1397705078125,14461463
2026-07-15,173.14258103959983,174.60588008759453,172.51970511124802,172.67788696289062,10398720
2026-07-16,173.61716675469336,175.98017876012347,173.42930978198925,175.73300170898438,11184572
2026-07-17,171.59031737522906,174.26970824635646,171.59031737522906,174.0126495361328,22960032
2026-07-20,175.0013456767054,175.7923152281353,173.8643373184864,174.3883514404297,10183661
2026-07-21,174.12140471814374,175.49570853646264,172.52958388514213,172.99427795410156,11350578
2026-07-22,172.79653613611436,172.984393107733,171.46177403307956,172.4702606201172,5057035
2026-07-23,171.84737282841516,173.5776122086231,171.3530187197843,172.84597778320312,9055905
2026-07-24,172.0352302981391,175.89118632194962,170.84878345131204,175.1199951171875,13282944
2026-07-27,177.5,178.77999877929688,175.61000061035156,178.52999877929688,12504426
2026-07-28,178.5500030517578,181.6999969482422,178.5500030517578,181.1199951171875,26873060
2026-07-29,183.0,185.75999450683597,181.4499969482422,183.6100006103516,26147867
2026-07-30,183.39999389648438,191.33999633789062,183.39999389648438,186.3300018310547,54015268
2026-07-31,184.8500061035156,185.2400054931641,180.8300018310547,183.6499938964844,18762810
2026-08-03,184.0200042724609,189.8099975585937,184.0200042724609,188.6600036621093,15840516
2026-08-04,189.0,189.3999938964844,186.3000030517578,186.3000030517578,11903457
2026-08-05,187.0,188.5399932861328,186.07000732421875,186.9900054931641,8829250
2026-08-06,186.0,188.2400054931641,185.41000366210932,186.1199951171875,6629768
2026-08-07,185.8699951171875,188.3699951171875,185.6499938964844,187.52999877929688,7823102
2026-08-10,187.52999877929688,187.88999938964844,185.0,185.5,5337618
2026-08-11,185.5,187.47999572753906,183.30999755859375,184.60000610351562,9182421
2026-08-12,184.50999450683594,185.0,181.91000366210938,183.94000244140625,8624548
2026-08-13,183.4900054931641,183.75,181.72000122070312,183.1000061035156,5434084
2026-08-14,183.5500030517578,185.83999633789065,183.1000061035156,184.0,7366162
2026-08-17,183.5,183.7100067138672,181.0,181.89999389648438,4436515
2026-08-18,181.8999938964844,181.9900054931641,178.05999755859375,178.05999755859375,7074731
2026-08-19,179.05999755859375,179.9499969482422,178.22000122070312,179.5500030517578,5964187
2026-08-20,181.55999755859372,182.4600067138672,180.50999450683597,181.0,5364164
2026-08-21,180.60000610351562,181.75999450683594,180.0,180.7899932861328,4637869
2026-08-24,181.0,183.9199981689453,180.55999755859375,181.30999755859375,9441129
2026-08-25,181.2899932861328,181.2899932861328,178.38999938964844,180.08999633789062,8352475
2026-08-26,180.08999633789062,180.9499969482422,176.66000366210938,177.35000610351562,9355776
2026-08-27,177.35000610351562,178.6999969482422,176.39999389648438,176.39999389648438,4695019
2026-08-28,178.25,181.85000610351562,178.25,180.9499969482422,14686269
2026-08-31,180.1699981689453,184.5,176.1699981689453,184.5,16666567
2026-09-01,181.0,182.1000061035156,178.5,181.6999969482422,6813425
2026-09-02,180.0,180.38999938964844,176.8000030517578,177.08999633789062,12056634
2026-09-03,177.5,178.0399932861328,175.72000122070312,175.72000122070312,6496396
2026-09-04,176.74000549316406,178.75,176.39999389648438,176.39999389648438,6882678
2026-09-07,175.88999938964844,176.47000122070312,172.64999389648438,172.8000030517578,10720636
2026-09-08,172.8000030517578,172.89999389648438,171.1300048828125,171.5,6948945
2026-09-09,168.6999969482422,169.14999389648438,166.3699951171875,167.0,12001620
2026-09-10,167.89999389648438,169.19000244140625,166.0,166.3000030517578,9586645
2026-09-11,165.1999969482422,167.75,165.16000366210938,167.39999389648438,8484897
2026-09-14,167.39999389648438,167.39999389648438,167.39999389648438,167.39999389648438,0
2026-09-15,172.1999969482422,173.35000610351562,169.00999450683594,170.0,11722173
2026-09-16,170.02000427246094,170.88999938964844,166.11000061035156,166.88999938964844,11030339
2026-09-17,165.75,167.60000610351562,165.02000427246094,166.39999389648438,9129514
2026-09-18,166.89999389648438,166.89999389648438,163.3000030517578,166.8300018310547,23606474
2026-09-21,165.24000549316406,165.5,163.33999633789062,164.5500030517578,9282035
2026-09-22,164.80999755859375,166.0,163.2100067138672,166.0,14726893
2026-09-23,164.6999969482422,165.6999969482422,164.10000610351562,164.89999389648438,10856986
2026-09-24,164.16000366210938,165.6699981689453,163.36000061035156,163.63999938964844,7033397
2026-09-25,163.0500030517578,164.5,161.66000366210938,164.02000427246094,9700283
