Date,Open,High,Low,Close,Volume
2016-09-19,226.39827080534204,231.7863973504776,224.4177778444545,228.60206604003903,36763550
2016-09-20,230.88353294700195,235.6114853625361,227.4273546974849,234.3688201904297,23871605
2016-09-21,234.76687004052783,238.3977763953075,234.76687004052783,236.93182373046875,18703315
2016-09-22,241.73743523078224,244.45577079853442,238.99967885371933,242.03839111328125,23157050
2016-09-23,241.73743889183936,242.4946875153172,238.4463153163433,239.4365692138672,10170100
2016-09-26,237.2618835321839,241.34909710520205,236.1551344708924,239.8637237548828,12014610
2016-09-27,242.1257750151286,243.05778133150125,240.4171140511396,242.1063690185547,14692145
2016-09-28,241.93159334698325,247.52360120154702,241.73742969953017,246.82460021972656,15717525
2016-09-29,247.75659475877376,253.377711676496,237.85410047716567,238.9802703857422,43012315
2016-09-30,239.1258878166265,244.4751874396348,235.2425555899719,243.620849609375,20948795
2016-10-03,247.5624251437933,249.11576393293527,245.28096157481664,246.64013671875,10837885
2016-10-04,248.533268688021,250.824420537551,246.64985014104664,249.31964111328125,11167390
2016-10-05,251.25160111149495,251.93119615056,246.78577762096089,248.3682403564453,8482040
2016-10-06,240.20353141654914,251.44578084753536,239.11620305057755,248.54299926757812,29599565
2016-10-07,247.75660619356827,249.4652671306663,245.84406378575005,247.32943725585938,8982320
2016-10-10,248.33911332106254,250.4749432073701,247.75660752764335,248.43618774414062,6132935
2016-10-13,246.2032735811454,249.29051564699074,239.85401697919096,243.8150177001953,12997300
2016-10-14,244.649931269145,246.20327009158672,241.5723922447173,244.6402282714844,9909040
2016-10-17,245.50427526979982,246.0090978080979,241.20347700020096,242.8150634765625,6591605
2016-10-18,243.679104245644,251.79525461208007,243.679104245644,250.6788024902344,12869390
2016-10-19,252.01854400597884,254.0767052998291,247.99929583353858,250.77587890625,14327055
2016-10-20,252.61079260243903,257.008665501906,251.7952667000096,254.1252899169922,28955560
2016-10-21,255.1446337950302,256.2999275051186,251.8340895094589,255.79510498046875,13051360
2016-10-24,256.2999555669843,257.8435767440791,253.5913227408669,254.5136260986328,6980205
2016-10-25,254.35826789742995,254.74659520536625,252.1253636561904,254.05731201171875,6748985
2016-10-26,253.1835708414161,255.05727160195696,249.41673369687348,250.52346801757812,9314120
2016-10-27,252.41658636205565,252.60104700690266,241.17433816105114,243.40725708007812,24423540
2016-10-28,244.4557731936699,248.12552106128294,244.1256935008393,247.03819274902344,6607850
2016-11-01,247.26147256298475,247.26147256298475,242.1451782273965,242.6014709472656,8123990
2016-11-02,239.99963871139676,240.3685451876838,233.15526292002954,234.87362670898438,14708685
2016-11-03,235.13575654923906,245.62075622020043,231.0582607921253,234.70858764648438,9504210
2016-11-04,235.91242340466815,235.9900918237666,227.67976355880407,232.24267578125,10946935
2016-11-07,234.94161862341923,239.19387249427234,233.77662182439784,234.4270782470703,8729235
2016-11-08,235.91243418095746,239.97050927150121,232.25238938758764,238.13563537597656,9374000
2016-11-09,221.34994179782365,238.7278479696141,218.0588182557476,236.71823120117188,22095675
2016-11-10,240.76660727535312,254.94077637109066,238.88318870308183,250.52346801757812,23416240
2016-11-11,246.59160545535943,249.69828320184993,234.8736429201742,235.8930206298828,23019025
2016-11-15,236.49494858853163,236.49494858853163,222.7285275563165,224.7381591796875,23185210
2016-11-16,228.53409553254585,232.8057698686018,220.09756871665243,229.5049285888672,18857495
2016-11-17,230.07774202919109,234.6018130231853,226.42740008720716,227.7865753173828,12123435
2016-11-18,228.76710276001623,230.19422855014096,225.25269180640305,229.26222229003903,14506735
2016-11-21,229.50493463037765,231.33980856257688,214.69002713387036,216.01036071777344,17277555
2016-11-22,219.15586499172915,221.5441060747933,212.64156850154677,219.7286529541016,18976840
2016-11-23,222.32076469279662,222.51492833676792,217.0976782316706,218.48597717285156,12537850
2016-11-24,217.48602935765217,219.40827469608118,215.3696055534582,217.43748474121094,10787270
2016-11-25,219.4956591693958,227.50503250514137,218.40833080239378,226.72836303710938,13887575
2016-11-28,220.37911262097379,228.33994103924826,220.18494896467195,223.2139434814453,15220840
2016-11-29,223.66052421513243,225.971096815417,221.62176887173274,222.2333984375,13297495
2016-11-30,222.9032801273657,229.27194273436407,222.54406181598137,227.9224853515625,16167775
2016-12-01,228.2816961624738,230.03890171575367,224.65077500974522,225.4274444580078,10222350
2016-12-02,224.0682853907756,225.9322831896514,221.854787078752,223.32073974609372,12103050
2016-12-05,224.6507720303482,230.57285982935502,223.4954930920058,229.805908203125,8199915
2016-12-06,230.61168728232047,234.25231139510726,228.6117734732276,231.66990661621094,11322055
2016-12-07,232.70868611686473,236.88327132008914,228.12635279803288,230.71847534179688,19343400
2016-12-08,231.7572695285817,236.66968244750086,231.68930410371166,236.01922607421875,8945565
2016-12-09,236.88327667346758,237.85410977458835,233.74748990469402,236.83473205566406,10060200
2016-12-12,235.3299342458247,236.49494580063293,230.48548662490498,231.57281494140625,7934645
2016-12-13,232.02911006162634,234.9027825452876,229.13603158192618,234.29115295410156,10786580
2016-12-14,234.94160582265488,235.07752186157305,231.74757150120945,232.24269104003903,8792235
2016-12-15,229.54377552045756,233.87368275618988,229.14573040285475,230.1262664794922,14376015
2016-12-16,230.95149418146684,232.41744688420474,227.67007344066639,229.5243682861328,14828850
2016-12-19,229.89327025829908,230.6408158580777,227.96130714698327,229.0777740478516,7153710
2016-12-20,229.21368807511234,229.80589682569342,222.07805926185955,222.728515625,10497495
2016-12-21,223.66053576931503,224.5634034475781,220.2043722810924,221.02957153320312,12158130
2016-12-22,220.7091791262788,220.7091791262788,216.49576730004114,218.6607208251953,8476115
2016-12-23,218.6316074357502,221.3402400343374,218.0102748548759,218.3791961669922,8115335
2016-12-26,217.44718554272578,217.6607700019203,211.74840019702614,213.87452697753906,10491065
2016-12-27,213.91335188479275,220.01018228798355,213.4861829701924,219.0199432373047,8043755
2016-12-28,219.19469613175733,221.1557831415936,215.62203743436996,216.11715698242188,9113155
2016-12-29,215.5249475151083,224.01003411509004,214.57353522797817,222.96153259277344,14143345
2016-12-30,222.84501794556425,225.47598210191293,222.32077460210144,224.54397583007807,8215860
2017-01-02,225.34975200945087,225.6215840653049,219.6606700169614,222.25279235839844,7840160
2017-01-03,222.32075702435375,227.6991653268991,221.43729543896035,225.7963409423828,8751180
2017-01-04,226.39827683396814,227.54386759954787,224.903200372223,225.84490966796875,6142000
2017-01-05,227.19435264248446,236.76676702939824,226.86425814975624,234.9804229736328,18553125
2017-01-06,235.9124289947705,243.07718157871105,235.9124289947705,242.0772247314453,18725905
2017-01-09,243.64027729655902,246.15473142900655,242.1840276704522,243.912109375,12191130
2017-01-10,244.45577774659088,247.3682770490195,243.00923109343915,245.54310607910156,7624730
2017-01-11,247.36828147127318,256.81448356317526,247.18382080862372,255.8824920654297,20699225
2017-01-12,256.1057580892999,260.8628639471077,255.91160924717957,257.36785888671875,15027680
2017-01-13,257.98918975833453,259.0085823342524,253.77577747597908,255.9213104248047,8671860
2017-01-16,256.00870532428223,259.34837362374884,254.6301092592507,257.9989013671875,8523630
2017-01-17,259.46486350912136,259.46486350912136,255.3291050267553,257.03778076171875,6981840
2017-01-18,258.00858149304634,262.3676120797413,257.85324466140287,261.3385314941406,10352885
2017-01-19,261.1443615343719,263.38698341431365,258.6978730182915,261.6394958496094,25297635
2017-01-20,262.9015929779165,267.69751088672166,262.5423894694695,263.8141784667969,22001130
2017-01-23,264.25107568995213,269.69743540360247,263.7850651151974,268.5227355957031,15537505
2017-01-24,270.2702184906609,274.3962588230912,261.4453202721813,263.8529968261719,30640810
2017-01-25,266.39657492548343,273.77491180749195,265.4645835214056,273.153564453125,23329875
2017-01-27,273.7749507791555,276.00785519338484,269.9304597660353,271.590576171875,13920505
2017-01-30,271.82354503175634,271.92063426540955,268.7071791355663,269.6974182128906,7839290
2017-01-31,269.5032712406294,271.83326472708086,268.1537990266892,271.0566101074219,11578925
2017-02-01,272.41575896526666,275.0175844211256,268.3770899336853,274.3768310546875,17459400
2017-02-02,275.5224076231424,275.5224076231424,268.532427442566,269.30908203125,9416970
2017-02-03,269.4353074162165,272.2798412712906,268.96929686516495,271.4060974121094,8084475
2017-02-06,273.77494025564107,273.92055929836704,270.4741135681249,271.5323181152344,6608055
2017-02-07,271.05660684241866,272.8040945293393,269.3867727655387,271.2119140625,7400480
2017-02-08,271.8332295703172,276.34759692161583,267.4741990483553,273.82342529296875,9060940
2017-02-09,274.74573367227305,275.6389130510406,270.8818077413104,273.4254150390625,8521155
2017-02-10,274.16322294801984,275.0272785066613,272.22155702115356,274.3282775878906,7798400
2017-02-13,274.93990601358917,282.9589661133183,273.77489461106444,282.0949401855469,18793785
2017-02-14,282.84249918566195,285.774404351026,279.83291078437617,282.92987060546875,15388990
2017-02-15,283.03667513510624,283.56090364929264,275.49328338988386,277.8427124023437,11266445
2017-02-16,278.1436957455277,280.7649570852195,276.8816245093657,279.00775146484375,8392305
2017-02-17,280.5707484060818,283.23082145343113,278.6776121281311,279.774658203125,8932190
2017-02-20,279.5999194169408,279.6096372282677,276.37674656862407,277.51263427734375,6579210
2017-02-21,278.4349245067847,282.2794449598249,277.8621365263388,281.4930725097656,6692070
2017-02-22,282.0270123631038,283.2017121051367,279.83292010110495,280.94940185546875,5801400
2017-02-23,281.5416191307189,282.5124523001352,279.8717848942238,280.9105834960937,6372095
2017-02-27,279.920314004643,280.6193150699812,275.18267303677004,276.0855407714844,6439075
2017-02-28,277.07576058258263,283.3861757273006,276.29910595422274,282.0658569335937,8081825
2017-03-01,283.42500888952395,284.74532764383235,280.1921181743139,282.4444580078125,5863515
2017-03-02,283.48326010071423,283.52210171970853,275.5515407803007,276.6291809082031,7519330
2017-03-03,276.26025626135447,279.9785635139673,275.7359981074208,278.3863830566406,6324110
2017-03-06,280.58045584763306,284.4152284353207,279.05624092140727,283.77447509765625,6495315
2017-03-07,284.4540930893557,284.4540930893557,279.42518483406946,281.1921081542969,7445505
2017-03-08,281.5416131461222,287.6772857570044,281.15328581210554,286.2890014648437,13481850
2017-03-09,286.7840574311041,287.13357271148664,283.8715584802923,284.5025939941406,5479040
2017-03-10,285.4249123032908,288.23063399575847,284.4734852630562,287.6286926269531,8345885
2017-03-14,295.65749796270063,298.8223934800188,294.016787778957,297.4147033691406,16745770
2017-03-15,296.39533804286043,298.23994466262104,295.0750192281638,296.8904724121094,8129185
2017-03-16,299.01659118079033,300.07479569168515,294.8420207523081,296.6768798828125,10198655
2017-03-17,299.0165745934624,299.0165745934624,291.9295052933728,292.7838134765625,17495735
2017-03-20,294.890550211358,295.90991310183955,292.62852215446753,294.30804443359375,6081850
2017-03-21,295.5215989568238,295.55072276563567,285.16282604724336,288.2889099121094,12168835
2017-03-22,286.3957442001095,286.78407148708965,283.51236891238574,285.5899658203125,10002040
2017-03-23,286.201575702115,295.42448981932836,283.8715822716822,294.8614196777344,20748350
2017-03-24,298.82242082941343,299.93890261320814,296.0167285344454,296.8904724121094,16829935
2017-03-27,296.8904643473264,299.40491849059515,295.13325882779304,296.6768798828125,7944450
2017-03-28,297.90982503487413,298.9194997348761,296.2982681924812,298.0166320800781,8336700
2017-03-29,298.3370117927012,301.9291062583408,296.5021525661005,299.97772216796875,7800535
2017-03-30,299.0165846618765,302.4145003966705,298.7544703996544,301.3757019042969,9487205
2017-03-31,301.7348996164676,301.9290780771529,297.85156742254924,300.32720947265625,8166155
2017-04-03,300.60878729987854,302.14269062299434,298.0457735924229,298.7933044433594,4339220
2017-04-05,301.9290879537044,304.8415871944154,298.29818171440985,304.3561706542969,9783590
2017-04-06,304.39502308981866,305.88039657026474,302.0747177244129,303.8222351074219,16374930
2017-04-07,302.1426700826567,305.9871607550069,300.88059893908684,302.23004150390625,7763240
2017-04-10,303.2882445880203,311.6374149002508,302.7251744445383,310.58892822265625,11888320
2017-04-11,311.2490844827178,315.2295059480897,309.7733992722046,313.5305480957031,13096210
2017-04-12,313.9674105163983,317.4624155117472,311.33646117895086,316.77313232421875,9419810
2017-04-13,315.7149342085427,318.035209898303,313.2101682331393,313.8509216308594,5963665
2017-04-17,314.2781008907615,315.69550895973606,311.1131754176287,312.7247619628906,5512460
2017-04-18,313.384909169881,316.0935417829476,310.26854325096116,311.8121643066406,5196760
2017-04-19,310.7248051658545,314.35571107650526,309.1617782693347,311.7247619628906,16480495
2017-04-20,295.24974662868834,305.80269729202115,295.24974662868834,300.01654052734375,39365810
2017-04-21,302.31740522168786,303.4435751126646,295.9099011793936,299.8223571777344,15381650
2017-04-24,300.76410159201976,305.4532423536125,299.63796119682075,301.7931823730469,9259060
2017-04-25,302.8999332394321,304.259093681037,301.5407727978272,302.3077392578125,6576035
2017-04-26,302.89992740248164,308.1230142243691,302.46304065619955,307.1813049316406,9858260
2017-04-27,307.75408702619274,320.74383840510745,305.6085542104411,318.8992614746094,21107455
2017-04-28,318.3458956457733,319.33613477382625,314.89942025310893,316.5401306152344,6679805
2017-05-02,316.8798885302672,320.724378954075,315.23917837321204,317.2488098144531,8228195
2017-05-03,317.9866648188004,318.71478960475736,313.695569710806,317.0643615722656,4906685
2017-05-04,316.9867077427236,318.4332395023544,314.56931330835613,315.87994384765625,5059810
2017-05-05,315.71492548553215,316.6857585532891,311.51120171075934,312.36553955078125,4888600
2017-05-08,313.38489299422065,317.2682251484364,312.42377776684367,313.66644287109375,4212900
2017-05-09,313.78295745777604,313.88976450489366,309.14237643223305,311.1520080566406,4889665
2017-05-10,311.8316118263227,313.5693817895459,307.57935799535386,310.3559265136719,9752185
2017-05-11,312.21990105360373,312.21990105360373,305.81239728033097,306.25897216796875,8346570
2017-05-12,306.9774343162571,309.07440771443044,285.2793088711584,287.968505859375,51398635
2017-05-15,290.64800906951547,292.4149323664911,282.23087332137715,285.8229675292969,30387720
2017-05-16,286.68700946543777,291.24993699603255,285.0560169288541,288.0267639160156,13899055
2017-05-17,288.13355520557417,288.13355520557417,281.74545701215686,282.4444580078125,17047740
2017-05-18,279.2115837211395,280.3571595792486,270.4740865022215,272.0565490722656,24997430
2017-05-19,274.3088812887217,282.5124328566842,272.8526316348213,277.6776733398437,29884735
2017-05-22,280.33777973735533,281.64838074048083,271.4449448496365,272.9594421386719,12638575
2017-05-23,273.969100262466,275.3282606154123,267.2217986720727,272.44488525390625,14373025
2017-05-24,273.39628740524586,280.37657956875387,271.4546212596797,276.6971435546875,14895365
2017-05-25,278.4349138048152,285.4249237894234,277.7747544250117,284.3084716796875,19542615
2017-05-26,285.38608817283114,291.24992835949524,282.5221483204477,290.00726318359375,12482845
2017-05-29,292.35614700901226,292.3757101818689,280.52371284908025,281.5317687988281,10137385
2017-05-30,281.08154603893837,285.9750267856648,280.3083677180735,281.5415344238281,8310575
2017-05-31,282.25598392896416,283.5087138961083,275.8455356337028,280.1713562011719,11974010
2017-06-01,279.90711701111957,283.821901864422,278.1552424263841,282.7649230957031,10535155
2017-06-02,285.13334363756195,291.1621157357115,282.90191752510844,290.03662109375,13008640
2017-06-05,290.2812941436215,298.75680668102945,290.03662009762513,298.218505859375,16429705
2017-06-06,298.50235722777654,299.96060508747263,293.37399841855864,294.81268310546875,8410250
2017-06-07,297.5138567228197,297.5530129348134,289.90939778530947,292.385498046875,9245400
2017-06-08,293.4131086274384,293.94161293798675,287.21797482702954,288.95025634765625,9557160
2017-06-09,289.6353308428129,293.40331686139575,288.7545103122515,291.41656494140625,10083805
2017-06-12,289.8898313952666,294.45052948271444,287.8247668465218,290.39874267578125,8054565
2017-06-13,291.35787755502105,295.7522140390266,291.1621263634316,292.4050598144531,7061315
2017-06-14,292.83566340296534,293.55991885572047,282.8431841861231,283.6261291503906,17689740
2017-06-15,283.6261630240529,283.82191422221644,280.10288039662527,283.0683288574219,13899395
2017-06-16,283.6261329378378,285.45631983095143,281.2772681462334,282.5495910644531,14628365
2017-06-19,284.6048229228481,284.9473725421551,279.04583606744046,280.0930480957031,14848970
2017-06-20,280.4943423324278,284.87888227828626,279.1535332912188,283.2444763183594,9913855
2017-06-21,281.47302345724523,282.87255180714726,279.24159739233573,280.43560791015625,9528905
2017-06-22,281.6491995652574,287.7366913038667,281.34580612368586,284.21337890625,15429910
2017-06-23,284.5461432512155,285.44655695897586,280.14201004752977,280.964111328125,6802620
2017-06-27,284.8006029350558,284.87888549178416,275.0234371547626,277.06890869140625,10131580
2017-06-28,276.8535906899715,285.5933407410554,274.32853772392446,283.76318359375,13617320
2017-06-29,285.7597416035859,287.7366972747602,280.6607126405212,281.5709228515625,13099315
2017-06-30,281.47302945732065,287.1200957060923,278.92841339670537,286.4643859863281,10461845
2017-07-03,287.69754602341965,292.8259347677059,284.2133897054559,292.18975830078125,10883920
2017-07-04,295.1356117351027,295.9577129257304,289.69406347277925,290.68255615234375,10966170
2017-07-05,291.4752972579309,295.50752065444743,291.06423172945574,294.77349853515625,9132875
2017-07-06,293.80462096263165,297.3279035059104,292.6301735365796,294.401611328125,7192995
2017-07-07,294.1275576381579,296.5840945729395,293.1390649527001,294.7343444824219,6158365
2017-07-10,296.01644185099167,297.9151148527484,293.78501572806823,296.1338806152344,1561380
2017-07-11,296.59387741551893,300.06826691571086,295.17478581750106,296.5057983398437,9910100
2017-07-12,296.7406982355516,298.0521475526025,294.5875546598336,296.6330261230469,8068060
2017-07-13,297.1321556350112,310.8339016668338,297.1321556350112,309.6594543457031,20791405
2017-07-14,311.58750802309544,312.1747317233825,304.21792674646025,306.2536315917969,10366505
2017-07-17,307.2518773750971,308.2697297527119,302.1039259737739,302.89666748046875,5489385
2017-07-18,303.337124243629,308.76887659390735,302.4367105337619,304.922607421875,7161790
2017-07-19,305.54896491989524,308.5828992393213,303.6111356958484,307.3399658203125,10549830
2017-07-20,307.70206184676044,309.0722304755263,305.58807459062064,307.623779296875,8239275
2017-07-21,307.7020824200351,309.5518325931221,306.3319136996584,308.8080139160156,5325410
2017-07-24,308.87653025064526,316.9018212626054,308.671012409161,311.8615417480469,12576130
2017-07-25,312.5368317383176,317.821785089503,310.46200063408776,316.6767272949219,12826760
2017-07-26,318.01756359300646,337.4544568872865,314.21042082344155,335.0958251953125,42745710
2017-07-27,342.00540755660364,351.93916826057404,340.97775860054145,349.5609436035156,59043405
2017-07-28,345.4797527874826,364.2707314583092,345.4797527874826,360.5223083496094,42766660
2017-07-31,362.1176003620621,363.6835202830613,352.9472215857373,354.1901550292969,21767735
2017-08-01,355.99092834121774,359.7687110144448,354.1216151090617,357.6645202636719,14552820
2017-08-02,358.2028312771649,360.7376510073012,354.8850366183087,358.007080078125,10065875
2017-08-03,356.63690259726934,357.9875081823923,346.9086596173327,349.4826354980469,14988025
2017-08-04,346.4584488218462,355.31563733204,345.1959223827486,353.8867492675781,14304925
2017-08-07,354.28805229656706,355.65822111096634,351.1072893961145,352.3013000488281,6655985
2017-08-08,352.134875215162,352.72209889931446,343.32660955518634,345.1959228515625,11647730
2017-08-09,343.718125375183,347.32951682650884,339.8033404842011,340.8896789550781,9912435
2017-08-10,340.889660088932,341.40836786358227,334.7336528256774,338.6484375,10660635
2017-08-11,334.12687937382924,343.97256083503174,333.1775428575532,340.4688415527344,15510645
2017-08-14,342.93514559085355,349.59029773117226,342.5828292920549,348.12225341796875,9926005
2017-08-16,349.20860339714034,350.1775031182479,339.020371943207,344.8631896972656,18723055
2017-08-17,348.220082915446,348.220082915446,338.4918406639587,340.21435546875,9567955
2017-08-18,339.58799460132605,340.05774962948254,334.3813240113969,336.8182678222656,8394525
2017-08-21,336.8672374596491,343.13088704479367,334.7336570857379,336.0255432128906,7164610
2017-08-22,339.0203650140203,339.0203650140203,330.016377700404,335.28173828125,13768740
2017-08-23,336.4170305569423,338.2374210650657,332.2869312960224,337.3076477050781,11216740
2017-08-24,338.19827932966314,340.3807827553802,335.5753805046577,336.5638732910156,8865265
2017-08-28,337.2587088872646,344.07042592275684,335.02728279628764,343.19940185546875,9749985
2017-08-29,342.9351402682086,343.1994073556439,335.89831224674225,336.9748840332031,8813485
2017-08-30,338.9322854378087,345.4797655366663,338.8344098423559,342.9547424316406,9864255
2017-08-31,342.543665180348,347.3197073479383,341.5747655135607,343.1406555175781,12833805
2017-09-01,343.199406163215,348.4158437153709,343.199406163215,347.7209777832031,7997070
2017-09-04,346.55631876646066,348.3473196106997,340.0088390187348,345.3035888671875,8600510
2017-09-05,345.8712367368097,349.94261657917855,345.47976422392463,348.07330322265625,8064790
2017-09-06,346.4584601071496,353.27017740061086,344.9512595731793,351.1464233398437,9434255
2017-09-07,352.6829437324777,356.0496610063128,350.84301998893113,352.33062744140625,8895275
2017-09-08,353.7008025461881,353.83783435127094,348.4647718754668,350.177490234375,5402980
2017-09-11,351.59660183072333,365.2004727269563,351.20512933313967,360.56146240234375,16706180
2017-09-12,363.0767388951907,363.8498874139054,356.6369009629439,362.264404296875,10676065
2017-09-13,362.5090938243061,364.4664863718104,358.71174750335734,359.9644775390625,6871880
2017-09-14,361.21718290346143,365.249436364565,360.19936035283376,362.4209899902344,6350920
2017-09-15,357.8896066832772,363.87922243820793,357.6742923321388,361.148681640625,8160390
2017-09-18,362.5286644760936,366.4238562899084,362.3133501144678,363.9085998535156,7120825
2017-09-19,364.3490306385792,366.4238618635672,361.5597404147293,365.3472900390625,5622390
2017-09-20,365.0536865750003,369.1642226067343,364.2707415534501,368.0093383789063,6049650
2017-09-21,367.30467664745487,374.7427738368169,365.3962369533184,369.0173950195313,7307710
2017-09-22,368.7727034676561,368.7727034676561,351.79234887847423,352.9667663574219,12176561
2017-09-25,353.30934724717616,355.95183907661004,341.5649922140291,351.9391784667969,9426506
2017-09-26,353.30934080677736,355.266733276621,348.1222627086672,353.0646667480469,6184763
2017-09-27,357.1262656339848,357.1262656339848,343.2777192828749,345.675537109375,8301438
2017-09-28,345.969090685753,347.87756013438866,339.90116257965065,343.32659912109375,11672921
2017-09-29,346.1648585481888,346.36057986810005,337.7480652386243,342.5436706542969,10421179
2017-10-03,347.33927540598177,347.33927540598177,340.0969294994804,343.5712890625,8078173
2017-10-04,345.1861887273011,349.883918908325,343.57131597684906,348.2201232910156,7252399
2017-10-05,349.6881376902695,359.67085080237155,349.3945407794467,351.7923583984375,10552658
2017-10-06,352.9178473611646,358.98574573744,352.9178473611646,358.0070495605469,4977073
2017-10-09,360.06232449823653,364.71113142876305,355.4135175677101,362.9984130859375,5402776
2017-10-10,364.07498993181787,366.03238235080613,363.0962937223237,364.955810546875,5475930
2017-10-11,366.2281331133621,367.0110781330708,354.28802742445765,355.2667236328125,7532154
2017-10-12,355.364580852509,359.81763642329685,351.35192063224673,357.6155700683594,7573094
2017-10-13,358.20281715951273,365.10261357585586,358.15389429540073,361.8240051269531,5848807
2017-10-16,366.03238183008193,366.2281330186775,357.9581381132419,359.8666076660156,5086334
2017-10-17,361.138893749807,367.8918914805842,360.16019756078316,365.5919494628906,6984827
2017-10-18,358.20281676240324,360.16020920372785,351.3519432177671,354.67950439453125,12849346
2017-10-19,356.63689116145935,357.5177117725531,347.437152807097,350.177490234375,1935015
2017-10-23,350.3732254165986,356.78367332012317,343.52235229392767,346.3605651855469,9451524
2017-10-24,348.12223862918813,355.65818119636464,337.2587051994945,340.1947937011719,12420114
2017-10-25,348.41585722888993,348.41585722888993,306.18512095679733,319.935791015625,33427154
2017-10-26,324.8292649807635,331.43546437498225,311.22539368319326,324.1441955566406,26581626
2017-10-27,300.4597441274159,306.8212696545436,292.18974899517434,300.5086669921875,80906668
2017-10-30,304.86384851999196,310.68710251734825,301.5362876075467,308.1424865722656,23574790
2017-10-31,310.73602984420063,312.44874811893243,304.66810172389046,307.5552673339844,11811133
2017-11-01,310.24672046107963,313.6721574377793,309.70844945457435,312.00836181640625,9265421
2017-11-02,314.16150097909565,316.99971417333165,311.4211633848209,313.62322998046875,9244908
2017-11-03,315.5806057359766,321.0123577695532,314.8465835764425,319.00604248046875,12865964
2017-11-06,320.033663662772,321.9910561010764,311.02964649959637,312.8402404785156,9427134
2017-11-07,316.1188869631692,316.1188869631692,298.9917026849789,305.05963134765625,30444032
2017-11-08,306.52764863870823,306.9680439893552,295.4194412716987,297.327880859375,25323557
2017-11-09,299.43211301390323,302.2213732776284,295.5662510940099,298.1597900390625,15467103
2017-11-10,298.50234414756034,303.2979496046401,295.56625551660073,297.57257080078125,11561127
2017-11-13,300.2150496871383,301.3894970363121,296.59386191671643,297.2789611816406,6538482
2017-11-14,298.50234033672524,299.823586177277,295.56625174324927,296.1045227050781,9724235
2017-11-15,296.3491993417397,299.28528796084845,289.3026045763413,294.53863525390625,13048729
2017-11-16,296.4470845050072,297.47473347532997,291.16213079350365,294.88116455078125,9008654
2017-11-17,301.43840459169405,307.7020537785539,298.60019182064894,299.5788879394531,18464900
2017-11-20,302.8575596787164,307.3106155688049,301.63418939380875,306.6744689941406,9652806
2017-11-21,309.26800805906436,311.22540051513437,304.08092999745423,305.6468200683594,9635431
2017-11-22,308.87653241397646,309.0722537371386,300.4597389646073,303.1511535644531,6979712
2017-11-23,303.3958061199995,309.61053263820287,300.6065161225058,306.5765686035156,7091441
2017-11-24,308.2892983657083,309.2190716887068,305.4021326721339,306.3808288574219,7331839
2017-11-27,305.35320037747715,309.26798499770126,302.9064599898371,308.5828857421875,5301460
2017-11-28,307.79995853484627,310.1488234690967,306.9680607815347,308.289306640625,5342555
2017-11-29,308.2893073289882,309.268003542731,304.325599610305,306.2340393066406,5457734
2017-11-30,304.3745380972046,305.30431149495973,298.5023605133357,300.36187744140625,9124083
2017-12-01,301.2427013038586,303.2979694535219,298.6002392835258,300.3129577636719,6121307
2017-12-04,301.24267064868604,301.6341730125455,295.22369514730883,296.7406921386719,6436175
2017-12-05,295.7130569927655,303.39582829567587,294.19608979826245,302.12353515625,7558058
2017-12-06,300.2639980656177,303.29796241928494,298.11088423240557,299.9214782714844,6114939
2017-12-07,300.0193005150871,305.30428375431524,300.0193005150871,303.8851623535156,5794382
2017-12-08,305.3532003051953,308.7786368470805,304.37450415037097,306.0382995605469,8434605
2017-12-11,306.8212476968582,309.07223692915875,303.983034792129,304.96173095703125,4416465
2017-12-12,305.3532401850869,305.3532401850869,299.3831868874674,300.2640075683594,5457103
2017-12-13,299.8235939289605,300.8022901520892,294.6364860259154,295.4683837890625,6911856
2017-12-14,297.4257507324219,298.15977283682935,295.3215600066076,297.4257507324219,4904177
2017-12-15,300.4597152987163,310.6871019195395,300.4597152987163,309.17010498046875,20571225
2017-12-18,309.1701389680923,311.2254070636989,298.79595275914784,304.5213317871094,13690080
2017-12-19,307.31061880754606,307.7020913293545,302.95540860039983,305.597900390625,6290291
2017-12-20,305.7447007983204,306.7233970427884,303.39583578508496,305.05963134765625,6605913
2017-12-21,304.5702648147621,307.26167932435857,302.8085937607457,303.83624267578125,7130623
2017-12-22,303.8851827143475,306.82127143622523,302.12354142819646,303.5426330566406,7895699
2017-12-26,303.885174928112,311.12752094969045,303.59157801042244,308.7786560058594,9269961
2017-12-27,309.90414046634623,312.15515960838326,306.67445500845315,308.43609619140625,8912485
2017-12-28,307.3106066446745,309.2679990436852,305.1574630587877,306.8212585449219,7927990
2017-12-29,306.8212534624597,309.07224273705947,306.1361541871795,308.43609619140625,4718184
2018-01-01,308.77864261603,310.98070900552625,304.6681067419956,305.9404296875,4019878
2018-01-02,306.72336890546813,307.3105925717677,300.6065179386734,305.0106506347656,5224976
2018-01-03,305.35322929304823,309.7573624078518,304.5213315089864,309.1212158203125,5672263
2018-01-04,309.26800217078045,311.6168670998557,306.33191354257684,310.3445739746094,5667580
2018-01-05,310.7360406952378,330.7014370215388,310.6871178326545,325.759033203125,30720675
2018-01-08,328.8419375185532,334.0290156574357,324.2420532312883,326.4930725097656,12747890
2018-01-09,327.7653396833388,335.49703341331195,320.5719168971382,334.07794189453125,13282560
2018-01-10,334.2247390244038,335.0566367348479,328.3036391965683,332.5609436035156,10385044
2018-01-11,331.77801629780106,336.9161714174573,328.15682836173477,335.839599609375,8266126
2018-01-12,336.76935184006516,337.3565755046886,330.3588741247005,333.63751220703125,5688676
2018-01-15,334.6162204771148,336.3778915347842,327.9610983501965,328.8419189453125,7142164
2018-01-16,328.8419253278578,331.5333398952733,321.0123556771945,327.7164306640625,7296505
2018-01-17,327.96112012536435,336.18216267135057,324.3399320448107,335.1055908203125,7985222
2018-01-18,342.5436668782862,349.29666462325633,325.26968507919725,333.93115234375,35465087
2018-01-19,340.0969377508681,344.74574481364976,331.8758954449103,341.90753173828125,21425789
2018-01-22,342.4947702578093,350.6179373192058,341.32032279155067,347.77972412109375,13456538
2018-01-23,352.1838245268514,352.7220954760955,344.79465048556693,351.89019775390625,10196645
2018-01-24,349.39453265188564,358.496395084918,348.4158364819924,357.0283508300781,11258771
2018-01-25,356.73475836467304,356.73475836467304,348.0732911798623,353.89654541015625,8963188
2018-01-29,353.50510047182087,355.95184111775694,347.9754427180537,350.3732604980469,7931235
2018-01-30,350.3732273398458,353.1135646569816,344.3542518939475,345.8222961425781,7890491
2018-01-31,345.4797762916819,348.9541360326254,342.9841128008565,346.8499450683594,8527044
2018-02-01,347.4371521460285,359.42618063557455,345.1372100949546,352.2327575683594,15217926
2018-02-02,346.65420085083383,348.41584203775767,334.51834425669244,341.6138916015625,16298953
2018-02-05,332.75671690905614,341.5649829448841,326.49306703484393,336.280029296875,13407059
2018-02-06,318.0762529549123,335.59490829801865,317.09755679197417,331.5333251953125,12557261
2018-02-07,336.6715180052339,336.6715180052339,323.5569939168901,325.8079833984375,11681640
2018-02-08,325.8079522638902,333.09925074997125,324.4377835857334,327.86322021484375,7785799
2018-02-09,322.96974245994096,324.3888638813611,317.09756532430566,318.6145324707031,9395513
2018-02-12,319.6421850887453,330.01637078857004,319.6421850887453,328.25469970703125,12049356
2018-02-14,328.84195095677154,330.65254505308707,312.1551912852567,313.5253601074219,13548524
2018-02-15,314.3572592422388,321.7953271273774,310.9318222387101,312.987060546875,15482667
2018-02-16,317.0975765831704,318.07627280719254,303.05327979496514,305.157470703125,18611798
2018-02-19,307.1638011662523,308.2892957964663,300.99799732986077,305.4021301269531,9311433
2018-02-20,307.6531628275061,309.36588121304624,300.9490877449043,302.12353515625,11389041
2018-02-21,304.3745243933001,307.21273745756343,298.01299896385814,305.6957702636719,13342678
2018-02-22,305.2553392511777,310.14882025830605,301.5852284958315,309.3658752441406,14787238
2018-02-23,309.7084223015337,319.0549590001142,309.7084223015337,316.5592956542969,11399732
2018-02-26,319.54430134394306,321.20809678949274,312.5466296616596,319.2017517089844,9225197
2018-02-27,318.3698565265986,327.1291993153764,318.07625961854103,320.1804504394531,15104405
2018-02-28,316.1188761501378,318.2720197612935,311.2743179587564,315.43377685546875,10985771
2018-03-01,315.23806768278024,319.054977079259,311.56795675012006,314.2104187011719,7333939
2018-03-05,311.7147414962789,312.20408959909884,304.5213184113387,306.2829895019531,7973146
2018-03-06,310.24668234373047,313.6721188995761,303.2490107817046,305.5,8299126
2018-03-07,305.35321363438663,308.1914266337828,301.4384288442022,305.3042907714844,8420190
2018-03-08,305.64682601442036,306.5765993961169,288.4217959598588,301.9767150878906,24027679
2018-03-09,303.39581092526277,304.32558422829874,294.8811423490953,296.78961181640625,11596136
2018-03-12,298.6981070282364,307.79997019350094,294.9301204975308,304.5213317871094,12860205
2018-03-13,303.39583193087105,308.6807856103727,303.2000807374886,306.13616943359375,11436348
2018-03-14,305.15748538004414,315.0423236915786,301.6342026980587,312.05731201171875,12905495
2018-03-15,312.15517000473625,314.1614853003332,304.2277246825486,305.2064208984375,9999620
2018-03-16,305.7446911997692,310.09990129790003,303.3958262602741,306.2340393066406,17094363
2018-03-19,309.2679886011635,309.7573366843932,296.05559035396186,298.30657958984375,11267355
2018-03-20,296.54495686414924,299.2852943535422,293.3152712611191,295.9577331542969,9874137
2018-03-21,298.50235454657627,302.4660623894814,293.65779618974636,294.3428955078125,13383435
2018-03-22,295.3705083283612,297.230055047107,289.4494081226998,291.8961486816406,19356591
2018-03-23,286.75800108315315,286.80692394864894,278.9284310877087,280.54327392578125,21617995
2018-03-26,280.3964456654829,298.40444876789405,279.90709759276825,296.8874816894531,24240033
2018-03-27,300.4597385161398,302.66180500363595,294.29396429812596,297.0343017578125,15267419
2018-03-28,293.75564589488215,300.94906863076335,292.7280268758005,298.35552978515625,14952643
2018-04-02,300.4597607421875,301.92780517578126,297.1321993328631,299.7257385253906,8844027
2018-04-03,299.9214554478858,307.5063508211345,297.5236378667872,306.4297790527344,10392997
2018-04-04,306.3318929609853,313.18276596650253,297.52362766817737,298.9427490234375,13516525
2018-04-05,305.1574586258119,308.8765220503685,301.24267388466006,306.3808288574219,11449637
2018-04-06,307.9957084638764,309.26800158671995,304.9617442469748,307.7999572753906,8598435
2018-04-09,309.26799075160574,313.0848998538502,307.702070900895,309.5126647949219,14002415
2018-04-10,313.28065872751614,313.67213123294647,308.2893021478257,312.4487609863281,9976629
2018-04-11,313.1827799479167,313.1827799479167,303.8851661682129,305.35321044921875,9921987
2018-04-12,305.5489762777757,306.6744709736679,301.4384401469777,305.1085510253906,11359462
2018-04-13,305.9404553168695,307.7510493622871,299.1874571301867,302.9554138183594,12849690
2018-04-16,300.4597345467336,304.47239495553583,299.92146358165434,303.7383728027344,10808237
2018-04-17,305.2553303457913,306.6744517434328,300.7043991154164,301.3405456542969,12509310
2018-04-18,304.37450467469574,307.01699624424805,302.1724383225476,302.95538330078125,11323144
2018-04-19,304.3745304029815,312.6934484365035,302.4171379245057,311.7147521972656,13498117
2018-04-20,310.93180964257454,310.93180964257454,299.52997447020414,301.9767150878906,21800867
2018-04-23,304.2766380325402,310.2466907362842,302.41712125398055,306.3808288574219,10927239
2018-04-24,307.31060282389325,321.79529444950947,307.31060282389325,317.0975646972656,24392058
2018-04-25,316.8529090031031,321.50171616222195,310.687134612721,318.3209533691406,15370686
2018-04-26,320.96341415645065,352.57528783645,316.70607993289104,344.8925170898437,62364794
2018-04-27,357.2241170216627,361.13890186573576,337.7480683958871,341.46710205078125,52230752
2018-04-30,343.42449109345284,359.37725709653483,342.83726739913266,354.28802490234375,28400085
2018-05-02,354.2391287842023,356.9305435412195,344.2074919625928,346.7031555175781,13058846
2018-05-03,346.4584382415461,351.5965930459758,339.1182170923608,346.4095153808594,15431044
2018-05-04,346.9478160477181,350.1285788182543,336.8672567526866,337.7480773925781,12241946
2018-05-07,340.39052772644726,342.5436713217304,335.3502482504865,340.4884033203125,6781161
2018-05-08,342.54369667535286,346.40955891337927,333.24608205130755,335.9864196777344,11670852
2018-05-09,337.1119224920902,342.2990004736651,335.8885522259227,340.4394836425781,9802803
2018-05-10,343.4734518381481,343.4734518381481,335.3502552566315,337.3076477050781,7330619
2018-05-11,339.11824966855426,344.30532783194894,334.51836535955204,342.7883605957031,7642090
2018-05-14,343.3266144461639,346.2627030413162,335.79067163906905,337.4544372558594,7468232
2018-05-15,338.6288903623237,347.04568378412347,336.28002542000337,338.3842163085937,12805393
2018-05-16,336.6714778133935,348.8562569079749,334.71408550052496,342.2989807128906,12708109
2018-05-17,344.0117150207825,344.5010631218078,336.6714935054031,337.94378662109375,6702419
2018-05-18,339.1182531420298,341.3692425867615,335.79069184081953,338.1395568847656,8938377
2018-05-21,338.62889793228453,341.7607378370153,325.95476971876826,327.0313415527344,8748958
2018-05-22,326.9824174000272,333.49074137561604,323.9484531044135,327.56964111328125,10869535
2018-05-23,327.86323552893447,331.5333463744076,324.4377987398262,326.5909423828125,7738850
2018-05-24,329.52700265483423,329.8205995501894,318.66346951515385,322.9697265625,8077461
2018-05-25,325.9058447277466,334.6162352049404,324.9271484973329,332.16949462890625,6957024
2018-05-28,334.2247593027777,340.8309587911928,333.49073713739824,337.845947265625,8982939
2018-05-29,337.0629628827835,338.5310071722272,327.96110023520765,330.8482360839844,7870400
2018-05-30,328.59725360468053,336.6714973641403,325.5632893700626,335.839599609375,10036644
2018-05-31,338.0416710934258,341.9564560044497,330.7993249815193,338.8246459960937,17910411
2018-06-01,339.60758216191965,341.2713776526275,333.0013827970984,335.3992004394531,9470256
2018-06-04,339.24639181936254,346.15166889084264,337.372108349456,338.30926513671875,14501600
2018-06-05,337.865368588907,338.1119856462712,329.13511873729135,332.19317626953125,8492155
2018-06-06,333.3769252213834,335.941718342206,328.0499730975358,334.5606689453125,8211104
2018-06-07,336.58295782454417,340.82475899156367,333.4262475807482,334.95526123046875,9630695
2018-06-08,332.93302943796226,335.64581708523457,330.51617021945293,333.0809936523437,5851442
2018-06-11,334.0181308435411,340.18355695146005,330.1709109731236,331.1573791503906,11980621
2018-06-12,331.15738107211104,333.37693448384204,326.7182742486491,327.7047424316406,9851496
2018-06-13,332.3411374979649,332.3411374979649,327.0142151276692,328.69122314453125,7530350
2018-06-14,328.4939065304176,333.7715173559594,326.077047428511,332.6370849609375,6819965
2018-06-15,328.4938958843402,331.65060602477604,324.202753385648,326.1756896972656,8518379
2018-06-18,326.32366642461164,329.33241247808115,323.2656391079268,327.16217041015625,6785348
2018-06-19,326.471674238168,329.97362442867154,324.0548150218792,326.4223327636719,8566372
2018-06-20,327.40879291127845,332.43978680371276,326.91555880622843,331.5519714355469,7720519
2018-06-21,332.2424892134096,333.0316818634871,326.7182911859742,328.4446105957031,5133865
2018-06-22,329.0857884634721,331.1573776472538,325.0412629341116,330.56549072265625,6006046
2018-06-25,330.2202133271449,334.3633916004308,328.3952412280875,329.6283264160156,5792052
2018-06-26,328.5925514112209,333.1796223523652,327.55674177636945,331.40399169921875,4706265
2018-06-27,331.4533276117422,333.1796470263867,326.5702977970421,331.0587463378906,6930662
2018-06-28,331.84789380801817,331.84789380801817,322.8710272388082,324.8439636230469,8130250
2018-06-29,326.22505206331897,337.12551384135946,325.1892423706022,335.0539245605469,8963268
2018-07-02,333.4755734556328,337.0762065825655,327.8527226015719,332.4891052246094,8091469
2018-07-03,333.13031809901213,335.8924169750204,330.7627703714394,332.34112548828125,4998778
2018-07-04,332.439790375926,332.93302448627605,328.00068338277566,331.0093994140625,4507001
2018-07-05,334.16609983244,346.0530294968086,334.01813562465594,343.93212890625,21239763
2018-07-06,343.5868733710523,352.85969884114405,342.3044767105271,347.8287048339844,17790500
2018-07-09,351.2813277252648,361.93517211252913,350.196206697672,358.3838806152344,16834621
2018-07-10,358.97575639882274,368.05127548728115,355.1285366065094,366.374267578125,20404168
2018-07-11,365.93039592028913,368.29791361228655,362.47775717227853,366.57159423828125,9423127
2018-07-12,367.45940665292994,379.79025922517593,367.45940665292994,369.728271484375,17868601
2018-07-13,371.79986371122243,375.1538496167756,362.3297628390682,370.91204833984375,15448753
2018-07-16,370.9120339074884,375.6470691070128,364.59864360658275,373.3782043457031,9093938
2018-07-17,372.7863125588804,380.6780578582676,370.51744782715423,375.6470642089844,12586691
2018-07-18,376.7322072261947,382.749669389584,372.8849871888215,378.4585266113281,10472260
2018-07-19,375.7950653157548,389.01373291045064,374.2660215735642,386.991455078125,17050256
2018-07-20,385.80771822745,387.18876768361395,380.0861846167416,381.26995849609375,10076070
2018-07-23,382.6510184768915,387.04081412022305,377.570713138796,381.3686218261719,9511403
2018-07-24,383.9334245057077,384.7225870012985,377.5213813890194,379.1490478515625,9785989
2018-07-25,380.77671581280015,387.38606463170953,376.3376090222364,377.7186584472656,12467278
2018-07-26,379.79025241730585,381.0726490199838,353.6981568002949,364.7466125488281,35251243
2018-07-27,369.8269131388364,369.8269131388364,357.49606093959125,364.99322509765625,17100821
2018-07-30,366.9661801097443,367.95264833584577,360.3075195835594,364.3027038574219,11469162
2018-07-31,364.9932255042844,369.6296379782137,361.44193404602146,362.9709777832031,9734450
2018-08-01,364.89456756422544,366.5222340126595,357.1014750954962,360.8993835449219,7742871
2018-08-02,360.0115736494849,360.7020833114024,351.82386970825473,356.9041748046875,8365895
2018-08-03,359.0744136610151,368.93909535499904,359.0744136610151,368.1499328613281,10625829
2018-08-06,368.9390960707749,375.5484448604147,368.39655061840097,372.7863159179688,12018227
2018-08-07,374.85792913700703,381.1713198173376,371.4052903160083,376.485595703125,13525426
2018-08-08,377.42274501721437,380.53011387302394,374.4139988991918,377.5707092285156,6767532
2018-08-09,378.31056648251206,379.49434040122895,372.5397213118546,375.8937072753906,5854134
2018-08-10,376.8308380819513,385.7090515446151,375.8443699194331,377.6693420410156,13916077
2018-08-13,373.8714509424391,377.8173237756047,363.3162290718729,365.6837768554688,9205915
2018-08-14,364.0067756204044,379.0997274457434,363.1682716068586,377.3240966796875,12351125
2018-08-16,376.04167538487104,379.6422781551383,369.13639825108,373.3288879394531,11567658
2018-08-17,377.22542850140997,390.29613197269896,375.15383928881,387.8793029785156,16094026
2018-08-20,391.43055585155327,398.53313868178935,387.2380661500741,388.66845703125,15247130
2018-08-21,390.64139222226373,392.07178309926866,384.2293491681104,386.0543212890625,9991245
2018-08-23,389.9015603152122,390.14817736790997,378.1625946277213,383.341552734375,9262319
2018-08-24,381.76319452973655,383.4402025165474,367.80467547935376,369.1364135742188,16301075
2018-08-27,372.88498076197374,379.44498829149177,371.89851255889977,377.81732177734375,9563369
2018-08-28,380.77671747631985,380.77671747631985,357.89064365869314,365.5851135253906,26309238
2018-08-29,368.59384212330366,373.4275303507582,357.1014934516539,360.2088623046875,30544751
2018-08-30,364.0067525888692,364.0067525888692,353.155602782697,356.8548583984375,28157288
2018-08-31,338.3586030429801,345.2638806561022,331.69994248746957,338.8518371582031,84019022
2018-09-03,343.2416273268306,343.29093869571443,332.63709401941986,334.4620361328125,26137760
2018-09-04,336.1390426542666,338.753177390595,328.04999128808964,329.5296936035156,22057643
2018-09-05,328.39526840561064,340.2328871893848,327.75407007574717,339.14776611328125,24809578
2018-09-06,341.8605328471508,343.09361806172666,333.3275891832101,334.6100158691406,17527530
2018-09-07,336.3856497172689,336.43496108447044,317.44544860043106,319.0238037109375,48830425
2018-09-10,319.2704162597656,324.44937413702075,311.7239408024035,319.2704162597656,43295622
2018-09-11,321.58862112697386,323.41359324938514,310.3428900900833,312.3158264160156,28553718
2018-09-12,313.6968803324445,315.6205053197272,306.3970218424877,310.04693603515625,26121445
2018-09-14,314.1901151101112,324.0547969032073,312.4144844292018,318.7278747558594,36624891
2018-09-17,313.2036667549499,317.4948096274775,311.67465302208933,314.2887878417969,18554055
2018-09-18,315.0286349482882,324.4987359674986,314.78201789104116,319.1717834472656,30243505
2018-09-19,321.58861713500755,324.30140454949,313.74618329492904,314.8806457519531,16185496
2018-09-21,283.412296788767,283.412296788767,215.1487166229327,223.4350433349609,293552756
2018-09-24,233.29973014049006,234.28619834404392,212.92916775802675,223.33639526367188,105701372
2018-09-25,226.8876917688451,235.61794158174445,194.58085739741173,216.72706604003903,110217421
2018-09-26,219.98240837225035,226.6903951357676,214.06359917837813,220.7222595214844,62814786
2018-09-27,222.94181615400137,223.9282843670722,199.31590546141774,200.49966430664062,91197198
2018-09-28,200.84492301194533,201.2395042542652,162.76724608800862,181.1648712158203,148654874
2018-10-01,177.56427342108194,201.04221925055367,168.29147849668277,198.13214111328125,130992623
2018-10-03,202.22598047850414,219.93308161237942,199.51319293549983,209.87110900878906,97945695
2018-10-04,206.5664396606256,217.023008834484,202.27531192642093,212.09066772460932,65604016
2018-10-05,212.09066187293783,215.5433005545903,200.35169637624347,203.2124481201172,40546788
2018-10-08,207.15831607809383,223.53369375090517,204.59349281048875,218.20675659179688,62349640
2018-10-09,222.4485809020135,230.63627003880245,219.5878291197632,221.61007690429688,49480210
2018-10-10,225.90122083362962,233.79296653960796,216.43111996553148,230.7349090576172,52351177
2018-10-11,218.995942826422,265.31063737142574,213.71833187702327,236.9496612548828,94679663
2018-10-12,243.65764230067003,250.9575008668916,241.19147183203967,243.1150817871093,43535321
2018-10-15,245.58125122602294,247.2089327598801,238.28139269040952,242.67117309570312,24694397
2018-10-16,243.6576378854469,247.9980918106605,242.27658846896335,245.53192138671875,18099074
2018-10-17,249.08321323918108,251.40141946252905,225.40797712931837,228.761962890625,37767849
2018-10-19,221.95534629749218,227.43024784995904,210.1177278282926,214.951416015625,50336402
2018-10-22,218.00947920706813,219.34121734079585,205.6786263107408,208.6380310058593,33633639
2018-10-23,206.1718542613855,213.76765640792186,203.70568375586654,210.3150177001953,28293781
2018-10-24,214.55683820387898,217.02300875794654,199.26658076866002,201.23951721191406,38009322
2018-10-25,199.85845962059028,204.69214768968786,192.36129541922475,195.6659698486328,59170164
2018-10-26,176.13390584060022,189.0566306488935,166.318549942298,178.2548065185547,95760078
2018-10-29,182.49660885412052,183.3844241735681,172.38531025544629,178.8466796875,52331613
2018-10-30,179.53720617402195,187.3302986628496,178.20546812927978,179.58653259277344,43428186
2018-10-31,182.49661483653952,186.9357216839148,177.21900400818046,185.5546722412109,53264490
2018-11-01,189.40188912854106,202.96582650102772,186.4918110299968,201.28883361816406,69202992
2018-11-02,209.87111074202664,212.97847956875182,204.84011687252752,206.2705078125,51686587
2018-11-05,206.17185223392005,209.47652669974184,203.31110049657437,207.25697326660156,21134350
2018-11-06,209.3778687431048,214.9514078736464,208.1447835326036,211.548095703125,26924066
2018-11-07,214.507503790987,215.0500643031312,212.5838938409393,213.02780151367188,3962712
2018-11-09,211.1041988519552,226.29580340262032,210.3150212663456,224.81610107421875,40754087
2018-11-12,226.88768936239057,227.72619336574098,218.10812827320484,220.03173828125,29069172
2018-11-13,218.9959340351948,223.78031068706773,217.02299769253537,222.3992462158203,19014119
2018-11-14,223.8296250182531,225.90121422640613,218.00946875124782,219.39051818847656,19780790
2018-11-15,212.09066159172033,215.0007397519354,199.51319212523458,203.06448364257812,60944632
2018-11-16,199.01995336322884,199.01995336322884,185.25872539764597,188.41542053222656,88101871
2018-11-19,195.41935271975427,203.1631189109116,191.7200970401954,202.0286865234375,64329717
2018-11-20,195.32070573922675,197.04702510813405,188.4154282635975,189.50054931640625,77354754
2018-11-21,193.44642587689484,198.08282354630555,191.96672353225458,195.4686737060547,47627190
2018-11-22,197.2936347324523,201.0915432219759,192.01602398243529,192.9038543701172,44350629
2018-11-26,186.44248183440698,189.35255988961438,179.73449535053783,185.35736083984375,60418383
2018-11-27,190.38835737229692,191.17753492108963,177.9095410058656,180.17840576171875,70065939
2018-11-28,177.95884935720142,178.55073627184402,158.13084844900663,159.906494140625,140720495
2018-11-29,154.92483790503573,164.7401937433543,144.76421216669007,158.27882385253906,292043464
2018-11-30,161.78078548254751,169.0313328040614,158.2788203473108,167.50230407714844,120153166
2018-12-03,171.64546632230952,177.07104140721012,163.06319601665606,175.59133911132812,104720593
2018-12-04,177.9095418044701,179.98111594550141,172.87854807910432,174.11163330078125,68038860
2018-12-05,171.1522264457175,176.03524084681928,169.86981482211766,171.05357360839844,52289539
2018-12-06,166.71312325632437,170.1657619036447,165.08545677208306,166.17056274414062,38867660
2018-12-07,167.699586020415,169.67252232653755,159.8078407959249,163.9510040283203,49750931
2018-12-10,159.80784444564398,167.20635576257195,157.83490809446317,163.408447265625,50379613
2018-12-11,162.27401819969802,177.41631102527475,161.58349347314007,175.44337463378906,85103084
2018-12-12,179.53720683050756,184.96278176219872,179.09329916474024,184.0749664306641,71832334
2018-12-13,190.38835348230117,190.5856441023909,169.96846573067168,172.3359832763672,108920029
2018-12-14,170.3630551367327,179.14263114848958,165.97327465700934,177.9095458984375,79566067
2018-12-17,180.77030426362603,181.95406313647274,177.02172195601912,178.55075073242188,35269769
2018-12-18,177.56427274735947,178.4520880901723,174.3582511560877,176.5778045654297,35729865
2018-12-19,178.0575030706666,180.67163767654202,176.1832195855834,177.120361328125,40247602
2018-12-20,176.57780258403406,185.06143487435847,175.5913344131735,184.22293090820312,61970822
2018-12-21,185.4560172800055,185.89992494920313,178.4027758352271,180.47434997558594,40864241
2018-12-24,181.5101533721714,182.98985570944453,178.7973657538373,179.83316040039062,32861722
2018-12-26,180.03044423952005,180.17840844673813,171.89208169170612,177.02171325683594,47421246
2018-12-27,180.52367519702344,180.96758286327548,174.65419259315593,175.6899871826172,44303877
2018-12-28,177.56426834714892,180.81961627730857,177.56426834714892,178.99464416503906,27142501
2018-12-31,180.7209694897258,181.3621828449389,178.55074248108076,179.3399200439453,18970865
2019-01-01,180.12909319005865,183.38442609705072,178.55073810303065,181.7567596435547,24160878
2019-01-02,180.96759306785128,184.46955828097362,180.03045126351702,182.15135192871094,32583205
2019-01-03,182.74322753464557,183.48307865826763,181.01690824619413,181.60879516601562,20239949
2019-01-04,182.3486589791663,187.7249078411544,179.09331079822974,187.0836944580078,45914917
2019-01-07,191.27618374476955,191.76941785968882,183.2858001144637,184.61752319335938,40515242
2019-01-08,185.45601922916742,190.5856507931292,182.49661466699985,189.74716186523438,40559174
2019-01-09,191.32549794553458,191.32549794553458,179.04397227900677,183.92698669433594,63673200
2019-01-10,185.45601639621844,186.34383173038282,181.7074343309393,184.3708953857422,36296992
2019-01-11,186.14653997319488,187.33029876231106,180.27705739408205,181.7567596435547,33594786
2019-01-14,182.49662135193103,195.32070825774238,179.83316015887846,192.70657348632812,98089778
2019-01-15,193.9396462953475,202.22597281921085,193.44641221530065,200.25303649902344,82308056
2019-01-16,202.02868979670993,206.31981742313724,200.7462781298899,205.53065490722656,58015710
2019-01-17,206.41847463754507,206.71441811343735,197.5402606746399,198.77334594726562,60534702
2019-01-18,199.26656811712235,200.3023626945297,193.54504978448563,195.91258239746094,41858021
2019-01-21,196.60311693228888,197.78687577183283,188.11948431965524,189.35256958007812,37304992
2019-01-22,188.9086574099325,191.17753724568345,184.8641318308846,189.59918212890625,38382360
2019-01-23,191.86806871924261,196.80040981742366,191.02956471162764,194.5808563232422,46394304
2019-01-24,196.3071722544486,231.8200275366604,186.44249023161197,212.48524475097656,127603904
2019-01-25,221.95534011047752,241.68470367585329,215.050062862596,216.62841796875,183425643
2019-01-28,219.43985068532695,219.98241121223174,203.31110445518854,204.69215393066406,58015753
2019-01-29,204.198914001342,206.6157580406543,193.05182051641057,200.1543884277344,76651017
2019-01-30,208.14478372750725,209.1312518968319,195.61664098754576,196.80039978027344,65312137
2019-01-31,199.26657284463911,199.7104805162568,187.5769188622846,191.47348022460935,67794993
2019-02-01,193.24911123020527,194.53152287990395,178.79735835511573,183.0885009765625,66597684
2019-02-04,181.7567697084697,182.2006773974313,173.22382561825003,177.3669891357422,60771732
2019-02-05,177.36698560885785,181.0169149433016,172.6319352320315,173.71705627441406,44477885
2019-02-06,176.47916105758702,176.5284874797536,170.65900449738655,174.06231689453125,45391450
2019-02-07,174.70352125104108,179.33991870123157,172.87854909134967,174.5555419921875,44494971
2019-02-08,174.60487441171747,176.08457673724052,170.90561859790992,172.7305908203125,32561739
2019-02-11,172.73058125217045,173.61839657738096,167.79824044031307,170.90560913085938,29509227
2019-02-12,170.65899057781894,173.86501207711322,169.7711752604766,170.313720703125,22298518
2019-02-14,183.82835425442178,220.9688757944915,183.82835425442178,218.25608825683594,264725005
2019-02-15,223.829622074311,223.829622074311,208.4407276315423,216.0365295410156,141193124
2019-02-18,198.2801142790753,213.7676624834464,198.2801142790753,210.6602935791016,89969426
2019-02-19,212.1893104739381,215.1487149990848,208.68734544205265,209.96975708007807,33990276
2019-02-20,213.96494279401765,216.82570955506392,210.46299278748825,214.902099609375,48429455
2019-02-21,215.88857666986425,215.88857666986425,211.1041997663841,212.23863220214844,27975632
2019-02-22,211.5974296363624,220.67293409748328,210.21638017248043,218.99594116210935,51329944
2019-02-25,220.8209048035376,227.47956491871585,218.2067551343411,225.99986267089844,47825222
2019-02-26,220.1797022017009,231.2774696015075,217.1216597718071,226.3944549560547,84298892
2019-02-27,229.84709576495047,233.5956780196478,220.6236118667632,225.11204528808597,74650022
2019-02-28,226.8876776181845,229.60046506796715,223.730982505263,228.0221099853516,45753501
2019-03-01,231.7213658328019,235.27265724612,230.93220334300645,234.3848419189453,42006406
2019-03-05,232.8065015230193,237.49222560028346,231.32679918283063,234.23687744140625,30848699
2019-03-06,234.8780807236224,237.39356255196293,229.79776054264005,232.115966796875,24658589
2019-03-07,232.3132642277673,232.806498334408,225.5559509458656,228.56468200683597,27229610
2019-03-08,228.56468348185763,231.72137877426744,226.39445640909528,229.1565704345703,23233663
2019-03-11,229.84708427016466,234.77942513433126,228.4660348491219,233.10243225097656,21189817
2019-03-12,234.77942410090247,235.96318289263,231.82001959542893,232.6585235595703,22100817
2019-03-13,232.8064972585084,244.24953450061344,229.5511491592621,240.9941864013672,58883298
2019-03-14,244.6441135031577,250.5629227008148,242.81914131295605,246.46908569335935,59684202
2019-03-15,248.2940469211769,249.37916797954568,240.2050105615976,241.73403930664065,38715468
2019-03-18,243.65765133514563,245.18668009285253,238.5280195806573,242.62185668945312,24825632
2019-03-19,243.3123729352681,247.1102814860172,241.68470644341,245.43328857421875,21448040
2019-03-20,245.3839597656918,249.5764495305328,243.06575352185575,248.73794555664065,26817389
2019-03-22,249.57645075984053,254.0155575915373,246.9623160909876,249.181869506836,34018752
2019-03-25,246.6170539508816,247.0116352162788,242.769833930172,243.90426635742188,23540100
2019-03-26,244.1508831122012,251.3521040892049,244.10155669100936,250.26698303222656,20571726
2019-03-27,254.9033893706885,266.19846285694115,252.63452444117223,264.8174133300781,84155309
2019-03-28,266.98759764737525,273.9422161382326,264.66939148375616,272.3638610839844,48078072
2019-04-01,272.2652177803666,276.2110905018212,270.09497574171866,272.16656494140625,27807546
2019-04-02,274.4354599469353,278.2333383594098,271.08144404843966,276.50701904296875,24708930
2019-04-03,279.66374508535444,282.12991567693604,268.51666605325414,269.9963684082031,31808834
2019-04-04,270.2922883938019,271.2787565996187,261.4140745414508,264.4227905273437,42003554
2019-04-05,266.3464129867073,270.2922857716956,260.6742208582868,263.2390441894531,28319923
2019-04-08,263.48565506019224,264.4721232333082,254.75540570719224,256.5310363769531,26252469
2019-04-09,258.3560083157964,268.319342877388,255.19932822706943,266.93829345703125,39195173
2019-04-10,268.3193423083644,271.7226695375793,263.8802355422334,264.6200866699219,32016249
2019-04-11,265.1133428063923,266.5930451848466,260.4276186079537,265.4092712402344,20363799
2019-04-12,266.05047151993654,268.2206833824593,262.203221659584,264.2748107910156,21736271
2019-04-15,264.8174114694745,266.2477723568601,261.2167783043437,261.9073181152344,13509220
2019-04-16,263.9295427909477,265.5572393301619,261.4140610379023,262.8444519042969,16368625
2019-04-18,262.7951156285476,264.3241593615772,250.61224270658897,252.33856201171875,32491440
2019-04-22,250.51358927649727,250.95749694344872,233.79295677105463,235.12469482421875,37467080
2019-04-23,235.76590014037168,241.339439457494,227.3809204282664,229.5511474609375,43232834
2019-04-24,229.84709072340888,237.14694938640423,228.07144495199347,235.9138641357422,38516951
2019-04-25,237.73883145806755,247.01162633218857,232.85581697592607,233.84228515625,71641179
2019-04-26,236.6537107132912,237.09763343679973,228.9592709396873,233.99024963378903,48524121
2019-04-30,210.6109561920166,210.6109561920166,163.35913644433356,165.72665405273438,217219923
2019-05-02,159.8078481550697,175.59133933087904,157.83491175809354,171.3988494873047,124177861
2019-05-03,174.60486587966358,175.39404342517486,167.40364523687654,173.51974487304688,58953903
2019-05-06,165.77598143614043,169.57387491554806,163.26048455489308,164.00033569335938,49500412
2019-05-07,166.7131195762993,167.65026132085208,161.43550888239795,162.5206298828125,40446604
2019-05-08,162.767258046389,164.2469603922653,157.83491689346812,158.57476806640625,47387735
2019-05-09,155.86196790350064,169.08063510983578,154.3822656765687,167.9955291748047,88653903
2019-05-10,170.41237301959364,171.89207524552356,160.5970179313872,161.6328125,62257935
2019-05-13,162.66860110608454,163.2111616297052,151.91610368441076,152.60662841796875,60884255
2019-05-14,153.0012224650516,156.74978954949424,149.35127811602578,153.74107360839844,62642515
2019-05-15,152.11339215717172,152.2120449972706,139.88119260041313,141.015625,95899314
2019-05-16,142.05142815619328,143.92571181232978,132.82794398762718,135.88600158691406,82730883
2019-05-17,139.09201465389788,144.02435559907155,130.6577086271889,132.33470153808594,117940438
2019-05-20,140.57171880502477,142.93923646923795,135.1461436932519,141.60751342773438,82205265
2019-05-21,143.03788313628934,143.03788313628934,136.62584009914534,139.09201049804688,59499614
2019-05-22,139.09201776209534,139.33863481486503,133.66644260116254,135.68870544433594,58669730
2019-05-23,141.95276955007665,148.7594092377513,136.8724642840609,137.8589324951172,111719246
2019-05-24,139.09201601135462,140.9662995678885,137.6123137133615,139.289306640625,45274708
2019-05-27,140.07848713475184,146.4412041385091,138.9440547035284,144.81353759765625,67258367
2019-05-28,146.9344369495495,152.8039197918036,146.19458579164413,150.7323455810547,81670499
2019-05-29,151.91609657435652,153.889032893504,148.61142221886067,149.647216796875,49000782
2019-05-30,148.1675222108396,154.3822749476279,147.87157873721915,152.90257263183594,55475576
2019-05-31,154.4809262270602,154.87550748635613,145.01082548085574,145.8000030517578,63368992
2019-06-03,148.0,149.89999389648438,144.5,149.4499969482422,40272408
2019-06-04,148.8000030517578,153.85000610351562,148.5500030517578,152.8000030517578,45560540
2019-06-06,148.4499969482422,151.1999969482422,142.3000030517578,143.39999389648438,65169529
2019-06-07,143.39999389648438,145.4499969482422,136.14999389648438,139.89999389648438,66206668
2019-06-10,141.89999389648438,145.0,132.5500030517578,135.89999389648438,86398912
2019-06-11,135.0,143.5,133.75,139.5500030517578,80946657
2019-06-12,136.0,137.8000030517578,133.60000610351562,134.75,56236715
2019-06-13,130.8000030517578,130.8000030517578,116.0,117.0999984741211,197154833
2019-06-14,118.5,121.0,112.8499984741211,115.0500030517578,155169990
2019-06-17,118.0,118.3499984741211,113.75,116.1500015258789,84436078
2019-06-18,116.0,117.5,107.0999984741211,109.3000030517578,116604528
2019-06-19,109.0,111.4499969482422,101.3000030517578,103.1999969482422,126458237
2019-06-20,102.0,115.9000015258789,98.6999969482422,114.5500030517578,159393077
2019-06-21,114.5500030517578,114.8000030517578,108.25,109.5999984741211,106421502
2019-06-24,112.0,114.0,108.8499984741211,111.9499969482422,79695315
2019-06-25,111.0,112.5,109.0999984741211,110.0500030517578,56892279
2019-06-26,109.0,114.6500015258789,108.4000015258789,113.0500030517578,72879532
2019-06-27,113.0500030517578,114.5,111.8000030517578,112.4000015258789,51280994
2019-06-28,112.5,113.0,107.5,108.75,68854685
2019-07-01,109.5,110.5,107.6500015258789,109.1500015258789,42545442
2019-07-02,108.0500030517578,108.0500030517578,99.8000030517578,100.8000030517578,149669579
2019-07-03,100.75,103.8000030517578,98.8499984741211,99.75,112667717
2019-07-04,101.0,102.1500015258789,95.1999969482422,96.25,108105010
2019-07-05,95.0,96.8499984741211,87.4000015258789,88.1500015258789,220546903
2019-07-08,87.0,94.5999984741211,85.6500015258789,93.1500015258789,197675527
2019-07-09,95.0,97.0,90.3000030517578,91.3499984741211,137863884
2019-07-10,92.1500015258789,94.0,91.5,93.0,75776545
2019-07-11,94.0,95.0,90.6999969482422,92.4499969482422,73432269
2019-07-12,93.25,94.8499984741211,91.6500015258789,94.1999969482422,60702978
2019-07-15,95.0,99.3000030517578,92.5500030517578,93.1999969482422,126736904
2019-07-16,94.0,106.5,92.25,103.8499984741211,228682135
2019-07-17,108.5,108.5,97.5500030517578,98.4000015258789,238375009
2019-07-18,88.5999984741211,90.25,79.1500015258789,85.80000305175781,229258092
2019-07-19,86.0,86.9000015258789,82.5999984741211,83.25,145863654
2019-07-22,83.30000305175781,92.5,81.69999694824219,91.1500015258789,208758719
2019-07-23,89.0,93.9000015258789,87.0999984741211,90.6500015258789,164964349
2019-07-24,91.5,93.6500015258789,88.1500015258789,89.1500015258789,104007122
2019-07-25,88.4000015258789,90.4000015258789,85.8499984741211,87.6500015258789,113015178
2019-07-26,88.75,96.9000015258789,87.0999984741211,96.0500030517578,186097455
2019-07-29,95.6999969482422,98.6999969482422,91.3499984741211,94.75,138287221
2019-07-30,95.0,96.3000030517578,81.1500015258789,86.05000305175781,120979045
2019-07-31,86.0,92.3499984741211,84.75,91.1999969482422,133054947
2019-08-01,88.94999694824219,91.3000030517578,85.75,88.4000015258789,111842102
2019-08-02,87.80000305175781,90.9000015258789,86.80000305175781,88.30000305175781,106397716
2019-08-05,88.0,88.0,79.5,81.0999984741211,136352605
2019-08-06,80.9000015258789,86.6500015258789,79.69999694824219,85.3499984741211,134819814
2019-08-07,86.5,92.0,86.0999984741211,86.8499984741211,171429816
2019-08-08,89.25,89.9000015258789,84.80000305175781,89.19999694824219,122325009
2019-08-09,91.8000030517578,92.4499969482422,81.1500015258789,82.1500015258789,187030766
2019-08-13,84.0,84.19999694824219,72.8499984741211,73.5999984741211,206712601
2019-08-14,74.9000015258789,77.9000015258789,70.55000305175781,76.55000305175781,173114134
2019-08-16,79.0,81.44999694824219,76.8499984741211,79.44999694824219,143478784
2019-08-19,79.44999694824219,80.75,76.0,76.6500015258789,127652182
2019-08-20,76.94999694824219,76.94999694824219,70.5,71.19999694824219,167966737
2019-08-21,71.19999694824219,71.5,64.55000305175781,65.4000015258789,228212985
2019-08-22,66.4000015258789,67.69999694824219,53.20000076293945,56.29999923706055,314692568
2019-08-23,56.400001525878906,61.25,54.75,59.25,309367850
2019-08-26,62.95000076293945,64.69999694824219,57.349998474121094,62.900001525878906,277799302
2019-08-27,62.900001525878906,65.3499984741211,62.5,64.5,190996863
2019-08-28,64.5,65.1500015258789,58.04999923706055,59.5,223167624
2019-08-29,59.25,59.29999923706055,55.0,57.400001525878906,188754023
2019-08-30,58.25,60.95000076293945,55.5,59.95000076293945,226395035
2019-09-03,59.25,62.29999923706055,57.650001525878906,58.75,196326964
2019-09-04,58.349998474121094,60.29999923706055,57.25,59.45000076293945,143742201
2019-09-05,59.70000076293945,62.349998474121094,58.849998474121094,61.95000076293945,177919556
2019-09-06,61.29999923706055,62.150001525878906,59.599998474121094,60.400001525878906,130716447
2019-09-09,60.099998474121094,64.0999984741211,59.849998474121094,63.099998474121094,150897861
2019-09-11,66.0,75.44999694824219,65.0,71.5999984741211,332938591
2019-09-12,71.80000305175781,72.19999694824219,67.1500015258789,67.94999694824219,221839869
2019-09-13,67.0,69.5,64.0999984741211,68.55000305175781,278285524
2019-09-16,67.5999984741211,68.19999694824219,65.94999694824219,67.05000305175781,128189225
2019-09-17,67.0999984741211,68.80000305175781,64.6500015258789,65.0999984741211,150932029
2019-09-18,66.0,66.44999694824219,61.70000076293945,64.0999984741211,186937027
2019-09-19,64.69999694824219,64.80000305175781,53.0,54.099998474121094,321270950
2019-09-20,53.70000076293945,59.900001525878906,52.70000076293945,55.5,398347296
2019-09-23,57.0,57.5,52.900001525878906,55.45000076293945,221169297
2019-09-24,54.900001525878906,57.650001525878906,53.54999923706055,56.04999923706055,171828060
2019-09-25,55.900001525878906,56.849998474121094,53.099998474121094,53.70000076293945,152430784
2019-09-26,53.900001525878906,54.25,50.54999923706055,51.04999923706055,249670424
2019-09-27,50.0,52.900001525878906,48.400001525878906,48.75,306867611
2019-09-30,48.25,49.099998474121094,40.95000076293945,41.400001525878906,356666325
2019-10-01,42.0,44.29999923706055,29.0,32.0,808959169
2019-10-03,35.20000076293945,43.45000076293945,35.20000076293945,42.5,584506441
2019-10-04,45.0,45.900001525878906,40.95000076293945,42.150001525878906,512643766
2019-10-07,45.95000076293945,46.79999923706055,42.79999923706055,45.650001525878906,355287494
2019-10-09,45.45000076293945,45.45000076293945,41.04999923706055,43.25,343533101
2019-10-10,41.70000076293945,42.70000076293945,40.150001525878906,40.95000076293945,207266038
2019-10-11,41.0,42.0,37.0,39.599998474121094,339478520
2019-10-14,39.900001525878906,41.5,38.79999923706055,40.099998474121094,223727101
2019-10-15,41.099998474121094,41.45000076293945,39.0,40.599998474121094,193601940
2019-10-16,40.599998474121094,42.04999923706055,39.79999923706055,41.04999923706055,188799876
2019-10-17,41.900001525878906,48.20000076293945,40.70000076293945,47.400001525878906,422749767
2019-10-18,46.59999847412109,52.70000076293945,46.0,51.400001525878906,441645534
2019-10-22,53.0,56.59999847412109,50.25,51.79999923706055,407437580
2019-10-23,51.79999923706055,53.5,49.20000076293945,51.20000076293945,296722600
2019-10-24,51.20000076293945,52.54999923706055,47.45000076293945,48.29999923706055,230787323
2019-10-25,48.650001525878906,54.29999923706055,45.75,52.150001525878906,346577924
2019-10-27,55.20000076293945,56.45000076293945,54.150001525878906,54.75,74989099
2019-10-29,54.34999847412109,59.900001525878906,53.09999847412109,58.150001525878906,368611147
2019-10-30,59.09999847412109,59.45000076293945,56.0,56.79999923706055,256297926
2019-10-31,56.09999847412109,78.69999694824219,54.900001525878906,70.4000015258789,836967454
2019-11-01,71.0,71.8499984741211,65.0,66.5999984741211,431574597
2019-11-04,59.95000076293945,71.30000305175781,56.650001525878906,66.1500015258789,420997681
2019-11-05,70.30000305175781,72.0,67.19999694824219,68.30000305175781,294896159
2019-11-06,68.55000305175781,71.1500015258789,67.55000305175781,68.69999694824219,226082900
2019-11-07,68.0,69.30000305175781,66.0,66.44999694824219,189859140
2019-11-08,65.9000015258789,72.30000305175781,64.30000305175781,68.94999694824219,413106980
2019-11-11,70.0,73.55000305175781,69.1500015258789,73.0,263947818
2019-11-13,74.4000015258789,75.30000305175781,67.0999984741211,68.19999694824219,317911123
2019-11-14,68.8499984741211,70.80000305175781,67.0999984741211,68.75,195114955
2019-11-15,69.19999694824219,70.19999694824219,68.30000305175781,68.69999694824219,129526064
2019-11-18,69.25,69.25,65.4000015258789,65.8499984741211,178150594
2019-11-19,65.0,67.25,63.04999923706055,64.1500015258789,239228500
2019-11-20,62.099998474121094,66.44999694824219,62.0,65.8499984741211,229215332
2019-11-21,66.9000015258789,66.9000015258789,63.79999923706055,64.25,133531524
2019-11-22,64.25,66.1500015258789,64.0,64.80000305175781,121791625
2019-11-25,64.94999694824219,65.5,62.29999923706055,63.75,171923335
2019-11-26,64.5999984741211,67.5,62.54999923706055,63.150001525878906,399791670
2019-11-27,68.0999984741211,69.0,65.6500015258789,68.25,254612192
2019-11-28,69.0,70.6500015258789,68.3499984741211,70.05000305175781,223021365
2019-11-29,72.0,74.0,67.55000305175781,68.30000305175781,428332393
2019-12-02,69.0,69.30000305175781,63.04999923706055,64.05000305175781,361756071
2019-12-03,64.0999984741211,65.25,59.0,59.5,297142445
2019-12-04,58.54999923706055,63.45000076293945,56.650001525878906,63.0,340845428
2019-12-05,63.0,64.0,60.849998474121094,62.099998474121094,224990595
2019-12-06,60.09999847412109,60.75,55.150001525878906,56.0,282441286
2019-12-09,56.0,58.849998474121094,53.75,56.25,314839590
2019-12-10,54.79999923706055,56.349998474121094,48.54999923706055,50.54999923706055,345518744
2019-12-11,47.25,49.400001525878906,40.75,42.79999923706055,661012673
2019-12-12,43.150001525878906,48.79999923706055,42.79999923706055,45.34999847412109,398199436
2019-12-13,45.5,47.650001525878906,45.400001525878906,46.650001525878906,201459985
2019-12-16,47.25,48.0,45.95000076293945,46.79999923706055,172273653
2019-12-17,47.400001525878906,48.20000076293945,46.849998474121094,47.599998474121094,130789036
2019-12-18,48.0,48.20000076293945,46.0,46.75,130282558
2019-12-19,46.0,51.400001525878906,44.95000076293945,49.900001525878906,307936405
2019-12-20,49.5,53.5,48.29999923706055,51.400001525878906,359647922
2019-12-23,50.75,52.29999923706055,48.70000076293945,49.650001525878906,276776855
2019-12-24,50.150001525878906,52.0,50.04999923706055,51.20000076293945,242779981
2019-12-26,51.0,51.599998474121094,48.25,48.650001525878906,216380349
2019-12-27,49.5,49.75,47.650001525878906,48.0,154956583
2019-12-30,47.900001525878906,48.95000076293945,46.650001525878906,47.34999847412109,152510288
2019-12-31,47.29999923706055,48.04999923706055,46.34999847412109,46.95000076293945,141422188
2020-01-01,46.95000076293945,47.5,46.5,46.650001525878906,102291841
2020-01-02,46.79999923706055,48.5,46.400001525878906,47.34999847412109,122242838
2020-01-03,47.34999847412109,48.25,46.84999847412109,47.09999847412109,94827592
2020-01-06,46.75,46.75,45.0,45.150001525878906,102880221
2020-01-07,45.70000076293945,46.400001525878906,43.95000076293945,45.04999923706055,111094678
2020-01-08,46.25,47.20000076293945,45.29999923706055,46.04999923706055,140074287
2020-01-09,47.0,48.5,46.29999923706055,47.29999923706055,152025694
2020-01-10,47.95000076293945,48.349998474121094,43.79999923706055,44.75,303072426
2020-01-13,43.400001525878906,43.900001525878906,41.04999923706055,42.099998474121094,194734026
2020-01-14,41.75,41.75,36.54999923706055,38.54999923706055,314975429
2020-01-15,38.45000076293945,41.099998474121094,36.650001525878906,39.75,400694734
2020-01-16,40.150001525878906,40.900001525878906,39.75,39.95000076293945,126354618
2020-01-17,37.599998474121094,39.54999923706055,37.0,39.25,125635833
2020-01-20,39.5,40.20000076293945,38.45000076293945,38.650001525878906,89703186
2020-01-21,38.599998474121094,39.20000076293945,38.099998474121094,38.349998474121094,67215936
2020-01-22,38.70000076293945,39.0,38.0,38.45000076293945,62400795
2020-01-23,38.54999923706055,41.400001525878906,38.34999847412109,40.95000076293945,178774952
2020-01-24,41.20000076293945,45.0,41.09999847412109,42.79999923706055,289854100
2020-01-27,42.29999923706055,43.45000076293945,41.84999847412109,42.400001525878906,134241973
2020-01-28,42.5,43.29999923706055,41.25,41.650001525878906,106167368
2020-01-29,41.84999847412109,42.34999847412109,41.0,41.20000076293945,141475654
2020-01-30,40.79999923706055,40.84999847412109,38.54999923706055,39.04999923706055,150556233
2020-01-31,39.29999923706055,40.20000076293945,38.70000076293945,39.25,117636393
2020-02-03,37.95000076293945,38.400001525878906,35.70000076293945,36.0,148030362
2020-02-04,36.150001525878906,36.400001525878906,34.45000076293945,34.95000076293945,138230643
2020-02-05,35.099998474121094,39.70000076293945,34.04999923706055,37.59999847412109,281100614
2020-02-06,37.900001525878906,39.5,37.79999923706055,38.54999923706055,135268292
2020-02-07,38.79999923706055,39.95000076293945,38.150001525878906,38.70000076293945,127163152
2020-02-10,40.0,40.75,37.09999847412109,37.54999923706055,142245961
2020-02-11,37.75,38.09999847412109,36.70000076293945,36.84999847412109,96791648
2020-02-12,36.75,36.75,35.04999923706055,35.20000076293945,101372754
2020-02-13,36.95000076293945,38.0,36.0,37.20000076293945,168339964
2020-02-14,37.5,40.20000076293945,37.5,38.900001525878906,187898337
2020-02-17,39.5,40.09999847412109,36.59999847412109,37.150001525878906,116075992
2020-02-18,37.34999847412109,37.5,33.650001525878906,35.04999923706055,229070225
2020-02-19,34.0,36.20000076293945,33.599998474121094,35.29999923706055,127701131
2020-02-20,35.29999923706055,36.5,34.650001525878906,35.45000076293945,119436898
2020-02-24,35.5,35.900001525878906,34.150001525878906,34.95000076293945,105851722
2020-02-25,35.25,36.0,34.75,35.150001525878906,88184594
2020-02-26,34.900001525878906,37.04999923706055,34.45000076293945,36.54999923706055,149229469
2020-02-27,37.29999923706055,37.95000076293945,36.0,36.79999923706055,164315370
2020-02-28,35.150001525878906,35.849998474121094,34.29999923706055,34.599998474121094,141720001
2020-03-02,35.20000076293945,35.54999923706055,29.799999237060547,31.549999237060547,127750922
2020-03-03,32.45000076293945,33.29999923706055,30.5,31.200000762939453,164268356
2020-03-04,31.5,31.700000762939453,28.700000762939453,29.299999237060547,202851281
2020-03-05,29.399999618530273,37.849998474121094,28.0,36.79999923706055,784703310
2020-03-06,33.150001525878906,33.150001525878906,5.650000095367432,16.149999618530273,191175895
2020-03-09,17.0,22.799999237060547,16.200000762939453,21.25,727555369
2020-03-11,23.350000381469727,29.600000381469727,23.350000381469727,28.799999237060547,413642132
2020-03-12,28.700000762939453,28.700000762939453,17.450000762939453,25.049999237060547,337764206
2020-03-13,22.549999237060547,27.700000762939453,21.350000381469727,25.549999237060547,276659418
2020-03-16,26.700000762939453,40.400001525878906,26.049999237060547,37.099998474121094,166519072
2020-03-17,40.79999923706055,64.9000015258789,40.79999923706055,58.650001525878906,223459530
2020-03-18,64.5,87.30000305175781,49.900001525878906,60.45000076293945,364133191
2020-03-19,61.650001525878906,61.79999923706055,42.79999923706055,53.84999847412109,147322500
2020-03-20,59.20000076293945,67.30000305175781,41.25,45.84999847412109,118188727
2020-03-23,41.29999923706055,49.5,39.25,39.75,93892480
2020-03-24,43.650001525878906,43.70000076293945,34.54999923706055,35.0,79655385
2020-03-25,35.29999923706055,35.5,28.5,29.600000381469727,95151977
2020-03-26,29.350000381469727,31.0,25.200000762939453,26.600000381469727,119555918
2020-03-27,29.049999237060547,33.25,26.0,26.350000381469727,118571420
2020-03-30,27.64999961853028,27.700000762939453,24.549999237060547,24.89999961853028,54980358
2020-03-31,25.549999237060547,25.549999237060547,22.049999237060547,22.450000762939453,75256060
2020-04-01,22.0,24.649999618530273,20.25,23.950000762939453,90370313
2020-04-03,24.5,24.950000762939453,22.799999237060547,24.100000381469727,45325371
2020-04-07,25.399999618530273,25.399999618530273,23.799999237060547,24.549999237060547,35065244
2020-04-08,24.5,25.5,23.299999237060547,24.75,37246322
2020-04-09,25.0,25.299999237060547,24.5,24.899999618530277,26334203
2020-04-13,25.0,25.0,23.549999237060547,24.100000381469727,26106950
2020-04-15,24.100000381469727,25.950000762939453,23.850000381469727,24.5,39619283
2020-04-16,24.299999237060547,24.950000762939453,24.049999237060547,24.600000381469727,18765781
2020-04-17,25.100000381469727,25.5,24.700000762939453,25.100000381469727,26604581
2020-04-20,25.600000381469727,30.100000381469727,25.100000381469727,29.450000762939453,114972573
2020-04-21,29.399999618530277,30.450000762939453,27.549999237060547,29.649999618530277,76221038
2020-04-22,29.0,30.299999237060547,28.799999237060547,29.600000381469727,35024548
2020-04-23,29.600000381469727,29.89999961853028,27.850000381469727,28.299999237060547,33486481
2020-04-24,28.049999237060547,28.14999961853028,26.299999237060547,26.600000381469727,34134425
2020-04-27,26.799999237060547,27.700000762939453,25.89999961853028,27.049999237060547,32510358
2020-04-28,27.25,27.799999237060547,26.850000381469727,27.25,18702865
2020-04-29,27.0,29.350000381469727,26.600000381469727,28.049999237060547,42484371
2020-04-30,28.700000762939453,28.950000762939453,27.700000762939453,27.899999618530273,32086688
2020-05-04,27.5,27.649999618530273,26.600000381469727,27.049999237060547,22741985
2020-05-05,27.399999618530273,27.649999618530273,26.5,26.600000381469727,16869306
2020-05-06,26.399999618530273,26.75,25.0,26.299999237060547,22880846
2020-05-07,25.75,31.549999237060547,25.549999237060547,28.100000381469727,99669448
2020-05-08,28.100000381469727,28.799999237060547,26.64999961853028,27.049999237060547,28709680
2020-05-11,27.25,28.049999237060547,26.700000762939453,27.799999237060547,29803681
2020-05-12,27.700000762939453,28.399999618530277,26.850000381469727,27.950000762939453,21395640
2020-05-13,29.0,29.450000762939453,28.100000381469727,28.649999618530277,25818551
2020-05-14,28.39999961853028,28.799999237060547,27.89999961853028,28.200000762939453,13376096
2020-05-15,28.200000762939453,29.0,27.299999237060547,28.700000762939453,23445802
2020-05-18,28.649999618530277,28.649999618530277,26.799999237060547,27.549999237060547,20466541
2020-05-19,27.700000762939453,28.0,27.100000381469727,27.39999961853028,16161584
2020-05-20,27.149999618530277,27.600000381469727,27.100000381469727,27.149999618530277,9932936
2020-05-21,27.200000762939453,27.600000381469727,26.799999237060547,26.899999618530273,12104336
2020-05-22,26.950000762939453,27.0,26.0,26.549999237060547,14604330
2020-05-26,26.950000762939453,28.149999618530273,26.350000381469727,27.399999618530273,19431745
2020-05-27,27.450000762939453,27.899999618530273,27.350000381469727,27.600000381469727,12273157
2020-05-28,27.850000381469727,28.799999237060547,26.850000381469727,27.0,27672133
2020-05-29,26.5,27.399999618530273,26.5,26.850000381469727,15147150
2020-06-01,27.549999237060547,27.600000381469727,27.0,27.149999618530273,11174742
2020-06-02,27.25,27.399999618530273,27.049999237060547,27.149999618530273,9992679
2020-06-03,27.600000381469727,29.399999618530273,27.25,27.950000762939453,31711143
2020-06-04,28.0,28.700000762939453,27.799999237060547,27.950000762939453,12147977
2020-06-05,28.0,29.200000762939453,28.0,28.850000381469727,18867551
2020-06-08,29.600000381469727,32.0,29.0,30.600000381469727,49257020
2020-06-09,31.0,31.600000381469727,29.700000762939453,29.850000381469727,23134107
2020-06-10,30.350000381469727,30.75,30.0,30.399999618530277,15646728
2020-06-11,30.600000381469727,31.700000762939453,29.600000381469727,29.799999237060547,20832320
2020-06-12,28.0,29.700000762939453,28.0,29.5,12411225
2020-06-15,30.0,30.799999237060547,28.799999237060547,29.0,13439069
2020-06-16,29.5,29.950000762939453,27.549999237060547,28.399999618530273,22459034
2020-06-17,27.350000381469727,28.299999237060547,27.049999237060547,27.649999618530273,12790776
2020-06-18,27.700000762939453,28.200000762939453,27.399999618530273,28.0,11550447
2020-06-19,28.200000762939453,28.299999237060547,27.899999618530273,28.0,9274835
2020-06-22,28.100000381469727,28.5,27.350000381469727,27.75,19374366
2020-06-23,27.799999237060547,27.799999237060547,27.399999618530273,27.549999237060547,16731250
2020-06-24,27.799999237060547,27.799999237060547,27.049999237060547,27.049999237060547,14013891
2020-06-25,27.049999237060547,27.25,26.549999237060547,27.0,9661441
2020-06-26,27.200000762939453,27.25,26.600000381469727,26.75,12130118
2020-06-29,26.799999237060547,26.899999618530273,26.0,26.100000381469727,10631833
2020-06-30,26.5,26.600000381469727,25.5,25.600000381469727,16159682
2020-07-01,25.75,28.350000381469727,25.0,26.899999618530273,27482989
2020-07-02,27.299999237060547,27.299999237060547,26.049999237060547,26.25,15594665
2020-07-03,26.5,26.549999237060547,25.799999237060547,26.149999618530273,14789015
2020-07-06,26.39999961853028,26.450000762939453,25.950000762939453,26.049999237060547,12731540
2020-07-07,26.049999237060547,26.100000381469727,25.5,25.75,19463491
2020-07-08,25.200000762939453,27.100000381469727,24.0,26.049999237060547,33209234
2020-07-09,27.5,27.5,26.200000762939453,26.64999961853028,42165092
2020-07-10,26.700000762939453,26.75,24.200000762939453,25.549999237060547,54310633
2020-07-13,22.049999237060547,23.5,21.0,22.049999237060547,70078860
2020-07-14,21.799999237060547,21.799999237060547,20.299999237060547,20.950000762939453,36850817
2020-07-15,20.5,22.0,20.299999237060547,20.450000762939453,43240230
2020-07-16,20.0,20.25,18.700000762939453,19.200000762939453,38190777
2020-07-17,18.399999618530277,20.399999618530277,18.100000381469727,19.799999237060547,71202774
2020-07-20,19.799999237060547,19.950000762939453,18.700000762939453,19.450000762939453,36858480
2020-07-21,19.0,19.450000762939453,18.799999237060547,19.299999237060547,27565157
2020-07-22,18.649999618530273,19.0,18.049999237060547,18.25,47887319
2020-07-23,14.600000381469728,16.450000762939453,14.600000381469728,14.75,453366646
2020-07-24,14.0,14.399999618530273,13.550000190734863,13.649999618530273,455328516
2020-07-27,12.300000190734863,12.300000190734863,12.300000190734863,12.300000190734863,299492432
2020-07-28,11.100000381469728,11.949999809265137,11.100000381469728,11.899999618530272,1057366999
2020-07-29,12.0,12.300000190734863,11.649999618530272,11.699999809265137,596420949
2020-07-30,11.949999809265137,12.100000381469727,11.850000381469727,11.949999809265137,224033242
2020-07-31,12.050000190734863,12.100000381469728,11.899999618530272,11.949999809265137,120243755
2020-08-03,12.0,12.050000190734863,11.899999618530273,12.0,90175030
2020-08-04,12.300000190734863,12.399999618530273,12.149999618530273,12.25,156911412
2020-08-05,12.25,12.850000381469727,12.199999809265137,12.850000381469727,372809488
2020-08-06,13.449999809265137,13.449999809265137,13.149999618530273,13.449999809265137,426044666
2020-08-07,14.0,14.100000381469727,13.350000381469727,14.100000381469727,706275586
2020-08-10,14.5,14.800000190734863,14.300000190734863,14.800000190734863,221529507
2020-08-11,15.5,15.5,15.5,15.5,34750719
2020-08-12,16.25,16.25,16.25,16.25,31868213
2020-08-13,17.049999237060547,17.049999237060547,15.649999618530273,15.850000381469727,722489696
2020-08-14,15.899999618530273,15.899999618530273,15.100000381469727,15.100000381469727,190647399
2020-08-17,14.699999809265137,14.899999618530273,14.350000381469727,14.350000381469727,276737240
2020-08-18,14.100000381469727,15.050000190734863,13.899999618530273,15.050000190734863,404132200
2020-08-19,15.5,15.800000190734863,15.350000381469728,15.800000190734863,257838316
2020-08-20,15.800000190734863,16.399999618530273,15.350000381469728,15.75,401468763
2020-08-21,16.0,16.100000381469727,15.300000190734863,15.550000190734863,146216818
2020-08-24,15.25,15.449999809265137,14.800000190734863,14.800000190734863,331316063
2020-08-25,14.75,15.0,14.350000381469728,14.75,206492592
2020-08-26,14.850000381469728,14.899999618530272,14.600000381469728,14.649999618530272,107557951
2020-08-27,14.75,14.899999618530272,14.600000381469728,14.699999809265137,99011520
2020-08-28,15.100000381469727,15.399999618530273,14.899999618530273,15.0,273107176
2020-08-31,15.350000381469728,15.600000381469728,14.300000190734863,14.350000381469728,244889307
2020-09-01,14.350000381469728,15.0,13.949999809265137,14.649999618530272,170999195
2020-09-02,14.800000190734863,14.800000190734863,14.199999809265137,14.399999618530272,94394931
2020-09-03,14.399999618530273,14.800000190734863,14.199999809265137,14.600000381469727,112737222
2020-09-04,14.199999809265137,14.449999809265137,14.050000190734863,14.25,85850962
2020-09-07,14.25,14.300000190734863,14.050000190734863,14.100000381469728,86411606
2020-09-08,14.100000381469727,14.149999618530273,13.899999618530273,13.949999809265137,68597182
2020-09-09,13.699999809265137,13.75,13.300000190734863,13.649999618530272,142131529
2020-09-10,13.75,14.149999618530272,13.649999618530272,13.899999618530272,93268086
2020-09-11,14.350000381469727,14.550000190734863,14.25,14.550000190734863,147448491
2020-09-14,14.949999809265137,15.25,14.550000190734863,14.75,332717172
2020-09-15,14.850000381469727,14.949999809265137,14.449999809265137,14.550000190734863,83553375
2020-09-16,14.600000381469728,14.600000381469728,14.199999809265137,14.25,86647887
2020-09-17,14.0,14.25,13.649999618530272,14.100000381469728,99045764
2020-09-18,14.100000381469727,14.25,13.949999809265137,14.0,63794776
2020-09-21,14.0,14.050000190734863,13.5,13.550000190734863,92759761
2020-09-22,13.5,13.5,12.949999809265137,13.199999809265137,125131484
2020-09-23,13.399999618530273,13.5,13.0,13.149999618530273,85126564
2020-09-24,13.0,13.050000190734863,12.75,12.949999809265137,111595285
2020-09-25,13.0,13.550000190734863,13.0,13.350000381469728,113039504
2020-09-28,13.5,13.850000381469727,13.350000381469727,13.550000190734863,73586832
2020-09-29,13.600000381469727,13.649999618530273,13.300000190734863,13.350000381469727,65134501
2020-09-30,13.399999618530273,13.399999618530273,13.100000381469727,13.149999618530273,40558694
2020-10-01,13.300000190734863,13.5,13.149999618530272,13.300000190734863,45034473
2020-10-05,13.449999809265137,13.649999618530272,13.300000190734863,13.350000381469728,52848911
2020-10-06,13.350000381469728,13.449999809265137,13.149999618530272,13.300000190734863,41178408
2020-10-07,13.300000190734863,13.300000190734863,13.100000381469728,13.149999618530272,31461862
2020-10-08,13.199999809265137,13.25,13.100000381469728,13.100000381469728,36030642
2020-10-09,13.050000190734863,13.199999809265137,13.0,13.149999618530273,48956206
2020-10-12,13.199999809265137,13.350000381469727,12.949999809265137,13.0,86131388
2020-10-13,12.949999809265137,13.149999618530273,12.800000190734863,12.949999809265137,63116120
2020-10-14,12.899999618530273,12.949999809265137,12.800000190734863,12.899999618530273,63099710
2020-10-15,12.899999618530272,12.899999618530272,12.600000381469728,12.649999618530272,53991774
2020-10-16,12.550000190734863,12.75,12.5,12.649999618530272,60457260
2020-10-19,12.850000381469727,13.050000190734863,12.800000190734863,12.899999618530273,52205071
2020-10-20,12.899999618530273,12.949999809265137,12.800000190734863,12.899999618530273,36303794
2020-10-21,13.0,13.149999618530273,12.649999618530273,12.949999809265137,76137706
2020-10-22,12.899999618530273,12.949999809265137,12.649999618530273,12.699999809265137,60841978
2020-10-23,12.699999809265137,13.300000190734863,12.649999618530273,13.300000190734863,73134340
2020-10-26,13.949999809265137,13.949999809265137,12.899999618530273,13.149999618530273,187495012
2020-10-27,13.050000190734863,13.100000381469727,12.699999809265137,12.850000381469727,96603556
2020-10-28,12.800000190734863,12.800000190734863,12.5,12.5,98681293
2020-10-29,12.300000190734863,12.449999809265137,12.149999618530273,12.399999618530273,58770634
2020-10-30,12.399999618530272,12.600000381469728,12.300000190734863,12.399999618530272,52710399
2020-11-02,12.449999809265137,12.5,12.199999809265137,12.25,49849401
2020-11-03,12.399999618530273,12.399999618530273,12.25,12.25,47277462
2020-11-04,12.300000190734863,12.399999618530272,12.199999809265137,12.25,45799739
2020-11-05,12.25,12.399999618530272,12.25,12.300000190734863,32619961
2020-11-06,12.300000190734863,12.350000381469727,12.199999809265137,12.300000190734863,83956341
2020-11-09,12.350000381469727,12.899999618530273,12.25,12.899999618530273,128615608
2020-11-10,13.5,13.5,13.5,13.5,80270780
2020-11-11,14.149999618530273,14.149999618530273,14.149999618530273,14.149999618530273,54007188
2020-11-12,14.699999809265137,14.699999809265137,13.600000381469728,14.350000381469728,480646515
2020-11-13,14.25,14.850000381469728,13.949999809265137,14.550000190734863,232152650
2020-11-14,14.800000190734863,14.899999618530272,14.5,14.550000190734863,66249326
2020-11-17,14.649999618530272,14.699999809265137,14.399999618530272,14.649999618530272,192776749
2020-11-18,14.649999618530273,14.850000381469727,14.449999809265137,14.699999809265137,207060545
2020-11-19,14.550000190734863,14.699999809265137,14.050000190734863,14.25,200887914
2020-11-20,14.300000190734863,14.649999618530272,14.100000381469728,14.550000190734863,183959497
2020-11-23,14.649999618530273,14.899999618530273,14.25,14.550000190734863,305463387
2020-11-24,14.600000381469727,14.75,14.5,14.699999809265137,173079102
2020-11-25,14.75,14.75,14.050000190734863,14.149999618530272,157534267
2020-11-26,14.149999618530272,14.25,13.850000381469728,14.100000381469728,126306469
2020-11-27,14.199999809265137,14.800000190734863,14.050000190734863,14.699999809265137,21419226
2020-12-01,15.399999618530273,15.399999618530273,15.050000190734863,15.399999618530273,384256021
2020-12-02,15.699999809265137,15.899999618530273,14.850000381469727,15.449999809265137,311349886
2020-12-03,15.649999618530272,15.800000190734863,15.25,15.449999809265137,152445535
2020-12-04,15.600000381469727,15.600000381469727,15.050000190734863,15.350000381469727,149691622
2020-12-07,15.649999618530273,15.850000381469727,15.5,15.75,193242183
2020-12-08,16.0,17.299999237060547,16.0,17.299999237060547,562741066
2020-12-09,18.25,19.0,18.049999237060547,19.0,488175314
2020-12-10,20.0,20.75,19.14999961853028,20.450000762939453,662896680
2020-12-11,20.75,20.75,19.450000762939453,19.450000762939453,444459632
2020-12-14,19.399999618530273,19.450000762939453,18.5,18.5,136661650
2020-12-15,17.799999237060547,18.450000762939453,17.600000381469727,18.299999237060547,446734713
2020-12-16,18.700000762939453,19.200000762939453,18.399999618530277,18.850000381469727,250939029
2020-12-17,18.899999618530277,18.899999618530277,18.149999618530277,18.25,131495445
2020-12-18,18.14999961853028,19.100000381469727,17.549999237060547,18.89999961853028,283132487
2020-12-21,18.950000762939453,19.0,18.0,18.0,168955038
2020-12-22,17.399999618530273,17.600000381469727,17.100000381469727,17.299999237060547,284913909
2020-12-23,17.5,17.850000381469727,17.049999237060547,17.600000381469727,216066991
2020-12-24,17.899999618530273,18.0,17.299999237060547,17.549999237060547,124638448
2020-12-28,17.799999237060547,18.200000762939453,17.549999237060547,17.799999237060547,149082382
2020-12-29,17.850000381469727,18.0,17.600000381469727,17.75,103589664
2020-12-30,17.700000762939453,17.850000381469727,17.450000762939453,17.75,79131606
2020-12-31,17.75,18.149999618530277,17.649999618530273,17.850000381469727,125361787
2021-01-01,17.850000381469727,18.450000762939453,17.799999237060547,18.0,146080241
2021-01-04,18.399999618530277,18.600000381469727,17.899999618530273,18.0,214860840
2021-01-05,17.950000762939453,18.25,17.75,18.0,172429356
2021-01-06,18.200000762939453,18.39999961853028,17.799999237060547,18.0,196901365
2021-01-07,18.200000762939453,18.350000381469727,17.850000381469727,18.0,157589035
2021-01-08,18.200000762939453,18.299999237060547,17.799999237060547,18.049999237060547,183783931
2021-01-11,18.299999237060547,18.549999237060547,17.850000381469727,17.950000762939453,189373243
2021-01-12,17.850000381469727,18.5,17.600000381469727,18.049999237060547,320993651
2021-01-13,18.149999618530273,18.299999237060547,17.149999618530273,17.799999237060547,280118603
2021-01-14,17.850000381469727,18.100000381469727,17.600000381469727,17.850000381469727,141291865
2021-01-15,17.799999237060547,17.850000381469727,17.25,17.600000381469727,163516334
2021-01-18,18.100000381469727,18.100000381469727,17.450000762939453,17.700000762939453,210883697
2021-01-19,17.850000381469727,18.0,17.600000381469727,17.899999618530273,128056245
2021-01-20,17.950000762939453,18.0,17.399999618530273,17.649999618530273,196996362
2021-01-21,17.700000762939453,17.799999237060547,17.149999618530273,17.25,229436846
2021-01-22,17.350000381469727,17.5,16.75,17.0,220887609
2021-01-25,17.399999618530273,17.5,16.25,16.350000381469727,326357534
2021-01-27,16.200000762939453,16.200000762939453,15.699999809265137,15.75,224836150
2021-01-28,15.199999809265137,15.399999618530272,15.0,15.050000190734863,312839641
2021-01-29,15.100000381469728,15.800000190734863,15.0,15.75,183110147
2021-02-01,16.0,16.5,15.449999809265137,16.399999618530273,186599301
2021-02-02,16.549999237060547,16.850000381469727,16.100000381469727,16.549999237060547,180587323
2021-02-03,16.649999618530273,16.649999618530273,16.200000762939453,16.25,88995339
2021-02-04,16.25,16.549999237060547,16.049999237060547,16.200000762939453,129199434
2021-02-05,16.850000381469727,17.450000762939453,16.75,16.899999618530273,235552294
2021-02-08,17.149999618530273,17.299999237060547,16.899999618530273,17.049999237060547,132788785
2021-02-09,17.100000381469727,17.100000381469727,16.600000381469727,16.649999618530273,94882109
2021-02-10,16.649999618530273,16.700000762939453,16.299999237060547,16.399999618530273,80183508
2021-02-11,16.399999618530273,16.700000762939453,16.299999237060547,16.5,58079419
2021-02-12,16.5,16.549999237060547,16.350000381469727,16.399999618530273,47492701
2021-02-15,16.399999618530273,16.600000381469727,16.149999618530273,16.25,64057989
2021-02-16,16.25,16.350000381469727,15.949999809265137,16.049999237060547,77478438
2021-02-17,16.049999237060547,16.100000381469727,15.75,15.899999618530272,87586901
2021-02-18,15.850000381469727,16.549999237060547,15.649999618530273,16.149999618530273,172725915
2021-02-19,16.149999618530273,16.299999237060547,15.850000381469727,15.949999809265137,94798271
2021-02-22,16.0,16.0,15.550000190734863,15.600000381469728,75367244
2021-02-23,15.600000381469727,15.75,15.5,15.600000381469727,65178836
2021-02-24,15.800000190734863,16.399999618530273,15.699999809265137,16.100000381469727,100496229
2021-02-25,16.100000381469727,16.350000381469727,16.049999237060547,16.100000381469727,69277131
2021-02-26,15.800000190734863,15.949999809265137,15.649999618530273,15.75,115922281
2021-03-01,15.949999809265137,16.899999618530273,15.75,16.299999237060547,182912199
2021-03-02,16.5,16.649999618530273,16.25,16.299999237060547,82198118
2021-03-03,16.399999618530273,16.549999237060547,16.25,16.350000381469727,95262247
2021-03-04,16.25,16.75,16.049999237060547,16.600000381469727,147502225
2021-03-05,16.600000381469727,16.899999618530273,16.299999237060547,16.350000381469727,102085430
2021-03-08,16.549999237060547,16.649999618530273,16.25,16.25,67424765
2021-03-09,16.25,16.399999618530273,15.949999809265137,16.049999237060547,77245066
2021-03-10,16.100000381469727,16.25,16.0,16.049999237060547,44844215
2021-03-12,16.0,16.25,15.850000381469728,15.899999618530272,81941288
2021-03-15,15.699999809265137,15.75,15.449999809265137,15.649999618530272,80249970
2021-03-16,15.649999618530272,15.649999618530272,15.399999618530272,15.449999809265137,53393224
2021-03-17,15.449999809265137,15.550000190734863,15.050000190734863,15.100000381469727,81186413
2021-03-18,15.199999809265137,15.300000190734863,14.800000190734863,14.899999618530273,92968773
2021-03-19,14.850000381469727,15.050000190734863,14.300000190734863,14.949999809265137,133410477
2021-03-22,14.949999809265137,15.100000381469728,14.75,14.850000381469728,62159949
2021-03-23,14.899999618530273,15.050000190734863,14.75,14.899999618530273,61085946
2021-03-24,14.850000381469727,15.0,14.600000381469727,14.649999618530273,59903730
2021-03-25,14.649999618530272,14.699999809265137,14.100000381469728,14.199999809265137,110609689
2021-03-26,14.25,14.5,14.0,14.050000190734863,106766399
2021-03-30,14.149999618530272,16.850000381469727,14.0,16.299999237060547,336230897
2021-03-31,16.149999618530273,16.25,15.399999618530272,15.600000381469728,208381534
2021-04-01,15.649999618530272,15.850000381469728,15.350000381469728,15.699999809265137,93196660
2021-04-05,15.850000381469727,15.949999809265137,15.199999809265137,15.5,83064018
2021-04-06,15.649999618530273,15.850000381469727,15.5,15.600000381469727,59808985
2021-04-07,15.600000381469728,15.699999809265137,15.399999618530272,15.600000381469728,50497122
2021-04-08,15.649999618530273,15.699999809265137,15.5,15.550000190734863,45104506
2021-04-09,15.550000190734863,15.649999618530272,15.399999618530272,15.449999809265137,40565587
2021-04-12,15.199999809265137,15.25,14.399999618530272,14.449999809265137,123708161
2021-04-13,14.399999618530272,14.75,14.300000190734863,14.699999809265137,79542179
2021-04-15,14.699999809265137,14.699999809265137,14.399999618530273,14.550000190734863,58323051
2021-04-16,14.550000190734863,14.800000190734863,14.449999809265137,14.600000381469727,65324005
2021-04-19,14.199999809265137,14.300000190734863,14.050000190734863,14.199999809265137,75069350
2021-04-20,14.300000190734863,14.350000381469727,14.0,14.050000190734863,79998707
2021-04-22,14.0,14.199999809265137,13.899999618530273,14.050000190734863,65105485
2021-04-23,14.0,14.149999618530273,13.899999618530273,14.0,89475097
2021-04-26,14.050000190734863,14.199999809265137,14.0,14.050000190734863,73016298
2021-04-27,14.050000190734863,15.050000190734863,14.0,14.75,127545345
2021-04-28,14.800000190734863,15.050000190734863,14.75,14.800000190734863,81387698
2021-04-29,14.949999809265137,15.149999618530272,14.350000381469728,14.5,135559239
2021-04-30,14.5,14.800000190734863,14.399999618530272,14.550000190734863,98365622
2021-05-03,12.850000381469728,14.0,12.850000381469728,13.899999618530272,248997751
2021-05-04,14.0,14.149999618530273,13.800000190734863,13.850000381469727,104431586
2021-05-05,13.949999809265137,14.050000190734863,13.800000190734863,13.850000381469728,55591203
2021-05-06,13.899999618530272,13.899999618530272,13.5,13.550000190734863,122661349
2021-05-07,13.649999618530272,13.649999618530272,13.300000190734863,13.350000381469728,120981135
2021-05-10,13.399999618530272,13.449999809265137,13.050000190734863,13.100000381469728,113970494
2021-05-11,13.100000381469728,13.399999618530272,13.0,13.149999618530272,141571542
2021-05-12,13.149999618530272,13.75,13.100000381469728,13.300000190734863,159663998
2021-05-14,13.399999618530273,13.449999809265137,13.149999618530273,13.199999809265137,85666983
2021-05-17,13.25,13.399999618530272,13.25,13.350000381469728,95074257
2021-05-18,13.399999618530272,13.5,13.25,13.350000381469728,82571190
2021-05-19,13.350000381469728,13.399999618530272,13.199999809265137,13.300000190734863,87038860
2021-05-20,13.350000381469728,13.399999618530272,13.149999618530272,13.25,75911849
2021-05-21,13.300000190734863,13.399999618530272,13.149999618530272,13.350000381469728,112270395
2021-05-24,13.350000381469728,14.100000381469728,13.300000190734863,13.850000381469728,300924526
2021-05-25,13.850000381469727,13.850000381469727,13.449999809265137,13.600000381469727,86120404
2021-05-26,13.649999618530272,13.699999809265137,13.399999618530272,13.449999809265137,110243035
2021-05-27,13.5,13.600000381469728,13.300000190734863,13.399999618530272,211323869
2021-05-28,13.399999618530273,13.5,13.300000190734863,13.350000381469727,82458603
2021-05-31,13.399999618530273,13.600000381469727,13.350000381469727,13.5,65555223
2021-06-01,13.5,13.550000190734863,13.300000190734863,13.350000381469728,59365980
2021-06-02,13.350000381469727,13.600000381469727,13.350000381469727,13.449999809265137,77114380
2021-06-03,13.5,13.600000381469727,13.399999618530273,13.5,87413665
2021-06-04,13.550000190734863,13.899999618530272,13.5,13.75,183326321
2021-06-07,13.850000381469728,15.199999809265137,13.800000190734863,15.050000190734863,566089990
2021-06-08,15.199999809265137,15.550000190734863,14.550000190734863,14.75,283140374
2021-06-09,14.850000381469728,15.050000190734863,14.100000381469728,14.199999809265137,224789425
2021-06-10,14.25,14.800000190734863,14.199999809265137,14.649999618530273,128849317
2021-06-11,14.899999618530272,15.0,14.350000381469728,14.399999618530272,135479511
2021-06-14,14.399999618530273,14.399999618530273,13.899999618530273,14.100000381469727,157306721
2021-06-15,14.149999618530273,14.350000381469727,14.050000190734863,14.100000381469727,76892324
2021-06-16,14.149999618530272,14.300000190734863,14.0,14.0,77914829
2021-06-17,13.899999618530273,14.100000381469727,13.699999809265137,13.75,104336143
2021-06-18,13.800000190734863,13.899999618530273,13.449999809265137,13.75,105351801
2021-06-21,13.649999618530273,14.050000190734863,13.350000381469727,13.899999618530273,123963605
2021-06-22,14.100000381469727,14.100000381469727,13.75,13.800000190734863,93776874
2021-06-23,13.850000381469727,13.949999809265137,13.600000381469727,13.699999809265137,78472594
2021-06-24,13.75,13.899999618530272,13.600000381469728,13.600000381469728,83838008
2021-06-25,13.649999618530272,13.75,13.550000190734863,13.649999618530272,64386105
2021-06-28,13.699999809265137,13.800000190734863,13.600000381469728,13.649999618530272,55278874
2021-06-29,13.649999618530273,13.800000190734863,13.5,13.550000190734863,77004331
2021-06-30,13.600000381469728,13.899999618530272,13.5,13.550000190734863,106479676
2021-07-01,13.550000190734863,13.699999809265137,13.5,13.550000190734863,70546748
2021-07-02,13.550000190734863,13.699999809265137,13.5,13.550000190734863,55229264
2021-07-05,13.649999618530273,13.649999618530273,13.449999809265137,13.449999809265137,70053302
2021-07-06,13.449999809265137,13.550000190734863,13.300000190734863,13.350000381469727,62417703
2021-07-07,13.350000381469727,13.449999809265137,13.300000190734863,13.300000190734863,61558174
2021-07-08,13.350000381469728,13.449999809265137,13.300000190734863,13.350000381469728,68507663
2021-07-09,13.350000381469728,13.350000381469728,13.199999809265137,13.25,67070257
2021-07-12,13.25,13.350000381469728,13.050000190734863,13.100000381469728,102986230
2021-07-13,13.149999618530272,13.25,12.949999809265137,13.0,101454204
2021-07-14,13.050000190734863,13.050000190734863,13.0,13.050000190734863,36945483
2021-07-15,13.050000190734863,13.850000381469728,13.0,13.550000190734863,184390448
2021-07-16,13.600000381469727,13.600000381469727,13.300000190734863,13.399999618530273,66607893
2021-07-19,13.300000190734863,13.350000381469727,13.149999618530273,13.199999809265137,96849269
2021-07-20,13.25,13.25,12.899999618530273,12.949999809265137,133935082
2021-07-22,13.050000190734863,13.199999809265137,13.0,13.0,52313522
2021-07-23,13.100000381469727,13.199999809265137,13.0,13.050000190734863,67760836
2021-07-26,13.800000190734863,14.100000381469727,13.25,13.300000190734863,252916364
2021-07-27,13.350000381469728,13.399999618530272,13.0,13.050000190734863,135122387
2021-07-28,13.100000381469727,13.100000381469727,12.850000381469727,12.949999809265137,129141525
2021-07-29,13.0,13.050000190734863,12.800000190734863,12.850000381469728,74498391
2021-07-30,12.899999618530273,12.949999809265137,12.699999809265137,12.75,99429624
2021-08-02,12.850000381469728,12.899999618530272,12.699999809265137,12.75,92948479
2021-08-03,12.800000190734863,12.850000381469728,12.699999809265137,12.75,62836740
2021-08-04,12.800000190734863,12.850000381469728,12.600000381469728,12.649999618530272,93050718
2021-08-05,12.649999618530272,12.699999809265137,12.300000190734863,12.399999618530272,83509704
2021-08-06,12.449999809265137,12.75,12.399999618530272,12.5,64413341
2021-08-09,12.600000381469728,12.649999618530272,12.399999618530272,12.449999809265137,45466916
2021-08-10,12.399999618530272,12.949999809265137,12.300000190734863,12.300000190734863,87906293
2021-08-11,12.350000381469727,12.350000381469727,11.899999618530273,11.949999809265137,120719125
2021-08-12,12.0,12.149999618530272,11.899999618530272,11.949999809265137,75856427
2021-08-13,12.0,12.050000190734863,11.850000381469728,11.899999618530272,78563651
2021-08-16,11.949999809265137,11.949999809265137,11.600000381469728,11.699999809265137,63301331
2021-08-17,11.699999809265137,11.75,11.199999809265137,11.25,102193711
2021-08-18,11.300000190734863,11.449999809265137,11.100000381469727,11.300000190734863,100746217
2021-08-20,11.199999809265137,11.199999809265137,11.050000190734863,11.149999618530273,74548015
2021-08-23,11.25,11.300000190734863,10.5,10.800000190734863,129880959
2021-08-24,10.850000381469727,11.25,10.699999809265137,11.0,128570784
2021-08-25,10.949999809265137,11.149999618530272,10.800000190734863,10.949999809265137,99499009
2021-08-26,10.949999809265137,11.25,10.899999618530272,10.949999809265137,91932265
2021-08-27,10.949999809265137,11.149999618530273,10.899999618530273,11.050000190734863,62585083
2021-08-30,11.149999618530273,11.149999618530273,10.800000190734863,10.899999618530273,115836903
2021-08-31,10.899999618530273,11.0,10.75,10.800000190734863,89884569
2021-09-01,10.800000190734863,11.399999618530273,10.75,11.100000381469727,151330531
2021-09-02,11.149999618530272,11.399999618530272,10.949999809265137,11.149999618530272,159594864
2021-09-03,11.199999809265137,11.25,11.050000190734863,11.100000381469727,111419956
2021-09-06,11.149999618530272,11.199999809265137,10.949999809265137,11.0,58976619
2021-09-07,11.050000190734863,11.050000190734863,10.800000190734863,10.899999618530272,59519176
2021-09-08,10.949999809265137,11.399999618530272,10.899999618530272,10.899999618530272,146456916
2021-09-09,10.899999618530273,11.100000381469727,10.800000190734863,10.949999809265137,89310141
2021-09-13,11.0,11.149999618530273,10.899999618530273,11.100000381469727,115738343
2021-09-14,11.100000381469727,12.850000381469727,11.050000190734863,12.449999809265137,777602458
2021-09-15,12.600000381469728,12.850000381469728,12.300000190734863,12.699999809265137,338102064
2021-09-16,12.949999809265137,15.050000190734863,12.899999618530272,14.699999809265137,910231884
2021-09-17,14.350000381469727,14.5,12.949999809265137,13.25,582883624
2021-09-20,13.0,13.75,12.699999809265137,12.800000190734863,180681962
2021-09-21,12.899999618530272,13.050000190734863,12.550000190734863,13.0,110549666
2021-09-22,13.100000381469727,13.399999618530273,13.050000190734863,13.149999618530273,90746640
2021-09-23,13.25,13.350000381469728,12.949999809265137,13.0,78550572
2021-09-24,13.0,13.300000190734863,12.800000190734863,12.850000381469728,71409608
2021-09-27,13.0,13.0,12.800000190734863,12.899999618530272,54816217
2021-09-28,13.0,13.199999809265137,12.550000190734863,12.75,115261485
2021-09-29,12.649999618530273,12.850000381469727,12.199999809265137,12.300000190734863,195039117
2021-09-30,12.350000381469728,12.75,12.300000190734863,12.550000190734863,67706218
2021-10-01,12.5,13.399999618530272,12.399999618530272,12.850000381469728,199414914
2021-10-04,13.050000190734863,13.199999809265137,13.0,13.100000381469727,88762032
2021-10-05,13.100000381469728,13.199999809265137,13.0,13.100000381469728,96849882
2021-10-06,13.149999618530272,13.5,13.0,13.050000190734863,124309047
2021-10-07,13.149999618530273,13.449999809265137,12.850000381469727,13.149999618530273,150895888
2021-10-08,13.300000190734863,13.5,13.149999618530273,13.199999809265137,82980014
2021-10-11,13.300000190734863,13.350000381469727,13.050000190734863,13.050000190734863,58760797
2021-10-12,13.100000381469728,13.350000381469728,13.0,13.199999809265137,107152589
2021-10-13,13.300000190734863,13.350000381469728,13.199999809265137,13.25,76105307
2021-10-14,13.25,13.449999809265137,13.199999809265137,13.199999809265137,82128218
2021-10-18,13.449999809265137,14.350000381469727,13.350000381469727,13.949999809265137,327306508
2021-10-19,14.100000381469728,14.25,13.5,13.600000381469728,146859092
2021-10-20,13.600000381469727,13.75,13.300000190734863,13.5,100540663
2021-10-21,13.600000381469728,14.449999809265137,13.5,14.300000190734863,248334945
2021-10-22,14.550000190734863,14.649999618530272,13.399999618530272,13.75,332024855
2021-10-25,14.0,14.100000381469728,13.199999809265137,13.350000381469728,156375061
2021-10-26,13.350000381469727,13.649999618530273,13.25,13.449999809265137,103292300
2021-10-27,13.5,13.600000381469727,13.0,13.050000190734863,148970323
2021-10-28,13.100000381469728,13.100000381469728,12.649999618530272,12.75,122032074
2021-10-29,12.949999809265137,13.050000190734863,12.550000190734863,12.800000190734863,105143336
2021-11-01,12.850000381469727,13.25,12.699999809265137,13.050000190734863,95919811
2021-11-02,13.050000190734863,13.25,13.0,13.050000190734863,60470098
2021-11-03,13.100000381469728,13.149999618530272,12.949999809265137,13.0,50990867
2021-11-04,13.050000190734863,13.25,13.0,13.149999618530272,25871499
2021-11-08,13.199999809265137,13.449999809265137,13.050000190734863,13.100000381469727,68845607
2021-11-09,13.149999618530272,13.25,13.050000190734863,13.100000381469728,40719001
2021-11-10,13.100000381469728,13.149999618530272,13.0,13.0,42806649
2021-11-11,13.25,13.600000381469728,13.199999809265137,13.25,122452763
2021-11-12,13.300000190734863,13.399999618530272,13.050000190734863,13.149999618530272,43718885
2021-11-15,13.199999809265137,13.25,13.0,13.050000190734863,48088769
2021-11-16,13.100000381469727,13.199999809265137,13.0,13.050000190734863,58369877
2021-11-17,13.0,13.149999618530272,12.949999809265137,13.0,33082573
2021-11-18,13.050000190734863,13.050000190734863,12.800000190734863,12.850000381469728,59537598
2021-11-22,12.850000381469728,12.899999618530272,12.5,12.550000190734863,84612273
2021-11-23,12.550000190734863,12.699999809265137,12.449999809265137,12.550000190734863,69774910
2021-11-24,12.600000381469727,12.949999809265137,12.449999809265137,12.600000381469727,61441021
2021-11-25,12.600000381469727,12.800000190734863,12.550000190734863,12.75,49158856
2021-11-26,12.649999618530272,12.699999809265137,12.399999618530272,12.449999809265137,74233939
2021-11-29,12.350000381469728,12.449999809265137,12.149999618530272,12.149999618530272,68776074
2021-11-30,12.149999618530272,12.949999809265137,12.100000381469728,12.399999618530272,187690847
2021-12-01,12.25,12.699999809265137,12.149999618530273,12.449999809265137,111430763
2021-12-02,12.600000381469727,12.699999809265137,12.5,12.600000381469727,42857712
2021-12-03,12.649999618530272,12.699999809265137,12.5,12.550000190734863,59708926
2021-12-06,12.600000381469728,12.899999618530272,12.5,12.600000381469728,82373982
2021-12-07,12.649999618530272,13.699999809265137,12.600000381469728,13.100000381469728,318018723
2021-12-08,13.25,13.449999809265137,13.100000381469727,13.25,89385559
2021-12-09,13.300000190734863,14.199999809265137,13.25,14.0,371016070
2021-12-10,14.199999809265137,14.649999618530273,14.050000190734863,14.449999809265137,287016764
2021-12-13,14.699999809265137,14.949999809265137,13.800000190734863,14.0,255950390
2021-12-14,13.800000190734863,14.199999809265137,13.699999809265137,13.949999809265137,137444898
2021-12-15,13.899999618530273,14.149999618530273,13.699999809265137,13.75,113529974
2021-12-16,13.899999618530273,14.050000190734863,13.300000190734863,13.399999618530273,122729693
2021-12-17,13.550000190734863,13.600000381469727,13.050000190734863,13.149999618530273,111405508
2021-12-20,13.050000190734863,13.050000190734863,12.550000190734863,12.75,126631534
2021-12-21,13.050000190734863,13.25,12.850000381469728,13.0,82841162
2021-12-22,13.199999809265137,13.699999809265137,13.149999618530272,13.649999618530272,131722111
2021-12-23,13.800000190734863,13.850000381469728,13.5,13.550000190734863,71313187
2021-12-24,13.600000381469728,13.649999618530272,13.149999618530272,13.25,84988162
2021-12-27,13.149999618530273,13.449999809265137,13.050000190734863,13.199999809265137,62329124
2021-12-28,13.25,13.600000381469727,13.199999809265137,13.449999809265137,97031374
2021-12-29,13.5,14.149999618530273,13.449999809265137,13.899999618530273,125963208
2021-12-30,13.899999618530272,13.949999809265137,13.5,13.550000190734863,77192964
2021-12-31,13.649999618530273,13.899999618530273,13.600000381469727,13.699999809265137,72947892
2022-01-03,13.699999809265137,14.399999618530272,13.649999618530272,14.050000190734863,233646824
2022-01-04,14.100000381469727,14.649999618530273,14.050000190734863,14.5,239478313
2022-01-05,14.550000190734863,14.949999809265137,14.399999618530272,14.5,312373031
2022-01-06,14.25,14.449999809265137,14.100000381469727,14.25,125481711
2022-01-07,14.300000190734863,14.550000190734863,13.449999809265137,13.949999809265137,163782823
2022-01-10,13.949999809265137,14.25,13.899999618530272,14.0,85450112
2022-01-11,14.100000381469727,14.199999809265137,13.800000190734863,13.899999618530273,108029504
2022-01-12,13.949999809265137,14.0,13.699999809265137,13.75,70742108
2022-01-13,13.850000381469727,14.199999809265137,13.600000381469727,14.0,132643682
2022-01-14,13.949999809265137,14.149999618530273,13.850000381469727,14.050000190734863,76620802
2022-01-17,14.100000381469727,14.199999809265137,14.0,14.100000381469727,46460460
2022-01-18,14.100000381469727,14.149999618530273,13.699999809265137,13.800000190734863,98757385
2022-01-19,13.899999618530273,13.899999618530273,13.699999809265137,13.800000190734863,79519938
2022-01-20,13.800000190734863,14.0,13.75,13.800000190734863,54861059
2022-01-21,13.850000381469727,13.850000381469727,13.600000381469727,13.75,67086949
2022-01-24,14.199999809265137,14.199999809265137,13.399999618530272,13.449999809265137,200908635
2022-01-25,13.350000381469727,13.800000190734863,13.25,13.600000381469727,98939782
2022-01-27,13.5,13.649999618530273,13.350000381469727,13.550000190734863,95789692
2022-01-28,13.550000190734863,13.800000190734863,13.300000190734863,13.350000381469728,81562705
2022-01-31,13.5,13.600000381469728,13.199999809265137,13.300000190734863,82299006
2022-02-01,13.399999618530273,13.600000381469727,13.100000381469727,13.350000381469727,108761671
2022-02-02,13.5,13.800000190734863,13.399999618530272,13.649999618530272,74842792
2022-02-03,13.649999618530272,13.699999809265137,13.350000381469728,13.449999809265137,59047564
2022-02-04,13.600000381469728,13.850000381469728,13.550000190734863,13.699999809265137,102260941
2022-02-07,13.899999618530272,14.149999618530272,13.699999809265137,13.949999809265137,107878882
2022-02-08,14.050000190734863,14.25,14.0,14.149999618530272,148021736
2022-02-09,14.25,14.350000381469728,14.050000190734863,14.100000381469728,68633731
2022-02-10,14.149999618530273,14.199999809265137,13.800000190734863,13.850000381469727,65567550
2022-02-11,13.850000381469728,14.199999809265137,13.75,13.899999618530272,105169399
2022-02-14,13.800000190734863,13.850000381469727,13.199999809265137,13.25,115019220
2022-02-15,13.300000190734863,13.600000381469727,13.050000190734863,13.5,97078149
2022-02-16,13.649999618530272,13.699999809265137,13.5,13.550000190734863,61575713
2022-02-17,13.649999618530273,13.899999618530273,13.399999618530273,13.800000190734863,88068465
2022-02-18,13.899999618530273,14.100000381469727,13.800000190734863,13.899999618530273,67852119
2022-02-21,13.75,13.800000190734863,13.600000381469727,13.649999618530273,64338345
2022-02-22,13.449999809265137,13.75,13.350000381469728,13.600000381469728,110047883
2022-02-23,13.699999809265137,13.899999618530272,13.600000381469728,13.850000381469728,74202361
2022-02-24,13.449999809265137,13.649999618530272,12.5,12.600000381469728,172480925
2022-02-25,12.850000381469728,13.350000381469728,12.850000381469728,13.149999618530272,102883520
2022-02-28,13.050000190734863,13.350000381469728,12.899999618530272,13.25,138460582
2022-03-02,13.199999809265137,13.25,12.600000381469728,12.899999618530272,129830542
2022-03-03,13.149999618530273,13.199999809265137,12.800000190734863,12.949999809265137,118672276
2022-03-04,13.199999809265137,13.199999809265137,12.75,12.800000190734863,126930611
2022-03-07,12.699999809265137,12.800000190734863,12.600000381469727,12.649999618530273,88242222
2022-03-08,12.649999618530273,12.850000381469727,12.600000381469727,12.75,86562937
2022-03-09,12.800000190734863,12.949999809265137,12.649999618530273,12.75,122615702
2022-03-10,12.899999618530273,13.0,12.75,12.850000381469727,123845769
2022-03-11,12.850000381469727,12.899999618530273,12.699999809265137,12.75,58891356
2022-03-14,12.75,12.850000381469727,12.649999618530273,12.699999809265137,69297435
2022-03-15,12.800000190734863,12.800000190734863,12.600000381469727,12.699999809265137,82661443
2022-03-16,12.800000190734863,12.850000381469727,12.75,12.800000190734863,63630406
2022-03-17,12.899999618530272,13.399999618530272,12.25,12.949999809265137,820519351
2022-03-21,13.199999809265137,13.449999809265137,12.899999618530272,12.949999809265137,132143743
2022-03-22,13.050000190734863,13.050000190734863,12.75,12.800000190734863,80397218
2022-03-23,12.899999618530273,13.0,12.800000190734863,12.850000381469727,77401990
2022-03-24,12.800000190734863,12.850000381469728,12.75,12.75,46327191
2022-03-25,12.800000190734863,12.850000381469728,12.649999618530272,12.699999809265137,48911163
2022-03-28,12.75,12.800000190734863,12.5,12.550000190734863,81110072
2022-03-29,12.600000381469728,12.800000190734863,12.449999809265137,12.550000190734863,89485918
2022-03-30,12.649999618530273,12.75,12.100000381469727,12.25,234110133
2022-03-31,12.25,12.449999809265137,12.199999809265137,12.300000190734863,94468344
2022-04-01,12.25,12.699999809265137,12.25,12.649999618530273,87342736
2022-04-04,12.75,13.199999809265137,12.699999809265137,13.100000381469728,114480211
2022-04-05,13.25,13.25,12.949999809265137,13.0,91829702
2022-04-06,13.0,15.199999809265137,12.899999618530272,14.699999809265137,559694362
2022-04-07,15.300000190734863,16.25,14.899999618530273,15.550000190734863,894347658
2022-04-08,15.649999618530272,16.049999237060547,15.149999618530272,15.649999618530272,388365991
2022-04-11,15.649999618530272,15.699999809265137,15.0,15.100000381469728,196889010
2022-04-12,15.0,15.149999618530272,14.399999618530272,14.649999618530272,174419841
2022-04-13,14.699999809265137,14.899999618530273,14.5,14.550000190734863,70370226
2022-04-18,14.449999809265137,14.449999809265137,13.800000190734863,14.100000381469728,99356804
2022-04-19,14.100000381469727,14.199999809265137,13.550000190734863,13.75,75612704
2022-04-20,13.800000190734863,14.149999618530273,13.699999809265137,13.899999618530273,78987240
2022-04-21,14.0,14.25,13.949999809265137,14.149999618530273,75566285
2022-04-22,14.050000190734863,14.199999809265137,13.899999618530273,13.949999809265137,55184187
2022-04-25,13.850000381469727,13.899999618530273,13.649999618530273,13.75,80863122
2022-04-26,13.699999809265137,14.050000190734863,13.649999618530273,13.75,53580878
2022-04-27,13.699999809265137,13.75,13.5,13.550000190734863,50823471
2022-04-28,13.600000381469727,13.75,13.449999809265137,13.649999618530273,52950069
2022-04-29,13.699999809265137,13.949999809265137,13.550000190734863,13.649999618530273,79999730
2022-05-02,14.25,14.5,13.649999618530272,13.800000190734863,154079451
2022-05-04,13.899999618530272,13.949999809265137,13.449999809265137,13.550000190734863,100802126
2022-05-05,13.699999809265137,13.800000190734863,13.449999809265137,13.5,62604654
2022-05-06,13.399999618530272,13.399999618530272,13.100000381469728,13.199999809265137,70858847
2022-05-09,13.050000190734863,13.199999809265137,12.899999618530273,12.949999809265137,80727091
2022-05-10,12.949999809265137,13.199999809265137,12.899999618530272,13.0,69056902
2022-05-11,13.050000190734863,13.100000381469728,12.600000381469728,12.850000381469728,97715454
2022-05-12,12.850000381469728,12.850000381469728,12.5,12.550000190734863,108927333
2022-05-13,12.699999809265137,12.850000381469728,12.449999809265137,12.449999809265137,69982971
2022-05-16,12.550000190734863,12.800000190734863,12.5,12.699999809265137,46521622
2022-05-17,12.800000190734863,13.5,12.699999809265137,13.300000190734863,162808205
2022-05-18,13.5,14.0,13.199999809265137,13.899999618530272,197553271
2022-05-19,13.5,14.050000190734863,13.25,13.449999809265137,162559992
2022-05-20,13.75,14.300000190734863,13.649999618530273,13.949999809265137,154935644
2022-05-23,14.0,14.149999618530272,13.699999809265137,13.75,121476707
2022-05-24,13.75,13.899999618530272,13.399999618530272,13.449999809265137,81452469
2022-05-25,13.5,13.550000190734863,12.949999809265137,13.050000190734863,88268100
2022-05-26,13.100000381469728,13.449999809265137,12.800000190734863,13.25,50038976
2022-05-27,13.5,13.550000190734863,13.25,13.399999618530273,45731067
2022-05-30,13.449999809265137,13.550000190734863,13.350000381469728,13.449999809265137,35028932
2022-05-31,13.449999809265137,13.5,13.050000190734863,13.149999618530273,61918137
2022-06-01,13.149999618530272,13.300000190734863,13.100000381469728,13.25,34785728
2022-06-02,13.449999809265137,13.550000190734863,13.300000190734863,13.350000381469728,38822401
2022-06-03,13.449999809265137,13.550000190734863,13.149999618530273,13.25,35997270
2022-06-06,13.199999809265137,13.350000381469728,13.100000381469728,13.149999618530272,32648669
2022-06-07,13.149999618530272,13.25,13.050000190734863,13.050000190734863,31123663
2022-06-08,13.100000381469727,13.449999809265137,13.050000190734863,13.199999809265137,40720659
2022-06-09,13.199999809265137,13.25,13.050000190734863,13.199999809265137,31264919
2022-06-10,13.149999618530272,13.199999809265137,12.850000381469728,12.949999809265137,43479577
2022-06-13,12.850000381469728,12.949999809265137,12.75,12.800000190734863,41876039
2022-06-14,12.800000190734863,12.899999618530272,12.649999618530272,12.699999809265137,28710092
2022-06-15,12.75,13.0,12.699999809265137,12.75,45778927
2022-06-16,12.850000381469728,12.899999618530272,12.449999809265137,12.5,60215220
2022-06-17,12.550000190734863,12.699999809265137,12.350000381469728,12.449999809265137,89833411
2022-06-20,12.449999809265137,12.75,12.25,12.350000381469728,93738331
2022-06-21,12.399999618530273,12.649999618530273,12.350000381469727,12.600000381469727,39274440
2022-06-22,12.600000381469727,12.600000381469727,12.449999809265137,12.449999809265137,26497740
2022-06-23,12.5,12.649999618530272,12.399999618530272,12.449999809265137,27841070
2022-06-24,12.5,13.050000190734863,12.5,12.75,86625594
2022-06-27,12.899999618530272,12.949999809265137,12.699999809265137,12.850000381469728,33445377
2022-06-28,12.850000381469727,12.899999618530273,12.649999618530273,12.850000381469727,33141182
2022-06-29,12.75,12.899999618530272,12.699999809265137,12.699999809265137,26528632
2022-06-30,12.699999809265137,12.800000190734863,12.600000381469728,12.649999618530272,33846649
2022-07-01,12.649999618530272,12.75,12.550000190734863,12.649999618530272,18633694
2022-07-04,12.649999618530272,12.75,12.600000381469728,12.649999618530272,21510057
2022-07-05,12.699999809265137,12.850000381469727,12.600000381469727,12.649999618530273,20011968
2022-07-06,12.649999618530273,12.699999809265137,12.550000190734863,12.649999618530273,23304730
2022-07-07,12.699999809265137,12.949999809265137,12.699999809265137,12.850000381469728,27916898
2022-07-08,12.899999618530272,12.949999809265137,12.699999809265137,12.800000190734863,19792617
2022-07-11,12.75,13.350000381469727,12.699999809265137,13.149999618530273,92442757
2022-07-12,13.149999618530273,13.699999809265137,13.100000381469727,13.350000381469727,92851423
2022-07-13,13.5,13.600000381469728,13.149999618530272,13.25,50448827
2022-07-14,13.350000381469728,13.5,13.100000381469728,13.300000190734863,40934758
2022-07-15,13.350000381469728,13.5,13.100000381469728,13.300000190734863,58240029
2022-07-18,13.399999618530272,13.5,13.25,13.350000381469728,62818790
2022-07-19,13.350000381469727,13.550000190734863,13.300000190734863,13.5,61974559
2022-07-20,13.600000381469728,13.699999809265137,13.550000190734863,13.600000381469728,41676425
2022-07-21,13.649999618530273,14.5,13.550000190734863,14.300000190734863,166126277
2022-07-22,14.5,15.0,14.449999809265137,14.699999809265137,159313294
2022-07-25,14.850000381469728,14.949999809265137,13.899999618530272,14.25,162099771
2022-07-26,14.25,14.350000381469728,13.649999618530272,13.699999809265137,85276540
2022-07-27,13.75,14.899999618530273,13.699999809265137,14.699999809265137,215320288
2022-07-28,14.800000190734863,15.0,14.350000381469727,14.550000190734863,121638236
2022-07-29,14.699999809265137,15.300000190734863,14.649999618530272,14.949999809265137,240308552
2022-08-01,15.800000190734863,15.800000190734863,14.75,15.25,283753874
2022-08-02,15.399999618530273,17.899999618530273,15.199999809265137,17.149999618530273,984540451
2022-08-03,17.299999237060547,17.5,16.149999618530273,16.450000762939453,380839570
2022-08-04,16.600000381469727,17.049999237060547,16.350000381469727,16.649999618530273,234484381
2022-08-05,16.799999237060547,16.950000762939453,16.600000381469727,16.649999618530273,111491714
2022-08-08,16.700000762939453,16.75,15.949999809265137,16.0,130861541
2022-08-10,16.0,16.049999237060547,15.25,15.399999618530272,138968107
2022-08-11,15.649999618530272,15.699999809265137,15.25,15.399999618530272,110441016
2022-08-12,15.300000190734863,15.449999809265137,15.149999618530273,15.300000190734863,73702389
2022-08-16,15.300000190734863,16.0,15.300000190734863,15.899999618530273,148736090
2022-08-17,16.0,16.799999237060547,15.949999809265137,16.549999237060547,237169795
2022-08-18,16.549999237060547,16.799999237060547,16.350000381469727,16.649999618530273,121482844
2022-08-19,16.649999618530273,16.75,16.149999618530273,16.549999237060547,183960328
2022-08-22,16.5,16.600000381469727,16.25,16.350000381469727,65541015
2022-08-23,16.149999618530273,16.850000381469727,16.149999618530273,16.299999237060547,119341274
2022-08-24,16.350000381469727,16.75,16.25,16.600000381469727,86755636
2022-08-25,16.799999237060547,16.950000762939453,16.450000762939453,16.5,94097792
2022-08-26,16.600000381469727,16.700000762939453,16.399999618530273,16.450000762939453,61100663
2022-08-29,16.100000381469727,16.350000381469727,15.850000381469728,16.200000762939453,101321244
2022-08-30,16.25,16.600000381469727,16.25,16.450000762939453,79280387
2022-09-01,16.350000381469727,16.600000381469727,16.350000381469727,16.350000381469727,75338213
2022-09-02,16.450000762939453,16.5,16.200000762939453,16.200000762939453,53454387
2022-09-05,16.25,17.399999618530273,16.200000762939453,16.649999618530273,145151126
2022-09-06,16.75,17.200000762939453,16.5,16.75,126241432
2022-09-07,16.600000381469727,17.450000762939453,16.600000381469727,17.299999237060547,209105496
2022-09-08,17.5,18.049999237060547,17.399999618530273,17.75,268170150
2022-09-09,17.850000381469727,18.200000762939453,17.299999237060547,17.5,193221914
2022-09-12,17.700000762939453,17.799999237060547,17.5,17.549999237060547,98441497
2022-09-13,17.649999618530273,17.700000762939453,17.299999237060547,17.450000762939453,118386677
2022-09-14,17.149999618530273,17.5,17.100000381469727,17.25,137081038
2022-09-15,17.399999618530273,17.600000381469727,17.100000381469727,17.149999618530273,81502917
2022-09-16,17.149999618530273,17.25,16.649999618530273,16.75,127305239
2022-09-19,16.75,16.799999237060547,16.299999237060547,16.350000381469727,103007423
2022-09-20,16.450000762939453,16.850000381469727,16.350000381469727,16.399999618530273,87573547
2022-09-21,16.850000381469727,17.25,16.649999618530273,16.899999618530273,171508609
2022-09-22,16.850000381469727,17.149999618530273,16.600000381469727,16.75,99539210
2022-09-23,16.75,16.75,16.0,16.200000762939453,104057075
2022-09-26,16.0,16.0,15.350000381469728,15.5,98094429
2022-09-27,15.600000381469728,15.899999618530272,15.449999809265137,15.75,66927489
2022-09-28,15.600000381469727,15.75,15.399999618530273,15.449999809265137,67412435
2022-09-29,15.600000381469728,15.75,15.399999618530272,15.5,45476468
2022-09-30,15.550000190734863,15.850000381469727,15.399999618530273,15.649999618530273,86879185
2022-10-03,15.649999618530273,15.75,15.300000190734863,15.399999618530273,48492331
2022-10-04,15.649999618530272,16.299999237060547,15.600000381469728,16.200000762939453,112076362
2022-10-06,16.350000381469727,16.850000381469727,16.25,16.5,149333764
2022-10-07,16.75,16.75,16.350000381469727,16.549999237060547,59605751
2022-10-10,16.399999618530273,16.549999237060547,16.200000762939453,16.450000762939453,51241998
2022-10-11,16.5,16.600000381469727,16.049999237060547,16.149999618530273,48398744
2022-10-12,16.25,16.299999237060547,15.800000190734863,16.0,66034496
2022-10-13,15.949999809265137,16.0,15.600000381469728,15.800000190734863,38929298
2022-10-14,16.049999237060547,16.149999618530273,15.699999809265137,15.800000190734863,60503189
2022-10-17,15.699999809265137,16.049999237060547,15.649999618530273,15.75,83954100
2022-10-18,15.850000381469728,15.949999809265137,15.699999809265137,15.850000381469728,45399847
2022-10-19,15.850000381469728,16.049999237060547,15.800000190734863,15.899999618530272,44781578
2022-10-20,15.850000381469727,16.0,15.75,15.949999809265137,29372277
2022-10-21,16.149999618530273,16.350000381469727,15.899999618530272,16.049999237060547,62881273
2022-10-24,16.0,16.0,15.600000381469727,15.75,39994792
2022-10-25,15.699999809265137,15.850000381469727,15.550000190734863,15.600000381469727,56903508
2022-10-27,15.649999618530272,16.0,15.5,15.75,111351181
2022-10-28,15.800000190734863,15.800000190734863,15.600000381469728,15.649999618530272,27728826
2022-10-31,15.75,15.800000190734863,15.449999809265137,15.550000190734863,35745633
2022-11-01,15.600000381469727,15.850000381469727,15.25,15.5,111914590
2022-11-02,15.5,15.699999809265137,15.399999618530272,15.5,53832667
2022-11-03,15.5,16.299999237060547,15.5,16.100000381469727,140562676
2022-11-04,16.25,16.600000381469727,16.149999618530273,16.450000762939453,97341604
2022-11-07,16.549999237060547,16.75,16.399999618530273,16.549999237060547,77873357
2022-11-09,16.549999237060547,16.700000762939453,16.399999618530273,16.549999237060547,85265325
2022-11-10,16.5,16.649999618530273,16.25,16.5,71558329
2022-11-11,16.649999618530273,16.950000762939453,16.399999618530273,16.850000381469727,112993914
2022-11-14,16.850000381469727,17.399999618530273,16.75,17.100000381469727,195844509
2022-11-15,17.100000381469727,17.25,16.899999618530273,17.049999237060547,79191777
2022-11-16,17.049999237060547,17.350000381469727,16.899999618530273,17.049999237060547,106522657
2022-11-17,17.0,17.25,16.899999618530273,16.950000762939453,89810845
2022-11-18,16.950000762939453,17.049999237060547,16.700000762939453,16.850000381469727,47492598
2022-11-21,16.850000381469727,16.950000762939453,16.5,16.649999618530273,65235362
2022-11-22,16.649999618530273,17.399999618530273,16.649999618530273,17.049999237060547,124194131
2022-11-23,17.049999237060547,17.149999618530273,16.799999237060547,16.850000381469727,49441045
2022-11-24,16.899999618530273,17.0,16.850000381469727,16.950000762939453,41585061
2022-11-25,16.950000762939453,17.200000762939453,16.75,16.950000762939453,103021350
2022-11-28,16.950000762939453,17.549999237060547,16.899999618530273,17.149999618530273,154681795
2022-11-29,17.200000762939453,17.299999237060547,17.0,17.049999237060547,64478352
2022-11-30,17.100000381469727,17.350000381469727,16.950000762939453,17.149999618530273,126117843
2022-12-01,17.200000762939453,17.299999237060547,17.0,17.049999237060547,49791930
2022-12-02,17.299999237060547,17.899999618530273,17.25,17.399999618530273,292355548
2022-12-05,17.600000381469727,17.799999237060547,17.350000381469727,17.450000762939453,138780670
2022-12-06,17.350000381469727,17.899999618530273,17.299999237060547,17.5,157373790
2022-12-07,17.5,17.649999618530273,17.350000381469727,17.450000762939453,132599554
2022-12-08,17.5,17.799999237060547,17.450000762939453,17.75,151748493
2022-12-09,17.700000762939453,20.5,17.649999618530273,19.700000762939453,248261797
2022-12-12,19.950000762939453,21.39999961853028,19.64999961853028,21.100000381469727,919584556
2022-12-13,21.5,24.350000381469727,21.450000762939453,23.950000762939453,214307356
2022-12-14,24.049999237060547,24.75,21.89999961853028,22.100000381469727,151563929
2022-12-15,22.0,22.899999618530277,21.450000762939453,22.450000762939453,568038558
2022-12-16,22.200000762939453,22.450000762939453,21.049999237060547,21.200000762939453,483675727
2022-12-19,21.5,22.100000381469727,21.25,21.39999961853028,333082150
2022-12-20,21.350000381469727,21.5,20.600000381469727,21.299999237060547,294564961
2022-12-21,21.450000762939453,21.649999618530273,19.649999618530273,19.850000381469727,369893062
2022-12-22,20.049999237060547,20.200000762939453,18.850000381469727,18.950000762939453,387642459
2022-12-23,18.549999237060547,18.899999618530273,17.25,17.450000762939453,401631548
2022-12-26,17.600000381469727,19.950000762939453,17.549999237060547,19.600000381469727,553301260
2022-12-27,20.200000762939453,20.700000762939453,19.600000381469727,20.149999618530277,525572234
2022-12-28,20.149999618530277,20.700000762939453,19.649999618530277,20.149999618530277,411993069
2022-12-29,19.899999618530277,20.350000381469727,19.75,20.149999618530277,258614432
2022-12-30,20.5,20.850000381469727,20.299999237060547,20.600000381469727,290592965
2023-01-02,20.850000381469727,22.100000381469727,20.75,21.649999618530273,495265210
2023-01-03,21.899999618530277,22.25,21.75,22.049999237060547,339801604
2023-01-04,22.200000762939453,22.399999618530273,20.899999618530273,21.350000381469727,395137176
2023-01-05,21.5,21.700000762939453,21.149999618530273,21.450000762939453,207055994
2023-01-06,21.600000381469727,21.75,20.950000762939453,21.100000381469727,221378840
2023-01-09,21.39999961853028,21.5,21.049999237060547,21.25,133642156
2023-01-10,21.200000762939453,21.200000762939453,20.350000381469727,20.649999618530277,217605501
2023-01-11,20.649999618530273,20.649999618530273,20.0,20.049999237060547,180768626
2023-01-12,20.100000381469727,20.14999961853028,19.64999961853028,19.89999961853028,206504664
2023-01-13,19.89999961853028,20.299999237060547,19.64999961853028,20.14999961853028,177999521
2023-01-16,20.450000762939453,20.549999237060547,20.049999237060547,20.149999618530273,136916066
2023-01-17,20.200000762939453,20.200000762939453,19.950000762939453,20.100000381469727,78608576
2023-01-18,20.149999618530277,20.450000762939453,20.0,20.350000381469727,97888455
2023-01-19,20.25,20.350000381469727,20.049999237060547,20.149999618530273,84048843
2023-01-20,20.149999618530273,20.149999618530273,19.649999618530273,19.75,132306803
2023-01-23,17.75,18.600000381469727,17.450000762939453,18.149999618530273,461080397
2023-01-24,18.200000762939453,18.5,18.100000381469727,18.200000762939453,158031026
2023-01-25,18.200000762939453,18.200000762939453,17.549999237060547,17.899999618530273,169888903
2023-01-27,18.200000762939453,18.200000762939453,17.299999237060547,17.5,186338397
2023-01-30,17.5,17.899999618530273,17.0,17.100000381469727,210890783
2023-01-31,17.100000381469727,17.600000381469727,16.75,17.25,172354037
2023-02-01,17.299999237060547,17.549999237060547,16.649999618530273,16.899999618530273,165385637
2023-02-02,16.850000381469727,17.25,16.700000762939453,16.850000381469727,123967342
2023-02-03,16.950000762939453,17.149999618530273,16.149999618530273,16.450000762939453,156969022
2023-02-06,16.5,17.0,16.399999618530273,16.649999618530273,208869003
2023-02-07,16.700000762939453,16.950000762939453,16.549999237060547,16.850000381469727,92270861
2023-02-08,16.950000762939453,17.350000381469727,16.75,17.100000381469727,125682040
2023-02-09,17.149999618530273,17.149999618530273,16.75,16.850000381469727,77906475
2023-02-10,16.799999237060547,17.299999237060547,16.700000762939453,17.049999237060547,148680021
2023-02-13,17.049999237060547,17.149999618530273,16.549999237060547,16.700000762939453,177648359
2023-02-14,16.75,16.850000381469727,16.25,16.399999618530273,67042640
2023-02-15,16.299999237060547,16.5,16.200000762939453,16.399999618530273,69598730
2023-02-16,16.399999618530273,16.5,16.200000762939453,16.25,66369663
2023-02-17,16.25,16.350000381469727,16.0,16.100000381469727,60097807
2023-02-20,16.200000762939453,16.75,16.100000381469727,16.600000381469727,173752454
2023-02-21,16.75,17.0,16.450000762939453,16.700000762939453,173188893
2023-02-22,16.649999618530273,16.700000762939453,16.100000381469727,16.299999237060547,106084194
2023-02-23,16.25,16.549999237060547,16.149999618530273,16.399999618530273,74749112
2023-02-24,16.450000762939453,16.549999237060547,16.100000381469727,16.149999618530273,88544284
2023-02-27,16.149999618530273,16.549999237060547,16.0,16.399999618530273,94589990
2023-02-28,16.399999618530273,17.649999618530273,16.299999237060547,17.450000762939453,212755636
2023-03-01,17.549999237060547,18.399999618530277,17.549999237060547,18.299999237060547,282273280
2023-03-02,18.399999618530273,18.600000381469727,17.299999237060547,17.5,246207153
2023-03-03,17.5,17.700000762939453,16.799999237060547,16.850000381469727,269921902
2023-03-06,16.799999237060547,17.25,16.5,16.899999618530273,166703741
2023-03-08,16.850000381469727,16.850000381469727,16.399999618530273,16.700000762939453,99406365
2023-03-09,16.649999618530273,16.950000762939453,16.5,16.549999237060547,99557952
2023-03-10,16.399999618530273,16.75,16.299999237060547,16.5,93220422
2023-03-13,14.399999618530273,16.299999237060547,14.399999618530273,15.649999618530273,560565493
2023-03-14,15.699999809265137,15.949999809265137,15.449999809265137,15.550000190734863,179730170
2023-03-15,15.5,15.850000381469727,15.300000190734863,15.350000381469727,139128847
2023-03-16,15.350000381469727,15.350000381469727,14.800000190734863,14.899999618530273,207783632
2023-03-17,15.0,15.850000381469727,14.5,15.050000190734863,445464706
2023-03-20,15.399999618530273,15.5,15.0,15.350000381469727,297633356
2023-03-21,15.449999809265137,15.550000190734863,15.149999618530272,15.25,185863476
2023-03-22,15.300000190734863,15.5,15.199999809265137,15.300000190734863,139692815
2023-03-23,15.25,15.399999618530273,14.899999618530273,15.199999809265137,124581123
2023-03-24,15.050000190734863,15.25,15.0,15.050000190734863,93654254
2023-03-27,15.100000381469727,15.300000190734863,15.0,15.050000190734863,131495843
2023-03-28,15.100000381469728,15.149999618530272,14.699999809265137,14.75,87761633
2023-03-29,14.800000190734863,15.100000381469728,14.75,14.949999809265137,111967037
2023-03-31,15.0,15.199999809265137,14.949999809265137,15.050000190734863,101307931
2023-04-03,15.100000381469727,15.449999809265137,15.050000190734863,15.350000381469727,80090577
2023-04-05,15.449999809265137,15.550000190734863,15.149999618530272,15.25,57795927
2023-04-06,15.25,15.600000381469727,15.199999809265137,15.399999618530273,69023622
2023-04-10,15.449999809265137,15.449999809265137,15.149999618530273,15.199999809265137,58424414
2023-04-11,15.25,15.399999618530272,15.149999618530272,15.199999809265137,43019043
2023-04-12,15.25,15.5,15.149999618530273,15.399999618530273,57667885
2023-04-13,15.5,15.550000190734863,15.199999809265137,15.350000381469727,76131404
2023-04-17,15.350000381469727,15.399999618530273,15.25,15.350000381469727,61971667
2023-04-18,15.350000381469727,16.799999237060547,15.300000190734863,16.649999618530273,346144836
2023-04-19,16.799999237060547,17.299999237060547,16.399999618530273,16.549999237060547,267886872
2023-04-20,16.600000381469727,16.75,16.450000762939453,16.5,93150119
2023-04-21,16.600000381469727,16.600000381469727,16.100000381469727,16.200000762939453,86456901
2023-04-24,15.5,16.0,15.5,15.699999809265137,163198015
2023-04-25,15.75,15.800000190734863,15.449999809265137,15.550000190734863,99104709
2023-04-26,15.5,15.949999809265137,15.399999618530272,15.5,128851297
2023-04-27,15.5,15.699999809265137,15.5,15.600000381469728,41936192
2023-04-28,15.649999618530273,15.850000381469727,15.600000381469727,15.699999809265137,79514507
2023-05-02,15.75,16.100000381469727,15.699999809265137,15.949999809265137,117555064
2023-05-03,15.949999809265137,16.399999618530273,15.850000381469728,16.149999618530273,83692417
2023-05-04,16.200000762939453,16.299999237060547,16.0,16.049999237060547,85512962
2023-05-05,16.0,16.149999618530273,15.899999618530273,15.949999809265137,47642044
2023-05-08,16.0,16.200000762939453,15.949999809265137,16.100000381469727,59725157
2023-05-09,16.100000381469727,16.25,16.0,16.100000381469727,76780928
2023-05-10,16.049999237060547,16.149999618530273,15.800000190734863,15.949999809265137,77871060
2023-05-11,16.0,16.149999618530273,15.949999809265137,16.100000381469727,49450726
2023-05-12,16.100000381469727,16.149999618530273,15.800000190734863,15.949999809265137,58478892
2023-05-15,15.949999809265137,16.0,15.75,15.850000381469727,44787937
2023-05-16,15.899999618530273,16.149999618530273,15.800000190734863,15.899999618530273,95893603
2023-05-17,15.949999809265137,16.049999237060547,15.850000381469728,15.899999618530272,85822286
2023-05-18,15.949999809265137,16.0,15.649999618530272,15.699999809265137,60436667
2023-05-19,15.75,15.800000190734863,15.550000190734863,15.649999618530273,53851070
2023-05-22,15.699999809265137,15.800000190734863,15.600000381469727,15.649999618530273,41531446
2023-05-23,15.649999618530273,15.75,15.5,15.550000190734863,49358138
2023-05-24,15.550000190734863,15.699999809265137,15.5,15.600000381469728,45339237
2023-05-25,15.550000190734863,15.75,15.5,15.5,67397531
2023-05-26,15.550000190734863,15.649999618530273,15.5,15.600000381469727,34064577
2023-05-29,15.649999618530272,16.200000762939453,15.600000381469728,15.899999618530272,127417730
2023-05-30,16.0,16.049999237060547,15.75,15.899999618530273,77893859
2023-05-31,15.899999618530273,16.5,15.699999809265137,16.200000762939453,223440763
2023-06-01,16.25,16.649999618530273,16.25,16.299999237060547,85940004
2023-06-02,16.350000381469727,16.5,16.299999237060547,16.399999618530273,113767784
2023-06-05,16.399999618530273,16.5,16.049999237060547,16.149999618530273,39525286
2023-06-06,16.149999618530273,16.149999618530273,15.949999809265137,16.0,39361694
2023-06-07,16.049999237060547,16.299999237060547,16.0,16.149999618530273,52628264
2023-06-08,16.200000762939453,17.200000762939453,16.149999618530273,16.75,307712828
2023-06-09,16.75,16.950000762939453,16.5,16.600000381469727,114417447
2023-06-12,16.600000381469727,16.600000381469727,16.350000381469727,16.399999618530273,53269073
2023-06-13,16.450000762939453,16.700000762939453,16.350000381469727,16.399999618530273,61321328
2023-06-14,16.5,16.600000381469727,16.100000381469727,16.200000762939453,99586254
2023-06-15,16.200000762939453,16.350000381469727,15.949999809265137,16.100000381469727,56035794
2023-06-16,16.149999618530273,16.450000762939453,16.0,16.299999237060547,79705305
2023-06-19,16.399999618530273,16.75,16.100000381469727,16.25,127260482
2023-06-20,16.299999237060547,16.399999618530273,16.149999618530273,16.25,62344783
2023-06-21,16.25,16.350000381469727,16.149999618530273,16.200000762939453,43815628
2023-06-22,16.200000762939453,16.299999237060547,15.949999809265137,16.0,52482954
2023-06-23,16.0,16.100000381469727,15.899999618530272,16.0,42620606
2023-06-26,16.049999237060547,16.350000381469727,16.0,16.100000381469727,69419649
2023-06-27,16.149999618530273,16.25,16.0,16.049999237060547,35114512
2023-06-28,16.100000381469727,16.350000381469727,15.949999809265137,16.200000762939453,63502734
2023-06-30,16.25,16.350000381469727,16.149999618530273,16.25,69541563
2023-07-03,16.350000381469727,16.549999237060547,16.299999237060547,16.350000381469727,108321412
2023-07-04,16.399999618530273,17.200000762939453,16.25,16.799999237060547,323137498
2023-07-05,16.850000381469727,17.450000762939453,16.799999237060547,17.149999618530273,214341757
2023-07-06,17.25,17.950000762939453,17.25,17.799999237060547,264919299
2023-07-07,17.850000381469727,17.950000762939453,17.299999237060547,17.450000762939453,248157506
2023-07-10,17.299999237060547,17.5,17.0,17.049999237060547,104189506
2023-07-11,17.200000762939453,17.5,17.049999237060547,17.200000762939453,152871399
2023-07-12,17.200000762939453,17.649999618530273,17.149999618530273,17.299999237060547,131237755
2023-07-13,17.399999618530273,17.75,17.049999237060547,17.149999618530273,125488334
2023-07-14,17.25,17.450000762939453,17.149999618530273,17.350000381469727,84745330
2023-07-17,17.5,17.850000381469727,17.450000762939453,17.700000762939453,172530419
2023-07-18,17.700000762939453,17.899999618530273,17.350000381469727,17.5,165941309
2023-07-19,17.5,17.600000381469727,17.299999237060547,17.450000762939453,107842846
2023-07-20,17.399999618530273,18.100000381469727,17.350000381469727,17.700000762939453,214353303
2023-07-21,17.700000762939453,18.200000762939453,17.600000381469727,18.049999237060547,242664132
2023-07-24,18.39999961853028,18.450000762939453,17.299999237060547,17.399999618530273,274651589
2023-07-25,17.399999618530273,17.600000381469727,16.950000762939453,17.049999237060547,112478211
2023-07-26,17.049999237060547,17.149999618530273,16.649999618530273,17.0,113833184
2023-07-27,17.049999237060547,17.350000381469727,16.899999618530273,16.950000762939453,89067183
2023-07-28,17.0,17.100000381469727,16.850000381469727,16.950000762939453,75578803
2023-07-31,16.950000762939453,17.100000381469727,16.899999618530273,16.950000762939453,60939265
2023-08-01,17.100000381469727,17.200000762939453,17.0,17.100000381469727,69943055
2023-08-02,17.049999237060547,17.299999237060547,16.850000381469727,17.0,108943704
2023-08-03,17.0,17.100000381469727,16.899999618530273,17.0,67175859
2023-08-04,17.049999237060547,17.149999618530273,16.899999618530273,16.950000762939453,86412240
2023-08-07,17.0,17.149999618530273,16.75,16.899999618530273,69343019
2023-08-08,16.899999618530273,17.0,16.75,16.850000381469727,49199132
2023-08-09,16.899999618530273,17.0,16.799999237060547,16.950000762939453,48443836
2023-08-10,17.0,17.450000762939453,16.899999618530273,16.950000762939453,170855859
2023-08-11,17.049999237060547,17.399999618530273,17.0,17.049999237060547,88552616
2023-08-14,17.049999237060547,17.100000381469727,16.799999237060547,16.950000762939453,84692730
2023-08-16,16.950000762939453,17.0,16.799999237060547,16.850000381469727,59611983
2023-08-17,16.899999618530273,17.299999237060547,16.850000381469727,17.0,110008087
2023-08-18,17.049999237060547,17.200000762939453,16.799999237060547,16.899999618530273,93032287
2023-08-21,16.899999618530273,17.049999237060547,16.75,16.950000762939453,79437088
2023-08-22,17.0,17.049999237060547,16.850000381469727,16.950000762939453,76696780
2023-08-23,17.049999237060547,17.299999237060547,16.950000762939453,17.0,103711610
2023-08-24,17.100000381469727,17.200000762939453,16.899999618530273,16.950000762939453,65221207
2023-08-25,16.950000762939453,17.049999237060547,16.799999237060547,16.850000381469727,57171325
2023-08-28,16.899999618530273,17.0,16.75,16.799999237060547,48816935
2023-08-29,16.850000381469727,17.0,16.799999237060547,16.850000381469727,60519632
2023-08-30,16.899999618530273,17.0,16.799999237060547,16.799999237060547,76931357
2023-08-31,16.899999618530273,17.0,16.700000762939453,16.799999237060547,122502581
2023-09-01,16.850000381469727,17.600000381469727,16.700000762939453,17.350000381469727,392364788
2023-09-04,17.450000762939453,19.0,17.450000762939453,18.600000381469727,776578716
2023-09-05,18.799999237060547,19.100000381469727,17.899999618530273,18.149999618530277,368062167
2023-09-06,18.149999618530277,18.299999237060547,17.899999618530273,18.0,168431922
2023-09-07,18.149999618530277,18.850000381469727,18.049999237060547,18.549999237060547,230732062
2023-09-08,18.649999618530273,18.950000762939453,18.299999237060547,18.350000381469727,153694460
2023-09-11,18.5,18.600000381469727,18.25,18.399999618530273,133672969
2023-09-12,18.549999237060547,18.600000381469727,17.450000762939453,17.549999237060547,301858096
2023-09-13,17.5,17.850000381469727,17.299999237060547,17.700000762939453,229941097
2023-09-14,17.75,18.0,17.399999618530273,17.5,154490813
2023-09-15,17.549999237060547,18.399999618530277,17.450000762939453,18.299999237060547,358807251
2023-09-18,18.399999618530277,19.0,18.25,18.549999237060547,493458905
2023-09-20,18.399999618530273,18.450000762939453,17.850000381469727,18.0,179937051
2023-09-21,18.049999237060547,18.200000762939453,17.649999618530273,17.700000762939453,180166816
2023-09-22,17.700000762939453,18.0,17.5,17.649999618530273,141097202
2023-09-25,17.75,17.75,17.399999618530273,17.450000762939453,115437155
2023-09-26,17.5,17.549999237060547,17.25,17.350000381469727,104957648
2023-09-27,17.399999618530273,17.700000762939453,17.299999237060547,17.350000381469727,160278361
2023-09-28,17.399999618530273,17.700000762939453,17.200000762939453,17.25,136298936
2023-09-29,17.399999618530273,17.450000762939453,17.0,17.25,135475544
2023-10-03,17.25,17.399999618530273,17.100000381469727,17.200000762939453,79015930
2023-10-04,17.200000762939453,17.5,17.049999237060547,17.200000762939453,154229605
2023-10-05,17.25,17.399999618530273,17.049999237060547,17.149999618530273,94470407
2023-10-06,17.200000762939453,17.5,17.149999618530273,17.299999237060547,130610068
2023-10-09,17.200000762939453,17.200000762939453,16.850000381469727,16.899999618530273,103002467
2023-10-10,17.0,17.149999618530273,16.950000762939453,17.049999237060547,65790049
2023-10-11,17.100000381469727,17.350000381469727,17.0,17.049999237060547,82337766
2023-10-12,17.100000381469727,17.25,17.049999237060547,17.100000381469727,49467423
2023-10-13,17.049999237060547,17.200000762939453,17.049999237060547,17.100000381469727,53963713
2023-10-16,17.149999618530273,17.200000762939453,17.049999237060547,17.049999237060547,67053870
2023-10-17,17.149999618530273,17.299999237060547,17.049999237060547,17.100000381469727,76798183
2023-10-18,17.149999618530273,17.25,16.950000762939453,17.049999237060547,76543547
2023-10-19,17.100000381469727,17.25,17.0,17.049999237060547,69004632
2023-10-20,17.100000381469727,17.850000381469727,17.049999237060547,17.299999237060547,242605105
2023-10-23,17.399999618530273,17.450000762939453,16.200000762939453,16.350000381469727,239210207
2023-10-25,16.399999618530273,16.700000762939453,15.850000381469727,16.0,156556497
2023-10-26,16.0,16.049999237060547,15.699999809265137,15.899999618530273,153370332
2023-10-27,15.949999809265137,16.149999618530273,15.899999618530272,15.949999809265137,74336446
2023-10-30,16.049999237060547,16.100000381469727,15.850000381469728,15.949999809265137,120388059
2023-10-31,16.100000381469727,16.149999618530273,15.899999618530273,15.949999809265137,52455781
2023-11-01,16.0,16.25,15.949999809265137,16.0,68205389
2023-11-02,16.100000381469727,16.200000762939453,15.899999618530272,16.049999237060547,77309428
2023-11-03,16.149999618530273,16.649999618530273,16.100000381469727,16.450000762939453,173537061
2023-11-06,16.549999237060547,16.899999618530273,16.5,16.700000762939453,146210916
2023-11-07,16.75,16.899999618530273,16.700000762939453,16.799999237060547,107607382
2023-11-08,16.899999618530273,18.299999237060547,16.850000381469727,17.950000762939453,460583338
2023-11-09,18.350000381469727,18.799999237060547,18.0,18.350000381469727,524322630
2023-11-10,18.350000381469727,18.549999237060547,18.149999618530273,18.299999237060547,188889074
2023-11-13,18.399999618530273,19.5,18.149999618530273,19.399999618530273,493509056
2023-11-15,19.649999618530273,20.600000381469727,19.600000381469727,20.350000381469727,664202872
2023-11-16,20.399999618530277,20.600000381469727,19.899999618530277,20.149999618530277,270319207
2023-11-17,20.049999237060547,21.14999961853028,19.799999237060547,20.799999237060547,611686157
2023-11-20,20.899999618530273,21.100000381469727,20.0,20.149999618530273,290789131
2023-11-21,20.299999237060547,20.450000762939453,19.600000381469727,19.700000762939453,206049431
2023-11-22,19.700000762939453,19.850000381469727,19.049999237060547,19.200000762939453,195379978
2023-11-23,19.299999237060547,20.299999237060547,19.25,20.14999961853028,262350330
2023-11-24,20.299999237060547,20.399999618530277,19.600000381469727,19.799999237060547,168959338
2023-11-28,19.850000381469727,20.0,19.399999618530277,19.75,279844132
2023-11-29,19.850000381469727,20.450000762939453,19.799999237060547,19.850000381469727,204911091
2023-11-30,19.850000381469727,19.899999618530273,19.200000762939453,19.350000381469727,259007784
2023-12-01,19.450000762939453,19.649999618530273,19.200000762939453,19.299999237060547,123823351
2023-12-04,19.649999618530273,19.75,19.299999237060547,19.549999237060547,130093389
2023-12-05,19.549999237060547,19.850000381469727,19.350000381469727,19.600000381469727,152090824
2023-12-06,19.700000762939453,19.850000381469727,19.399999618530273,19.75,169448494
2023-12-07,19.75,20.450000762939453,19.5,20.049999237060547,300341296
2023-12-08,20.200000762939453,20.450000762939453,19.75,19.89999961853028,158754847
2023-12-11,20.0,20.75,19.950000762939453,20.25,267650645
2023-12-12,20.5,21.850000381469727,20.5,21.299999237060547,781360562
2023-12-13,21.549999237060547,21.700000762939453,20.899999618530273,21.200000762939453,342846077
2023-12-14,21.5,22.100000381469727,21.299999237060547,21.399999618530273,339666217
2023-12-15,21.950000762939453,22.100000381469727,21.399999618530277,21.950000762939453,337939556
2023-12-18,22.0,23.0,21.649999618530273,22.799999237060547,542808852
2023-12-19,22.899999618530273,23.049999237060547,22.049999237060547,22.149999618530273,310394626
2023-12-20,22.350000381469727,22.450000762939453,20.25,20.5,397366094
2023-12-21,20.149999618530273,21.25,19.950000762939453,21.149999618530273,318567154
2023-12-22,21.25,21.450000762939453,20.799999237060547,21.049999237060547,279614591
2023-12-26,21.14999961853028,21.350000381469727,20.850000381469727,20.950000762939453,156456958
2023-12-27,21.100000381469727,21.25,20.850000381469727,20.950000762939453,115159241
2023-12-28,21.0,21.149999618530277,20.799999237060547,20.850000381469727,127826051
2023-12-29,20.899999618530277,21.799999237060547,20.700000762939453,21.450000762939453,226340962
2024-01-01,21.5,23.0,21.399999618530277,22.649999618530277,577972312
2024-01-02,22.700000762939453,23.700000762939453,22.299999237060547,23.200000762939453,618101025
2024-01-03,23.25,23.75,22.75,22.899999618530277,378099590
2024-01-04,23.049999237060547,23.600000381469727,22.899999618530273,23.25,271346506
2024-01-05,23.350000381469727,24.299999237060547,23.25,24.0,561257556
2024-01-08,24.299999237060547,24.450000762939453,23.450000762939453,24.200000762939453,546082056
2024-01-09,24.39999961853028,25.0,24.100000381469727,24.200000762939453,474325248
2024-01-10,24.149999618530273,25.649999618530273,24.0,25.5,706576963
2024-01-11,25.600000381469727,25.950000762939453,25.149999618530273,25.549999237060547,410909551
2024-01-12,25.64999961853028,25.700000762939453,24.600000381469727,24.89999961853028,264160446
2024-01-15,25.0,25.299999237060547,24.600000381469727,24.75,239737801
2024-01-16,24.950000762939453,26.25,24.899999618530273,25.649999618530273,555808959
2024-01-17,25.399999618530273,25.649999618530273,24.649999618530273,24.75,407818402
2024-01-18,24.700000762939453,25.100000381469727,23.899999618530273,24.950000762939453,308605574
2024-01-19,25.100000381469727,25.549999237060547,25.100000381469727,25.149999618530277,184495376
2024-01-23,25.450000762939453,25.600000381469727,23.899999618530277,24.049999237060547,292673233
2024-01-24,24.149999618530273,24.799999237060547,23.649999618530273,24.700000762939453,240904515
2024-01-25,24.799999237060547,25.299999237060547,24.700000762939453,24.850000381469727,213588805
2024-01-29,25.299999237060547,25.5,24.25,24.350000381469727,300993947
2024-01-30,24.450000762939453,24.5,23.799999237060547,23.899999618530273,219652035
2024-01-31,24.0,24.299999237060547,23.89999961853028,24.100000381469727,164453372
2024-02-01,24.100000381469727,24.25,23.700000762939453,23.89999961853028,193648566
2024-02-02,23.950000762939453,24.149999618530273,23.600000381469727,23.700000762939453,164885094
2024-02-05,23.700000762939453,23.799999237060547,22.600000381469727,22.799999237060547,225297171
2024-02-06,23.100000381469727,25.700000762939453,23.0,25.399999618530273,807723717
2024-02-07,26.100000381469727,30.450000762939453,25.950000762939453,29.799999237060547,541684682
2024-02-08,31.100000381469727,32.70000076293945,28.89999961853028,30.0,964634649
2024-02-09,30.200000762939453,32.849998474121094,29.25,31.399999618530273,497430325
2024-02-12,31.950000762939453,32.349998474121094,28.0,28.299999237060547,571969199
2024-02-13,28.450000762939453,28.950000762939453,26.75,27.850000381469727,317180197
2024-02-14,27.149999618530273,28.950000762939453,27.0,28.700000762939453,246006958
2024-02-15,29.0,29.799999237060547,28.700000762939453,29.0,248464035
2024-02-16,29.25,29.700000762939453,28.299999237060547,28.39999961853028,204865939
2024-02-19,28.5,28.549999237060547,27.0,27.100000381469727,357958339
2024-02-20,27.100000381469727,27.350000381469727,26.450000762939453,26.600000381469727,369440835
2024-02-21,26.850000381469727,27.100000381469727,25.39999961853028,25.549999237060547,435692162
2024-02-22,25.799999237060547,27.350000381469727,24.950000762939453,27.14999961853028,667905535
2024-02-23,26.850000381469727,27.39999961853028,26.100000381469727,26.200000762939453,353166971
2024-02-26,26.0,26.0,25.100000381469727,25.25,271088654
2024-02-27,25.299999237060547,26.149999618530273,25.0,25.100000381469727,312044110
2024-02-28,25.350000381469727,25.450000762939453,23.600000381469727,23.799999237060547,372869982
2024-02-29,24.14999961853028,24.799999237060547,23.850000381469727,24.450000762939453,362379098
2024-03-01,24.89999961853028,25.100000381469727,24.549999237060547,24.950000762939453,214554855
2024-03-04,25.350000381469727,25.700000762939453,24.600000381469727,24.799999237060547,183649074
2024-03-05,24.799999237060547,25.0,24.39999961853028,24.5,173143571
2024-03-06,24.5,24.5,23.5,23.600000381469727,310625402
2024-03-07,23.700000762939453,24.200000762939453,23.64999961853028,23.850000381469727,172310156
2024-03-11,24.0,24.299999237060547,23.549999237060547,23.64999961853028,176614273
2024-03-12,23.75,23.850000381469727,22.700000762939453,22.850000381469727,219277943
2024-03-13,22.899999618530273,23.100000381469727,20.75,20.950000762939453,604559562
2024-03-14,20.950000762939453,23.75,20.549999237060547,23.450000762939453,619816481
2024-03-15,23.649999618530273,24.399999618530273,22.75,23.799999237060547,535542732
2024-03-18,23.89999961853028,24.100000381469727,23.25,23.450000762939453,258256717
2024-03-19,23.39999961853028,23.700000762939453,22.850000381469727,22.950000762939453,215509042
2024-03-20,23.25,23.600000381469727,22.799999237060547,23.049999237060547,194241830
2024-03-21,23.350000381469727,23.649999618530273,23.100000381469727,23.399999618530273,176412547
2024-03-22,23.399999618530273,24.200000762939453,23.200000762939453,23.899999618530273,261281861
2024-03-26,23.89999961853028,24.14999961853028,23.450000762939453,23.549999237060547,214847555
2024-03-27,23.549999237060547,23.75,23.0,23.149999618530273,181249947
2024-03-28,23.200000762939453,23.600000381469727,23.100000381469727,23.200000762939453,189198317
2024-04-01,23.299999237060547,24.700000762939453,23.299999237060547,24.450000762939453,245113554
2024-04-02,24.549999237060547,24.850000381469727,24.25,24.600000381469727,191975650
2024-04-03,24.600000381469727,25.5,24.399999618530277,25.399999618530277,336349095
2024-04-04,25.649999618530273,25.75,24.700000762939453,24.899999618530273,266816425
2024-04-05,24.950000762939453,25.350000381469727,24.75,25.200000762939453,211846572
2024-04-08,25.299999237060547,25.350000381469727,24.649999618530273,24.75,116892324
2024-04-09,24.799999237060547,25.200000762939453,24.5,24.549999237060547,154932842
2024-04-10,24.600000381469727,24.799999237060547,24.299999237060547,24.450000762939453,112618177
2024-04-12,24.450000762939453,25.149999618530273,24.200000762939453,24.25,171088857
2024-04-15,24.25,24.350000381469727,23.649999618530273,23.950000762939453,214148928
2024-04-16,23.850000381469727,24.200000762939453,23.75,23.950000762939453,104659200
2024-04-18,24.100000381469727,24.450000762939453,23.799999237060547,23.899999618530273,198730218
2024-04-19,23.649999618530277,24.100000381469727,23.25,23.950000762939453,227501864
2024-04-22,24.049999237060547,25.350000381469727,24.0,25.200000762939453,325840643
2024-04-23,25.5,26.5,25.39999961853028,25.64999961853028,335943541
2024-04-24,25.899999618530273,25.950000762939453,25.399999618530273,25.450000762939453,173176081
2024-04-25,25.450000762939453,26.299999237060547,25.25,25.950000762939453,222135067
2024-04-26,26.049999237060547,26.450000762939453,25.950000762939453,26.149999618530273,253826137
2024-04-29,27.5,28.549999237060547,26.899999618530273,27.100000381469727,572841223
2024-04-30,27.25,27.39999961853028,26.049999237060547,26.14999961853028,269821799
2024-05-02,26.0,26.0,25.299999237060547,25.450000762939453,211043504
2024-05-03,24.850000381469727,25.850000381469727,24.25,24.950000762939453,960652538
2024-05-06,25.200000762939453,25.25,23.899999618530277,24.100000381469727,223165701
2024-05-07,24.100000381469727,24.299999237060547,22.649999618530277,22.850000381469727,445812059
2024-05-08,23.0,23.299999237060547,22.75,22.950000762939453,261166782
2024-05-09,23.049999237060547,23.149999618530277,22.5,22.600000381469727,236185664
2024-05-10,22.649999618530277,22.75,22.049999237060547,22.5,246251692
2024-05-13,22.5,22.549999237060547,21.850000381469727,22.25,260499591
2024-05-14,22.299999237060547,23.200000762939453,22.25,22.549999237060547,181551079
2024-05-15,22.700000762939453,22.75,22.450000762939453,22.600000381469727,150206482
2024-05-16,22.799999237060547,23.14999961853028,22.600000381469727,22.64999961853028,151589896
2024-05-17,22.649999618530273,23.149999618530273,22.549999237060547,23.0,156930508
2024-05-21,23.350000381469727,23.5,23.0,23.25,146784894
2024-05-22,23.350000381469727,23.399999618530273,22.75,22.950000762939453,155124095
2024-05-23,23.049999237060547,23.200000762939453,22.950000762939453,23.100000381469727,104049758
2024-05-24,23.100000381469727,23.399999618530273,22.950000762939453,23.0,139574706
2024-05-27,23.100000381469727,23.450000762939453,22.799999237060547,23.049999237060547,168551218
2024-05-28,23.0,23.100000381469727,22.649999618530273,22.799999237060547,152952386
2024-05-29,22.700000762939453,22.850000381469727,22.5,22.75,75915670
2024-05-30,22.75,22.850000381469727,22.5,22.549999237060547,102080974
2024-05-31,22.700000762939453,23.399999618530277,22.399999618530277,23.0,353965112
2024-06-03,24.399999618530277,24.649999618530277,23.399999618530277,23.549999237060547,258942118
2024-06-04,23.5,23.5,21.0,21.850000381469727,360722855
2024-06-05,22.299999237060547,22.899999618530277,21.600000381469727,22.649999618530277,214221272
2024-06-06,22.850000381469727,23.299999237060547,22.799999237060547,22.899999618530277,172088732
2024-06-07,22.899999618530277,23.350000381469727,22.649999618530277,23.149999618530277,151028965
2024-06-10,23.399999618530277,24.5,23.209999084472656,23.8700008392334,283340418
2024-06-11,23.989999771118164,24.1200008392334,23.549999237060547,23.6200008392334,164913524
2024-06-12,23.75,24.3799991607666,23.71999931335449,24.1200008392334,187828351
2024-06-13,24.350000381469727,24.5,23.709999084472656,23.799999237060547,130415960
2024-06-14,23.979999542236328,23.979999542236328,23.71999931335449,23.809999465942383,85042765
2024-06-18,23.88999938964844,24.11000061035156,23.729999542236328,23.799999237060547,93571771
2024-06-19,23.850000381469727,24.13999938964844,23.5,23.809999465942383,152776153
2024-06-20,23.850000381469727,24.649999618530273,23.780000686645508,23.959999084472656,169935306
2024-06-21,24.09000015258789,24.13999938964844,23.75,23.84000015258789,115877428
2024-06-24,23.88999938964844,24.100000381469727,23.64999961853028,23.959999084472656,111001042
2024-06-25,24.100000381469727,24.450000762939453,23.950000762939453,24.020000457763672,133033834
2024-06-26,24.030000686645508,24.229999542236328,23.709999084472656,23.790000915527344,128300377
2024-06-27,23.8700008392334,23.93000030517578,23.31999969482422,23.510000228881836,103940384
2024-06-28,23.600000381469727,24.06999969482422,23.549999237060547,23.690000534057617,127903732
2024-07-01,23.780000686645508,24.1299991607666,23.610000610351562,24.059999465942383,132489757
2024-07-02,24.059999465942383,24.479999542236328,23.799999237060547,23.850000381469727,147188768
2024-07-03,24.0,24.299999237060547,23.860000610351562,23.93000030517578,97595777
2024-07-04,23.989999771118164,24.399999618530273,23.809999465942383,23.950000762939453,149388062
2024-07-05,23.979999542236328,27.040000915527344,23.8700008392334,26.63999938964844,985310768
2024-07-08,26.950000762939453,27.440000534057617,25.56999969482422,25.68000030517578,648338958
2024-07-09,26.079999923706055,26.440000534057617,25.709999084472656,25.799999237060547,314153625
2024-07-10,25.899999618530273,26.0,24.600000381469727,24.959999084472656,239758474
2024-07-11,26.100000381469727,27.09000015258789,25.700000762939453,25.829999923706055,726569550
2024-07-12,25.889999389648438,26.239999771118164,25.559999465942383,25.600000381469727,224871313
2024-07-15,25.649999618530273,26.799999237060547,25.100000381469727,26.3799991607666,394428177
2024-07-16,26.3700008392334,26.850000381469727,26.1200008392334,26.190000534057617,164345143
2024-07-18,26.0,26.299999237060547,25.670000076293945,25.75,187983764
2024-07-19,25.739999771118164,25.780000686645508,24.6200008392334,24.770000457763672,166847717
2024-07-22,25.899999618530273,26.190000534057617,25.219999313354492,25.670000076293945,332587313
2024-07-23,25.670000076293945,25.700000762939453,24.25,24.959999084472656,183384210
2024-07-24,24.950000762939453,25.18000030517578,24.739999771118164,24.89999961853028,134634530
2024-07-25,24.59000015258789,24.780000686645508,24.420000076293945,24.6200008392334,106791946
2024-07-26,24.670000076293945,25.11000061035156,24.64999961853028,24.96999931335449,120894253
2024-07-29,25.25,25.68000030517578,24.799999237060547,24.950000762939453,183181556
2024-07-30,24.940000534057617,26.06999969482422,24.8799991607666,25.709999084472656,275043147
2024-07-31,25.90999984741211,27.200000762939453,25.90999984741211,26.51000022888184,653115416
2024-08-01,26.649999618530273,26.940000534057617,26.209999084472656,26.280000686645508,252509224
2024-08-02,25.700000762939453,26.020000457763672,25.350000381469727,25.450000762939453,210174985
2024-08-05,24.5,24.75,23.43000030517578,23.540000915527344,379085398
2024-08-06,24.010000228881836,24.25,23.15999984741211,23.25,183499934
2024-08-07,23.88999938964844,24.14999961853028,23.38999938964844,24.049999237060547,154799051
2024-08-08,24.06999969482422,24.34000015258789,23.8799991607666,23.920000076293945,127582225
2024-08-09,24.190000534057617,24.32999992370605,23.84000015258789,23.940000534057617,103930859
2024-08-12,23.88999938964844,24.6200008392334,23.540000915527344,24.420000076293945,208297302
2024-08-13,25.0,25.100000381469727,24.01000022888184,24.11000061035156,175904099
2024-08-14,24.329999923706055,24.34000015258789,23.81999969482422,23.989999771118164,105214714
2024-08-16,24.270000457763672,24.420000076293945,23.989999771118164,24.270000457763672,97158685
2024-08-19,24.290000915527344,24.940000534057617,24.25,24.450000762939453,131102426
2024-08-20,24.5,24.63999938964844,24.350000381469727,24.51000022888184,87912368
2024-08-21,24.450000762939453,24.770000457763672,24.350000381469727,24.450000762939453,83226963
2024-08-22,24.479999542236328,24.670000076293945,24.459999084472656,24.57999992370605,85421132
2024-08-23,24.6299991607666,24.850000381469727,24.36000061035156,24.38999938964844,111141944
2024-08-26,24.5,24.530000686645508,24.0,24.07999992370605,84344508
2024-08-27,24.18000030517578,24.209999084472656,24.0,24.020000457763672,65729887
2024-08-28,24.0,24.18000030517578,23.920000076293945,23.959999084472656,82734530
2024-08-29,23.959999084472656,24.020000457763672,23.68000030517578,23.729999542236328,77720713
2024-08-30,23.799999237060547,24.020000457763672,23.549999237060547,23.61000061035156,111353758
2024-09-02,23.61000061035156,24.020000457763672,23.36000061035156,23.8700008392334,142483327
2024-09-03,23.959999084472656,24.0,23.63999938964844,23.709999084472656,72982107
2024-09-04,23.489999771118164,23.670000076293945,23.38999938964844,23.489999771118164,75735143
2024-09-05,23.600000381469727,23.6200008392334,23.34000015258789,23.38999938964844,56027204
2024-09-06,23.38999938964844,23.540000915527344,23.100000381469727,23.13999938964844,80711374
2024-09-09,23.049999237060547,23.11000061035156,22.51000022888184,22.88999938964844,121098030
2024-09-10,22.969999313354492,23.110000610351562,22.950000762939453,22.979999542236328,73569153
2024-09-11,22.979999542236328,24.40999984741211,22.8700008392334,23.81999969482422,240019208
2024-09-12,23.989999771118164,24.020000457763672,23.3799991607666,23.43000030517578,95619836
2024-09-13,23.389999389648438,23.860000610351562,23.239999771118164,23.299999237060547,105873786
2024-09-16,23.309999465942383,23.969999313354492,23.239999771118164,23.5,124089733
2024-09-17,23.68000030517578,23.84000015258789,23.350000381469727,23.399999618530277,92847582
2024-09-18,23.489999771118164,23.709999084472656,23.209999084472656,23.31999969482422,84442237
2024-09-19,23.399999618530273,23.450000762939453,22.799999237060547,22.950000762939453,89812762
2024-09-20,23.049999237060547,23.190000534057617,22.90999984741211,23.0,78880719
2024-09-23,23.190000534057617,23.190000534057617,22.899999618530273,22.93000030517578,75716167
2024-09-24,22.989999771118164,23.030000686645508,22.899999618530273,22.950000762939453,49409683
2024-09-25,22.940000534057617,22.989999771118164,22.700000762939453,22.790000915527344,56797147
2024-09-26,22.84000015258789,22.93000030517578,22.649999618530273,22.739999771118164,57810804
2024-09-27,22.75,23.139999389648438,22.68000030517578,22.739999771118164,64565679
2024-09-30,22.729999542236328,22.739999771118164,22.450000762939453,22.479999542236328,68993440
2024-10-01,22.479999542236328,22.579999923706055,22.360000610351562,22.420000076293945,61376374
2024-10-03,22.040000915527344,22.299999237060547,21.780000686645508,21.860000610351562,97597534
2024-10-04,21.969999313354492,22.270000457763672,21.520000457763672,21.950000762939453,119371624
2024-10-07,22.209999084472656,22.26000022888184,20.770000457763672,21.26000022888184,183639701
2024-10-08,21.260000228881836,21.6200008392334,21.100000381469727,21.540000915527344,92773547
2024-10-09,21.639999389648438,21.940000534057617,21.5,21.549999237060547,63955298
2024-10-10,21.6299991607666,21.75,21.350000381469727,21.420000076293945,54770158
2024-10-11,21.389999389648438,21.479999542236328,21.219999313354492,21.399999618530273,51740061
2024-10-14,21.39999961853028,21.489999771118164,21.0,21.049999237060547,56645624
2024-10-15,21.18000030517578,21.299999237060547,21.010000228881836,21.200000762939453,43357325
2024-10-16,21.219999313354492,21.350000381469727,21.100000381469727,21.149999618530273,43705501
2024-10-17,21.14999961853028,21.229999542236328,20.86000061035156,20.89999961853028,49372131
2024-10-18,20.8700008392334,21.149999618530277,20.56999969482422,21.09000015258789,57339193
2024-10-21,21.100000381469727,21.520000457763672,20.84000015258789,21.020000457763672,66917611
2024-10-22,21.0,21.040000915527344,20.0,20.040000915527344,87606605
2024-10-23,20.0,20.26000022888184,19.299999237060547,20.020000457763672,90720281
2024-10-24,20.030000686645508,20.32999992370605,19.899999618530277,20.020000457763672,52181658
2024-10-25,20.040000915527344,20.1200008392334,19.219999313354492,19.3799991607666,97874666
2024-10-28,20.350000381469727,21.290000915527344,20.25,20.540000915527344,228826923
2024-10-29,20.639999389648438,20.850000381469727,20.229999542236328,20.729999542236328,84798060
2024-10-30,20.100000381469727,21.15999984741211,20.100000381469727,20.719999313354492,94044203
2024-10-31,20.690000534057617,20.850000381469727,20.309999465942383,20.399999618530277,60815651
2024-11-01,20.56999969482422,20.75,20.56999969482422,20.709999084472656,17418327
2024-11-04,20.700000762939453,20.739999771118164,20.290000915527344,20.32999992370605,68193071
2024-11-05,20.280000686645508,20.68000030517578,20.229999542236328,20.6200008392334,56247026
2024-11-06,20.670000076293945,20.920000076293945,20.610000610351562,20.84000015258789,55366273
2024-11-07,20.920000076293945,21.139999389648438,20.719999313354492,20.780000686645508,62138851
2024-11-08,20.780000686645508,20.780000686645508,20.06999969482422,20.15999984741211,50979382
2024-11-11,20.15999984741211,20.329999923706055,19.850000381469727,19.889999389648438,81817209
2024-11-12,19.950000762939453,20.139999389648438,19.649999618530273,19.75,44546382
2024-11-13,19.6299991607666,19.729999542236328,19.020000457763672,19.06999969482422,80085697
2024-11-14,19.200000762939453,19.6299991607666,19.200000762939453,19.309999465942383,67917020
2024-11-18,19.290000915527344,19.5,19.149999618530273,19.280000686645508,61476591
2024-11-19,19.329999923706055,19.81999969482422,19.280000686645508,19.559999465942383,57492511
2024-11-21,19.489999771118164,19.489999771118164,19.040000915527344,19.1299991607666,57253095
2024-11-22,19.1200008392334,19.34000015258789,19.1200008392334,19.209999084472656,47148202
2024-11-25,19.510000228881836,19.719999313354492,19.059999465942383,19.18000030517578,119882710
2024-11-26,19.200000762939453,20.6299991607666,19.200000762939453,20.139999389648438,184040834
2024-11-27,20.139999389648438,20.350000381469727,19.84000015258789,20.260000228881836,82352775
2024-11-28,20.100000381469727,20.649999618530277,20.059999465942383,20.36000061035156,101691031
2024-11-29,20.350000381469727,20.520000457763672,19.90999984741211,19.959999084472656,123352713
2024-12-02,19.959999084472656,20.190000534057617,19.899999618530273,20.09000015258789,68351418
2024-12-03,20.149999618530273,21.100000381469727,20.1200008392334,20.84000015258789,150187297
2024-12-04,20.989999771118164,21.389999389648438,20.809999465942383,21.229999542236328,135391370
2024-12-05,21.389999389648438,21.389999389648438,21.049999237060547,21.170000076293945,83133989
2024-12-06,21.190000534057617,21.579999923706055,21.09000015258789,21.489999771118164,127231060
2024-12-09,21.489999771118164,22.020000457763672,21.459999084472656,21.84000015258789,113868644
2024-12-10,21.84000015258789,21.8700008392334,21.360000610351562,21.600000381469727,91877760
2024-12-11,21.5,21.729999542236328,21.450000762939453,21.579999923706055,65929641
2024-12-12,21.5,21.59000015258789,21.1200008392334,21.200000762939453,179952016
2024-12-13,21.149999618530273,21.200000762939453,20.700000762939453,21.09000015258789,97287009
2024-12-16,21.149999618530273,21.579999923706055,21.1200008392334,21.25,71194846
2024-12-17,21.200000762939453,21.440000534057617,20.899999618530273,20.959999084472656,148915011
2024-12-18,20.959999084472656,21.059999465942383,20.579999923706055,20.6200008392334,86755291
2024-12-19,20.299999237060547,20.440000534057617,20.170000076293945,20.360000610351562,51324521
2024-12-20,20.3700008392334,20.5,19.75,19.82999992370605,76096639
2024-12-23,19.89999961853028,20.07999992370605,19.770000457763672,19.90999984741211,52729673
2024-12-24,19.90999984741211,19.989999771118164,19.75,19.799999237060547,44708100
2024-12-26,19.920000076293945,19.940000534057617,19.709999084472656,19.799999237060547,55846692
2024-12-27,19.81999969482422,20.1200008392334,19.780000686645508,19.81999969482422,43277533
2024-12-30,19.829999923706055,20.190000534057617,19.40999984741211,19.540000915527344,83650841
2024-12-31,19.5,19.700000762939453,19.350000381469727,19.59000015258789,60378102
2025-01-01,19.600000381469727,19.700000762939453,19.520000457763672,19.6299991607666,51991164
2025-01-02,19.600000381469727,19.700000762939453,19.31999969482422,19.59000015258789,66997388
2025-01-03,19.6200008392334,20.190000534057617,19.600000381469727,19.959999084472656,99584232
2025-01-06,19.979999542236328,20.030000686645508,18.84000015258789,18.89999961853028,121876031
2025-01-07,19.01000022888184,19.11000061035156,18.799999237060547,19.020000457763672,67368307
2025-01-08,19.020000457763672,19.07999992370605,18.65999984741211,18.770000457763672,87612688
2025-01-09,18.739999771118164,18.84000015258789,18.450000762939453,18.489999771118164,71629389
2025-01-10,18.479999542236328,18.5,17.920000076293945,17.959999084472656,100828645
2025-01-13,17.93000030517578,17.93000030517578,17.059999465942383,17.1200008392334,119009652
2025-01-14,17.190000534057617,18.1299991607666,17.18000030517578,18.020000457763672,95583809
2025-01-15,18.09000015258789,18.219999313354492,17.860000610351562,17.969999313354492,91857646
2025-01-16,18.239999771118164,18.559999465942383,18.190000534057617,18.290000915527344,83579795
2025-01-17,18.280000686645508,18.3700008392334,17.959999084472656,18.26000022888184,61440794
2025-01-20,18.290000915527344,19.1299991607666,18.260000228881836,18.93000030517578,108954125
2025-01-21,19.07999992370605,19.07999992370605,18.450000762939453,18.5,88040986
2025-01-22,18.690000534057617,18.690000534057617,17.979999542236328,18.350000381469727,93719498
2025-01-23,18.26000022888184,18.6200008392334,18.040000915527344,18.46999931335449,83253385
2025-01-24,18.450000762939453,18.6299991607666,18.149999618530273,18.239999771118164,60357643
2025-01-27,18.6299991607666,18.989999771118164,18.360000610351562,18.489999771118164,234052234
2025-01-28,18.600000381469727,18.71999931335449,18.14999961853028,18.3700008392334,117219065
2025-01-29,18.399999618530273,18.920000076293945,18.270000457763672,18.809999465942383,98741576
2025-01-30,18.790000915527344,19.209999084472656,18.709999084472656,18.950000762939453,103327002
2025-01-31,18.89999961853028,19.299999237060547,18.739999771118164,19.229999542236328,86433511
2025-02-01,19.25,19.3799991607666,18.75,19.030000686645508,68141359
2025-02-03,18.93000030517578,18.950000762939453,18.65999984741211,18.790000915527344,60072694
2025-02-04,18.979999542236328,19.290000915527344,18.90999984741211,19.1200008392334,57242107
2025-02-05,19.06999969482422,19.5,19.06999969482422,19.420000076293945,80955575
2025-02-06,19.530000686645508,19.559999465942383,19.229999542236328,19.280000686645508,52266742
2025-02-07,19.309999465942383,19.43000030517578,19.049999237060547,19.1200008392334,60573527
2025-02-10,19.09000015258789,19.190000534057617,18.540000915527344,18.59000015258789,70508773
2025-02-11,18.59000015258789,18.690000534057617,18.010000228881836,18.11000061035156,55528034
2025-02-12,18.110000610351562,18.270000457763672,17.559999465942383,18.1299991607666,83805966
2025-02-13,18.09000015258789,18.40999984741211,18.049999237060547,18.170000076293945,51300876
2025-02-14,18.170000076293945,18.290000915527344,17.59000015258789,17.760000228881836,66961081
2025-02-17,17.75,17.81999969482422,17.329999923706055,17.65999984741211,92372362
2025-02-18,17.65999984741211,17.719999313354492,17.229999542236328,17.459999084472656,77197334
2025-02-19,17.399999618530273,18.059999465942383,17.309999465942383,18.0,63365019
2025-02-20,17.979999542236328,18.25,17.81999969482422,18.209999084472656,47340797
2025-02-21,18.18000030517578,18.420000076293945,17.8700008392334,17.93000030517578,56345958
2025-02-24,17.84000015258789,17.920000076293945,17.6299991607666,17.860000610351562,53216360
2025-02-25,17.799999237060547,18.100000381469727,17.75,17.790000915527344,49082878
2025-02-27,17.790000915527344,17.93000030517578,17.209999084472656,17.360000610351562,63136819
2025-02-28,17.229999542236328,17.260000228881836,16.65999984741211,16.75,133381737
2025-03-03,16.75,16.989999771118164,16.1299991607666,16.309999465942383,106603357
2025-03-04,16.239999771118164,16.780000686645508,16.15999984741211,16.34000015258789,143365309
2025-03-05,16.389999389648438,16.979999542236328,16.3799991607666,16.920000076293945,88590804
2025-03-06,17.190000534057617,17.25,16.93000030517578,16.979999542236328,72203818
2025-03-07,16.959999084472656,17.06999969482422,16.84000015258789,16.8799991607666,61451832
2025-03-10,16.8799991607666,17.020000457763672,16.479999542236328,16.520000457763672,68621458
2025-03-11,16.389999389648438,16.540000915527344,16.110000610351562,16.3700008392334,85457453
2025-03-12,16.399999618530273,16.5,16.020000457763672,16.149999618530273,79312744
2025-03-13,16.200000762939453,16.3700008392334,16.15999984741211,16.190000534057617,62477298
2025-03-17,16.299999237060547,16.3799991607666,16.09000015258789,16.110000610351562,71732487
2025-03-18,16.110000610351562,16.110000610351562,16.110000610351562,16.110000610351562,0
2025-03-19,16.520000457763672,17.100000381469727,16.520000457763672,17.030000686645508,99766469
2025-03-20,17.260000228881836,17.31999969482422,16.90999984741211,16.940000534057617,80780475
2025-03-21,16.969999313354492,17.219999313354492,16.899999618530273,17.170000076293945,101017458
2025-03-24,17.360000610351562,17.530000686645508,17.239999771118164,17.43000030517578,82460279
2025-03-25,17.459999084472656,17.530000686645508,17.0,17.030000686645508,101820390
2025-03-26,17.030000686645508,17.18000030517578,16.920000076293945,16.959999084472656,98505856
2025-03-27,16.93000030517578,17.5,16.780000686645508,17.260000228881836,214871192
2025-03-28,17.260000228881836,17.5,16.829999923706055,16.8799991607666,98061236
2025-04-01,16.739999771118164,17.43000030517578,16.6299991607666,17.329999923706055,90534491
2025-04-02,17.200000762939453,17.450000762939453,17.010000228881836,17.399999618530273,67818784
2025-04-03,17.110000610351562,18.040000915527344,17.110000610351562,17.950000762939453,94350870
2025-04-04,17.940000534057617,17.959999084472656,17.110000610351562,17.190000534057617,111241105
2025-04-07,16.209999084472656,16.93000030517578,16.15999984741211,16.850000381469727,122495456
2025-04-08,17.049999237060547,17.350000381469727,16.899999618530273,17.170000076293945,81632731
2025-04-09,17.139999389648438,17.299999237060547,16.899999618530273,17.15999984741211,69547580
2025-04-11,17.5,17.5,17.110000610351562,17.149999618530273,52543433
2025-04-15,17.489999771118164,17.59000015258789,17.309999465942383,17.520000457763672,61294441
2025-04-16,17.600000381469727,18.049999237060547,17.549999237060547,17.8700008392334,85730443
2025-04-17,17.84000015258789,18.149999618530273,17.719999313354492,18.09000015258789,99208246
2025-04-21,19.13999938964844,19.350000381469727,18.780000686645508,18.81999969482422,212102753
2025-04-22,18.940000534057617,18.989999771118164,18.639999389648438,18.690000534057617,76060910
2025-04-23,18.809999465942383,18.81999969482422,18.15999984741211,18.420000076293945,89519210
2025-04-24,18.399999618530277,18.65999984741211,18.32999992370605,18.43000030517578,65182036
2025-04-25,18.450000762939453,18.540000915527344,17.6200008392334,17.770000457763672,109327218
2025-04-28,17.780000686645508,18.15999984741211,17.709999084472656,18.09000015258789,73449583
2025-04-29,18.25,18.389999389648438,17.93000030517578,17.989999771118164,59829539
2025-04-30,17.979999542236328,18.030000686645508,17.639999389648438,17.719999313354492,54958582
2025-05-02,17.719999313354492,17.989999771118164,17.6299991607666,17.719999313354492,46832614
2025-05-05,17.700000762939453,17.84000015258789,17.510000228881836,17.729999542236328,49326496
2025-05-06,19.239999771118164,19.440000534057617,17.8799991607666,17.93000030517578,480714088
2025-05-07,17.8700008392334,18.3799991607666,17.729999542236328,18.270000457763672,140782313
2025-05-08,18.350000381469727,18.809999465942383,18.149999618530273,18.229999542236328,157515725
2025-05-09,17.799999237060547,20.3700008392334,17.770000457763672,20.020000457763672,728005767
2025-05-12,21.700000762939453,21.700000762939453,20.299999237060547,20.40999984741211,527532441
2025-05-13,20.5,21.389999389648438,20.260000228881836,20.8700008392334,285354139
2025-05-14,21.290000915527344,21.290000915527344,20.690000534057617,20.959999084472656,201882995
2025-05-15,21.100000381469727,21.700000762939453,20.959999084472656,21.510000228881836,264756782
2025-05-16,21.5,21.950000762939453,21.25,21.549999237060547,193427371
2025-05-19,21.559999465942383,21.68000030517578,21.149999618530277,21.200000762939453,146527941
2025-05-20,21.239999771118164,21.399999618530273,20.780000686645508,20.81999969482422,116009986
2025-05-21,20.829999923706055,21.100000381469727,20.6299991607666,20.979999542236328,103111472
2025-05-22,20.989999771118164,21.239999771118164,20.780000686645508,20.96999931335449,84194525
2025-05-23,20.979999542236328,21.229999542236328,20.8700008392334,21.149999618530277,84046831
2025-05-26,21.209999084472656,21.219999313354492,20.950000762939453,20.989999771118164,59611150
2025-05-27,20.989999771118164,21.200000762939453,20.8700008392334,21.1299991607666,79024752
2025-05-28,21.1299991607666,21.43000030517578,21.06999969482422,21.11000061035156,76178634
2025-05-29,21.209999084472656,21.36000061035156,21.09000015258789,21.309999465942383,76589813
2025-05-30,21.34000015258789,21.649999618530277,21.020000457763672,21.479999542236328,156224502
2025-06-02,21.399999618530277,23.38999938964844,21.350000381469727,23.280000686645508,556213846
2025-06-03,22.93000030517578,22.93000030517578,20.709999084472656,20.86000061035156,351913170
2025-06-04,21.100000381469727,21.36000061035156,20.739999771118164,21.13999938964844,246958946
2025-06-05,21.290000915527344,21.290000915527344,20.889999389648438,20.93000030517578,117110247
2025-06-06,20.950000762939453,21.079999923706055,20.780000686645508,20.850000381469727,112153888
2025-06-09,20.969999313354492,21.1200008392334,20.950000762939453,21.020000457763672,79444934
2025-06-10,21.09000015258789,21.09000015258789,20.809999465942383,20.82999992370605,83741142
2025-06-11,20.850000381469727,21.07999992370605,20.68000030517578,20.709999084472656,87551682
2025-06-12,20.709999084472656,20.760000228881836,20.360000610351562,20.420000076293945,75498210
2025-06-13,20.0,20.290000915527344,19.920000076293945,20.15999984741211,86716463
2025-06-16,20.200000762939453,20.420000076293945,19.8700008392334,20.239999771118164,127118891
2025-06-17,20.239999771118164,20.34000015258789,19.809999465942383,19.940000534057617,106940351
2025-06-18,19.940000534057617,20.1299991607666,19.739999771118164,19.88999938964844,70942059
2025-06-19,19.88999938964844,19.950000762939453,19.31999969482422,19.40999984741211,121108336
2025-06-20,19.40999984741211,19.81999969482422,19.39999961853028,19.729999542236328,137535775
2025-06-23,19.719999313354492,19.959999084472656,19.6200008392334,19.8799991607666,84683129
2025-06-24,20.059999465942383,20.170000076293945,19.940000534057617,19.96999931335449,111385760
2025-06-25,19.969999313354492,20.280000686645508,19.969999313354492,20.229999542236328,102424811
2025-06-26,20.26000022888184,20.309999465942383,20.020000457763672,20.07999992370605,89018955
2025-06-27,20.100000381469727,20.489999771118164,20.100000381469727,20.18000030517578,105112009
2025-06-30,20.219999313354492,20.600000381469727,20.209999084472656,20.34000015258789,96513607
2025-07-01,20.39999961853028,20.479999542236328,20.14999961853028,20.43000030517578,79199190
2025-07-02,20.5,20.5,20.18000030517578,20.280000686645508,57391538
2025-07-03,20.299999237060547,20.329999923706055,20.1200008392334,20.149999618530273,55964363
2025-07-04,20.149999618530273,20.200000762939453,19.979999542236328,20.049999237060547,59748051
2025-07-07,20.049999237060547,20.190000534057617,19.979999542236328,20.0,49824401
2025-07-08,20.030000686645508,20.09000015258789,19.89999961853028,20.0,39857418
2025-07-09,20.01000022888184,20.11000061035156,19.86000061035156,19.90999984741211,44640150
2025-07-10,19.950000762939453,19.989999771118164,19.76000022888184,19.809999465942383,43768292
2025-07-11,19.809999465942383,19.950000762939453,19.61000061035156,19.65999984741211,43213838
2025-07-14,19.65999984741211,20.059999465942383,19.549999237060547,19.989999771118164,81039620
2025-07-15,20.09000015258789,20.649999618530277,19.979999542236328,20.459999084472656,155046810
2025-07-16,20.530000686645508,20.559999465942383,20.15999984741211,20.239999771118164,80436508
2025-07-17,20.26000022888184,20.32999992370605,20.1200008392334,20.13999938964844,49121789
2025-07-18,20.200000762939453,20.25,20.049999237060547,20.170000076293945,55784919
2025-07-21,20.479999542236328,20.479999542236328,20.100000381469727,20.15999984741211,126790484
2025-07-22,20.239999771118164,20.280000686645508,19.950000762939453,19.989999771118164,56424796
2025-07-23,20.0,20.049999237060547,19.809999465942383,19.89999961853028,48443347
2025-07-24,19.989999771118164,20.07999992370605,19.43000030517578,20.01000022888184,94999548
2025-07-25,19.950000762939453,19.989999771118164,19.57999992370605,19.600000381469727,76975220
2025-07-28,19.639999389648438,19.809999465942383,19.280000686645508,19.329999923706055,61286631
2025-07-29,19.34000015258789,19.540000915527344,19.309999465942383,19.39999961853028,56102137
2025-07-30,19.440000534057617,19.489999771118164,19.18000030517578,19.219999313354492,53521061
2025-07-31,19.100000381469727,19.1200008392334,18.84000015258789,18.920000076293945,93683521
2025-08-01,18.920000076293945,18.989999771118164,18.549999237060547,18.600000381469727,58206240
2025-08-04,18.610000610351562,19.06999969482422,18.329999923706055,18.889999389648438,73368669
2025-08-05,18.799999237060547,18.989999771118164,18.76000022888184,18.86000061035156,39066603
2025-08-06,18.860000610351562,18.90999984741211,18.670000076293945,18.729999542236328,41705259
2025-08-07,18.6299991607666,18.829999923706055,18.399999618530273,18.770000457763672,56249685
2025-08-08,18.799999237060547,18.850000381469727,18.5,18.540000915527344,35941372
2025-08-11,18.540000915527344,18.809999465942383,18.450000762939453,18.770000457763672,37440382
2025-08-12,18.81999969482422,18.8799991607666,18.690000534057617,18.719999313354492,31306357
2025-08-13,18.770000457763672,18.8700008392334,18.64999961853028,18.82999992370605,37754923
2025-08-14,18.829999923706055,18.8799991607666,18.719999313354492,18.780000686645508,31042904
2025-08-18,18.90999984741211,19.18000030517578,18.8799991607666,19.09000015258789,48199185
2025-08-19,19.1200008392334,19.389999389648438,19.030000686645508,19.350000381469727,46074068
2025-08-20,19.34000015258789,19.43000030517578,19.31999969482422,19.36000061035156,40828150
2025-08-21,19.3799991607666,19.700000762939453,19.32999992370605,19.43000030517578,49389309
2025-08-22,19.43000030517578,19.459999084472656,19.25,19.280000686645508,38048028
2025-08-25,20.200000762939453,20.200000762939453,19.5,19.549999237060547,254721161
2025-08-26,19.489999771118164,19.5,18.899999618530273,18.950000762939453,148661489
2025-08-28,19.0,19.030000686645508,18.649999618530273,18.68000030517578,68889791
2025-08-29,18.8799991607666,19.549999237060547,18.709999084472656,19.100000381469727,191492999
2025-09-01,19.200000762939453,19.63999938964844,19.06999969482422,19.549999237060547,78438721
2025-09-02,19.549999237060547,19.799999237060547,19.3700008392334,19.549999237060547,71824126
2025-09-03,19.739999771118164,20.3799991607666,19.700000762939453,20.350000381469727,220584457
2025-09-04,20.489999771118164,20.540000915527344,20.25,20.290000915527344,99808514
2025-09-05,20.309999465942383,20.61000061035156,20.030000686645508,20.440000534057617,91388363
2025-09-08,20.510000228881836,20.530000686645508,20.139999389648438,20.18000030517578,50735550
2025-09-09,20.209999084472656,20.479999542236328,20.200000762939453,20.34000015258789,58152362
2025-09-10,20.459999084472656,20.93000030517578,20.420000076293945,20.770000457763672,131894977
2025-09-11,20.8799991607666,21.13999938964844,20.75,20.979999542236328,113340991
2025-09-12,21.049999237060547,21.07999992370605,20.75,20.86000061035156,70693606
2025-09-15,20.8700008392334,21.280000686645508,20.8700008392334,21.010000228881836,74452689
2025-09-16,21.010000228881836,21.09000015258789,20.84000015258789,21.010000228881836,58912746
2025-09-17,21.040000915527344,21.239999771118164,20.8700008392334,21.149999618530277,77272829
2025-09-18,21.299999237060547,21.309999465942383,20.940000534057617,21.06999969482422,78623637
2025-09-19,21.06999969482422,21.38999938964844,21.0,21.170000076293945,116051178
2025-09-22,21.239999771118164,21.6299991607666,21.18000030517578,21.209999084472656,111736439
2025-09-23,21.200000762939453,21.450000762939453,21.100000381469727,21.3799991607666,82429015
2025-09-24,21.34000015258789,21.549999237060547,21.149999618530273,21.190000534057617,76509671
2025-09-25,21.190000534057617,21.56999969482422,21.15999984741211,21.350000381469727,117158717
2025-09-26,21.350000381469727,21.399999618530273,20.899999618530273,20.969999313354492,85479445
2025-09-29,21.020000457763672,21.34000015258789,21.01000022888184,21.040000915527344,69388119
2025-09-30,21.06999969482422,21.46999931335449,21.06999969482422,21.25,92547790
2025-10-01,21.280000686645508,21.81999969482422,21.15999984741211,21.760000228881836,157063539
2025-10-03,21.76000022888184,21.96999931335449,21.68000030517578,21.850000381469727,108054972
2025-10-06,21.899999618530273,22.190000534057617,21.780000686645508,21.93000030517578,103492711
2025-10-07,21.950000762939453,22.360000610351562,21.940000534057617,22.219999313354492,120108122
2025-10-08,22.25,22.290000915527344,21.899999618530277,22.040000915527344,96892054
2025-10-09,22.049999237060547,22.46999931335449,22.01000022888184,22.420000076293945,113280531
2025-10-10,22.450000762939453,24.299999237060547,22.420000076293945,24.0,551294320
2025-10-13,24.200000762939453,24.290000915527344,23.81999969482422,24.030000686645508,251979906
2025-10-14,24.07999992370605,24.13999938964844,23.229999542236328,23.31999969482422,154381162
2025-10-15,23.350000381469727,23.46999931335449,23.209999084472656,23.31999969482422,91990161
2025-10-16,23.46999931335449,23.46999931335449,23.07999992370605,23.1200008392334,80935243
2025-10-17,23.1299991607666,23.239999771118164,22.049999237060547,22.25,199136558
2025-10-20,22.5,22.959999084472656,22.139999389648438,22.639999389648438,174176913
2025-10-21,22.790000915527344,22.899999618530273,22.68000030517578,22.75,25743458
2025-10-23,22.780000686645508,23.200000762939453,22.649999618530273,22.719999313354492,130607745
2025-10-24,22.75,22.8799991607666,22.469999313354492,22.670000076293945,90033037
2025-10-27,22.71999931335449,22.940000534057617,22.65999984741211,22.770000457763672,81275519
2025-10-28,22.75,22.959999084472656,22.540000915527344,22.729999542236328,90650700
2025-10-29,22.760000228881836,22.940000534057617,22.65999984741211,22.690000534057617,56148847
2025-10-30,22.75,22.75,22.200000762939453,22.229999542236328,80860184
2025-10-31,22.270000457763672,23.21999931335449,22.270000457763672,22.739999771118164,210892173
2025-11-03,22.75,23.14999961853028,22.530000686645508,22.96999931335449,107152375
2025-11-04,22.969999313354492,23.469999313354492,22.799999237060547,23.020000457763672,139505986
2025-11-06,23.020000457763672,23.100000381469727,22.610000610351562,22.6299991607666,78361962
2025-11-07,22.5,22.940000534057617,22.299999237060547,22.850000381469727,84025519
2025-11-10,22.899999618530273,23.049999237060547,22.700000762939453,22.739999771118164,48716934
2025-11-11,22.739999771118164,22.75,22.38999938964844,22.6299991607666,53666213
2025-11-12,22.709999084472656,22.899999618530277,22.670000076293945,22.75,62838364
2025-11-13,22.75,22.84000015258789,22.450000762939453,22.479999542236328,59377342
2025-11-14,22.479999542236328,22.600000381469727,22.36000061035156,22.5,50842831
2025-11-17,22.579999923706055,23.329999923706055,22.579999923706055,23.15999984741211,156830924
2025-11-18,23.190000534057617,23.25,22.950000762939453,22.989999771118164,74216797
2025-11-19,22.989999771118164,23.059999465942383,22.76000022888184,22.93000030517578,60590652
2025-11-20,23.020000457763672,23.049999237060547,22.57999992370605,22.6299991607666,64244668
2025-11-21,22.6299991607666,22.65999984741211,22.31999969482422,22.43000030517578,67259036
2025-11-24,22.43000030517578,22.479999542236328,22.15999984741211,22.200000762939453,139013154
2025-11-25,22.3799991607666,22.81999969482422,22.299999237060547,22.700000762939453,111959200
2025-11-26,22.75,23.0,22.610000610351562,22.93000030517578,72030859
2025-11-27,22.93000030517578,23.190000534057617,22.639999389648438,22.84000015258789,65580085
2025-11-28,22.84000015258789,23.049999237060547,22.729999542236328,22.93000030517578,72031509
2025-12-01,22.940000534057617,23.100000381469727,22.3799991607666,22.450000762939453,79108039
2025-12-02,22.59000015258789,22.93000030517578,22.420000076293945,22.709999084472656,140633299
2025-12-03,22.850000381469727,22.8700008392334,22.31999969482422,22.399999618530273,102870973
2025-12-04,22.489999771118164,22.96999931335449,22.32999992370605,22.76000022888184,135564479
2025-12-05,22.790000915527344,22.790000915527344,22.469999313354492,22.600000381469727,81360183
2025-12-08,22.6299991607666,22.690000534057617,21.799999237060547,21.899999618530273,92735902
2025-12-09,21.790000915527344,22.18000030517578,21.579999923706055,22.020000457763672,75695676
2025-12-10,22.030000686645508,22.190000534057617,21.670000076293945,21.719999313354492,59340201
2025-12-11,21.780000686645508,22.0,21.600000381469727,21.940000534057617,49809860
2025-12-12,21.940000534057617,22.09000015258789,21.84000015258789,21.920000076293945,65886403
2025-12-15,21.8700008392334,21.950000762939453,21.700000762939453,21.760000228881836,42862660
2025-12-16,21.700000762939453,21.799999237060547,21.32999992370605,21.5,58377894
2025-12-17,21.51000022888184,21.68000030517578,21.459999084472656,21.559999465942383,52042505
2025-12-18,21.559999465942383,21.59000015258789,21.299999237060547,21.440000534057617,37324141
2025-12-19,21.450000762939453,21.760000228881836,21.450000762939453,21.700000762939453,86903781
2025-12-22,21.780000686645508,21.860000610351562,21.700000762939453,21.780000686645508,40151576
2025-12-23,21.780000686645508,21.8700008392334,21.649999618530273,21.739999771118164,41573838
2025-12-24,21.729999542236328,21.950000762939453,21.65999984741211,21.690000534057617,45436981
2025-12-26,21.670000076293945,21.729999542236328,21.469999313354492,21.520000457763672,37356486
2025-12-29,21.520000457763672,21.59000015258789,21.309999465942383,21.360000610351562,50264490
2025-12-30,21.39999961853028,21.479999542236328,21.14999961853028,21.3700008392334,267083134
2025-12-31,21.399999618530273,21.780000686645508,21.389999389648438,21.600000381469727,64801196
2026-01-01,21.65999984741211,21.700000762939453,21.440000534057617,21.489999771118164,32482816
2026-01-02,21.5,22.34000015258789,21.479999542236328,22.290000915527344,114890325
2026-01-05,22.350000381469727,22.90999984741211,22.18000030517578,22.829999923706055,153037809
2026-01-06,22.799999237060547,23.200000762939453,22.670000076293945,22.809999465942383,121289455
2026-01-07,22.88999938964844,23.56999969482422,22.71999931335449,23.5,188593277
2026-01-08,23.489999771118164,23.5,22.6200008392334,22.71999931335449,137071427
2026-01-09,22.6200008392334,23.229999542236328,22.549999237060547,22.84000015258789,109751170
2026-01-12,22.799999237060547,23.040000915527344,22.459999084472656,22.959999084472656,113760125
2026-01-13,23.059999465942383,23.1200008392334,22.600000381469727,22.790000915527344,65671077
2026-01-14,22.799999237060547,23.059999465942383,22.670000076293945,22.950000762939453,69741380
2026-01-15,22.950000762939453,22.950000762939453,22.950000762939453,22.950000762939453,0
2026-01-16,23.0,23.670000076293945,23.0,23.459999084472656,171164616
2026-01-19,23.989999771118164,23.989999771118164,22.65999984741211,22.760000228881836,195595177
2026-01-20,22.649999618530273,22.690000534057617,21.610000610351562,21.700000762939453,165413896
2026-01-21,21.68000030517578,22.020000457763672,21.510000228881836,21.65999984741211,133777591
2026-01-22,21.88999938964844,22.049999237060547,21.549999237060547,21.6299991607666,93938702
2026-01-23,21.729999542236328,21.76000022888184,20.799999237060547,20.920000076293945,120490912
2026-01-27,21.0,21.18000030517578,20.68000030517578,21.020000457763672,111906765
2026-01-28,21.200000762939453,21.549999237060547,21.18000030517578,21.479999542236328,87803981
2026-01-29,21.479999542236328,21.549999237060547,21.020000457763672,21.309999465942383,262833336
2026-01-30,21.149999618530273,21.479999542236328,21.020000457763672,21.40999984741211,81922208
2026-02-02,21.18000030517578,21.350000381469727,20.809999465942383,21.190000534057617,76912343
2026-02-03,21.989999771118164,21.989999771118164,21.25,21.309999465942383,92631268
2026-02-04,21.309999465942383,21.6299991607666,21.26000022888184,21.549999237060547,101189935
2026-02-05,21.59000015258789,21.649999618530273,21.200000762939453,21.3799991607666,79887065
2026-02-06,21.36000061035156,21.43000030517578,21.06999969482422,21.290000915527344,63575388
2026-02-09,21.389999389648438,21.639999389648438,21.299999237060547,21.559999465942383,66727230
2026-02-10,21.600000381469727,21.600000381469727,21.34000015258789,21.39999961853028,54079341
2026-02-11,21.489999771118164,21.489999771118164,21.21999931335449,21.31999969482422,51470737
2026-02-12,21.299999237060547,21.31999969482422,21.0,21.100000381469727,80095498
2026-02-13,21.030000686645508,21.06999969482422,20.709999084472656,20.86000061035156,59208817
2026-02-16,20.76000022888184,20.989999771118164,20.700000762939453,20.959999084472656,46684058
2026-02-17,20.8799991607666,21.170000076293945,20.8799991607666,21.07999992370605,52974883
2026-02-18,21.09000015258789,21.26000022888184,21.07999992370605,21.239999771118164,39086908
2026-02-19,21.239999771118164,21.329999923706055,20.829999923706055,20.959999084472656,40678406
2026-02-20,20.959999084472656,21.1200008392334,20.84000015258789,21.040000915527344,45942123
2026-02-23,21.059999465942383,21.13999938964844,20.75,20.88999938964844,51401565
2026-02-24,20.88999938964844,21.01000022888184,20.61000061035156,20.81999969482422,81564930
2026-02-25,20.799999237060547,20.940000534057617,20.56999969482422,20.71999931335449,66907423
2026-02-26,20.75,21.239999771118164,20.75,21.040000915527344,214470676
2026-02-27,21.010000228881836,21.010000228881836,20.649999618530273,20.719999313354492,98977180
2026-03-02,19.93000030517578,20.520000457763672,19.90999984741211,20.18000030517578,141054900
2026-03-04,19.8700008392334,20.229999542236328,19.84000015258789,20.010000228881836,108973379
2026-03-05,20.040000915527344,20.270000457763672,19.90999984741211,20.229999542236328,70853056
2026-03-06,20.200000762939453,20.5,20.06999969482422,20.1200008392334,61593487
2026-03-09,19.889999389648438,19.889999389648438,19.299999237060547,19.649999618530273,106887032
2026-03-10,19.86000061035156,20.040000915527344,19.729999542236328,19.90999984741211,78217318
2026-03-11,19.90999984741211,20.040000915527344,19.479999542236328,19.530000686645508,69922613
2026-03-12,19.450000762939453,19.520000457763672,19.020000457763672,19.309999465942383,87147333
2026-03-13,19.21999931335449,19.25,18.75,18.799999237060547,94002650
2026-03-16,18.61000061035156,18.84000015258789,18.190000534057617,18.540000915527344,125321996
2026-03-17,18.549999237060547,18.729999542236328,18.450000762939453,18.63999938964844,88004499
2026-03-18,18.729999542236328,18.96999931335449,18.65999984741211,18.940000534057617,65772319
2026-03-19,18.559999465942383,18.739999771118164,18.280000686645508,18.38999938964844,73345327
2026-03-20,18.530000686645508,18.989999771118164,18.510000228881836,18.579999923706055,102980717
2026-03-23,18.489999771118164,18.489999771118164,17.559999465942383,17.649999618530273,135553006
2026-03-24,18.13999938964844,18.18000030517578,17.860000610351562,18.06999969482422,96268443
2026-03-25,18.219999313354492,18.579999923706055,18.200000762939453,18.469999313354492,89076218
2026-03-27,18.46999931335449,18.46999931335449,17.959999084472656,18.1200008392334,234486177
2026-03-30,17.950000762939453,17.959999084472656,17.200000762939453,17.25,174192183
2026-04-01,17.65999984741211,18.100000381469727,17.6299991607666,17.90999984741211,98191539
2026-04-02,17.700000762939453,17.940000534057617,17.299999237060547,17.8700008392334,98125615
2026-04-06,17.93000030517578,18.190000534057617,17.68000030517578,18.149999618530277,111004079
2026-04-07,18.1200008392334,18.21999931335449,17.920000076293945,18.1299991607666,59342949
2026-04-08,18.8799991607666,19.100000381469727,18.68000030517578,19.040000915527344,117741157
2026-04-09,19.0,19.200000762939453,18.84000015258789,18.93000030517578,82910223
2026-04-10,19.0,19.200000762939453,19.0,19.07999992370605,82318770
2026-04-13,18.700000762939453,18.979999542236328,18.450000762939453,18.8799991607666,69070156
2026-04-15,19.200000762939453,19.43000030517578,19.14999961853028,19.36000061035156,67248757
2026-04-16,19.540000915527344,20.1200008392334,19.3700008392334,19.950000762939453,161480178
2026-04-17,20.06999969482422,20.440000534057617,19.81999969482422,20.190000534057617,130228329
2026-04-20,20.639999389648438,20.709999084472656,19.790000915527344,19.84000015258789,379799755
2026-04-21,19.979999542236328,19.979999542236328,19.719999313354492,19.770000457763672,96821013
2026-04-22,19.770000457763672,20.1200008392334,19.670000076293945,19.989999771118164,100201392
2026-04-23,19.940000534057617,20.09000015258789,19.86000061035156,20.030000686645508,86860205
2026-04-24,20.030000686645508,20.14999961853028,19.770000457763672,19.84000015258789,67059790
2026-04-27,19.850000381469727,20.110000610351562,19.850000381469727,19.940000534057617,55466486
2026-04-28,19.899999618530277,20.040000915527344,19.8799991607666,19.96999931335449,70300767
2026-04-29,20.040000915527344,20.549999237060547,19.979999542236328,20.270000457763672,127592848
2026-04-30,20.25,20.25,19.860000610351562,19.93000030517578,68337795
2026-05-01,19.93000030517578,19.93000030517578,19.93000030517578,19.93000030517578,0
2026-05-04,19.989999771118164,20.25,19.8700008392334,19.959999084472656,64921421
2026-05-05,19.979999542236328,20.940000534057617,19.760000228881836,20.479999542236328,162940686
2026-05-06,20.88999938964844,22.200000762939453,20.809999465942383,22.1299991607666,388730945
2026-05-07,22.040000915527344,22.690000534057617,22.010000228881836,22.510000228881836,232834764
2026-05-08,22.46999931335449,23.049999237060547,22.040000915527344,22.940000534057617,202807789
2026-05-11,22.61000061035156,23.18000030517578,22.46999931335449,22.700000762939453,191211937
2026-05-12,22.670000076293945,22.93000030517578,21.979999542236328,22.059999465942383,161320225
2026-05-13,22.049999237060547,22.549999237060547,21.920000076293945,22.110000610351562,112430701
2026-05-14,22.309999465942383,22.450000762939453,21.8799991607666,22.190000534057617,96816399
2026-05-15,22.280000686645508,22.440000534057617,21.979999542236328,22.06999969482422,107821837
2026-05-18,21.950000762939453,21.950000762939453,21.31999969482422,21.809999465942383,98238752
2026-05-19,21.84000015258789,22.1299991607666,21.719999313354492,21.969999313354492,68781455
2026-05-20,21.799999237060547,22.049999237060547,21.600000381469727,22.0,62736095
2026-05-21,22.170000076293945,22.34000015258789,20.93000030517578,21.56999969482422,130253122
2026-05-22,21.600000381469727,21.969999313354492,21.420000076293945,21.8700008392334,87040517
2026-05-25,22.139999389648438,22.399999618530273,22.010000228881836,22.290000915527344,69502731
2026-05-26,22.350000381469727,22.899999618530273,22.200000762939453,22.829999923706055,122217274
2026-05-27,22.81999969482422,22.969999313354492,22.719999313354492,22.760000228881836,83642012
2026-05-28,22.760000228881836,22.760000228881836,22.760000228881836,22.760000228881836,0
2026-05-29,22.799999237060547,23.549999237060547,22.799999237060547,23.149999618530277,313761828
2026-06-01,23.280000686645508,23.770000457763672,22.920000076293945,23.010000228881836,141975429
2026-06-02,22.920000076293945,23.020000457763672,22.46999931335449,22.82999992370605,165063885
2026-06-03,22.809999465942383,23.030000686645508,22.200000762939453,22.93000030517578,111470651
2026-06-04,22.700000762939453,23.020000457763672,22.670000076293945,22.770000457763672,77191326
2026-06-05,22.81999969482422,23.399999618530273,22.719999313354492,23.299999237060547,148106091
2026-06-08,22.940000534057617,23.549999237060547,22.920000076293945,23.0,117743530
2026-06-09,23.059999465942383,23.530000686645508,23.059999465942383,23.3700008392334,100528684
2026-06-10,23.39999961853028,23.520000457763672,22.520000457763672,22.600000381469727,97611104
2026-06-11,22.5,22.770000457763672,22.18000030517578,22.219999313354492,93036362
2026-06-12,22.850000381469727,23.049999237060547,22.43000030517578,23.020000457763672,87273100
2026-06-15,23.299999237060547,24.0,23.25,23.780000686645508,161580507
2026-06-16,23.76000022888184,24.489999771118164,23.450000762939453,23.88999938964844,219386959
2026-06-17,23.899999618530277,25.459999084472656,23.899999618530277,25.11000061035156,394351584
2026-06-18,25.239999771118164,25.780000686645508,25.100000381469727,25.479999542236328,232600629
2026-06-19,25.43000030517578,25.600000381469727,25.25,25.40999984741211,132491220
2026-06-22,25.5,25.559999465942383,24.93000030517578,24.959999084472656,142168889
2026-06-23,24.959999084472656,25.049999237060547,24.5,24.549999237060547,89225251
2026-06-24,24.549999237060547,25.06999969482422,24.549999237060547,24.940000534057617,117169271
2026-06-25,25.059999465942383,25.149999618530277,24.770000457763672,24.8700008392334,86623878
2026-06-26,24.8700008392334,24.8700008392334,24.8700008392334,24.8700008392334,0
2026-06-29,24.8700008392334,25.3799991607666,24.81999969482422,25.09000015258789,183936840
2026-06-30,25.25,25.34000015258789,24.100000381469727,24.18000030517578,160293573
2026-07-01,24.25,24.64999961853028,24.06999969482422,24.57999992370605,93513120
2026-07-02,24.600000381469727,24.65999984741211,24.149999618530273,24.25,57142326
2026-07-03,24.3799991607666,24.61000061035156,24.14999961853028,24.38999938964844,86012503
2026-07-06,24.639999389648438,24.790000915527344,24.190000534057617,24.260000228881836,73317092
2026-07-07,24.260000228881836,24.299999237060547,23.860000610351562,24.010000228881836,61965545
2026-07-08,23.8799991607666,24.049999237060547,23.31999969482422,23.420000076293945,83807507
2026-07-09,23.420000076293945,23.799999237060547,23.420000076293945,23.639999389648438,52193951
2026-07-10,23.899999618530273,24.030000686645508,23.799999237060547,23.940000534057617,44492915
2026-07-13,23.799999237060547,23.93000030517578,23.600000381469727,23.780000686645508,51935772
2026-07-14,23.75,23.850000381469727,23.5,23.610000610351562,61791520
2026-07-15,23.690000534057617,23.81999969482422,23.520000457763672,23.600000381469727,44964825
2026-07-16,23.799999237060547,23.8700008392334,23.57999992370605,23.75,53414170
2026-07-17,23.75,23.75,23.209999084472656,23.61000061035156,75453831
2026-07-20,23.649999618530273,23.649999618530273,22.709999084472656,22.93000030517578,133383727
2026-07-21,22.950000762939453,23.309999465942383,22.950000762939453,23.139999389648438,76817417
2026-07-22,23.15999984741211,23.75,23.0,23.239999771118164,167363949
2026-07-23,23.200000762939453,23.200000762939453,22.82999992370605,22.93000030517578,58895018
2026-07-24,22.81999969482422,23.020000457763672,22.63999938964844,22.950000762939453,53804519
2026-07-27,23.049999237060547,23.18000030517578,22.899999618530273,22.940000534057617,47752439
2026-07-28,22.940000534057617,22.979999542236328,22.76000022888184,22.809999465942383,71668089
2026-07-29,22.8700008392334,23.0,22.75,22.84000015258789,45390757
2026-07-30,22.84000015258789,22.8799991607666,22.459999084472656,22.540000915527344,56345653
2026-07-31,22.540000915527344,22.850000381469727,22.479999542236328,22.770000457763672,37775562
2026-08-03,22.799999237060547,23.0,22.75,23.0,35072952
2026-08-04,23.0,23.01000022888184,22.780000686645508,23.0,41667544
2026-08-05,23.0,23.149999618530273,22.81999969482422,22.969999313354492,69932112
2026-08-06,22.969999313354492,23.059999465942383,22.68000030517578,22.68000030517578,37986003
2026-08-07,22.68000030517578,22.799999237060547,22.6299991607666,22.690000534057617,25521116
2026-08-10,22.690000534057617,22.75,22.530000686645508,22.75,37889332
2026-08-11,22.75,22.790000915527344,22.579999923706055,22.75,31365174
2026-08-12,22.75,22.979999542236328,22.6200008392334,22.979999542236328,68269921
2026-08-13,22.96999931335449,23.040000915527344,22.809999465942383,22.979999542236328,37644646
2026-08-14,22.979999542236328,23.0,22.670000076293945,22.670000076293945,38939042
2026-08-17,22.670000076293945,23.020000457763672,22.450000762939453,22.920000076293945,58204418
2026-08-18,22.899999618530277,22.96999931335449,22.450000762939453,22.459999084472656,49817232
2026-08-19,22.5,22.770000457763672,22.420000076293945,22.739999771118164,49505267
2026-08-20,22.799999237060547,22.959999084472656,22.729999542236328,22.739999771118164,34376881
2026-08-21,22.739999771118164,22.8700008392334,22.6299991607666,22.799999237060547,33859169
2026-08-24,22.799999237060547,22.860000610351562,22.510000228881836,22.600000381469727,41025996
2026-08-25,22.600000381469727,22.670000076293945,22.420000076293945,22.5,64264051
2026-08-26,22.600000381469727,22.799999237060547,22.34000015258789,22.3799991607666,53612306
2026-08-27,22.39999961853028,22.549999237060547,22.25,22.26000022888184,40844488
2026-08-28,22.309999465942383,22.360000610351562,22.010000228881836,22.100000381469727,63531708
2026-08-31,22.06999969482422,22.82999992370605,21.979999542236328,22.82999992370605,102020136
2026-09-01,22.51000022888184,22.520000457763672,21.940000534057617,22.100000381469727,63872649
2026-09-02,22.0,22.149999618530273,21.81999969482422,22.149999618530273,44781892
2026-09-03,22.14999961853028,22.540000915527344,22.11000061035156,22.540000915527344,57376675
2026-09-04,22.46999931335449,22.6200008392334,22.440000534057617,22.5,31739702
2026-09-07,22.440000534057617,22.59000015258789,22.280000686645508,22.420000076293945,33364009
2026-09-08,22.440000534057617,22.56999969482422,22.3799991607666,22.520000457763672,38612501
2026-09-09,22.450000762939453,22.57999992370605,22.3700008392334,22.420000076293945,38540281
2026-09-10,22.39999961853028,22.479999542236328,22.239999771118164,22.299999237060547,47990386
2026-09-11,22.229999542236328,23.950000762939453,22.06999969482422,23.479999542236328,234792571
2026-09-14,23.479999542236328,23.479999542236328,23.479999542236328,23.479999542236328,0
2026-09-15,23.68000030517578,23.89999961853028,22.989999771118164,23.06999969482422,95413759
2026-09-16,23.57999992370605,24.100000381469727,23.26000022888184,23.399999618530277,205410106
2026-09-17,23.31999969482422,23.3799991607666,22.90999984741211,23.1299991607666,69914036
2026-09-18,23.200000762939453,23.3799991607666,22.719999313354492,22.719999313354492,73563796
2026-09-21,22.950000762939453,23.280000686645508,22.93000030517578,23.239999771118164,42228150
